order_id,customer_id,product_id,order_date,returned,predicted_probability,predicted_return
O030001,C05465,P00706,2025-10-01 00:09:49.694742,0,0.20866475684579408,0
O030002,C03486,P01935,2025-10-01 00:22:55.954398,1,0.2550028754888179,0
O030003,C00427,P00178,2025-10-01 00:36:02.214055,0,0.07581841566114565,0
O030004,C01450,P00004,2025-10-01 00:49:08.473711,0,0.08946715769535443,0
O030005,C06724,P00073,2025-10-01 01:02:14.733368,0,0.21248362676163268,0
O030006,C03313,P01776,2025-10-01 01:15:20.993024,0,0.10523752745475216,0
O030007,C00896,P01067,2025-10-01 01:28:27.252681,0,0.3514534626678231,0
O030008,C01276,P01205,2025-10-01 01:41:33.512337,0,0.14566821762464127,0
O030009,C01389,P00223,2025-10-01 01:54:39.771994,0,0.07191878531930566,0
O030010,C01643,P01594,2025-10-01 02:07:46.031650,0,0.33600723763853174,0
O030011,C07096,P01196,2025-10-01 02:20:52.291307,0,0.2241310562093852,0
O030012,C00529,P02466,2025-10-01 02:33:58.550963,0,0.12243044128846349,0
O030013,C03733,P01492,2025-10-01 02:47:04.810620,1,0.3884568414764481,0
O030014,C07316,P00303,2025-10-01 03:00:11.070276,0,0.21730636383808505,0
O030015,C02179,P00216,2025-10-01 03:13:17.329933,0,0.1490769791843339,0
O030016,C04321,P01857,2025-10-01 03:26:23.589589,0,0.1556529866772289,0
O030017,C05414,P00211,2025-10-01 03:39:29.849246,0,0.21069041763708468,0
O030018,C00823,P01880,2025-10-01 03:52:36.108902,0,0.22111652530225728,0
O030019,C01508,P02127,2025-10-01 04:05:42.368559,1,0.1613302296985455,0
O030020,C06757,P02350,2025-10-01 04:18:48.628215,0,0.21193864282808111,0
O030021,C03720,P00172,2025-10-01 04:31:54.887872,0,0.23279521576206533,0
O030022,C07708,P01633,2025-10-01 04:45:01.147528,0,0.17016555187179075,0
O030023,C02161,P00921,2025-10-01 04:58:07.407185,1,0.2473794010843646,0
O030024,C00748,P01193,2025-10-01 05:11:13.666841,1,0.3720672085777416,0
O030025,C02714,P02211,2025-10-01 05:24:19.926498,0,0.25196656995045735,0
O030026,C07214,P01151,2025-10-01 05:37:26.186154,1,0.39058270388879446,0
O030027,C06838,P01811,2025-10-01 05:50:32.445811,0,0.2674864912668897,0
O030028,C06914,P00769,2025-10-01 06:03:38.705467,0,0.12896137687360623,0
O030029,C01728,P00334,2025-10-01 06:16:44.965124,0,0.15046991865237344,0
O030030,C01121,P01293,2025-10-01 06:29:51.224780,0,0.3244251764520784,0
O030031,C06833,P00437,2025-10-01 06:42:57.484437,0,0.09888807721469814,0
O030032,C03141,P01724,2025-10-01 06:56:03.744093,0,0.3191350058262379,0
O030033,C05444,P02038,2025-10-01 07:09:10.003750,0,0.09138362369732478,0
O030034,C00430,P02386,2025-10-01 07:22:16.263406,0,0.10526675455422867,0
O030035,C07564,P01396,2025-10-01 07:35:22.523063,0,0.1074291727037618,0
O030036,C06993,P00119,2025-10-01 07:48:28.782719,0,0.0833621596539105,0
O030037,C02965,P00231,2025-10-01 08:01:35.042376,0,0.10216603867004255,0
O030038,C05602,P00399,2025-10-01 08:14:41.302032,0,0.13230784463028708,0
O030039,C02320,P02044,2025-10-01 08:27:47.561689,0,0.18102054057846995,0
O030040,C06128,P00415,2025-10-01 08:40:53.821345,0,0.09532715255423971,0
O030041,C06758,P00592,2025-10-01 08:54:00.081002,1,0.26965100836912376,0
O030042,C04940,P02467,2025-10-01 09:07:06.340658,0,0.10790769717193865,0
O030043,C05231,P01168,2025-10-01 09:20:12.600315,0,0.11398225731858991,0
O030044,C07999,P02428,2025-10-01 09:33:18.859971,0,0.17001682711537014,0
O030045,C04888,P01177,2025-10-01 09:46:25.119627,1,0.2920866472252458,0
O030046,C04171,P01135,2025-10-01 09:59:31.379284,0,0.23043687700043933,0
O030047,C05434,P00510,2025-10-01 10:12:37.638940,0,0.3126816562464978,0
O030048,C03306,P00563,2025-10-01 10:25:43.898597,0,0.3890921474044826,0
O030049,C02261,P00697,2025-10-01 10:38:50.158253,0,0.20081253620646497,0
O030050,C05760,P00159,2025-10-01 10:51:56.417910,0,0.12442415427597114,0
O030051,C06373,P01232,2025-10-01 11:05:02.677566,0,0.06328656485413892,0
O030052,C03012,P00439,2025-10-01 11:18:08.937223,0,0.5294488781358383,1
O030053,C06189,P00641,2025-10-01 11:31:15.196879,0,0.33982815330650407,0
O030054,C00528,P00598,2025-10-01 11:44:21.456536,0,0.0964915448049786,0
O030055,C06428,P02201,2025-10-01 11:57:27.716192,0,0.11584172996956263,0
O030056,C04521,P02277,2025-10-01 12:10:33.975849,1,0.17377758232414248,0
O030057,C01710,P00393,2025-10-01 12:23:40.235505,0,0.2117932786463176,0
O030058,C01865,P01031,2025-10-01 12:36:46.495162,0,0.35388842317624597,0
O030059,C03139,P01167,2025-10-01 12:49:52.754818,0,0.1377898200525479,0
O030060,C06918,P01312,2025-10-01 13:02:59.014475,0,0.33309313371930227,0
O030061,C07106,P02320,2025-10-01 13:16:05.274131,0,0.13167148925605368,0
O030062,C06142,P00805,2025-10-01 13:29:11.533788,1,0.20000494544522662,0
O030063,C03245,P01855,2025-10-01 13:42:17.793444,0,0.14591703726106564,0
O030064,C02750,P01078,2025-10-01 13:55:24.053101,0,0.30354598286386436,0
O030065,C06799,P00103,2025-10-01 14:08:30.312757,0,0.09638921028478233,0
O030066,C05932,P01022,2025-10-01 14:21:36.572414,0,0.09600543945139267,0
O030067,C00211,P02195,2025-10-01 14:34:42.832070,0,0.06937500947426159,0
O030068,C02162,P00064,2025-10-01 14:47:49.091727,0,0.1777120947049142,0
O030069,C00849,P01182,2025-10-01 15:00:55.351383,0,0.1340254290216385,0
O030070,C05010,P01490,2025-10-01 15:14:01.611040,0,0.33370154195711516,0
O030071,C01812,P00491,2025-10-01 15:27:07.870696,0,0.1986443278085331,0
O030072,C00983,P01807,2025-10-01 15:40:14.130353,0,0.2681271398214689,0
O030073,C02444,P01926,2025-10-01 15:53:20.390009,0,0.15870696764481654,0
O030074,C06249,P02185,2025-10-01 16:06:26.649666,0,0.08769372909844408,0
O030075,C01643,P01448,2025-10-01 16:19:32.909322,0,0.32691109362077847,0
O030076,C05792,P02054,2025-10-01 16:32:39.168979,1,0.08612417143596163,0
O030077,C07832,P01311,2025-10-01 16:45:45.428635,0,0.3534018020793942,0
O030078,C02939,P00615,2025-10-01 16:58:51.688292,0,0.14799015363629264,0
O030079,C00001,P01825,2025-10-01 17:11:57.947948,1,0.3151214405789773,0
O030080,C04393,P02262,2025-10-01 17:25:04.207605,0,0.20135621434571074,0
O030081,C02293,P02368,2025-10-01 17:38:10.467261,0,0.45324285465630304,0
O030082,C02058,P02431,2025-10-01 17:51:16.726918,0,0.14800294172931444,0
O030083,C04054,P00609,2025-10-01 18:04:22.986574,0,0.20118014313854507,0
O030084,C06424,P00409,2025-10-01 18:17:29.246231,0,0.1734271716246074,0
O030085,C03491,P00017,2025-10-01 18:30:35.505887,1,0.2123660910090829,0
O030086,C07676,P00065,2025-10-01 18:43:41.765544,0,0.47047491383012874,0
O030087,C04945,P01098,2025-10-01 18:56:48.025200,0,0.12118964781707162,0
O030088,C00483,P01617,2025-10-01 19:09:54.284857,0,0.14238045982546305,0
O030089,C05838,P00111,2025-10-01 19:23:00.544513,0,0.26964944397853885,0
O030090,C02979,P00515,2025-10-01 19:36:06.804170,0,0.5456479297669559,1
O030091,C01591,P01763,2025-10-01 19:49:13.063826,1,0.1650316089224954,0
O030092,C07441,P02028,2025-10-01 20:02:19.323483,0,0.07136401918878671,0
O030093,C07498,P01886,2025-10-01 20:15:25.583139,0,0.22003263550335264,0
O030094,C05961,P02092,2025-10-01 20:28:31.842796,0,0.38258918126997954,0
O030095,C01924,P00279,2025-10-01 20:41:38.102452,0,0.0670608901679014,0
O030096,C04737,P00507,2025-10-01 20:54:44.362109,0,0.47410278959389285,0
O030097,C01931,P01802,2025-10-01 21:07:50.621765,0,0.12842669419992966,0
O030098,C05295,P01718,2025-10-01 21:20:56.881422,0,0.2925110122365067,0
O030099,C07572,P01423,2025-10-01 21:34:03.141078,0,0.10391453328628848,0
O030100,C04485,P00354,2025-10-01 21:47:09.400735,1,0.33231683107014126,0
O030101,C07911,P01132,2025-10-01 22:00:15.660391,1,0.3485897213575441,0
O030102,C01409,P02153,2025-10-01 22:13:21.920048,1,0.1733996275154619,0
O030103,C02718,P01704,2025-10-01 22:26:28.179704,0,0.17208573819475217,0
O030104,C04955,P00230,2025-10-01 22:39:34.439360,0,0.11464355197532897,0
O030105,C07063,P02285,2025-10-01 22:52:40.699017,1,0.25313114095272743,0
O030106,C01257,P00418,2025-10-01 23:05:46.958673,0,0.3960637057534056,0
O030107,C04323,P02047,2025-10-01 23:18:53.218330,1,0.27434032001766884,0
O030108,C00754,P00059,2025-10-01 23:31:59.477986,0,0.2101751264402062,0
O030109,C00685,P02079,2025-10-01 23:45:05.737643,0,0.3201151181957628,0
O030110,C01981,P01987,2025-10-01 23:58:11.997299,0,0.11376370531733042,0
O030111,C07264,P00508,2025-10-02 00:11:18.256956,0,0.16571335110525298,0
O030112,C04859,P01009,2025-10-02 00:24:24.516612,0,0.6186056526431762,1
O030113,C03142,P00510,2025-10-02 00:37:30.776269,0,0.29188896959615773,0
O030114,C02786,P00231,2025-10-02 00:50:37.035925,1,0.1347257302072147,0
O030115,C04112,P00064,2025-10-02 01:03:43.295582,0,0.23961852942637102,0
O030116,C01094,P00623,2025-10-02 01:16:49.555238,0,0.17620500479613216,0
O030117,C01758,P02252,2025-10-02 01:29:55.814895,0,0.17670247507238937,0
O030118,C04127,P01089,2025-10-02 01:43:02.074551,1,0.08533948856569516,0
O030119,C02542,P00211,2025-10-02 01:56:08.334208,0,0.38352420149847344,0
O030120,C01220,P00050,2025-10-02 02:09:14.593864,0,0.124597416790877,0
O030121,C00826,P00588,2025-10-02 02:22:20.853521,1,0.27019912700848897,0
O030122,C04331,P01318,2025-10-02 02:35:27.113177,0,0.10410059230947537,0
O030123,C02618,P01095,2025-10-02 02:48:33.372834,0,0.17201908768503485,0
O030124,C00418,P00942,2025-10-02 03:01:39.632490,0,0.08171128603440381,0
O030125,C02418,P01798,2025-10-02 03:14:45.892147,0,0.11858981469238788,0
O030126,C00773,P01811,2025-10-02 03:27:52.151803,0,0.2005795281885767,0
O030127,C01469,P01482,2025-10-02 03:40:58.411460,1,0.36965882474044454,0
O030128,C05875,P00602,2025-10-02 03:54:04.671116,0,0.14769406746970773,0
O030129,C07825,P01009,2025-10-02 04:07:10.930773,0,0.3231746129798939,0
O030130,C01309,P00428,2025-10-02 04:20:17.190429,1,0.23623955228174348,0
O030131,C06153,P00487,2025-10-02 04:33:23.450086,0,0.25844500208965404,0
O030132,C03292,P01198,2025-10-02 04:46:29.709742,0,0.08329091929940942,0
O030133,C06548,P00968,2025-10-02 04:59:35.969399,1,0.2350075944130068,0
O030134,C05720,P00381,2025-10-02 05:12:42.229055,0,0.20407283999207268,0
O030135,C06687,P00818,2025-10-02 05:25:48.488712,1,0.1997265037652167,0
O030136,C06244,P00045,2025-10-02 05:38:54.748368,0,0.08297951562829554,0
O030137,C01492,P00666,2025-10-02 05:52:01.008025,0,0.24228092809152002,0
O030138,C01072,P01023,2025-10-02 06:05:07.267681,0,0.4553994643061298,0
O030139,C02058,P01688,2025-10-02 06:18:13.527338,0,0.3911255599662062,0
O030140,C03050,P01389,2025-10-02 06:31:19.786994,0,0.11912899871312402,0
O030141,C05033,P01928,2025-10-02 06:44:26.046651,0,0.08946774189434778,0
O030142,C02455,P01085,2025-10-02 06:57:32.306307,1,0.2937916474674526,0
O030143,C00213,P02374,2025-10-02 07:10:38.565964,0,0.31238571939501336,0
O030144,C06867,P02279,2025-10-02 07:23:44.825620,0,0.14334240237765325,0
O030145,C00743,P01526,2025-10-02 07:36:51.085277,0,0.4347942785628027,0
O030146,C00335,P00449,2025-10-02 07:49:57.344933,1,0.10510358450675784,0
O030147,C05995,P01826,2025-10-02 08:03:03.604590,0,0.2874864185244151,0
O030148,C01235,P01613,2025-10-02 08:16:09.864246,0,0.2056415018406029,0
O030149,C02858,P01449,2025-10-02 08:29:16.123903,0,0.14871405817970174,0
O030150,C02539,P01706,2025-10-02 08:42:22.383559,1,0.2759116115384691,0
O030151,C03003,P00021,2025-10-02 08:55:28.643216,1,0.20136620282319057,0
O030152,C00183,P00346,2025-10-02 09:08:34.902872,0,0.33992408610495095,0
O030153,C00721,P01380,2025-10-02 09:21:41.162529,0,0.12447162395779585,0
O030154,C00658,P00550,2025-10-02 09:34:47.422185,0,0.18229665878795848,0
O030155,C06381,P01027,2025-10-02 09:47:53.681842,0,0.08781766380663643,0
O030156,C03980,P01634,2025-10-02 10:00:59.941498,0,0.10137861893398761,0
O030157,C00175,P01882,2025-10-02 10:14:06.201155,0,0.15022664250926515,0
O030158,C05316,P01799,2025-10-02 10:27:12.460811,0,0.08487486673669926,0
O030159,C03804,P01133,2025-10-02 10:40:18.720468,0,0.22287414972524972,0
O030160,C02536,P00978,2025-10-02 10:53:24.980124,1,0.18896966202015272,0
O030161,C04609,P02377,2025-10-02 11:06:31.239780,1,0.1683341272180667,0
O030162,C02128,P01522,2025-10-02 11:19:37.499437,0,0.12295592877923119,0
O030163,C03973,P01684,2025-10-02 11:32:43.759093,0,0.36465550685143633,0
O030164,C06313,P00473,2025-10-02 11:45:50.018750,1,0.13376187360316777,0
O030165,C04058,P01187,2025-10-02 11:58:56.278406,1,0.2326456191362269,0
O030166,C06903,P01495,2025-10-02 12:12:02.538063,1,0.4693401135670098,0
O030167,C00441,P00045,2025-10-02 12:25:08.797719,0,0.11030982904487477,0
O030168,C03436,P01146,2025-10-02 12:38:15.057376,1,0.3547676058253404,0
O030169,C04111,P00483,2025-10-02 12:51:21.317032,0,0.05711397132092422,0
O030170,C00850,P00489,2025-10-02 13:04:27.576689,0,0.06996098610209334,0
O030171,C05985,P01908,2025-10-02 13:17:33.836345,0,0.11462295101518255,0
O030172,C02252,P01865,2025-10-02 13:30:40.096002,0,0.2581977681102814,0
O030173,C03436,P01691,2025-10-02 13:43:46.355658,0,0.23785065456929588,0
O030174,C03155,P01719,2025-10-02 13:56:52.615315,0,0.22193477697241368,0
O030175,C01143,P00323,2025-10-02 14:09:58.874971,0,0.1773702247143592,0
O030176,C01170,P00574,2025-10-02 14:23:05.134628,0,0.0974760871985367,0
O030177,C05752,P01151,2025-10-02 14:36:11.394284,0,0.3536785386891841,0
O030178,C05584,P01506,2025-10-02 14:49:17.653941,1,0.3741450165343856,0
O030179,C06201,P00920,2025-10-02 15:02:23.913597,0,0.11176341669423186,0
O030180,C07555,P01496,2025-10-02 15:15:30.173254,0,0.06893426421779099,0
O030181,C06120,P00410,2025-10-02 15:28:36.432910,1,0.3240329480236663,0
O030182,C03967,P01686,2025-10-02 15:41:42.692567,1,0.3118238162365191,0
O030183,C02084,P00812,2025-10-02 15:54:48.952223,1,0.15942851889062049,0
O030184,C04984,P00965,2025-10-02 16:07:55.211880,0,0.12467315188082427,0
O030185,C01825,P00582,2025-10-02 16:21:01.471536,0,0.0841178952625413,0
O030186,C04397,P00239,2025-10-02 16:34:07.731193,0,0.12481250036625363,0
O030187,C07424,P02405,2025-10-02 16:47:13.990849,0,0.48611685748988215,0
O030188,C01998,P01206,2025-10-02 17:00:20.250506,0,0.1849310014166073,0
O030189,C03024,P02202,2025-10-02 17:13:26.510162,0,0.10412849113718638,0
O030190,C05238,P00941,2025-10-02 17:26:32.769819,0,0.12161887119662997,0
O030191,C06878,P02088,2025-10-02 17:39:39.029475,1,0.07465637223167455,0
O030192,C02057,P01776,2025-10-02 17:52:45.289132,0,0.13605483173285382,0
O030193,C06388,P02470,2025-10-02 18:05:51.548788,0,0.21668456006409986,0
O030194,C06662,P01231,2025-10-02 18:18:57.808445,1,0.11629272262694174,0
O030195,C04135,P01267,2025-10-02 18:32:04.068101,0,0.07748288025693705,0
O030196,C02061,P02355,2025-10-02 18:45:10.327758,0,0.11579422246350791,0
O030197,C07378,P00278,2025-10-02 18:58:16.587414,0,0.2192768017597488,0
O030198,C03801,P01622,2025-10-02 19:11:22.847071,0,0.1355987395577843,0
O030199,C01786,P00336,2025-10-02 19:24:29.106727,0,0.20127698134703292,0
O030200,C03014,P02299,2025-10-02 19:37:35.366384,0,0.28577083801185676,0
O030201,C03368,P01607,2025-10-02 19:50:41.626040,0,0.09223752955192366,0
O030202,C00120,P01069,2025-10-02 20:03:47.885697,0,0.08392284366850389,0
O030203,C07822,P02013,2025-10-02 20:16:54.145353,0,0.07458944604461207,0
O030204,C03455,P00956,2025-10-02 20:30:00.405010,0,0.3099476601958884,0
O030205,C04249,P00966,2025-10-02 20:43:06.664666,0,0.18482931567137267,0
O030206,C07621,P02249,2025-10-02 20:56:12.924323,0,0.15164210270145503,0
O030207,C03836,P02209,2025-10-02 21:09:19.183979,0,0.23754884033189752,0
O030208,C07403,P00453,2025-10-02 21:22:25.443636,1,0.2303243412749334,0
O030209,C03895,P01463,2025-10-02 21:35:31.703292,0,0.20769860168733048,0
O030210,C03322,P02346,2025-10-02 21:48:37.962949,0,0.08464786791443582,0
O030211,C06755,P00706,2025-10-02 22:01:44.222605,1,0.585026755195856,1
O030212,C00484,P00398,2025-10-02 22:14:50.482262,1,0.32763043053960433,0
O030213,C04157,P00627,2025-10-02 22:27:56.741918,1,0.31457038299945284,0
O030214,C01670,P00166,2025-10-02 22:41:03.001575,1,0.2909283603548669,0
O030215,C07045,P01483,2025-10-02 22:54:09.261231,0,0.1782338402665534,0
O030216,C03139,P00757,2025-10-02 23:07:15.520888,0,0.09082843250641909,0
O030217,C07087,P01271,2025-10-02 23:20:21.780544,0,0.1353594045293058,0
O030218,C04314,P00903,2025-10-02 23:33:28.040201,0,0.18466649445810465,0
O030219,C00920,P00241,2025-10-02 23:46:34.299857,0,0.2552635661456714,0
O030220,C06475,P01015,2025-10-02 23:59:40.559513,0,0.2645344266953894,0
O030221,C03887,P02016,2025-10-03 00:12:46.819170,0,0.16117722562437298,0
O030222,C05882,P00546,2025-10-03 00:25:53.078826,0,0.20576411265834868,0
O030223,C07184,P02380,2025-10-03 00:38:59.338483,0,0.42869660169721413,0
O030224,C01255,P01857,2025-10-03 00:52:05.598139,1,0.2515834350249977,0
O030225,C00722,P02073,2025-10-03 01:05:11.857796,0,0.15122035905233705,0
O030226,C06798,P01619,2025-10-03 01:18:18.117452,0,0.07219014133042412,0
O030227,C02551,P00395,2025-10-03 01:31:24.377109,0,0.28005962836528403,0
O030228,C07061,P00621,2025-10-03 01:44:30.636765,1,0.5393341098643697,1
O030229,C03121,P00347,2025-10-03 01:57:36.896422,0,0.14026708044221448,0
O030230,C02196,P00829,2025-10-03 02:10:43.156078,0,0.07826736275957692,0
O030231,C04264,P00329,2025-10-03 02:23:49.415735,0,0.06917280916857717,0
O030232,C07346,P01148,2025-10-03 02:36:55.675391,0,0.16143559080521774,0
O030233,C05988,P00746,2025-10-03 02:50:01.935048,0,0.11764762286322775,0
O030234,C06394,P01448,2025-10-03 03:03:08.194704,1,0.3916616393077545,0
O030235,C07016,P02058,2025-10-03 03:16:14.454361,0,0.09881919475357637,0
O030236,C00925,P00318,2025-10-03 03:29:20.714017,0,0.29222809270916006,0
O030237,C06850,P00410,2025-10-03 03:42:26.973674,0,0.2847631298087151,0
O030238,C04486,P00473,2025-10-03 03:55:33.233330,0,0.09314343208012354,0
O030239,C01654,P02326,2025-10-03 04:08:39.492987,1,0.23482589295731174,0
O030240,C06440,P01681,2025-10-03 04:21:45.752643,0,0.0828453145589329,0
O030241,C07774,P02320,2025-10-03 04:34:52.012300,0,0.10159881802484715,0
O030242,C01273,P01115,2025-10-03 04:47:58.271956,1,0.3311962337573452,0
O030243,C07455,P02310,2025-10-03 05:01:04.531613,0,0.08119170641194612,0
O030244,C03316,P01608,2025-10-03 05:14:10.791269,1,0.2822194291467147,0
O030245,C00821,P00868,2025-10-03 05:27:17.050926,1,0.48980021937038376,0
O030246,C06697,P02252,2025-10-03 05:40:23.310582,0,0.22755324302810595,0
O030247,C04062,P00097,2025-10-03 05:53:29.570239,0,0.10333298219945312,0
O030248,C00695,P00707,2025-10-03 06:06:35.829895,1,0.25112264806391016,0
O030249,C03677,P01440,2025-10-03 06:19:42.089552,1,0.12936885285377386,0
O030250,C07625,P02306,2025-10-03 06:32:48.349208,0,0.0797846373615322,0
O030251,C00128,P00094,2025-10-03 06:45:54.608865,0,0.17021673341021695,0
O030252,C07813,P00215,2025-10-03 06:59:00.868521,1,0.4348347680847251,0
O030253,C06941,P02193,2025-10-03 07:12:07.128178,0,0.2684346271119369,0
O030254,C02911,P01821,2025-10-03 07:25:13.387834,0,0.24943693108281506,0
O030255,C06223,P01886,2025-10-03 07:38:19.647491,0,0.2016758154254706,0
O030256,C02920,P01276,2025-10-03 07:51:25.907147,0,0.21862714378271617,0
O030257,C04152,P00063,2025-10-03 08:04:32.166804,0,0.14525457775894177,0
O030258,C07455,P02009,2025-10-03 08:17:38.426460,0,0.1165456722134927,0
O030259,C02012,P00519,2025-10-03 08:30:44.686117,0,0.12234719534838874,0
O030260,C06525,P00564,2025-10-03 08:43:50.945773,0,0.11488216127970674,0
O030261,C02519,P01197,2025-10-03 08:56:57.205430,0,0.3099035240269762,0
O030262,C02912,P01804,2025-10-03 09:10:03.465086,1,0.28844582826060433,0
O030263,C03928,P02475,2025-10-03 09:23:09.724743,0,0.13873984796549865,0
O030264,C01835,P02295,2025-10-03 09:36:15.984399,1,0.2793115444327581,0
O030265,C00735,P00302,2025-10-03 09:49:22.244056,0,0.43027440549206886,0
O030266,C01343,P01748,2025-10-03 10:02:28.503712,0,0.08941598815041725,0
O030267,C06801,P01360,2025-10-03 10:15:34.763369,0,0.22931093801989325,0
O030268,C03417,P01210,2025-10-03 10:28:41.023025,0,0.23977681635171508,0
O030269,C05960,P00712,2025-10-03 10:41:47.282682,0,0.09472414628349739,0
O030270,C00302,P00748,2025-10-03 10:54:53.542338,0,0.15692751628152898,0
O030271,C04877,P02378,2025-10-03 11:07:59.801995,1,0.39328161800549005,0
O030272,C03884,P01073,2025-10-03 11:21:06.061651,0,0.09352596737676847,0
O030273,C01408,P00721,2025-10-03 11:34:12.321308,0,0.22821777858395045,0
O030274,C01586,P02070,2025-10-03 11:47:18.580964,1,0.14300254168858637,0
O030275,C00429,P00369,2025-10-03 12:00:24.840621,0,0.17055533399172662,0
O030276,C03137,P02027,2025-10-03 12:13:31.100277,0,0.1868957952242791,0
O030277,C02537,P01073,2025-10-03 12:26:37.359934,0,0.0685546070252805,0
O030278,C01850,P00934,2025-10-03 12:39:43.619590,0,0.4935927240794725,0
O030279,C06268,P00984,2025-10-03 12:52:49.879246,0,0.11964035683144646,0
O030280,C01141,P01129,2025-10-03 13:05:56.138903,1,0.3938806218170215,0
O030281,C00186,P01364,2025-10-03 13:19:02.398559,0,0.25602901868525635,0
O030282,C06103,P01432,2025-10-03 13:32:08.658216,0,0.326213969005786,0
O030283,C01842,P01679,2025-10-03 13:45:14.917872,0,0.18384390462895175,0
O030284,C04890,P02339,2025-10-03 13:58:21.177529,0,0.21932089119867623,0
O030285,C05773,P00819,2025-10-03 14:11:27.437185,0,0.13796752462155912,0
O030286,C05501,P00438,2025-10-03 14:24:33.696842,0,0.22058463505679526,0
O030287,C00007,P00876,2025-10-03 14:37:39.956498,0,0.4931198558682794,0
O030288,C04568,P00409,2025-10-03 14:50:46.216155,0,0.16686575716106347,0
O030289,C02460,P00885,2025-10-03 15:03:52.475811,0,0.0853161199052773,0
O030290,C06484,P02118,2025-10-03 15:16:58.735468,0,0.2629464805218059,0
O030291,C02783,P01899,2025-10-03 15:30:04.995124,0,0.10616388724095532,0
O030292,C06988,P01418,2025-10-03 15:43:11.254781,0,0.11225018730991908,0
O030293,C05171,P02252,2025-10-03 15:56:17.514437,0,0.1342812952832457,0
O030294,C04900,P02138,2025-10-03 16:09:23.774094,0,0.06800864498371205,0
O030295,C01918,P00883,2025-10-03 16:22:30.033750,0,0.33654341427997553,0
O030296,C02936,P02344,2025-10-03 16:35:36.293407,1,0.25334915528772334,0
O030297,C04664,P01901,2025-10-03 16:48:42.553063,0,0.17306185017369383,0
O030298,C03871,P01575,2025-10-03 17:01:48.812720,0,0.16753721597453014,0
O030299,C07656,P01156,2025-10-03 17:14:55.072376,0,0.06302222813371557,0
O030300,C07556,P00147,2025-10-03 17:28:01.332033,0,0.06536221695569154,0
O030301,C00538,P01717,2025-10-03 17:41:07.591689,1,0.3470216459760526,0
O030302,C07992,P00367,2025-10-03 17:54:13.851346,1,0.13572563659953463,0
O030303,C00616,P02246,2025-10-03 18:07:20.111002,0,0.08038797954906872,0
O030304,C05342,P01971,2025-10-03 18:20:26.370659,0,0.17663669260881312,0
O030305,C04073,P02482,2025-10-03 18:33:32.630315,0,0.05778647915680168,0
O030306,C01351,P01993,2025-10-03 18:46:38.889972,0,0.0921870192008916,0
O030307,C07489,P01369,2025-10-03 18:59:45.149628,0,0.3292230167270041,0
O030308,C06386,P00554,2025-10-03 19:12:51.409285,0,0.14464725215654278,0
O030309,C05161,P02434,2025-10-03 19:25:57.668941,0,0.11540217357859062,0
O030310,C01620,P01701,2025-10-03 19:39:03.928598,1,0.28744648419712804,0
O030311,C01179,P00788,2025-10-03 19:52:10.188254,0,0.2874983404412531,0
O030312,C01504,P01848,2025-10-03 20:05:16.447911,1,0.1608471189065747,0
O030313,C01757,P00823,2025-10-03 20:18:22.707567,0,0.08917909572513713,0
O030314,C07281,P00270,2025-10-03 20:31:28.967224,0,0.14503803138286042,0
O030315,C03140,P02248,2025-10-03 20:44:35.226880,1,0.08322856096463901,0
O030316,C00667,P00031,2025-10-03 20:57:41.486537,0,0.18344377490119707,0
O030317,C01336,P00913,2025-10-03 21:10:47.746193,0,0.14804403517519318,0
O030318,C03624,P00222,2025-10-03 21:23:54.005850,0,0.09346280572132815,0
O030319,C01581,P00449,2025-10-03 21:37:00.265506,0,0.2229220113245352,0
O030320,C06311,P01577,2025-10-03 21:50:06.525163,0,0.07503871393737899,0
O030321,C01204,P00559,2025-10-03 22:03:12.784819,0,0.15333695737796862,0
O030322,C04954,P00759,2025-10-03 22:16:19.044476,1,0.07872918536327671,0
O030323,C02693,P00218,2025-10-03 22:29:25.304132,0,0.07177119108702479,0
O030324,C07308,P01537,2025-10-03 22:42:31.563789,0,0.08452896282927375,0
O030325,C03417,P01274,2025-10-03 22:55:37.823445,0,0.2563216313527057,0
O030326,C03638,P01402,2025-10-03 23:08:44.083102,1,0.08338997835154144,0
O030327,C06402,P01152,2025-10-03 23:21:50.342758,0,0.2553802076647408,0
O030328,C00013,P00966,2025-10-03 23:34:56.602415,1,0.20754797526809252,0
O030329,C05656,P02146,2025-10-03 23:48:02.862071,0,0.09206701795496941,0
O030330,C00049,P02150,2025-10-04 00:01:09.121728,0,0.19087643724971107,0
O030331,C00766,P01304,2025-10-04 00:14:15.381384,0,0.07509030901227853,0
O030332,C07558,P00995,2025-10-04 00:27:21.641041,0,0.29059769304334593,0
O030333,C06027,P00596,2025-10-04 00:40:27.900697,1,0.3161197188675247,0
O030334,C06586,P00866,2025-10-04 00:53:34.160354,0,0.3410323407465171,0
O030335,C05676,P01978,2025-10-04 01:06:40.420010,0,0.07759006580474428,0
O030336,C02670,P00360,2025-10-04 01:19:46.679666,0,0.12541289869022643,0
O030337,C03927,P01383,2025-10-04 01:32:52.939323,1,0.10549375209898397,0
O030338,C00174,P01816,2025-10-04 01:45:59.198979,1,0.10661426153468985,0
O030339,C04718,P01210,2025-10-04 01:59:05.458636,0,0.10303288062724207,0
O030340,C03446,P00944,2025-10-04 02:12:11.718292,1,0.2891226785410635,0
O030341,C00378,P01451,2025-10-04 02:25:17.977949,0,0.15827608377567717,0
O030342,C00759,P02243,2025-10-04 02:38:24.237605,0,0.19383208707252875,0
O030343,C02203,P01825,2025-10-04 02:51:30.497262,0,0.2601156883306167,0
O030344,C01925,P01015,2025-10-04 03:04:36.756918,0,0.12050136427456319,0
O030345,C06907,P01109,2025-10-04 03:17:43.016575,0,0.13484880883627612,0
O030346,C05217,P00522,2025-10-04 03:30:49.276231,0,0.3086598689839219,0
O030347,C02474,P00018,2025-10-04 03:43:55.535888,0,0.2943150136610625,0
O030348,C06717,P01499,2025-10-04 03:57:01.795544,0,0.3181102233771211,0
O030349,C03930,P00596,2025-10-04 04:10:08.055201,1,0.26185823532090285,0
O030350,C03691,P01534,2025-10-04 04:23:14.314857,0,0.11436054849497956,0
O030351,C02906,P02395,2025-10-04 04:36:20.574514,0,0.09976896010944707,0
O030352,C03107,P01238,2025-10-04 04:49:26.834170,0,0.2727571147997701,0
O030353,C00308,P02105,2025-10-04 05:02:33.093827,0,0.2902938053918862,0
O030354,C06935,P01548,2025-10-04 05:15:39.353483,1,0.14965133009770382,0
O030355,C02311,P00068,2025-10-04 05:28:45.613140,0,0.0662978792220338,0
O030356,C00447,P02037,2025-10-04 05:41:51.872796,0,0.13034852047529596,0
O030357,C01763,P00318,2025-10-04 05:54:58.132453,0,0.3597008079063237,0
O030358,C01505,P00319,2025-10-04 06:08:04.392109,0,0.14166867552197798,0
O030359,C04195,P00845,2025-10-04 06:21:10.651766,0,0.11522681065430072,0
O030360,C07979,P01078,2025-10-04 06:34:16.911422,0,0.32078526863846957,0
O030361,C07868,P00734,2025-10-04 06:47:23.171079,1,0.11501068692664589,0
O030362,C05560,P02448,2025-10-04 07:00:29.430735,1,0.44146297289657616,0
O030363,C05106,P01529,2025-10-04 07:13:35.690392,1,0.23678335435536838,0
O030364,C02574,P01183,2025-10-04 07:26:41.950048,0,0.2203696860251254,0
O030365,C05203,P00306,2025-10-04 07:39:48.209705,0,0.41248145189143987,0
O030366,C05141,P00754,2025-10-04 07:52:54.469361,0,0.07394007002760869,0
O030367,C04767,P00063,2025-10-04 08:06:00.729018,0,0.06836130708617459,0
O030368,C06629,P00785,2025-10-04 08:19:06.988674,0,0.21627245278661722,0
O030369,C06604,P00128,2025-10-04 08:32:13.248331,0,0.19722829379330478,0
O030370,C05939,P01414,2025-10-04 08:45:19.507987,0,0.12202888642456722,0
O030371,C01825,P00890,2025-10-04 08:58:25.767644,0,0.11252839610938162,0
O030372,C02047,P01200,2025-10-04 09:11:32.027300,0,0.33157401107842277,0
O030373,C01658,P01915,2025-10-04 09:24:38.286957,0,0.3117413663734788,0
O030374,C03133,P01066,2025-10-04 09:37:44.546613,0,0.16644433405534992,0
O030375,C07312,P02452,2025-10-04 09:50:50.806270,1,0.3339839143366974,0
O030376,C01432,P01260,2025-10-04 10:03:57.065926,1,0.10250781983773699,0
O030377,C03353,P01339,2025-10-04 10:17:03.325583,1,0.24606882145857295,0
O030378,C00398,P00993,2025-10-04 10:30:09.585239,0,0.07716078844485874,0
O030379,C07509,P01746,2025-10-04 10:43:15.844896,0,0.06846739507141339,0
O030380,C07798,P01688,2025-10-04 10:56:22.104552,1,0.4128418347214815,0
O030381,C06786,P01067,2025-10-04 11:09:28.364209,1,0.27379139676067327,0
O030382,C05588,P00490,2025-10-04 11:22:34.623865,0,0.35391141826751166,0
O030383,C03890,P00438,2025-10-04 11:35:40.883522,0,0.13758298139667516,0
O030384,C04819,P00700,2025-10-04 11:48:47.143178,0,0.3343062160099864,0
O030385,C00374,P01557,2025-10-04 12:01:53.402835,0,0.1168465734266426,0
O030386,C02566,P01887,2025-10-04 12:14:59.662491,0,0.08743380124590575,0
O030387,C03998,P00609,2025-10-04 12:28:05.922148,1,0.2099444060229606,0
O030388,C04916,P01414,2025-10-04 12:41:12.181804,1,0.131248035612691,0
O030389,C01244,P01435,2025-10-04 12:54:18.441461,1,0.06754489805969507,0
O030390,C04432,P01185,2025-10-04 13:07:24.701117,0,0.44146071603380205,0
O030391,C00470,P00443,2025-10-04 13:20:30.960774,1,0.134771842348442,0
O030392,C07602,P02488,2025-10-04 13:33:37.220430,0,0.17644881039836774,0
O030393,C05483,P00705,2025-10-04 13:46:43.480087,1,0.4018596006716734,0
O030394,C04294,P01090,2025-10-04 13:59:49.739743,0,0.22246264952429667,0
O030395,C00990,P00950,2025-10-04 14:12:55.999399,1,0.445461508748306,0
O030396,C05019,P02273,2025-10-04 14:26:02.259056,1,0.3343596387791114,0
O030397,C00520,P01985,2025-10-04 14:39:08.518712,0,0.1798919672340336,0
O030398,C04309,P00987,2025-10-04 14:52:14.778369,1,0.29517500221347465,0
O030399,C01808,P02098,2025-10-04 15:05:21.038025,0,0.23795795515439694,0
O030400,C03031,P02354,2025-10-04 15:18:27.297682,0,0.3189846211865541,0
O030401,C04969,P02195,2025-10-04 15:31:33.557338,0,0.07521691016307817,0
O030402,C00164,P00009,2025-10-04 15:44:39.816995,0,0.2533517128701556,0
O030403,C00525,P00843,2025-10-04 15:57:46.076651,0,0.2640438154929249,0
O030404,C04897,P02491,2025-10-04 16:10:52.336308,1,0.38223032993878797,0
O030405,C07766,P01274,2025-10-04 16:23:58.595964,0,0.13993085338922423,0
O030406,C05705,P00260,2025-10-04 16:37:04.855621,0,0.24234836092311474,0
O030407,C06350,P01544,2025-10-04 16:50:11.115277,1,0.2828235260882012,0
O030408,C04089,P02449,2025-10-04 17:03:17.374934,0,0.3966142969354828,0
O030409,C01417,P00686,2025-10-04 17:16:23.634590,0,0.2222684366523287,0
O030410,C05518,P01242,2025-10-04 17:29:29.894247,0,0.0845968485569083,0
O030411,C07623,P00027,2025-10-04 17:42:36.153903,0,0.29948668805724293,0
O030412,C01022,P02453,2025-10-04 17:55:42.413560,0,0.29017984012754294,0
O030413,C07932,P02245,2025-10-04 18:08:48.673216,0,0.11717173264008647,0
O030414,C02228,P00085,2025-10-04 18:21:54.932873,0,0.14277570957994623,0
O030415,C05820,P00903,2025-10-04 18:35:01.192529,0,0.1702185738595616,0
O030416,C07206,P01500,2025-10-04 18:48:07.452186,0,0.10416053769022406,0
O030417,C07556,P00224,2025-10-04 19:01:13.711842,0,0.2068549416770601,0
O030418,C07841,P00217,2025-10-04 19:14:19.971499,0,0.22478674972407198,0
O030419,C01345,P01843,2025-10-04 19:27:26.231155,0,0.31382310428180865,0
O030420,C00696,P02253,2025-10-04 19:40:32.490812,1,0.22785868129386883,0
O030421,C02511,P02486,2025-10-04 19:53:38.750468,0,0.10181591725240119,0
O030422,C01835,P00185,2025-10-04 20:06:45.010125,0,0.24299847180228995,0
O030423,C06886,P01624,2025-10-04 20:19:51.269781,0,0.13781200771450686,0
O030424,C05889,P00646,2025-10-04 20:32:57.529438,0,0.2596901795264186,0
O030425,C01057,P01403,2025-10-04 20:46:03.789094,0,0.47054506089427234,0
O030426,C01696,P00696,2025-10-04 20:59:10.048751,0,0.3206596835397188,0
O030427,C02782,P01108,2025-10-04 21:12:16.308407,0,0.19875945314537993,0
O030428,C06988,P00412,2025-10-04 21:25:22.568064,0,0.11380828337482582,0
O030429,C00726,P00642,2025-10-04 21:38:28.827720,1,0.44728777159161665,0
O030430,C01563,P00265,2025-10-04 21:51:35.087377,0,0.21716972458927442,0
O030431,C02823,P02143,2025-10-04 22:04:41.347033,0,0.2766484206283514,0
O030432,C07267,P01004,2025-10-04 22:17:47.606690,1,0.47726266117332117,0
O030433,C03689,P01466,2025-10-04 22:30:53.866346,0,0.13902115018445124,0
O030434,C06607,P02298,2025-10-04 22:44:00.126003,0,0.5488538120862619,1
O030435,C06705,P00188,2025-10-04 22:57:06.385659,0,0.0802171237924818,0
O030436,C01999,P01066,2025-10-04 23:10:12.645316,0,0.14948056395633624,0
O030437,C03399,P00955,2025-10-04 23:23:18.904972,0,0.07022623461801611,0
O030438,C04452,P01854,2025-10-04 23:36:25.164629,1,0.3460043186563541,0
O030439,C03441,P01202,2025-10-04 23:49:31.424285,0,0.12091004345348896,0
O030440,C03719,P00691,2025-10-05 00:02:37.683942,0,0.06713109906107752,0
O030441,C05509,P02453,2025-10-05 00:15:43.943598,1,0.37449922893634174,0
O030442,C05589,P00913,2025-10-05 00:28:50.203255,0,0.12354286980923071,0
O030443,C03311,P01369,2025-10-05 00:41:56.462911,0,0.3095005418460539,0
O030444,C02890,P00192,2025-10-05 00:55:02.722568,0,0.18997387345732544,0
O030445,C03067,P02091,2025-10-05 01:08:08.982224,0,0.2536527551208971,0
O030446,C03293,P02099,2025-10-05 01:21:15.241881,0,0.05705405421763611,0
O030447,C03505,P01123,2025-10-05 01:34:21.501537,0,0.16600670777379506,0
O030448,C04708,P00982,2025-10-05 01:47:27.761194,0,0.1015335205148909,0
O030449,C02627,P01523,2025-10-05 02:00:34.020850,0,0.08998603388198291,0
O030450,C03756,P01301,2025-10-05 02:13:40.280507,0,0.060967196595063,0
O030451,C02226,P00821,2025-10-05 02:26:46.540163,0,0.3882171773280683,0
O030452,C06300,P00388,2025-10-05 02:39:52.799819,0,0.13475257934246523,0
O030453,C07234,P01364,2025-10-05 02:52:59.059476,1,0.39729547831205525,0
O030454,C02200,P01469,2025-10-05 03:06:05.319132,1,0.46064793320372893,0
O030455,C02592,P00663,2025-10-05 03:19:11.578789,0,0.13959244718456118,0
O030456,C02989,P00240,2025-10-05 03:32:17.838445,0,0.07735462259928311,0
O030457,C06506,P02263,2025-10-05 03:45:24.098102,1,0.4346574047200936,0
O030458,C07267,P01225,2025-10-05 03:58:30.357758,1,0.37330143695584456,0
O030459,C02520,P00958,2025-10-05 04:11:36.617415,0,0.16953573454928705,0
O030460,C01737,P02242,2025-10-05 04:24:42.877071,0,0.13073669853606346,0
O030461,C05252,P00840,2025-10-05 04:37:49.136728,0,0.4721380383860479,0
O030462,C03068,P02364,2025-10-05 04:50:55.396384,0,0.08919979730969008,0
O030463,C05865,P01184,2025-10-05 05:04:01.656041,0,0.08809314052776425,0
O030464,C01797,P02324,2025-10-05 05:17:07.915697,0,0.09088922448839142,0
O030465,C06830,P00613,2025-10-05 05:30:14.175354,0,0.061366731811826676,0
O030466,C01544,P02294,2025-10-05 05:43:20.435010,0,0.2086229865183095,0
O030467,C05429,P00274,2025-10-05 05:56:26.694667,0,0.148344704062446,0
O030468,C05037,P01465,2025-10-05 06:09:32.954323,0,0.24716540208050658,0
O030469,C02624,P00560,2025-10-05 06:22:39.213980,0,0.0642962750352342,0
O030470,C05347,P00623,2025-10-05 06:35:45.473636,0,0.11381098083901751,0
O030471,C01129,P00522,2025-10-05 06:48:51.733293,0,0.20086912059619702,0
O030472,C07730,P01991,2025-10-05 07:01:57.992949,0,0.4304826378520873,0
O030473,C05267,P01583,2025-10-05 07:15:04.252606,0,0.20415860120837165,0
O030474,C03130,P00165,2025-10-05 07:28:10.512262,0,0.11162186443509273,0
O030475,C00711,P02347,2025-10-05 07:41:16.771919,1,0.21552226663957355,0
O030476,C03940,P02436,2025-10-05 07:54:23.031575,0,0.26726947118371575,0
O030477,C02672,P00103,2025-10-05 08:07:29.291232,0,0.12120550700989574,0
O030478,C04417,P01930,2025-10-05 08:20:35.550888,0,0.10015968588970407,0
O030479,C06279,P01859,2025-10-05 08:33:41.810545,0,0.2136667505801975,0
O030480,C02101,P01276,2025-10-05 08:46:48.070201,0,0.2855317085432696,0
O030481,C04374,P00361,2025-10-05 08:59:54.329858,0,0.21623441534323798,0
O030482,C05595,P02425,2025-10-05 09:13:00.589514,0,0.08475221751482481,0
O030483,C04390,P01433,2025-10-05 09:26:06.849171,0,0.25519398065099913,0
O030484,C07700,P01521,2025-10-05 09:39:13.108827,0,0.28268767692253005,0
O030485,C00042,P02443,2025-10-05 09:52:19.368484,0,0.19773185021408135,0
O030486,C01316,P00078,2025-10-05 10:05:25.628140,0,0.08212089091038341,0
O030487,C02892,P00159,2025-10-05 10:18:31.887797,0,0.08088905332944088,0
O030488,C07636,P01625,2025-10-05 10:31:38.147453,0,0.16673102423094666,0
O030489,C03676,P02321,2025-10-05 10:44:44.407110,0,0.14146193092672105,0
O030490,C02191,P01664,2025-10-05 10:57:50.666766,1,0.40688641636315026,0
O030491,C07425,P00540,2025-10-05 11:10:56.926423,0,0.2654188232230066,0
O030492,C04931,P00128,2025-10-05 11:24:03.186079,0,0.0997185372383614,0
O030493,C07397,P00717,2025-10-05 11:37:09.445736,1,0.4285381837148355,0
O030494,C03777,P01134,2025-10-05 11:50:15.705392,0,0.10186985738088877,0
O030495,C05978,P01120,2025-10-05 12:03:21.965049,1,0.35510655383346035,0
O030496,C03350,P01740,2025-10-05 12:16:28.224705,1,0.26249452827556097,0
O030497,C00215,P00070,2025-10-05 12:29:34.484362,0,0.15881238398415665,0
O030498,C00549,P02080,2025-10-05 12:42:40.744018,0,0.08032023227554737,0
O030499,C02575,P00658,2025-10-05 12:55:47.003675,0,0.36189258096034976,0
O030500,C02775,P00387,2025-10-05 13:08:53.263331,0,0.2804488347767873,0
O030501,C02008,P01974,2025-10-05 13:21:59.522988,0,0.5030143339207175,1
O030502,C00969,P00182,2025-10-05 13:35:05.782644,0,0.08555978074413718,0
O030503,C01712,P00273,2025-10-05 13:48:12.042301,0,0.2904777726054816,0
O030504,C06518,P00516,2025-10-05 14:01:18.301957,1,0.2744804613159872,0
O030505,C00535,P01135,2025-10-05 14:14:24.561614,0,0.21738676558466385,0
O030506,C01995,P01113,2025-10-05 14:27:30.821270,1,0.5495046408139683,1
O030507,C02421,P01722,2025-10-05 14:40:37.080927,0,0.45080201737718817,0
O030508,C06858,P00678,2025-10-05 14:53:43.340583,0,0.39551349544307196,0
O030509,C07050,P02429,2025-10-05 15:06:49.600240,0,0.24175981772598729,0
O030510,C01617,P01772,2025-10-05 15:19:55.859896,0,0.12979276966010625,0
O030511,C07434,P01464,2025-10-05 15:33:02.119552,0,0.1888712222498051,0
O030512,C02860,P01630,2025-10-05 15:46:08.379209,0,0.10036493828882938,0
O030513,C06373,P00166,2025-10-05 15:59:14.638865,0,0.09236145932757336,0
O030514,C00006,P01255,2025-10-05 16:12:20.898522,0,0.2623627719599378,0
O030515,C07711,P00958,2025-10-05 16:25:27.158178,1,0.29818244991562165,0
O030516,C06364,P02390,2025-10-05 16:38:33.417835,0,0.4896689102804715,0
O030517,C01629,P01531,2025-10-05 16:51:39.677491,0,0.2029255674946339,0
O030518,C07027,P02354,2025-10-05 17:04:45.937148,0,0.39176841688654396,0
O030519,C07331,P02194,2025-10-05 17:17:52.196804,1,0.27436191715559355,0
O030520,C03958,P00997,2025-10-05 17:30:58.456461,0,0.09047258612223896,0
O030521,C00940,P00196,2025-10-05 17:44:04.716117,0,0.18089983609607505,0
O030522,C04698,P00678,2025-10-05 17:57:10.975774,1,0.1984550383651076,0
O030523,C02539,P01254,2025-10-05 18:10:17.235430,0,0.17675178540557973,0
O030524,C01298,P01614,2025-10-05 18:23:23.495087,0,0.06990222982143626,0
O030525,C01219,P01970,2025-10-05 18:36:29.754743,0,0.08536453777676688,0
O030526,C02976,P01468,2025-10-05 18:49:36.014400,0,0.2114210096254626,0
O030527,C07054,P01927,2025-10-05 19:02:42.274056,0,0.19138452475992068,0
O030528,C00279,P01703,2025-10-05 19:15:48.533713,0,0.30816326944981925,0
O030529,C04673,P00116,2025-10-05 19:28:54.793369,0,0.12578031800989772,0
O030530,C07522,P00321,2025-10-05 19:42:01.053026,0,0.12744803606174168,0
O030531,C06550,P00969,2025-10-05 19:55:07.312682,0,0.1413543147819764,0
O030532,C06837,P01088,2025-10-05 20:08:13.572339,1,0.2086005603613849,0
O030533,C06400,P00040,2025-10-05 20:21:19.831995,0,0.12865603605164208,0
O030534,C06874,P02385,2025-10-05 20:34:26.091652,0,0.2427425173190351,0
O030535,C04997,P01845,2025-10-05 20:47:32.351308,0,0.26242001115518254,0
O030536,C01723,P02035,2025-10-05 21:00:38.610965,0,0.23009881910142865,0
O030537,C03611,P00366,2025-10-05 21:13:44.870621,1,0.24712675492431296,0
O030538,C04128,P02152,2025-10-05 21:26:51.130278,0,0.12816044153264133,0
O030539,C00096,P02151,2025-10-05 21:39:57.389934,0,0.11854045954126421,0
O030540,C02486,P02000,2025-10-05 21:53:03.649591,0,0.21591480930758788,0
O030541,C04457,P01395,2025-10-05 22:06:09.909247,0,0.24559856651143394,0
O030542,C01615,P00465,2025-10-05 22:19:16.168904,1,0.5437103451619199,1
O030543,C07739,P02041,2025-10-05 22:32:22.428560,1,0.2660895547230624,0
O030544,C01972,P02044,2025-10-05 22:45:28.688217,0,0.3773625416845757,0
O030545,C05967,P00106,2025-10-05 22:58:34.947873,0,0.27171813149276103,0
O030546,C06827,P00307,2025-10-05 23:11:41.207530,0,0.1008012398260777,0
O030547,C06989,P01808,2025-10-05 23:24:47.467186,0,0.12683994032692386,0
O030548,C02309,P00581,2025-10-05 23:37:53.726843,0,0.1277670498984622,0
O030549,C03588,P02381,2025-10-05 23:50:59.986499,1,0.06938490332174858,0
O030550,C05951,P01173,2025-10-06 00:04:06.246156,0,0.3002725933598422,0
O030551,C00827,P02301,2025-10-06 00:17:12.505812,0,0.07882009004298013,0
O030552,C05181,P01076,2025-10-06 00:30:18.765469,0,0.4163299863858147,0
O030553,C07477,P01254,2025-10-06 00:43:25.025125,0,0.1937691484335654,0
O030554,C00759,P02070,2025-10-06 00:56:31.284782,0,0.12304648799854306,0
O030555,C02183,P01201,2025-10-06 01:09:37.544438,0,0.3504441472105409,0
O030556,C01534,P01247,2025-10-06 01:22:43.804095,0,0.0803063205979573,0
O030557,C03987,P02200,2025-10-06 01:35:50.063751,0,0.1404003180959664,0
O030558,C07063,P00078,2025-10-06 01:48:56.323408,0,0.09881512050719411,0
O030559,C06952,P00153,2025-10-06 02:02:02.583064,0,0.22246654988524844,0
O030560,C02313,P01995,2025-10-06 02:15:08.842721,0,0.13681351842585662,0
O030561,C01589,P00295,2025-10-06 02:28:15.102377,0,0.5552900290140155,1
O030562,C01603,P01160,2025-10-06 02:41:21.362034,0,0.09389733553964699,0
O030563,C06781,P00082,2025-10-06 02:54:27.621690,0,0.08997618238364442,0
O030564,C03558,P00450,2025-10-06 03:07:33.881347,0,0.09926857221715696,0
O030565,C05168,P00631,2025-10-06 03:20:40.141003,0,0.3769703859295468,0
O030566,C07688,P00223,2025-10-06 03:33:46.400660,0,0.10570245769215035,0
O030567,C01387,P01939,2025-10-06 03:46:52.660316,1,0.3264724989012483,0
O030568,C04305,P02441,2025-10-06 03:59:58.919973,0,0.21320698956122247,0
O030569,C06880,P02471,2025-10-06 04:13:05.179629,0,0.06224098202417625,0
O030570,C00975,P00943,2025-10-06 04:26:11.439285,0,0.18068123809253941,0
O030571,C00854,P00378,2025-10-06 04:39:17.698942,0,0.23940085127144103,0
O030572,C01504,P01253,2025-10-06 04:52:23.958598,0,0.1394314476100864,0
O030573,C07411,P02278,2025-10-06 05:05:30.218255,0,0.3000262620474792,0
O030574,C00074,P01836,2025-10-06 05:18:36.477911,0,0.06619916507091515,0
O030575,C06058,P01613,2025-10-06 05:31:42.737568,0,0.236092021585852,0
O030576,C03691,P02231,2025-10-06 05:44:48.997224,0,0.17918906620758365,0
O030577,C03537,P00968,2025-10-06 05:57:55.256881,0,0.25009723113666055,0
O030578,C02919,P00375,2025-10-06 06:11:01.516537,0,0.07826044989808353,0
O030579,C04162,P01658,2025-10-06 06:24:07.776194,1,0.3118511788789538,0
O030580,C04292,P00782,2025-10-06 06:37:14.035850,0,0.11056065265561703,0
O030581,C04894,P02442,2025-10-06 06:50:20.295507,1,0.1438079039344723,0
O030582,C01440,P00944,2025-10-06 07:03:26.555163,0,0.3328404418182694,0
O030583,C04193,P01967,2025-10-06 07:16:32.814820,0,0.2483100352131624,0
O030584,C01219,P01201,2025-10-06 07:29:39.074476,0,0.2619847146074383,0
O030585,C00862,P00623,2025-10-06 07:42:45.334133,0,0.10599823987656991,0
O030586,C07491,P01416,2025-10-06 07:55:51.593789,0,0.15555642799526828,0
O030587,C02566,P02462,2025-10-06 08:08:57.853446,0,0.10872408991314565,0
O030588,C04612,P00532,2025-10-06 08:22:04.113102,0,0.20105210236375726,0
O030589,C05489,P00750,2025-10-06 08:35:10.372759,0,0.15644045778123342,0
O030590,C05584,P01469,2025-10-06 08:48:16.632415,0,0.28185124247404264,0
O030591,C01283,P01176,2025-10-06 09:01:22.892072,0,0.14146953007949942,0
O030592,C03634,P00091,2025-10-06 09:14:29.151728,1,0.11198669785376732,0
O030593,C04669,P00122,2025-10-06 09:27:35.411385,1,0.16825154515079405,0
O030594,C03077,P02368,2025-10-06 09:40:41.671041,1,0.5012617601424781,1
O030595,C03231,P01268,2025-10-06 09:53:47.930698,0,0.0787858067694366,0
O030596,C00061,P02205,2025-10-06 10:06:54.190354,0,0.2734565384759205,0
O030597,C07519,P02259,2025-10-06 10:20:00.450011,1,0.205470856184433,0
O030598,C02534,P00387,2025-10-06 10:33:06.709667,0,0.11123682247195614,0
O030599,C03296,P01602,2025-10-06 10:46:12.969324,0,0.1514736864724243,0
O030600,C07776,P00179,2025-10-06 10:59:19.228980,1,0.1713659340523891,0
O030601,C06979,P02290,2025-10-06 11:12:25.488637,1,0.4622131324285966,0
O030602,C01296,P01816,2025-10-06 11:25:31.748293,0,0.16083357994647107,0
O030603,C03499,P01277,2025-10-06 11:38:38.007950,0,0.0755478635849156,0
O030604,C04827,P01162,2025-10-06 11:51:44.267606,0,0.10610250688545224,0
O030605,C02065,P00936,2025-10-06 12:04:50.527263,0,0.506026124941558,1
O030606,C01758,P01954,2025-10-06 12:17:56.786919,1,0.106781339730076,0
O030607,C04946,P02108,2025-10-06 12:31:03.046576,0,0.11165959792085858,0
O030608,C07437,P00055,2025-10-06 12:44:09.306232,0,0.17185184030162798,0
O030609,C02401,P01744,2025-10-06 12:57:15.565889,0,0.08318055250981166,0
O030610,C00703,P01758,2025-10-06 13:10:21.825545,0,0.0895998633635783,0
O030611,C07539,P00710,2025-10-06 13:23:28.085202,0,0.10146480807225706,0
O030612,C03437,P01469,2025-10-06 13:36:34.344858,0,0.2899058111567496,0
O030613,C01381,P00359,2025-10-06 13:49:40.604515,0,0.09110665141355456,0
O030614,C00135,P01776,2025-10-06 14:02:46.864171,0,0.0897952921134627,0
O030615,C06016,P00763,2025-10-06 14:15:53.123828,0,0.14606189734183941,0
O030616,C01220,P01866,2025-10-06 14:28:59.383484,0,0.08326861572476109,0
O030617,C06396,P02389,2025-10-06 14:42:05.643141,0,0.12348804671682533,0
O030618,C07054,P02169,2025-10-06 14:55:11.902797,0,0.12512971123370062,0
O030619,C04335,P00504,2025-10-06 15:08:18.162454,0,0.15510422973485385,0
O030620,C00947,P00432,2025-10-06 15:21:24.422110,0,0.3955257003002215,0
O030621,C03719,P02106,2025-10-06 15:34:30.681767,0,0.07426944295316268,0
O030622,C06454,P02309,2025-10-06 15:47:36.941423,0,0.1980962597808614,0
O030623,C06506,P00404,2025-10-06 16:00:43.201080,0,0.2638530151696287,0
O030624,C01391,P01468,2025-10-06 16:13:49.460736,0,0.20542114070956302,0
O030625,C04430,P01618,2025-10-06 16:26:55.720393,0,0.17421117196676056,0
O030626,C01206,P00987,2025-10-06 16:40:01.980049,0,0.12486930580076322,0
O030627,C00463,P00376,2025-10-06 16:53:08.239705,0,0.12655166325570397,0
O030628,C07334,P00860,2025-10-06 17:06:14.499362,0,0.27480336262604255,0
O030629,C05208,P01983,2025-10-06 17:19:20.759018,0,0.19026529492153285,0
O030630,C03697,P02499,2025-10-06 17:32:27.018675,0,0.14095896801161645,0
O030631,C01691,P00455,2025-10-06 17:45:33.278331,0,0.1177693756473754,0
O030632,C02514,P01218,2025-10-06 17:58:39.537988,0,0.07015934031315801,0
O030633,C00934,P00781,2025-10-06 18:11:45.797644,1,0.4771329111281847,0
O030634,C07466,P01133,2025-10-06 18:24:52.057301,1,0.32756473604493686,0
O030635,C02740,P00829,2025-10-06 18:37:58.316957,0,0.055541531627433124,0
O030636,C06365,P01116,2025-10-06 18:51:04.576614,0,0.1125079728033491,0
O030637,C07723,P01552,2025-10-06 19:04:10.836270,0,0.10716839261459289,0
O030638,C04645,P02438,2025-10-06 19:17:17.095927,1,0.2348979227748362,0
O030639,C05510,P01191,2025-10-06 19:30:23.355583,0,0.1316041186496137,0
O030640,C02192,P02213,2025-10-06 19:43:29.615240,0,0.08703508692124204,0
O030641,C00745,P02233,2025-10-06 19:56:35.874896,0,0.10212485197169098,0
O030642,C07412,P00363,2025-10-06 20:09:42.134553,0,0.3249161291723696,0
O030643,C05609,P02464,2025-10-06 20:22:48.394209,0,0.18934478870388388,0
O030644,C03444,P02437,2025-10-06 20:35:54.653866,1,0.3271950834843011,0
O030645,C07776,P00841,2025-10-06 20:49:00.913522,0,0.11200616395080495,0
O030646,C00908,P01083,2025-10-06 21:02:07.173179,0,0.08538041643060186,0
O030647,C05422,P00188,2025-10-06 21:15:13.432835,0,0.07743395669006632,0
O030648,C07383,P01013,2025-10-06 21:28:19.692492,1,0.6993991848113902,1
O030649,C05947,P00352,2025-10-06 21:41:25.952148,0,0.08273142510010303,0
O030650,C05169,P00404,2025-10-06 21:54:32.211805,1,0.0972763871793379,0
O030651,C07933,P02123,2025-10-06 22:07:38.471461,0,0.09891781483539291,0
O030652,C07221,P00367,2025-10-06 22:20:44.731118,0,0.11809549034887969,0
O030653,C06196,P01708,2025-10-06 22:33:50.990774,0,0.26029930988917777,0
O030654,C03856,P00763,2025-10-06 22:46:57.250431,0,0.16057790260291135,0
O030655,C07364,P00302,2025-10-06 23:00:03.510087,0,0.3249001490514804,0
O030656,C05700,P00404,2025-10-06 23:13:09.769744,0,0.19124129679398896,0
O030657,C06146,P02359,2025-10-06 23:26:16.029400,0,0.14726048202790845,0
O030658,C00527,P00820,2025-10-06 23:39:22.289057,0,0.2681512787725261,0
O030659,C01881,P01949,2025-10-06 23:52:28.548713,0,0.08033567840897687,0
O030660,C02234,P01172,2025-10-07 00:05:34.808370,0,0.24802159029022178,0
O030661,C06035,P00404,2025-10-07 00:18:41.068026,0,0.09995866630352511,0
O030662,C03417,P00902,2025-10-07 00:31:47.327683,0,0.24257771156312077,0
O030663,C00203,P01705,2025-10-07 00:44:53.587339,1,0.1264896811790735,0
O030664,C01003,P01897,2025-10-07 00:57:59.846996,0,0.21708162027852845,0
O030665,C03112,P01287,2025-10-07 01:11:06.106652,0,0.1945741593204826,0
O030666,C07332,P00513,2025-10-07 01:24:12.366309,0,0.07247334388933302,0
O030667,C05261,P00630,2025-10-07 01:37:18.625965,0,0.3207456655641646,0
O030668,C04408,P00490,2025-10-07 01:50:24.885622,1,0.2725408891789568,0
O030669,C02829,P01754,2025-10-07 02:03:31.145278,1,0.18753447180946628,0
O030670,C02040,P01245,2025-10-07 02:16:37.404935,0,0.14241522823073152,0
O030671,C01776,P01781,2025-10-07 02:29:43.664591,0,0.2215451961095317,0
O030672,C04670,P02127,2025-10-07 02:42:49.924248,0,0.14616640795643746,0
O030673,C07251,P01695,2025-10-07 02:55:56.183904,0,0.23814092194693304,0
O030674,C00106,P01141,2025-10-07 03:09:02.443561,0,0.08770540827166717,0
O030675,C01193,P02446,2025-10-07 03:22:08.703217,0,0.11194017482911071,0
O030676,C06297,P02131,2025-10-07 03:35:14.962874,0,0.15116757972806538,0
O030677,C00855,P00897,2025-10-07 03:48:21.222530,0,0.14255394419382375,0
O030678,C03393,P01217,2025-10-07 04:01:27.482187,0,0.10926586849052568,0
O030679,C03937,P02266,2025-10-07 04:14:33.741843,0,0.10021631995872236,0
O030680,C01413,P01598,2025-10-07 04:27:40.001500,0,0.35528531486495185,0
O030681,C07574,P00627,2025-10-07 04:40:46.261156,1,0.2748277407224046,0
O030682,C06573,P01374,2025-10-07 04:53:52.520813,0,0.1746880415395136,0
O030683,C00478,P01522,2025-10-07 05:06:58.780469,0,0.10661939623381235,0
O030684,C04687,P02489,2025-10-07 05:20:05.040126,0,0.1096503497796341,0
O030685,C05388,P01820,2025-10-07 05:33:11.299782,0,0.16554959309718528,0
O030686,C00799,P01186,2025-10-07 05:46:17.559438,1,0.13399403041581504,0
O030687,C04605,P00515,2025-10-07 05:59:23.819095,1,0.42091487145351153,0
O030688,C03350,P01720,2025-10-07 06:12:30.078751,0,0.09951275132274218,0
O030689,C02139,P00428,2025-10-07 06:25:36.338408,0,0.08701692241340923,0
O030690,C06508,P01820,2025-10-07 06:38:42.598064,1,0.25875449725769867,0
O030691,C00017,P01344,2025-10-07 06:51:48.857721,0,0.11953746853408799,0
O030692,C02101,P02107,2025-10-07 07:04:55.117377,0,0.23855051419492726,0
O030693,C00825,P01637,2025-10-07 07:18:01.377034,0,0.18352473884268874,0
O030694,C05117,P01693,2025-10-07 07:31:07.636690,0,0.10768800665189239,0
O030695,C07491,P00565,2025-10-07 07:44:13.896347,1,0.11909524701421177,0
O030696,C00581,P02355,2025-10-07 07:57:20.156003,0,0.13114000583473814,0
O030697,C04576,P01133,2025-10-07 08:10:26.415660,0,0.22232359800414114,0
O030698,C00690,P02105,2025-10-07 08:23:32.675316,0,0.3720002525400204,0
O030699,C04229,P02448,2025-10-07 08:36:38.934973,1,0.4586042095420479,0
O030700,C04166,P02157,2025-10-07 08:49:45.194629,0,0.21897317849825917,0
O030701,C00621,P02199,2025-10-07 09:02:51.454286,0,0.0657373597961459,0
O030702,C04172,P02408,2025-10-07 09:15:57.713942,0,0.35783610536957583,0
O030703,C05839,P01015,2025-10-07 09:29:03.973599,0,0.2063899118900475,0
O030704,C00139,P00795,2025-10-07 09:42:10.233255,1,0.2137921647906311,0
O030705,C02117,P00838,2025-10-07 09:55:16.492912,0,0.22049988966502543,0
O030706,C07782,P01498,2025-10-07 10:08:22.752568,0,0.09675114574776618,0
O030707,C04596,P00055,2025-10-07 10:21:29.012225,0,0.17939922118186,0
O030708,C03632,P00215,2025-10-07 10:34:35.271881,0,0.26391934610953904,0
O030709,C05708,P01360,2025-10-07 10:47:41.531538,1,0.40013899653202534,0
O030710,C01673,P01500,2025-10-07 11:00:47.791194,0,0.1638635052626001,0
O030711,C05044,P02031,2025-10-07 11:13:54.050851,0,0.228221547036313,0
O030712,C07681,P00421,2025-10-07 11:27:00.310507,1,0.3568857862966757,0
O030713,C06805,P00856,2025-10-07 11:40:06.570164,0,0.371185942949269,0
O030714,C07467,P01306,2025-10-07 11:53:12.829820,0,0.17270790774131028,0
O030715,C07247,P01773,2025-10-07 12:06:19.089477,0,0.10008235608871884,0
O030716,C06938,P00596,2025-10-07 12:19:25.349133,0,0.2546587009869952,0
O030717,C05438,P02151,2025-10-07 12:32:31.608790,0,0.11777116850715628,0
O030718,C00458,P02299,2025-10-07 12:45:37.868446,1,0.3763459514242954,0
O030719,C07081,P00980,2025-10-07 12:58:44.128103,0,0.17952622662280146,0
O030720,C01746,P00270,2025-10-07 13:11:50.387759,1,0.10319063400382336,0
O030721,C07906,P00138,2025-10-07 13:24:56.647416,0,0.1043163719185055,0
O030722,C02355,P01198,2025-10-07 13:38:02.907072,0,0.12756651019559684,0
O030723,C06636,P00120,2025-10-07 13:51:09.166729,1,0.3770926238720091,0
O030724,C06677,P01947,2025-10-07 14:04:15.426385,0,0.3970912024938333,0
O030725,C04305,P01209,2025-10-07 14:17:21.686042,0,0.2932449590676075,0
O030726,C07256,P01031,2025-10-07 14:30:27.945698,0,0.17219939762997338,0
O030727,C07807,P01246,2025-10-07 14:43:34.205355,1,0.4748209654712148,0
O030728,C00532,P01151,2025-10-07 14:56:40.465011,1,0.5320900718388097,1
O030729,C00650,P02190,2025-10-07 15:09:46.724668,0,0.10239202896091594,0
O030730,C06269,P02079,2025-10-07 15:22:52.984324,1,0.6565811897197668,1
O030731,C07207,P00614,2025-10-07 15:35:59.243981,0,0.15525666471752453,0
O030732,C00473,P01306,2025-10-07 15:49:05.503637,0,0.2947409018188526,0
O030733,C04800,P02381,2025-10-07 16:02:11.763294,1,0.08090791447791587,0
O030734,C01458,P01690,2025-10-07 16:15:18.022950,0,0.2903265772442595,0
O030735,C04056,P00365,2025-10-07 16:28:24.282607,0,0.12573408563446306,0
O030736,C01135,P00441,2025-10-07 16:41:30.542263,1,0.3665699912941883,0
O030737,C04417,P01554,2025-10-07 16:54:36.801920,0,0.35380661695761756,0
O030738,C05728,P02307,2025-10-07 17:07:43.061576,1,0.49780774825060764,0
O030739,C04633,P00820,2025-10-07 17:20:49.321233,1,0.19311480777092846,0
O030740,C02081,P01738,2025-10-07 17:33:55.580889,0,0.10171445825450205,0
O030741,C02858,P01312,2025-10-07 17:47:01.840546,0,0.1886415179483774,0
O030742,C01978,P02440,2025-10-07 18:00:08.100202,0,0.12057354653100595,0
O030743,C06352,P00223,2025-10-07 18:13:14.359858,0,0.11257357214600575,0
O030744,C03943,P02113,2025-10-07 18:26:20.619515,1,0.3759469193354021,0
O030745,C04435,P02290,2025-10-07 18:39:26.879171,0,0.41496244750067457,0
O030746,C04358,P02198,2025-10-07 18:52:33.138828,0,0.2639445344559176,0
O030747,C00074,P00556,2025-10-07 19:05:39.398484,0,0.0710746645556208,0
O030748,C00608,P01431,2025-10-07 19:18:45.658141,0,0.06443200444081097,0
O030749,C01517,P00050,2025-10-07 19:31:51.917797,0,0.2695963927679916,0
O030750,C01835,P01639,2025-10-07 19:44:58.177454,0,0.1386989699314983,0
O030751,C01792,P02021,2025-10-07 19:58:04.437110,0,0.1255205052650488,0
O030752,C03268,P01672,2025-10-07 20:11:10.696767,0,0.0754815740735683,0
O030753,C01426,P02234,2025-10-07 20:24:16.956423,0,0.4544374283901801,0
O030754,C06367,P01283,2025-10-07 20:37:23.216080,0,0.13839007674108375,0
O030755,C02466,P00648,2025-10-07 20:50:29.475736,0,0.17256384851743134,0
O030756,C00599,P01284,2025-10-07 21:03:35.735393,1,0.1087691145179759,0
O030757,C05705,P02139,2025-10-07 21:16:41.995049,1,0.40120176664045487,0
O030758,C07402,P02178,2025-10-07 21:29:48.254706,0,0.18719111955263912,0
O030759,C00038,P01486,2025-10-07 21:42:54.514362,1,0.2093827098979484,0
O030760,C04668,P01236,2025-10-07 21:56:00.774019,0,0.1879039390455932,0
O030761,C02768,P01404,2025-10-07 22:09:07.033675,0,0.24615810390409756,0
O030762,C03790,P00836,2025-10-07 22:22:13.293332,1,0.12144493802654122,0
O030763,C06981,P02497,2025-10-07 22:35:19.552988,0,0.08991906449346622,0
O030764,C05887,P01238,2025-10-07 22:48:25.812645,1,0.367451096800619,0
O030765,C07768,P00366,2025-10-07 23:01:32.072301,0,0.15840724926257574,0
O030766,C01506,P02065,2025-10-07 23:14:38.331958,0,0.23686420011577333,0
O030767,C03414,P01748,2025-10-07 23:27:44.591614,0,0.09016280359035857,0
O030768,C00234,P01746,2025-10-07 23:40:50.851271,0,0.08161850456221365,0
O030769,C05056,P02040,2025-10-07 23:53:57.110927,0,0.28660966544770133,0
O030770,C06821,P00083,2025-10-08 00:07:03.370584,1,0.0944276006473401,0
O030771,C02524,P01305,2025-10-08 00:20:09.630240,0,0.0627276941924012,0
O030772,C04263,P01533,2025-10-08 00:33:15.889897,0,0.22337675861450312,0
O030773,C03686,P02433,2025-10-08 00:46:22.149553,1,0.33246632606240883,0
O030774,C07875,P01882,2025-10-08 00:59:28.409210,0,0.13103372391941698,0
O030775,C06300,P02474,2025-10-08 01:12:34.668866,0,0.2958047645157675,0
O030776,C04992,P01931,2025-10-08 01:25:40.928523,1,0.26310485394005295,0
O030777,C05223,P01587,2025-10-08 01:38:47.188179,0,0.14826542184648905,0
O030778,C05697,P00248,2025-10-08 01:51:53.447836,0,0.3616449922535349,0
O030779,C05393,P00084,2025-10-08 02:04:59.707492,1,0.27382388526624996,0
O030780,C07177,P01781,2025-10-08 02:18:05.967149,0,0.14114383803341457,0
O030781,C00396,P02216,2025-10-08 02:31:12.226805,0,0.09714633603328626,0
O030782,C05601,P00296,2025-10-08 02:44:18.486462,0,0.31488404379831836,0
O030783,C06864,P01975,2025-10-08 02:57:24.746118,1,0.2834086822834375,0
O030784,C03108,P01031,2025-10-08 03:10:31.005775,0,0.12823712400056822,0
O030785,C01876,P00237,2025-10-08 03:23:37.265431,0,0.1090108063692635,0
O030786,C02128,P02008,2025-10-08 03:36:43.525088,0,0.14646939929795716,0
O030787,C04110,P02477,2025-10-08 03:49:49.784744,0,0.2348205265838223,0
O030788,C03698,P01258,2025-10-08 04:02:56.044401,1,0.13781733576879188,0
O030789,C07694,P00197,2025-10-08 04:16:02.304057,0,0.2504221381963363,0
O030790,C03804,P01019,2025-10-08 04:29:08.563714,1,0.2253052241205523,0
O030791,C02820,P02483,2025-10-08 04:42:14.823370,0,0.13803057786179515,0
O030792,C03676,P01070,2025-10-08 04:55:21.083027,0,0.16809511349718959,0
O030793,C07007,P02042,2025-10-08 05:08:27.342683,0,0.07521365990583487,0
O030794,C03516,P01601,2025-10-08 05:21:33.602340,0,0.4908378084165109,0
O030795,C04943,P00198,2025-10-08 05:34:39.861996,0,0.05650994096731798,0
O030796,C07643,P00224,2025-10-08 05:47:46.121653,0,0.2757626434383131,0
O030797,C00927,P02305,2025-10-08 06:00:52.381309,0,0.055623149998654635,0
O030798,C05286,P01692,2025-10-08 06:13:58.640966,1,0.25180845004711216,0
O030799,C00122,P01738,2025-10-08 06:27:04.900622,1,0.08001926270104309,0
O030800,C02479,P02413,2025-10-08 06:40:11.160279,0,0.09926790546972433,0
O030801,C01035,P01654,2025-10-08 06:53:17.419935,0,0.10367787411543603,0
O030802,C06936,P00627,2025-10-08 07:06:23.679591,0,0.249413933097162,0
O030803,C03551,P02279,2025-10-08 07:19:29.939248,0,0.24060465330777764,0
O030804,C06596,P00753,2025-10-08 07:32:36.198904,0,0.12172623531614475,0
O030805,C06165,P02041,2025-10-08 07:45:42.458561,0,0.4329527802875353,0
O030806,C02088,P02117,2025-10-08 07:58:48.718217,0,0.195942255959009,0
O030807,C02602,P00687,2025-10-08 08:11:54.977874,0,0.059571420304820356,0
O030808,C05694,P01879,2025-10-08 08:25:01.237530,0,0.3675530768150726,0
O030809,C00822,P01988,2025-10-08 08:38:07.497187,0,0.1510764865126319,0
O030810,C04626,P01586,2025-10-08 08:51:13.756843,0,0.35050437213650604,0
O030811,C00723,P00785,2025-10-08 09:04:20.016500,0,0.14351148490462387,0
O030812,C02986,P00803,2025-10-08 09:17:26.276156,1,0.1183122730364254,0
O030813,C03758,P02462,2025-10-08 09:30:32.535813,0,0.15355245677973686,0
O030814,C03502,P00773,2025-10-08 09:43:38.795469,0,0.18212939822677568,0
O030815,C04092,P01121,2025-10-08 09:56:45.055126,0,0.4362982120568606,0
O030816,C04831,P01586,2025-10-08 10:09:51.314782,1,0.2832416770881402,0
O030817,C07642,P01655,2025-10-08 10:22:57.574439,0,0.293774312336861,0
O030818,C07218,P02253,2025-10-08 10:36:03.834095,0,0.29376239085457595,0
O030819,C07632,P00333,2025-10-08 10:49:10.093752,1,0.14163136124245598,0
O030820,C05250,P01234,2025-10-08 11:02:16.353408,0,0.46057514744536965,0
O030821,C06785,P00186,2025-10-08 11:15:22.613065,0,0.3410836822056191,0
O030822,C07605,P02435,2025-10-08 11:28:28.872721,1,0.3841604874289083,0
O030823,C01227,P00849,2025-10-08 11:41:35.132378,0,0.1079675132627908,0
O030824,C04892,P01285,2025-10-08 11:54:41.392034,1,0.1681410745108319,0
O030825,C07775,P01546,2025-10-08 12:07:47.651691,0,0.09021720457553187,0
O030826,C06222,P00954,2025-10-08 12:20:53.911347,0,0.14329731940372958,0
O030827,C02226,P00224,2025-10-08 12:34:00.171004,1,0.3266505244922115,0
O030828,C06084,P02191,2025-10-08 12:47:06.430660,0,0.10918371037270157,0
O030829,C00085,P02119,2025-10-08 13:00:12.690317,0,0.06195136971350523,0
O030830,C07057,P01414,2025-10-08 13:13:18.949973,0,0.1612220442235934,0
O030831,C02618,P00321,2025-10-08 13:26:25.209630,0,0.0841798718932028,0
O030832,C02474,P01055,2025-10-08 13:39:31.469286,1,0.4094190949715982,0
O030833,C05252,P01243,2025-10-08 13:52:37.728943,0,0.16417520951102701,0
O030834,C02729,P00021,2025-10-08 14:05:43.988599,0,0.35874427825960936,0
O030835,C05992,P00265,2025-10-08 14:18:50.248256,1,0.2256884390000993,0
O030836,C03808,P01107,2025-10-08 14:31:56.507912,0,0.09403667783806675,0
O030837,C06751,P02036,2025-10-08 14:45:02.767569,1,0.27011365159776163,0
O030838,C03824,P00021,2025-10-08 14:58:09.027225,0,0.21610443688463357,0
O030839,C03607,P00298,2025-10-08 15:11:15.286882,0,0.27711698164365617,0
O030840,C05615,P02415,2025-10-08 15:24:21.546538,0,0.09717015412723158,0
O030841,C00361,P01101,2025-10-08 15:37:27.806195,1,0.20078777554864038,0
O030842,C01537,P02017,2025-10-08 15:50:34.065851,0,0.1320801790270835,0
O030843,C03725,P01939,2025-10-08 16:03:40.325508,1,0.541870048064321,1
O030844,C01547,P02155,2025-10-08 16:16:46.585164,0,0.2794657221336091,0
O030845,C07353,P02095,2025-10-08 16:29:52.844821,0,0.1729421771457874,0
O030846,C01330,P01708,2025-10-08 16:42:59.104477,0,0.2746360557985946,0
O030847,C07237,P01881,2025-10-08 16:56:05.364134,0,0.12318804116831447,0
O030848,C05259,P00808,2025-10-08 17:09:11.623790,0,0.22896553716572554,0
O030849,C00927,P00681,2025-10-08 17:22:17.883447,0,0.06290947304645775,0
O030850,C01484,P01223,2025-10-08 17:35:24.143103,0,0.1695319672408927,0
O030851,C02670,P01569,2025-10-08 17:48:30.402760,0,0.23621829802133917,0
O030852,C04977,P00769,2025-10-08 18:01:36.662416,0,0.1053860964399556,0
O030853,C06093,P02382,2025-10-08 18:14:42.922073,0,0.10072900336826748,0
O030854,C06958,P02326,2025-10-08 18:27:49.181729,0,0.13810501496128774,0
O030855,C03366,P00997,2025-10-08 18:40:55.441386,0,0.155433521362823,0
O030856,C04638,P00341,2025-10-08 18:54:01.701042,0,0.1764056763582324,0
O030857,C07242,P00699,2025-10-08 19:07:07.960699,1,0.3326445721763803,0
O030858,C03715,P02049,2025-10-08 19:20:14.220355,0,0.4021499468119433,0
O030859,C05498,P02429,2025-10-08 19:33:20.480012,1,0.2966463710816507,0
O030860,C00865,P01104,2025-10-08 19:46:26.739668,0,0.12118609885107708,0
O030861,C03236,P00453,2025-10-08 19:59:32.999324,0,0.2193795640434632,0
O030862,C05279,P02276,2025-10-08 20:12:39.258981,0,0.08619327708436808,0
O030863,C03686,P00803,2025-10-08 20:25:45.518637,0,0.12723482815528886,0
O030864,C03606,P00462,2025-10-08 20:38:51.778294,1,0.3682217050170972,0
O030865,C07705,P01559,2025-10-08 20:51:58.037950,0,0.05772554684542254,0
O030866,C03908,P00033,2025-10-08 21:05:04.297607,0,0.13716216391409247,0
O030867,C02333,P00317,2025-10-08 21:18:10.557263,1,0.10802158193073057,0
O030868,C04042,P01780,2025-10-08 21:31:16.816920,0,0.3546485900151261,0
O030869,C01779,P02285,2025-10-08 21:44:23.076576,1,0.340480941819623,0
O030870,C05322,P01360,2025-10-08 21:57:29.336233,0,0.2941448881870674,0
O030871,C05511,P02446,2025-10-08 22:10:35.595889,1,0.12059348196810123,0
O030872,C07606,P00683,2025-10-08 22:23:41.855546,0,0.12004215206163751,0
O030873,C02075,P01826,2025-10-08 22:36:48.115202,0,0.37135082549609694,0
O030874,C02353,P02213,2025-10-08 22:49:54.374859,0,0.08760425062020517,0
O030875,C02882,P02319,2025-10-08 23:03:00.634515,0,0.12461045012015014,0
O030876,C03954,P01887,2025-10-08 23:16:06.894172,1,0.14039482697249658,0
O030877,C04265,P00679,2025-10-08 23:29:13.153828,1,0.13383757768215013,0
O030878,C01653,P02426,2025-10-08 23:42:19.413485,0,0.16557900308954585,0
O030879,C02559,P01037,2025-10-08 23:55:25.673141,1,0.13731399814890108,0
O030880,C06834,P00001,2025-10-09 00:08:31.932798,0,0.07674421036829657,0
O030881,C02021,P00919,2025-10-09 00:21:38.192454,0,0.13718021065320693,0
O030882,C00120,P00078,2025-10-09 00:34:44.452111,0,0.08139146248190567,0
O030883,C04179,P00711,2025-10-09 00:47:50.711767,0,0.0773076443041714,0
O030884,C01959,P01334,2025-10-09 01:00:56.971424,0,0.3025187059192083,0
O030885,C03524,P01604,2025-10-09 01:14:03.231080,0,0.21294409840248785,0
O030886,C07644,P00979,2025-10-09 01:27:09.490737,0,0.08158512013043112,0
O030887,C04422,P02325,2025-10-09 01:40:15.750393,1,0.3008259718542134,0
O030888,C01753,P00584,2025-10-09 01:53:22.010050,0,0.24789284492842578,0
O030889,C04772,P01312,2025-10-09 02:06:28.269706,1,0.3081386965355006,0
O030890,C07887,P02233,2025-10-09 02:19:34.529363,0,0.17139740937164485,0
O030891,C04717,P01620,2025-10-09 02:32:40.789019,1,0.28174027047359473,0
O030892,C03123,P00386,2025-10-09 02:45:47.048676,0,0.11036514644301225,0
O030893,C04240,P00651,2025-10-09 02:58:53.308332,0,0.503342888992004,1
O030894,C03132,P02162,2025-10-09 03:11:59.567989,0,0.2740390455220583,0
O030895,C03728,P02395,2025-10-09 03:25:05.827645,0,0.07761743009197118,0
O030896,C05006,P00419,2025-10-09 03:38:12.087302,0,0.19488235148462887,0
O030897,C06899,P01765,2025-10-09 03:51:18.346958,0,0.32857220194631376,0
O030898,C07318,P02029,2025-10-09 04:04:24.606615,0,0.20497128515636862,0
O030899,C07912,P00187,2025-10-09 04:17:30.866271,0,0.12115468430443098,0
O030900,C05862,P00238,2025-10-09 04:30:37.125928,1,0.36462515843910354,0
O030901,C07162,P01410,2025-10-09 04:43:43.385584,0,0.08687272341766882,0
O030902,C03358,P00267,2025-10-09 04:56:49.645241,0,0.1143577673945675,0
O030903,C00686,P01618,2025-10-09 05:09:55.904897,0,0.16932310651051846,0
O030904,C04682,P02475,2025-10-09 05:23:02.164554,0,0.15302347487181592,0
O030905,C07040,P00993,2025-10-09 05:36:08.424210,0,0.15642143793789168,0
O030906,C01264,P02119,2025-10-09 05:49:14.683867,0,0.1069983860708619,0
O030907,C04760,P01304,2025-10-09 06:02:20.943523,1,0.3663552316038505,0
O030908,C03364,P00024,2025-10-09 06:15:27.203180,0,0.13382595265473096,0
O030909,C02948,P02017,2025-10-09 06:28:33.462836,0,0.13174113908364102,0
O030910,C06783,P01531,2025-10-09 06:41:39.722493,0,0.14713141081118983,0
O030911,C03366,P00831,2025-10-09 06:54:45.982149,0,0.20648775846507075,0
O030912,C05690,P01936,2025-10-09 07:07:52.241806,1,0.09263758311766683,0
O030913,C02498,P02086,2025-10-09 07:20:58.501462,1,0.3215904182514577,0
O030914,C03141,P00223,2025-10-09 07:34:04.761119,0,0.093653511041459,0
O030915,C02196,P00722,2025-10-09 07:47:11.020775,0,0.07873170592546067,0
O030916,C07805,P00840,2025-10-09 08:00:17.280432,0,0.28752560376427366,0
O030917,C06151,P00950,2025-10-09 08:13:23.540088,0,0.38434372537775136,0
O030918,C01498,P00156,2025-10-09 08:26:29.799744,0,0.12087663714988996,0
O030919,C02460,P00567,2025-10-09 08:39:36.059401,0,0.27331865720728205,0
O030920,C07659,P00742,2025-10-09 08:52:42.319057,0,0.07640191508159726,0
O030921,C00916,P00614,2025-10-09 09:05:48.578714,0,0.13147510002345908,0
O030922,C04044,P00967,2025-10-09 09:18:54.838370,1,0.34496533966731135,0
O030923,C01345,P01233,2025-10-09 09:32:01.098027,0,0.34040806730896855,0
O030924,C04159,P02400,2025-10-09 09:45:07.357683,0,0.1416911669814816,0
O030925,C03736,P00802,2025-10-09 09:58:13.617340,0,0.07150667108463642,0
O030926,C06383,P02260,2025-10-09 10:11:19.876996,0,0.35376702143586763,0
O030927,C03714,P01062,2025-10-09 10:24:26.136653,0,0.08408592619588857,0
O030928,C03726,P00038,2025-10-09 10:37:32.396309,1,0.1285293041961869,0
O030929,C07264,P02107,2025-10-09 10:50:38.655966,0,0.12792536895366968,0
O030930,C06463,P01131,2025-10-09 11:03:44.915622,0,0.09466331588529821,0
O030931,C04938,P00210,2025-10-09 11:16:51.175279,0,0.11268831263755322,0
O030932,C06469,P02412,2025-10-09 11:29:57.434935,1,0.40177975910611274,0
O030933,C00604,P00491,2025-10-09 11:43:03.694592,0,0.12361959660339804,0
O030934,C05390,P01743,2025-10-09 11:56:09.954248,0,0.1983542058937443,0
O030935,C07627,P00684,2025-10-09 12:09:16.213905,1,0.44074057804290817,0
O030936,C01854,P00593,2025-10-09 12:22:22.473561,1,0.3667442337568011,0
O030937,C02929,P01286,2025-10-09 12:35:28.733218,0,0.2070470948478878,0
O030938,C07505,P00222,2025-10-09 12:48:34.992874,0,0.10347074148167401,0
O030939,C03502,P02213,2025-10-09 13:01:41.252531,0,0.24702596804292556,0
O030940,C02055,P01722,2025-10-09 13:14:47.512187,1,0.26452186141750045,0
O030941,C05369,P01813,2025-10-09 13:27:53.771844,0,0.14726589419782907,0
O030942,C03313,P02343,2025-10-09 13:41:00.031500,0,0.2671642754174952,0
O030943,C06009,P01228,2025-10-09 13:54:06.291157,0,0.35470602162998116,0
O030944,C06681,P01679,2025-10-09 14:07:12.550813,0,0.10599164469430228,0
O030945,C06218,P00697,2025-10-09 14:20:18.810470,0,0.24100124346899562,0
O030946,C06590,P01696,2025-10-09 14:33:25.070126,0,0.2618628129254123,0
O030947,C01765,P01825,2025-10-09 14:46:31.329783,1,0.1641256025837352,0
O030948,C02085,P02021,2025-10-09 14:59:37.589439,0,0.09694262440169009,0
O030949,C06124,P02195,2025-10-09 15:12:43.849096,0,0.14070662444317622,0
O030950,C03754,P00563,2025-10-09 15:25:50.108752,1,0.3233029392501821,0
O030951,C01686,P01834,2025-10-09 15:38:56.368409,0,0.08727813954513772,0
O030952,C00187,P00266,2025-10-09 15:52:02.628065,0,0.0941893974129246,0
O030953,C05681,P02139,2025-10-09 16:05:08.887722,0,0.4430179491627573,0
O030954,C06297,P01013,2025-10-09 16:18:15.147378,0,0.41913371942814764,0
O030955,C04370,P02423,2025-10-09 16:31:21.407035,0,0.2884630982708982,0
O030956,C01684,P01891,2025-10-09 16:44:27.666691,0,0.10954323189720752,0
O030957,C06826,P00238,2025-10-09 16:57:33.926348,1,0.33696960809336807,0
O030958,C01877,P00876,2025-10-09 17:10:40.186004,1,0.28134193748244796,0
O030959,C04283,P01830,2025-10-09 17:23:46.445661,0,0.21722186057899584,0
O030960,C06880,P01228,2025-10-09 17:36:52.705317,1,0.2925022563487198,0
O030961,C03233,P02413,2025-10-09 17:49:58.964974,0,0.04912272817144108,0
O030962,C01324,P00946,2025-10-09 18:03:05.224630,1,0.2467237898678215,0
O030963,C03558,P02363,2025-10-09 18:16:11.484287,0,0.13331914040315906,0
O030964,C04125,P01283,2025-10-09 18:29:17.743943,1,0.2607406980487912,0
O030965,C02826,P01723,2025-10-09 18:42:24.003600,0,0.25688327112347764,0
O030966,C03283,P02195,2025-10-09 18:55:30.263256,0,0.13150917081829855,0
O030967,C00510,P01506,2025-10-09 19:08:36.522913,0,0.3219442153440435,0
O030968,C03478,P00034,2025-10-09 19:21:42.782569,0,0.1795362098282244,0
O030969,C06883,P02455,2025-10-09 19:34:49.042226,0,0.09702874482729883,0
O030970,C01556,P02255,2025-10-09 19:47:55.301882,0,0.1606155712658986,0
O030971,C06997,P01863,2025-10-09 20:01:01.561539,1,0.14465684533326728,0
O030972,C05034,P00409,2025-10-09 20:14:07.821195,0,0.07485678452165728,0
O030973,C06201,P02314,2025-10-09 20:27:14.080852,0,0.29231331760731105,0
O030974,C05279,P00323,2025-10-09 20:40:20.340508,0,0.07724021019066472,0
O030975,C05698,P00933,2025-10-09 20:53:26.600165,1,0.2226888792352633,0
O030976,C02511,P02474,2025-10-09 21:06:32.859821,0,0.29158520094561285,0
O030977,C03936,P00264,2025-10-09 21:19:39.119477,0,0.15539099539452914,0
O030978,C06559,P01420,2025-10-09 21:32:45.379134,0,0.09642819000606812,0
O030979,C01679,P02207,2025-10-09 21:45:51.638790,0,0.1114378212886901,0
O030980,C05511,P00864,2025-10-09 21:58:57.898447,0,0.239327796431857,0
O030981,C03423,P01361,2025-10-09 22:12:04.158103,0,0.09517584966702619,0
O030982,C01213,P02044,2025-10-09 22:25:10.417760,0,0.581204919187838,1
O030983,C01242,P00912,2025-10-09 22:38:16.677416,0,0.14204192725548348,0
O030984,C06526,P01253,2025-10-09 22:51:22.937073,0,0.062349748164064564,0
O030985,C06245,P00146,2025-10-09 23:04:29.196729,0,0.2962116393115291,0
O030986,C00439,P02363,2025-10-09 23:17:35.456386,0,0.1248768714724128,0
O030987,C02241,P01753,2025-10-09 23:30:41.716042,0,0.1900441157046798,0
O030988,C04665,P02464,2025-10-09 23:43:47.975699,0,0.543213849402785,1
O030989,C07752,P01403,2025-10-09 23:56:54.235355,0,0.3060697129488583,0
O030990,C01308,P00646,2025-10-10 00:10:00.495012,1,0.33250306595510987,0
O030991,C05340,P01404,2025-10-10 00:23:06.754668,0,0.23943443223708066,0
O030992,C02376,P02359,2025-10-10 00:36:13.014325,0,0.10637383858227145,0
O030993,C04443,P02464,2025-10-10 00:49:19.273981,0,0.2548958443797091,0
O030994,C06773,P00164,2025-10-10 01:02:25.533638,1,0.12434271118254252,0
O030995,C07914,P01408,2025-10-10 01:15:31.793294,0,0.1405145891914765,0
O030996,C01080,P01526,2025-10-10 01:28:38.052951,1,0.6732115514819782,1
O030997,C07846,P01539,2025-10-10 01:41:44.312607,0,0.11370156089568458,0
O030998,C01849,P01140,2025-10-10 01:54:50.572264,0,0.10424381995459493,0
O030999,C02009,P00827,2025-10-10 02:07:56.831920,0,0.11916368188659972,0
O031000,C02609,P01607,2025-10-10 02:21:03.091577,1,0.29762592907646396,0
O031001,C02498,P01181,2025-10-10 02:34:09.351233,0,0.2999510325276591,0
O031002,C04176,P00643,2025-10-10 02:47:15.610890,1,0.15717826877869992,0
O031003,C04215,P01432,2025-10-10 03:00:21.870546,0,0.5613412659281455,1
O031004,C02314,P02187,2025-10-10 03:13:28.130203,0,0.33144499775878683,0
O031005,C01320,P00220,2025-10-10 03:26:34.389859,0,0.23737729181977588,0
O031006,C05675,P01373,2025-10-10 03:39:40.649516,0,0.10977059548138589,0
O031007,C06661,P02416,2025-10-10 03:52:46.909172,0,0.07013914899485198,0
O031008,C03038,P02440,2025-10-10 04:05:53.168829,0,0.23258983518206386,0
O031009,C07725,P01525,2025-10-10 04:18:59.428485,0,0.11839872243823912,0
O031010,C03942,P01637,2025-10-10 04:32:05.688142,0,0.21999788386641192,0
O031011,C02579,P01480,2025-10-10 04:45:11.947798,0,0.1652438545622069,0
O031012,C00915,P00899,2025-10-10 04:58:18.207455,1,0.20092170925522046,0
O031013,C01866,P02285,2025-10-10 05:11:24.467111,0,0.2202120115318502,0
O031014,C04932,P00724,2025-10-10 05:24:30.726768,0,0.25429880284250245,0
O031015,C03566,P00609,2025-10-10 05:37:36.986424,0,0.18720710654113107,0
O031016,C06230,P01248,2025-10-10 05:50:43.246081,0,0.14810474627331408,0
O031017,C04149,P00542,2025-10-10 06:03:49.505737,0,0.2684433804780872,0
O031018,C00718,P01032,2025-10-10 06:16:55.765394,0,0.16847603806375858,0
O031019,C03937,P02366,2025-10-10 06:30:02.025050,0,0.28739675576003515,0
O031020,C05183,P01366,2025-10-10 06:43:08.284707,0,0.08583279711984215,0
O031021,C06013,P02486,2025-10-10 06:56:14.544363,0,0.12339893907412168,0
O031022,C05494,P00448,2025-10-10 07:09:20.804020,1,0.19300637715298377,0
O031023,C06612,P00507,2025-10-10 07:22:27.063676,0,0.21586822854676055,0
O031024,C03485,P00134,2025-10-10 07:35:33.323333,1,0.5514927549945379,1
O031025,C07497,P01799,2025-10-10 07:48:39.582989,0,0.15952724004574426,0
O031026,C01442,P02331,2025-10-10 08:01:45.842646,1,0.53522519430846,1
O031027,C04367,P01782,2025-10-10 08:14:52.102302,0,0.11867320031142105,0
O031028,C02484,P01042,2025-10-10 08:27:58.361959,0,0.21516025380230136,0
O031029,C07383,P01045,2025-10-10 08:41:04.621615,0,0.2616873845266445,0
O031030,C03686,P00847,2025-10-10 08:54:10.881272,0,0.32104024987421215,0
O031031,C07512,P00248,2025-10-10 09:07:17.140928,0,0.21953398203789462,0
O031032,C06557,P00488,2025-10-10 09:20:23.400585,0,0.3852225754313348,0
O031033,C07780,P01102,2025-10-10 09:33:29.660241,1,0.2706225183848485,0
O031034,C00901,P02143,2025-10-10 09:46:35.919897,0,0.2429288605541999,0
O031035,C07465,P00064,2025-10-10 09:59:42.179554,0,0.13327157621102714,0
O031036,C01609,P01669,2025-10-10 10:12:48.439210,0,0.08357328119304565,0
O031037,C01460,P00754,2025-10-10 10:25:54.698867,1,0.15512731745587247,0
O031038,C05271,P00877,2025-10-10 10:39:00.958523,0,0.10947273227396918,0
O031039,C03444,P01760,2025-10-10 10:52:07.218180,1,0.7467674393061416,1
O031040,C00099,P01288,2025-10-10 11:05:13.477836,0,0.12410837536717179,0
O031041,C06601,P02321,2025-10-10 11:18:19.737493,0,0.20505151079768583,0
O031042,C04514,P01161,2025-10-10 11:31:25.997149,0,0.24473539868377456,0
O031043,C01303,P00921,2025-10-10 11:44:32.256806,0,0.06868063068943847,0
O031044,C02168,P00063,2025-10-10 11:57:38.516462,0,0.08785602994276864,0
O031045,C07121,P01055,2025-10-10 12:10:44.776119,0,0.25963357125582026,0
O031046,C07308,P01036,2025-10-10 12:23:51.035775,0,0.10623013467980796,0
O031047,C00914,P00251,2025-10-10 12:36:57.295432,0,0.09274856379923518,0
O031048,C00945,P01605,2025-10-10 12:50:03.555088,0,0.18430867888961303,0
O031049,C03626,P01463,2025-10-10 13:03:09.814745,0,0.5617787676287737,1
O031050,C01992,P00990,2025-10-10 13:16:16.074401,0,0.13238499707003704,0
O031051,C05741,P00029,2025-10-10 13:29:22.334058,0,0.2626028710923326,0
O031052,C07357,P02347,2025-10-10 13:42:28.593714,0,0.19859048836637097,0
O031053,C02453,P01230,2025-10-10 13:55:34.853371,0,0.3508677331001225,0
O031054,C04370,P00997,2025-10-10 14:08:41.113027,1,0.10697218231113502,0
O031055,C02959,P01392,2025-10-10 14:21:47.372684,0,0.10574955840871043,0
O031056,C06314,P02433,2025-10-10 14:34:53.632340,0,0.3083126492189656,0
O031057,C04755,P02279,2025-10-10 14:47:59.891997,0,0.17520237969317204,0
O031058,C01062,P00908,2025-10-10 15:01:06.151653,1,0.2989558499182957,0
O031059,C02793,P02354,2025-10-10 15:14:12.411310,0,0.2786191845943226,0
O031060,C06742,P00270,2025-10-10 15:27:18.670966,0,0.1161529170837562,0
O031061,C01751,P00631,2025-10-10 15:40:24.930623,0,0.1026553645481666,0
O031062,C03739,P00014,2025-10-10 15:53:31.190279,0,0.4186127403572006,0
O031063,C06799,P01828,2025-10-10 16:06:37.449936,0,0.18232067713970912,0
O031064,C04781,P01484,2025-10-10 16:19:43.709592,0,0.18041036079512332,0
O031065,C06109,P01752,2025-10-10 16:32:49.969249,1,0.38705326544873975,0
O031066,C01106,P01777,2025-10-10 16:45:56.228905,0,0.09887069385877273,0
O031067,C07943,P00124,2025-10-10 16:59:02.488562,0,0.09115485543464882,0
O031068,C07536,P01270,2025-10-10 17:12:08.748218,0,0.6842364251914864,1
O031069,C06585,P01741,2025-10-10 17:25:15.007875,1,0.23405541855759804,0
O031070,C01943,P00195,2025-10-10 17:38:21.267531,0,0.07566275340391933,0
O031071,C07038,P01790,2025-10-10 17:51:27.527188,0,0.10917317355201385,0
O031072,C06946,P00218,2025-10-10 18:04:33.786844,0,0.06559157888476444,0
O031073,C03554,P01869,2025-10-10 18:17:40.046501,0,0.14081279619946363,0
O031074,C02836,P01348,2025-10-10 18:30:46.306157,0,0.12921765796987406,0
O031075,C01321,P01142,2025-10-10 18:43:52.565814,1,0.12259387001311421,0
O031076,C01176,P02483,2025-10-10 18:56:58.825470,0,0.09287995227047754,0
O031077,C04686,P01085,2025-10-10 19:10:05.085127,0,0.216705302740021,0
O031078,C01731,P00332,2025-10-10 19:23:11.344783,0,0.13813539242317768,0
O031079,C04038,P01045,2025-10-10 19:36:17.604440,0,0.10377208719919885,0
O031080,C04496,P00351,2025-10-10 19:49:23.864096,1,0.13259667648139511,0
O031081,C04829,P01879,2025-10-10 20:02:30.123753,0,0.3803931404070868,0
O031082,C07839,P00479,2025-10-10 20:15:36.383409,0,0.2983465494147599,0
O031083,C07611,P00047,2025-10-10 20:28:42.643066,0,0.07139151658980902,0
O031084,C06945,P02038,2025-10-10 20:41:48.902722,1,0.144139713711592,0
O031085,C04663,P00414,2025-10-10 20:54:55.162379,1,0.3138473616062422,0
O031086,C05939,P01924,2025-10-10 21:08:01.422035,0,0.09996073971171683,0
O031087,C00780,P02222,2025-10-10 21:21:07.681692,1,0.0824740590162741,0
O031088,C07755,P00575,2025-10-10 21:34:13.941348,0,0.1204968865279408,0
O031089,C02836,P02127,2025-10-10 21:47:20.201005,0,0.08381813062268101,0
O031090,C02716,P00583,2025-10-10 22:00:26.460661,0,0.23607298125507714,0
O031091,C07948,P02076,2025-10-10 22:13:32.720318,0,0.12034098903964764,0
O031092,C04960,P01525,2025-10-10 22:26:38.979974,0,0.1331664966268021,0
O031093,C05603,P00212,2025-10-10 22:39:45.239630,1,0.3606247047869033,0
O031094,C03700,P02061,2025-10-10 22:52:51.499287,1,0.3003967916008253,0
O031095,C05366,P02406,2025-10-10 23:05:57.758943,1,0.1444708872589345,0
O031096,C02732,P00176,2025-10-10 23:19:04.018600,0,0.11559231420481962,0
O031097,C05892,P00287,2025-10-10 23:32:10.278256,0,0.09422957285702395,0
O031098,C07326,P01114,2025-10-10 23:45:16.537913,0,0.11526144467184575,0
O031099,C01900,P02097,2025-10-10 23:58:22.797569,0,0.19548331189373028,0
O031100,C00094,P02489,2025-10-11 00:11:29.057226,0,0.27270046774409334,0
O031101,C04875,P00651,2025-10-11 00:24:35.316882,0,0.190922534116574,0
O031102,C00880,P02029,2025-10-11 00:37:41.576539,0,0.2814440932446393,0
O031103,C07028,P00652,2025-10-11 00:50:47.836195,0,0.11467239894120117,0
O031104,C03074,P00145,2025-10-11 01:03:54.095852,0,0.25017725164099364,0
O031105,C07626,P01682,2025-10-11 01:17:00.355508,1,0.11132096305087277,0
O031106,C01055,P01740,2025-10-11 01:30:06.615165,0,0.17821870325782874,0
O031107,C03477,P01320,2025-10-11 01:43:12.874821,0,0.3229039026452381,0
O031108,C03763,P02456,2025-10-11 01:56:19.134478,0,0.09141939644438664,0
O031109,C02849,P00033,2025-10-11 02:09:25.394134,0,0.20825853390286767,0
O031110,C03651,P01179,2025-10-11 02:22:31.653791,0,0.48032198110355295,0
O031111,C01354,P00264,2025-10-11 02:35:37.913447,1,0.1085192414711119,0
O031112,C01704,P02445,2025-10-11 02:48:44.173104,0,0.3117808314176723,0
O031113,C04961,P00471,2025-10-11 03:01:50.432760,1,0.34465165902107625,0
O031114,C05908,P02018,2025-10-11 03:14:56.692417,0,0.16139169658798405,0
O031115,C01234,P02298,2025-10-11 03:28:02.952073,0,0.2271593105115712,0
O031116,C04708,P00082,2025-10-11 03:41:09.211730,0,0.10300147273114915,0
O031117,C02774,P00994,2025-10-11 03:54:15.471386,0,0.10913324215137402,0
O031118,C07775,P01434,2025-10-11 04:07:21.731043,0,0.09540035871648864,0
O031119,C03490,P00608,2025-10-11 04:20:27.990699,0,0.17301372617492178,0
O031120,C06629,P01450,2025-10-11 04:33:34.250356,1,0.14373201112723089,0
O031121,C06917,P00533,2025-10-11 04:46:40.510012,0,0.2708734630348564,0
O031122,C07242,P01922,2025-10-11 04:59:46.769669,0,0.2018334067926023,0
O031123,C02719,P00422,2025-10-11 05:12:53.029325,0,0.17041848483262753,0
O031124,C06682,P02453,2025-10-11 05:25:59.288982,0,0.3055637203719754,0
O031125,C07154,P02376,2025-10-11 05:39:05.548638,0,0.09620515956937503,0
O031126,C04073,P01859,2025-10-11 05:52:11.808295,1,0.25921724334920127,0
O031127,C04023,P00212,2025-10-11 06:05:18.067951,1,0.19461854080567134,0
O031128,C00577,P00109,2025-10-11 06:18:24.327608,0,0.08312514257870642,0
O031129,C04342,P01335,2025-10-11 06:31:30.587264,0,0.09630017446533684,0
O031130,C01279,P00595,2025-10-11 06:44:36.846921,1,0.18356258611765722,0
O031131,C01930,P01603,2025-10-11 06:57:43.106577,0,0.07539135555485518,0
O031132,C06061,P00198,2025-10-11 07:10:49.366234,0,0.05168196830912762,0
O031133,C01745,P00493,2025-10-11 07:23:55.625890,0,0.11208714944017495,0
O031134,C04559,P01967,2025-10-11 07:37:01.885547,1,0.18071913411737905,0
O031135,C05234,P00390,2025-10-11 07:50:08.145203,0,0.1328973790199967,0
O031136,C00587,P01486,2025-10-11 08:03:14.404860,0,0.13522719882789325,0
O031137,C03431,P01212,2025-10-11 08:16:20.664516,0,0.10802726903984743,0
O031138,C06268,P00745,2025-10-11 08:29:26.924173,0,0.13751888159854034,0
O031139,C07265,P02398,2025-10-11 08:42:33.183829,0,0.12072325336631788,0
O031140,C02400,P00659,2025-10-11 08:55:39.443486,0,0.13590525568229347,0
O031141,C00352,P02251,2025-10-11 09:08:45.703142,0,0.2901604764173728,0
O031142,C00089,P01087,2025-10-11 09:21:51.962799,1,0.1396520401879317,0
O031143,C02355,P00762,2025-10-11 09:34:58.222455,1,0.12105013531303695,0
O031144,C01999,P02443,2025-10-11 09:48:04.482112,1,0.3174189812500903,0
O031145,C07355,P00708,2025-10-11 10:01:10.741768,0,0.2015289588398045,0
O031146,C07029,P02329,2025-10-11 10:14:17.001425,1,0.17445922508250838,0
O031147,C02118,P02151,2025-10-11 10:27:23.261081,0,0.3349503110305577,0
O031148,C06027,P00578,2025-10-11 10:40:29.520738,0,0.1808481994352849,0
O031149,C00426,P00583,2025-10-11 10:53:35.780394,1,0.6173122187686356,1
O031150,C01619,P02429,2025-10-11 11:06:42.040051,0,0.4315085383998853,0
O031151,C03166,P02315,2025-10-11 11:19:48.299707,0,0.249230120228529,0
O031152,C06975,P01918,2025-10-11 11:32:54.559363,1,0.14739734930629933,0
O031153,C00845,P00013,2025-10-11 11:46:00.819020,1,0.30322086090260375,0
O031154,C07220,P00158,2025-10-11 11:59:07.078676,0,0.3173418699064596,0
O031155,C01231,P00380,2025-10-11 12:12:13.338333,1,0.28022185789216825,0
O031156,C01451,P01098,2025-10-11 12:25:19.597989,0,0.2516610961467952,0
O031157,C07758,P00922,2025-10-11 12:38:25.857646,0,0.47542705923369233,0
O031158,C05026,P01382,2025-10-11 12:51:32.117302,0,0.06166701384693182,0
O031159,C06105,P00744,2025-10-11 13:04:38.376959,0,0.26389967239084183,0
O031160,C06496,P00075,2025-10-11 13:17:44.636615,0,0.06544126358640419,0
O031161,C03540,P01277,2025-10-11 13:30:50.896272,1,0.08231904760483363,0
O031162,C04697,P01671,2025-10-11 13:43:57.155928,0,0.06653654396045573,0
O031163,C03742,P02221,2025-10-11 13:57:03.415585,0,0.2618024741172758,0
O031164,C02768,P00574,2025-10-11 14:10:09.675241,0,0.16032958160045332,0
O031165,C06411,P00392,2025-10-11 14:23:15.934898,0,0.3520495734326843,0
O031166,C06642,P01120,2025-10-11 14:36:22.194554,0,0.31374968474156656,0
O031167,C04736,P01358,2025-10-11 14:49:28.454211,1,0.39200687283875135,0
O031168,C06040,P01190,2025-10-11 15:02:34.713867,0,0.1728999891733885,0
O031169,C00431,P00025,2025-10-11 15:15:40.973524,1,0.3845085091977847,0
O031170,C02076,P01278,2025-10-11 15:28:47.233180,0,0.24635212747299393,0
O031171,C02565,P01139,2025-10-11 15:41:53.492837,0,0.0980580759575389,0
O031172,C00120,P00196,2025-10-11 15:54:59.752493,0,0.19359138104346413,0
O031173,C06765,P01252,2025-10-11 16:08:06.012150,0,0.13178360747882145,0
O031174,C03729,P00760,2025-10-11 16:21:12.271806,0,0.1078871247223851,0
O031175,C01660,P00769,2025-10-11 16:34:18.531463,1,0.13674930670078977,0
O031176,C03766,P01752,2025-10-11 16:47:24.791119,1,0.3332141710432923,0
O031177,C07402,P01252,2025-10-11 17:00:31.050776,0,0.09009136830395277,0
O031178,C07707,P01413,2025-10-11 17:13:37.310432,0,0.09306575975426001,0
O031179,C05502,P00216,2025-10-11 17:26:43.570089,0,0.15563876441866836,0
O031180,C05366,P00025,2025-10-11 17:39:49.829745,0,0.33082184114073315,0
O031181,C02372,P02111,2025-10-11 17:52:56.089402,0,0.31723654001189455,0
O031182,C02890,P02410,2025-10-11 18:06:02.349058,0,0.22339769151198477,0
O031183,C02867,P01345,2025-10-11 18:19:08.608715,0,0.10192853189689174,0
O031184,C01442,P01043,2025-10-11 18:32:14.868371,0,0.521457971427114,1
O031185,C06198,P02272,2025-10-11 18:45:21.128028,1,0.22939459031408946,0
O031186,C07129,P01059,2025-10-11 18:58:27.387684,1,0.10760770395518555,0
O031187,C02197,P00691,2025-10-11 19:11:33.647341,1,0.23884386824901105,0
O031188,C03183,P02433,2025-10-11 19:24:39.906997,1,0.342235818510656,0
O031189,C02581,P01450,2025-10-11 19:37:46.166654,0,0.06932845016652571,0
O031190,C00352,P00006,2025-10-11 19:50:52.426310,0,0.27728284309424384,0
O031191,C07225,P01935,2025-10-11 20:03:58.685967,1,0.29523326316535153,0
O031192,C03905,P00542,2025-10-11 20:17:04.945623,0,0.27947517499215746,0
O031193,C04339,P01737,2025-10-11 20:30:11.205280,0,0.3166776128708563,0
O031194,C07334,P01367,2025-10-11 20:43:17.464936,0,0.3187532017340302,0
O031195,C02650,P00492,2025-10-11 20:56:23.724593,0,0.09457280645231231,0
O031196,C07543,P00636,2025-10-11 21:09:29.984249,0,0.4796529601951628,0
O031197,C05775,P00756,2025-10-11 21:22:36.243906,0,0.24595076645825686,0
O031198,C00992,P01186,2025-10-11 21:35:42.503562,0,0.10369753968613026,0
O031199,C02252,P00075,2025-10-11 21:48:48.763219,0,0.16114741058955684,0
O031200,C07692,P01605,2025-10-11 22:01:55.022875,0,0.2255896309074919,0
O031201,C04858,P01534,2025-10-11 22:15:01.282532,0,0.15769101460137275,0
O031202,C06956,P01874,2025-10-11 22:28:07.542188,1,0.1680088792155196,0
O031203,C01575,P01335,2025-10-11 22:41:13.801845,0,0.10367200070344569,0
O031204,C00139,P01743,2025-10-11 22:54:20.061501,0,0.08991302612583436,0
O031205,C00206,P02165,2025-10-11 23:07:26.321158,0,0.12164763598382433,0
O031206,C01607,P01749,2025-10-11 23:20:32.580814,1,0.3372605693232603,0
O031207,C07771,P01727,2025-10-11 23:33:38.840471,0,0.07855938751745038,0
O031208,C06245,P02412,2025-10-11 23:46:45.100127,0,0.18925105978309928,0
O031209,C07541,P01296,2025-10-11 23:59:51.359783,0,0.14404508412409323,0
O031210,C06326,P01299,2025-10-12 00:12:57.619440,0,0.14525282972606765,0
O031211,C00407,P01750,2025-10-12 00:26:03.879096,0,0.4554482252234483,0
O031212,C03009,P00141,2025-10-12 00:39:10.138753,0,0.19486186743437275,0
O031213,C06068,P01158,2025-10-12 00:52:16.398409,0,0.18098425892495068,0
O031214,C01209,P00403,2025-10-12 01:05:22.658066,0,0.24150764243749612,0
O031215,C07607,P02500,2025-10-12 01:18:28.917722,0,0.15841973022936615,0
O031216,C00735,P01550,2025-10-12 01:31:35.177379,0,0.1456825120612946,0
O031217,C00938,P00037,2025-10-12 01:44:41.437035,1,0.10211718962017682,0
O031218,C03125,P00489,2025-10-12 01:57:47.696692,0,0.13390362387452764,0
O031219,C06016,P01281,2025-10-12 02:10:53.956348,0,0.21524278466734637,0
O031220,C02722,P01882,2025-10-12 02:24:00.216005,1,0.10091713007902134,0
O031221,C05795,P02444,2025-10-12 02:37:06.475661,0,0.09850338764052131,0
O031222,C06753,P00021,2025-10-12 02:50:12.735318,0,0.2983977058485974,0
O031223,C02882,P00448,2025-10-12 03:03:18.994974,0,0.15079627206849472,0
O031224,C07215,P02291,2025-10-12 03:16:25.254631,0,0.18975896927249414,0
O031225,C05981,P00250,2025-10-12 03:29:31.514287,0,0.10873325155522388,0
O031226,C04983,P00517,2025-10-12 03:42:37.773944,0,0.14587452222606664,0
O031227,C01186,P01459,2025-10-12 03:55:44.033600,0,0.2673114556440425,0
O031228,C01888,P02178,2025-10-12 04:08:50.293257,0,0.20835869493854775,0
O031229,C03366,P01686,2025-10-12 04:21:56.552913,0,0.18694615806374354,0
O031230,C06650,P00954,2025-10-12 04:35:02.812570,0,0.1366084962076919,0
O031231,C04993,P02498,2025-10-12 04:48:09.072226,0,0.14289868618866225,0
O031232,C03555,P01176,2025-10-12 05:01:15.331883,0,0.14913153997316445,0
O031233,C02117,P02499,2025-10-12 05:14:21.591539,0,0.0954401049022113,0
O031234,C04385,P02164,2025-10-12 05:27:27.851196,0,0.21156573098767092,0
O031235,C06087,P01657,2025-10-12 05:40:34.110852,1,0.20860074875460097,0
O031236,C07241,P01880,2025-10-12 05:53:40.370509,0,0.47967649829793013,0
O031237,C02249,P02405,2025-10-12 06:06:46.630165,0,0.22352689823712868,0
O031238,C07539,P01189,2025-10-12 06:19:52.889822,0,0.10604807163844854,0
O031239,C04449,P01615,2025-10-12 06:32:59.149478,0,0.10618283876594255,0
O031240,C02733,P01539,2025-10-12 06:46:05.409135,0,0.11610715763186667,0
O031241,C04906,P00894,2025-10-12 06:59:11.668791,1,0.2775881684314804,0
O031242,C07261,P00014,2025-10-12 07:12:17.928448,1,0.4764099238159698,0
O031243,C05901,P02267,2025-10-12 07:25:24.188104,1,0.23475938726728537,0
O031244,C07064,P00632,2025-10-12 07:38:30.447761,0,0.10186357672021439,0
O031245,C04129,P01613,2025-10-12 07:51:36.707417,0,0.2614023244329426,0
O031246,C07703,P01120,2025-10-12 08:04:42.967074,0,0.514764359164205,1
O031247,C07908,P02228,2025-10-12 08:17:49.226730,0,0.15722639220011192,0
O031248,C05067,P01126,2025-10-12 08:30:55.486387,0,0.20591118664128952,0
O031249,C01746,P01148,2025-10-12 08:44:01.746043,0,0.08181705703001736,0
O031250,C02124,P02425,2025-10-12 08:57:08.005700,0,0.08674730004515763,0
O031251,C02160,P00554,2025-10-12 09:10:14.265356,0,0.12329527329548153,0
O031252,C07405,P00346,2025-10-12 09:23:20.525013,0,0.31190725031679534,0
O031253,C06984,P00979,2025-10-12 09:36:26.784669,0,0.10664639435134657,0
O031254,C03241,P01150,2025-10-12 09:49:33.044326,0,0.07764286267559566,0
O031255,C00264,P00383,2025-10-12 10:02:39.303982,0,0.15205677875422127,0
O031256,C05889,P00329,2025-10-12 10:15:45.563639,0,0.09128843362931012,0
O031257,C04673,P01374,2025-10-12 10:28:51.823295,0,0.11527752007730757,0
O031258,C05664,P02173,2025-10-12 10:41:58.082952,0,0.2645923765871123,0
O031259,C02459,P00671,2025-10-12 10:55:04.342608,0,0.18100472682153265,0
O031260,C04813,P00805,2025-10-12 11:08:10.602265,0,0.12676924254486133,0
O031261,C03033,P02174,2025-10-12 11:21:16.861921,0,0.12248529563391929,0
O031262,C03946,P00969,2025-10-12 11:34:23.121578,0,0.1581334069170017,0
O031263,C06007,P01219,2025-10-12 11:47:29.381234,1,0.37106637043318785,0
O031264,C05592,P01807,2025-10-12 12:00:35.640891,0,0.5282664536735242,1
O031265,C04218,P02458,2025-10-12 12:13:41.900547,0,0.09160358665718132,0
O031266,C07320,P00685,2025-10-12 12:26:48.160204,0,0.12108241573062664,0
O031267,C07504,P02192,2025-10-12 12:39:54.419860,0,0.05604244701407128,0
O031268,C00896,P02441,2025-10-12 12:53:00.679516,0,0.17325334165325187,0
O031269,C04204,P00416,2025-10-12 13:06:06.939173,0,0.0703355888547526,0
O031270,C01310,P00291,2025-10-12 13:19:13.198829,0,0.08706501113687352,0
O031271,C06655,P01443,2025-10-12 13:32:19.458486,0,0.21445731721729538,0
O031272,C04918,P00555,2025-10-12 13:45:25.718142,0,0.09567716713450503,0
O031273,C05950,P01322,2025-10-12 13:58:31.977799,0,0.20461070498070894,0
O031274,C05267,P00505,2025-10-12 14:11:38.237455,0,0.143252857730669,0
O031275,C05269,P00069,2025-10-12 14:24:44.497112,0,0.17480924544933238,0
O031276,C05980,P01137,2025-10-12 14:37:50.756768,0,0.12976318127861936,0
O031277,C02951,P00971,2025-10-12 14:50:57.016425,1,0.1058489407423543,0
O031278,C01844,P01747,2025-10-12 15:04:03.276081,1,0.24616747410541784,0
O031279,C05665,P00072,2025-10-12 15:17:09.535738,0,0.1870514915902568,0
O031280,C01330,P00992,2025-10-12 15:30:15.795394,1,0.17567177006200907,0
O031281,C07116,P00427,2025-10-12 15:43:22.055051,0,0.11079489552342577,0
O031282,C01077,P00073,2025-10-12 15:56:28.314707,0,0.17915882627727592,0
O031283,C01834,P01685,2025-10-12 16:09:34.574364,0,0.12033149092418008,0
O031284,C05660,P00237,2025-10-12 16:22:40.834020,1,0.10880035471813579,0
O031285,C06034,P02132,2025-10-12 16:35:47.093677,0,0.2815407744754086,0
O031286,C07231,P00291,2025-10-12 16:48:53.353333,1,0.14807245177278208,0
O031287,C01780,P01749,2025-10-12 17:01:59.612990,0,0.2777152247473098,0
O031288,C01839,P00987,2025-10-12 17:15:05.872646,0,0.2117441264223837,0
O031289,C06514,P01405,2025-10-12 17:28:12.132303,0,0.10617952276757779,0
O031290,C06857,P01057,2025-10-12 17:41:18.391959,0,0.1047979463603231,0
O031291,C03485,P02433,2025-10-12 17:54:24.651616,0,0.43125908975258226,0
O031292,C07901,P02043,2025-10-12 18:07:30.911272,1,0.2297279794171598,0
O031293,C05334,P02018,2025-10-12 18:20:37.170929,1,0.11209031631351428,0
O031294,C00536,P02066,2025-10-12 18:33:43.430585,0,0.27807712100900306,0
O031295,C01672,P02394,2025-10-12 18:46:49.690242,0,0.4456613153243571,0
O031296,C03401,P01689,2025-10-12 18:59:55.949898,1,0.2018649936268867,0
O031297,C04895,P01829,2025-10-12 19:13:02.209555,0,0.0992996862551384,0
O031298,C02873,P01185,2025-10-12 19:26:08.469211,0,0.23583353701711282,0
O031299,C05530,P00611,2025-10-12 19:39:14.728868,1,0.38679573587446636,0
O031300,C04474,P00771,2025-10-12 19:52:20.988524,0,0.5832729516483567,1
O031301,C05508,P01741,2025-10-12 20:05:27.248181,0,0.3033695885892471,0
O031302,C06201,P01135,2025-10-12 20:18:33.507837,1,0.20103858065259575,0
O031303,C05503,P01949,2025-10-12 20:31:39.767494,0,0.15371441004843672,0
O031304,C01643,P01753,2025-10-12 20:44:46.027150,0,0.11427226375720166,0
O031305,C07490,P02425,2025-10-12 20:57:52.286807,0,0.06976896020973793,0
O031306,C06187,P02375,2025-10-12 21:10:58.546463,0,0.24440012300691824,0
O031307,C02260,P01115,2025-10-12 21:24:04.806120,0,0.3089920475001199,0
O031308,C00545,P02198,2025-10-12 21:37:11.065776,1,0.3920468044486279,0
O031309,C06959,P00393,2025-10-12 21:50:17.325433,0,0.12582809770788342,0
O031310,C07903,P00902,2025-10-12 22:03:23.585089,0,0.13300428805679504,0
O031311,C02728,P02348,2025-10-12 22:16:29.844746,0,0.08582546952363758,0
O031312,C03748,P01978,2025-10-12 22:29:36.104402,1,0.3724396663327918,0
O031313,C02517,P00627,2025-10-12 22:42:42.364059,1,0.38937803679300814,0
O031314,C07687,P00816,2025-10-12 22:55:48.623715,1,0.10793996672446975,0
O031315,C04881,P00732,2025-10-12 23:08:54.883372,0,0.10183883769543291,0
O031316,C05764,P00228,2025-10-12 23:22:01.143028,0,0.1937017878311812,0
O031317,C07009,P02269,2025-10-12 23:35:07.402685,0,0.22215946966286784,0
O031318,C01619,P00495,2025-10-12 23:48:13.662341,0,0.15681804070140912,0
O031319,C03648,P01348,2025-10-13 00:01:19.921998,0,0.11229126670094251,0
O031320,C07302,P01205,2025-10-13 00:14:26.181654,0,0.2521385006534928,0
O031321,C03450,P00166,2025-10-13 00:27:32.441311,0,0.10465709469469492,0
O031322,C04451,P01804,2025-10-13 00:40:38.700967,0,0.15460488638552955,0
O031323,C03451,P01973,2025-10-13 00:53:44.960624,0,0.3008684472153822,0
O031324,C07163,P01734,2025-10-13 01:06:51.220280,1,0.661451933348802,1
O031325,C07736,P01934,2025-10-13 01:19:57.479937,1,0.20013929640162284,0
O031326,C05449,P01632,2025-10-13 01:33:03.739593,0,0.11052675358269715,0
O031327,C01670,P01771,2025-10-13 01:46:09.999249,1,0.5860381287151882,1
O031328,C06053,P01957,2025-10-13 01:59:16.258906,1,0.1952509934403302,0
O031329,C07488,P00677,2025-10-13 02:12:22.518562,0,0.2162054348933155,0
O031330,C03208,P01599,2025-10-13 02:25:28.778219,1,0.23783359320344621,0
O031331,C03091,P00083,2025-10-13 02:38:35.037875,0,0.1288567058963728,0
O031332,C04360,P00265,2025-10-13 02:51:41.297532,0,0.21001178709634072,0
O031333,C01331,P01340,2025-10-13 03:04:47.557188,0,0.15007587206842926,0
O031334,C06236,P02097,2025-10-13 03:17:53.816845,0,0.20404758085128347,0
O031335,C05431,P00335,2025-10-13 03:31:00.076501,0,0.50145944548007,1
O031336,C04722,P01316,2025-10-13 03:44:06.336158,1,0.2540184174468082,0
O031337,C07886,P00488,2025-10-13 03:57:12.595814,1,0.32565499138170184,0
O031338,C04323,P01157,2025-10-13 04:10:18.855471,0,0.27345376071856536,0
O031339,C07684,P02480,2025-10-13 04:23:25.115127,0,0.2923573592716858,0
O031340,C05239,P00809,2025-10-13 04:36:31.374784,0,0.14558445038038162,0
O031341,C01777,P00461,2025-10-13 04:49:37.634440,0,0.1555412724471199,0
O031342,C04871,P01954,2025-10-13 05:02:43.894097,0,0.06653058501292777,0
O031343,C02758,P01486,2025-10-13 05:15:50.153753,0,0.217290686574041,0
O031344,C05496,P01939,2025-10-13 05:28:56.413410,0,0.26985850795712235,0
O031345,C04646,P00401,2025-10-13 05:42:02.673066,1,0.2233219606959892,0
O031346,C00620,P01865,2025-10-13 05:55:08.932723,0,0.28063663605154004,0
O031347,C05522,P02384,2025-10-13 06:08:15.192379,0,0.425917628356833,0
O031348,C04241,P00470,2025-10-13 06:21:21.452036,0,0.23646932282078018,0
O031349,C02815,P01931,2025-10-13 06:34:27.711692,0,0.38670662282683216,0
O031350,C03451,P00614,2025-10-13 06:47:33.971349,0,0.32128248371058143,0
O031351,C03199,P02092,2025-10-13 07:00:40.231005,0,0.3497503450997503,0
O031352,C04697,P01557,2025-10-13 07:13:46.490662,0,0.11038300872903123,0
O031353,C01229,P01578,2025-10-13 07:26:52.750318,0,0.12455285396174823,0
O031354,C07177,P00971,2025-10-13 07:39:59.009975,0,0.08075850874192902,0
O031355,C03410,P02399,2025-10-13 07:53:05.269631,0,0.21362453008230067,0
O031356,C01444,P00033,2025-10-13 08:06:11.529288,0,0.10987368367730486,0
O031357,C02412,P01951,2025-10-13 08:19:17.788944,0,0.13169845045466716,0
O031358,C01719,P00155,2025-10-13 08:32:24.048601,0,0.10250603811674079,0
O031359,C00596,P00581,2025-10-13 08:45:30.308257,0,0.33011304416140447,0
O031360,C05885,P00840,2025-10-13 08:58:36.567914,1,0.18108578458026303,0
O031361,C07573,P02293,2025-10-13 09:11:42.827570,0,0.09323782892367703,0
O031362,C07229,P00642,2025-10-13 09:24:49.087227,0,0.21106857831680936,0
O031363,C04931,P01662,2025-10-13 09:37:55.346883,0,0.3448880117985482,0
O031364,C00579,P00287,2025-10-13 09:51:01.606540,0,0.15462948021590028,0
O031365,C06291,P02342,2025-10-13 10:04:07.866196,0,0.1915069770075768,0
O031366,C01735,P02492,2025-10-13 10:17:14.125853,1,0.6005433685308832,1
O031367,C00835,P00256,2025-10-13 10:30:20.385509,0,0.13669796493515413,0
O031368,C04392,P00176,2025-10-13 10:43:26.645166,0,0.12799736400980846,0
O031369,C01900,P00240,2025-10-13 10:56:32.904822,0,0.15761050582025105,0
O031370,C01285,P01370,2025-10-13 11:09:39.164479,0,0.15630980572149916,0
O031371,C02851,P00523,2025-10-13 11:22:45.424135,0,0.2713124499227712,0
O031372,C01326,P01017,2025-10-13 11:35:51.683792,0,0.28216812482827514,0
O031373,C06632,P01646,2025-10-13 11:48:57.943448,0,0.0951439292343987,0
O031374,C03407,P02260,2025-10-13 12:02:04.203105,1,0.20771774818953348,0
O031375,C00273,P00389,2025-10-13 12:15:10.462761,0,0.29002808094816157,0
O031376,C06012,P01732,2025-10-13 12:28:16.722418,0,0.19314984909922384,0
O031377,C01666,P00643,2025-10-13 12:41:22.982074,0,0.13930982532422226,0
O031378,C02993,P00291,2025-10-13 12:54:29.241731,0,0.14321091692125085,0
O031379,C05816,P01972,2025-10-13 13:07:35.501387,0,0.07903574086881754,0
O031380,C01483,P02170,2025-10-13 13:20:41.761044,0,0.14424369041511617,0
O031381,C05154,P00384,2025-10-13 13:33:48.020700,0,0.13538441320542394,0
O031382,C00848,P00936,2025-10-13 13:46:54.280357,0,0.3689014164504328,0
O031383,C02374,P00006,2025-10-13 14:00:00.540013,1,0.1959749336672119,0
O031384,C04274,P00111,2025-10-13 14:13:06.799669,0,0.20579178522493752,0
O031385,C02920,P01946,2025-10-13 14:26:13.059326,0,0.45423167628225264,0
O031386,C04557,P01347,2025-10-13 14:39:19.318982,0,0.14322609973990544,0
O031387,C00279,P00417,2025-10-13 14:52:25.578639,0,0.35738014367345305,0
O031388,C07929,P00922,2025-10-13 15:05:31.838295,0,0.27632034067550454,0
O031389,C03962,P00133,2025-10-13 15:18:38.097952,0,0.08520908777913003,0
O031390,C01672,P00810,2025-10-13 15:31:44.357608,0,0.16674968582513353,0
O031391,C04831,P02091,2025-10-13 15:44:50.617265,0,0.19041621980646398,0
O031392,C03860,P01798,2025-10-13 15:57:56.876921,0,0.1203358487558344,0
O031393,C06993,P00007,2025-10-13 16:11:03.136578,0,0.12097826608353278,0
O031394,C02392,P00782,2025-10-13 16:24:09.396234,0,0.20294159408641743,0
O031395,C00683,P01282,2025-10-13 16:37:15.655891,0,0.11124818828760202,0
O031396,C03937,P01222,2025-10-13 16:50:21.915547,0,0.21298171902324153,0
O031397,C03545,P00509,2025-10-13 17:03:28.175204,0,0.20751302386525902,0
O031398,C07544,P02035,2025-10-13 17:16:34.434860,1,0.1952046962555624,0
O031399,C00499,P01099,2025-10-13 17:29:40.694517,0,0.1240011016275271,0
O031400,C00975,P01394,2025-10-13 17:42:46.954173,0,0.38799704277933755,0
O031401,C07411,P02191,2025-10-13 17:55:53.213830,0,0.13359650984528856,0
O031402,C00670,P01993,2025-10-13 18:08:59.473486,0,0.1919801943506207,0
O031403,C05023,P01735,2025-10-13 18:22:05.733143,0,0.2526215425534851,0
O031404,C00751,P01927,2025-10-13 18:35:11.992799,0,0.14641831883937248,0
O031405,C04055,P02052,2025-10-13 18:48:18.252456,0,0.07597441267185293,0
O031406,C02543,P01569,2025-10-13 19:01:24.512112,0,0.3859821483555683,0
O031407,C05604,P01162,2025-10-13 19:14:30.771769,0,0.09835914628808347,0
O031408,C04560,P01657,2025-10-13 19:27:37.031425,0,0.45732002678173517,0
O031409,C00969,P01318,2025-10-13 19:40:43.291082,1,0.09111903418042398,0
O031410,C06765,P02423,2025-10-13 19:53:49.550738,0,0.28011867449004657,0
O031411,C06937,P00059,2025-10-13 20:06:55.810395,1,0.09512767346455454,0
O031412,C02280,P02465,2025-10-13 20:20:02.070051,0,0.2253899426231351,0
O031413,C05403,P00206,2025-10-13 20:33:08.329708,0,0.1525984685984991,0
O031414,C06117,P02212,2025-10-13 20:46:14.589364,0,0.5401587408296412,1
O031415,C06715,P02473,2025-10-13 20:59:20.849021,0,0.29351311417004405,0
O031416,C04591,P02473,2025-10-13 21:12:27.108677,0,0.5484888964957504,1
O031417,C07560,P01699,2025-10-13 21:25:33.368334,0,0.17762444315543535,0
O031418,C04512,P00962,2025-10-13 21:38:39.627990,1,0.22059227869220696,0
O031419,C00137,P00116,2025-10-13 21:51:45.887647,0,0.11279772003456442,0
O031420,C02774,P00484,2025-10-13 22:04:52.147303,0,0.15415906381222375,0
O031421,C00965,P00722,2025-10-13 22:17:58.406960,0,0.1389556293345969,0
O031422,C07173,P00731,2025-10-13 22:31:04.666616,1,0.21674845741025064,0
O031423,C02499,P02185,2025-10-13 22:44:10.926273,0,0.07255046263106577,0
O031424,C07130,P00207,2025-10-13 22:57:17.185929,0,0.20687010871492983,0
O031425,C02716,P00812,2025-10-13 23:10:23.445586,1,0.09740851599238003,0
O031426,C00934,P01066,2025-10-13 23:23:29.705242,0,0.18555248855377957,0
O031427,C07573,P00408,2025-10-13 23:36:35.964899,0,0.08426701331002998,0
O031428,C02492,P00224,2025-10-13 23:49:42.224555,0,0.2854875942589504,0
O031429,C06740,P00290,2025-10-14 00:02:48.484212,0,0.062447279433765886,0
O031430,C02176,P01595,2025-10-14 00:15:54.743868,0,0.12590385365773699,0
O031431,C07109,P02148,2025-10-14 00:29:01.003525,0,0.1393811131192573,0
O031432,C07383,P00494,2025-10-14 00:42:07.263181,1,0.6180289101102351,1
O031433,C01720,P00036,2025-10-14 00:55:13.522838,0,0.20922545330298495,0
O031434,C01423,P02475,2025-10-14 01:08:19.782494,0,0.24333531073453762,0
O031435,C05348,P02000,2025-10-14 01:21:26.042151,0,0.14137701216702203,0
O031436,C06244,P01850,2025-10-14 01:34:32.301807,0,0.1095049427238935,0
O031437,C00455,P00830,2025-10-14 01:47:38.561464,0,0.14761228780814709,0
O031438,C00762,P00922,2025-10-14 02:00:44.821120,0,0.2559049129311417,0
O031439,C06676,P00893,2025-10-14 02:13:51.080777,0,0.17050449847165725,0
O031440,C02056,P01910,2025-10-14 02:26:57.340433,0,0.18491762977667478,0
O031441,C01586,P01421,2025-10-14 02:40:03.600090,0,0.11771365019275053,0
O031442,C02848,P01048,2025-10-14 02:53:09.859746,1,0.2215570437234593,0
O031443,C05397,P00654,2025-10-14 03:06:16.119402,1,0.12011739486375082,0
O031444,C02675,P00421,2025-10-14 03:19:22.379059,0,0.3013932258224317,0
O031445,C03894,P01406,2025-10-14 03:32:28.638715,0,0.12339787302187936,0
O031446,C06567,P00427,2025-10-14 03:45:34.898372,0,0.21649097294276437,0
O031447,C03139,P02398,2025-10-14 03:58:41.158028,1,0.11613916745821143,0
O031448,C02849,P00967,2025-10-14 04:11:47.417685,1,0.38672131711555396,0
O031449,C02391,P02437,2025-10-14 04:24:53.677341,0,0.1540003847732408,0
O031450,C06253,P01278,2025-10-14 04:37:59.936998,0,0.1678819541190569,0
O031451,C06556,P02294,2025-10-14 04:51:06.196654,0,0.12235057251578668,0
O031452,C05029,P02256,2025-10-14 05:04:12.456311,0,0.4081318697426822,0
O031453,C06924,P01914,2025-10-14 05:17:18.715967,0,0.4412267332602998,0
O031454,C00776,P00884,2025-10-14 05:30:24.975624,0,0.3291010328821149,0
O031455,C07299,P01631,2025-10-14 05:43:31.235280,0,0.1170765428212826,0
O031456,C06957,P02028,2025-10-14 05:56:37.494937,0,0.060267502815523365,0
O031457,C00053,P01882,2025-10-14 06:09:43.754593,0,0.059791526678234966,0
O031458,C07534,P00300,2025-10-14 06:22:50.014250,0,0.3296842619204612,0
O031459,C00090,P01813,2025-10-14 06:35:56.273906,0,0.24856473386202244,0
O031460,C05903,P01933,2025-10-14 06:49:02.533563,0,0.0991137098388615,0
O031461,C01231,P00139,2025-10-14 07:02:08.793219,0,0.18083852743748302,0
O031462,C03534,P00980,2025-10-14 07:15:15.052876,0,0.15389025664893635,0
O031463,C02683,P01891,2025-10-14 07:28:21.312532,0,0.1317204927958543,0
O031464,C03426,P00774,2025-10-14 07:41:27.572189,0,0.09598385314409859,0
O031465,C01059,P01606,2025-10-14 07:54:33.831845,0,0.17218528746754885,0
O031466,C00385,P01318,2025-10-14 08:07:40.091502,0,0.07920835704192493,0
O031467,C06466,P01410,2025-10-14 08:20:46.351158,0,0.16870332437637459,0
O031468,C04223,P01957,2025-10-14 08:33:52.610815,0,0.21620157064590415,0
O031469,C03865,P00282,2025-10-14 08:46:58.870471,0,0.2487046600958108,0
O031470,C06706,P01209,2025-10-14 09:00:05.130128,1,0.2432392709619356,0
O031471,C04085,P00442,2025-10-14 09:13:11.389784,0,0.2893567189463988,0
O031472,C03606,P01064,2025-10-14 09:26:17.649441,1,0.5466848890899899,1
O031473,C01969,P01622,2025-10-14 09:39:23.909097,0,0.09770820799967242,0
O031474,C01611,P01986,2025-10-14 09:52:30.168754,0,0.19826843883215683,0
O031475,C04488,P00365,2025-10-14 10:05:36.428410,1,0.2501172523457009,0
O031476,C01959,P01951,2025-10-14 10:18:42.688067,0,0.12226348082608485,0
O031477,C01217,P00419,2025-10-14 10:31:48.947723,0,0.16836783343882966,0
O031478,C04329,P01488,2025-10-14 10:44:55.207380,0,0.22977299055946337,0
O031479,C05575,P02024,2025-10-14 10:58:01.467036,0,0.23251010087678567,0
O031480,C01988,P01327,2025-10-14 11:11:07.726693,0,0.4546265998446517,0
O031481,C02970,P01390,2025-10-14 11:24:13.986349,1,0.3668895075312809,0
O031482,C07340,P00414,2025-10-14 11:37:20.246006,0,0.6064837789005713,1
O031483,C05736,P01922,2025-10-14 11:50:26.505662,1,0.11810098639262931,0
O031484,C04549,P01327,2025-10-14 12:03:32.765319,0,0.26324634444055584,0
O031485,C07342,P00797,2025-10-14 12:16:39.024975,0,0.13438496317079096,0
O031486,C07564,P00233,2025-10-14 12:29:45.284632,0,0.1992161031414567,0
O031487,C06035,P00834,2025-10-14 12:42:51.544288,0,0.22150083637387738,0
O031488,C07104,P02250,2025-10-14 12:55:57.803945,1,0.08987160100000802,0
O031489,C03175,P02138,2025-10-14 13:09:04.063601,0,0.1541422455121066,0
O031490,C03030,P00944,2025-10-14 13:22:10.323258,1,0.32912364732872673,0
O031491,C02923,P01419,2025-10-14 13:35:16.582914,0,0.19120289711430508,0
O031492,C07669,P01206,2025-10-14 13:48:22.842571,0,0.08617996283666086,0
O031493,C05854,P02482,2025-10-14 14:01:29.102227,0,0.10669915406070443,0
O031494,C05353,P00975,2025-10-14 14:14:35.361884,0,0.06577274338018639,0
O031495,C05573,P00555,2025-10-14 14:27:41.621540,1,0.19173685727490392,0
O031496,C01840,P01819,2025-10-14 14:40:47.881197,0,0.28404090213532956,0
O031497,C06369,P02206,2025-10-14 14:53:54.140853,0,0.10785299550132588,0
O031498,C06680,P01112,2025-10-14 15:07:00.400510,0,0.0846308799752905,0
O031499,C04716,P00884,2025-10-14 15:20:06.660166,0,0.252332746468666,0
O031500,C06139,P02065,2025-10-14 15:33:12.919822,0,0.34283436614370594,0
O031501,C00612,P00908,2025-10-14 15:46:19.179479,0,0.0664223773503331,0
O031502,C02693,P01449,2025-10-14 15:59:25.439135,0,0.10846292376093561,0
O031503,C00732,P00969,2025-10-14 16:12:31.698792,0,0.144131499451841,0
O031504,C02089,P00184,2025-10-14 16:25:37.958448,0,0.34421433121125994,0
O031505,C02363,P01746,2025-10-14 16:38:44.218105,0,0.05633268957270638,0
O031506,C02788,P00704,2025-10-14 16:51:50.477761,0,0.14384947035579645,0
O031507,C01032,P00268,2025-10-14 17:04:56.737418,0,0.09405902820390144,0
O031508,C02839,P02263,2025-10-14 17:18:02.997074,1,0.297645307438053,0
O031509,C02378,P01616,2025-10-14 17:31:09.256731,0,0.6099127573155211,1
O031510,C04977,P00167,2025-10-14 17:44:15.516387,0,0.2325902508770843,0
O031511,C05192,P01847,2025-10-14 17:57:21.776044,0,0.21431739567498304,0
O031512,C04215,P02398,2025-10-14 18:10:28.035700,1,0.3592488027826796,0
O031513,C03344,P01464,2025-10-14 18:23:34.295357,0,0.30320478224027525,0
O031514,C01122,P02111,2025-10-14 18:36:40.555013,0,0.2125095994201878,0
O031515,C01500,P01669,2025-10-14 18:49:46.814670,1,0.059207845662890765,0
O031516,C07720,P01988,2025-10-14 19:02:53.074326,0,0.11468678927934979,0
O031517,C04167,P00130,2025-10-14 19:15:59.333983,1,0.3937186240311449,0
O031518,C05333,P02086,2025-10-14 19:29:05.593639,1,0.4165543142107373,0
O031519,C02505,P01909,2025-10-14 19:42:11.853296,0,0.3173544475919762,0
O031520,C02621,P01645,2025-10-14 19:55:18.112952,0,0.2589433214214808,0
O031521,C03622,P01845,2025-10-14 20:08:24.372609,0,0.35873809818909347,0
O031522,C03452,P00249,2025-10-14 20:21:30.632265,0,0.3501167005978987,0
O031523,C00194,P00442,2025-10-14 20:34:36.891922,1,0.5328031117175105,1
O031524,C02846,P01325,2025-10-14 20:47:43.151578,0,0.05886096117066104,0
O031525,C01165,P01166,2025-10-14 21:00:49.411235,0,0.2678240330384075,0
O031526,C00379,P01395,2025-10-14 21:13:55.670891,0,0.10765085312491401,0
O031527,C06957,P00026,2025-10-14 21:27:01.930548,0,0.09205441218798499,0
O031528,C04948,P00492,2025-10-14 21:40:08.190204,0,0.20117862308140189,0
O031529,C07197,P00512,2025-10-14 21:53:14.449861,0,0.10947949417039107,0
O031530,C00015,P02301,2025-10-14 22:06:20.709517,0,0.08862468357722449,0
O031531,C05364,P02358,2025-10-14 22:19:26.969174,0,0.16664545306577572,0
O031532,C00966,P01919,2025-10-14 22:32:33.228830,0,0.18758297320610698,0
O031533,C07281,P01323,2025-10-14 22:45:39.488487,0,0.14416976902732373,0
O031534,C01177,P01717,2025-10-14 22:58:45.748143,0,0.41628920303776873,0
O031535,C04279,P01326,2025-10-14 23:11:52.007800,1,0.5450283014627845,1
O031536,C00540,P01235,2025-10-14 23:24:58.267456,0,0.0940732217668825,0
O031537,C05545,P01490,2025-10-14 23:38:04.527113,1,0.3337108105765255,0
O031538,C03668,P02476,2025-10-14 23:51:10.786769,0,0.2938240237837017,0
O031539,C07313,P00200,2025-10-15 00:04:17.046426,1,0.28990418266959145,0
O031540,C02671,P00488,2025-10-15 00:17:23.306082,1,0.20595808679045974,0
O031541,C00643,P01587,2025-10-15 00:30:29.565739,0,0.24376057273432386,0
O031542,C01471,P01376,2025-10-15 00:43:35.825395,0,0.19225818546688184,0
O031543,C07508,P00312,2025-10-15 00:56:42.085052,0,0.0830231811414844,0
O031544,C07640,P00646,2025-10-15 01:09:48.344708,0,0.202236653400263,0
O031545,C06603,P02243,2025-10-15 01:22:54.604365,1,0.3009379770320981,0
O031546,C00688,P00062,2025-10-15 01:36:00.864021,1,0.3079580354566855,0
O031547,C02810,P01328,2025-10-15 01:49:07.123678,0,0.15082846469541794,0
O031548,C01145,P00032,2025-10-15 02:02:13.383334,0,0.1081243846965932,0
O031549,C07970,P00107,2025-10-15 02:15:19.642991,0,0.31544020480076956,0
O031550,C00744,P02408,2025-10-15 02:28:25.902647,0,0.28546412672387106,0
O031551,C07308,P01455,2025-10-15 02:41:32.162304,0,0.12859952074888095,0
O031552,C03390,P01331,2025-10-15 02:54:38.421960,0,0.1010920195492797,0
O031553,C06275,P01785,2025-10-15 03:07:44.681617,1,0.2258843509907594,0
O031554,C07417,P01958,2025-10-15 03:20:50.941273,0,0.1076108206102451,0
O031555,C07717,P01612,2025-10-15 03:33:57.200930,1,0.2099245836887589,0
O031556,C02215,P01986,2025-10-15 03:47:03.460586,1,0.19161722948502327,0
O031557,C00249,P02427,2025-10-15 04:00:09.720243,1,0.39290613724182416,0
O031558,C05407,P00134,2025-10-15 04:13:15.979899,1,0.27762303004052985,0
O031559,C06852,P01385,2025-10-15 04:26:22.239555,0,0.13792364413042904,0
O031560,C05767,P02024,2025-10-15 04:39:28.499212,0,0.26502881605071316,0
O031561,C01211,P00096,2025-10-15 04:52:34.758868,0,0.28439996632823217,0
O031562,C07623,P01196,2025-10-15 05:05:41.018525,1,0.43694985668580194,0
O031563,C00967,P01980,2025-10-15 05:18:47.278181,0,0.11900422237972391,0
O031564,C01359,P01044,2025-10-15 05:31:53.537838,0,0.1870796636161107,0
O031565,C00545,P00299,2025-10-15 05:44:59.797494,0,0.14127689625927703,0
O031566,C03336,P02200,2025-10-15 05:58:06.057151,0,0.10202681651303157,0
O031567,C03884,P00826,2025-10-15 06:11:12.316807,0,0.2704603484568033,0
O031568,C06840,P02199,2025-10-15 06:24:18.576464,0,0.17165583475229965,0
O031569,C06847,P02242,2025-10-15 06:37:24.836120,0,0.09868793122986935,0
O031570,C01211,P01930,2025-10-15 06:50:31.095777,0,0.11312942866224053,0
O031571,C06264,P00711,2025-10-15 07:03:37.355433,0,0.08769094085595866,0
O031572,C06483,P01202,2025-10-15 07:16:43.615090,0,0.15709248058553396,0
O031573,C06437,P01296,2025-10-15 07:29:49.874746,0,0.07766439993128998,0
O031574,C03072,P00943,2025-10-15 07:42:56.134403,0,0.13649451774245788,0
O031575,C01156,P01014,2025-10-15 07:56:02.394059,1,0.17744252024516202,0
O031576,C02984,P00356,2025-10-15 08:09:08.653716,0,0.11980825113178785,0
O031577,C01949,P02393,2025-10-15 08:22:14.913372,0,0.29863924126683744,0
O031578,C03179,P02432,2025-10-15 08:35:21.173029,0,0.1715163355828533,0
O031579,C06455,P01197,2025-10-15 08:48:27.432685,0,0.21905718197000915,0
O031580,C03462,P00003,2025-10-15 09:01:33.692342,1,0.27237207467069524,0
O031581,C02053,P01958,2025-10-15 09:14:39.951998,0,0.08823059887114927,0
O031582,C00307,P02002,2025-10-15 09:27:46.211655,0,0.18341025947019857,0
O031583,C02804,P00470,2025-10-15 09:40:52.471311,0,0.11239166262463636,0
O031584,C00234,P00824,2025-10-15 09:53:58.730968,0,0.0684261520000512,0
O031585,C00641,P00289,2025-10-15 10:07:04.990624,0,0.28540089164441923,0
O031586,C06488,P00277,2025-10-15 10:20:11.250281,0,0.14735078671818527,0
O031587,C00568,P00056,2025-10-15 10:33:17.509937,0,0.32354057844967327,0
O031588,C03886,P00111,2025-10-15 10:46:23.769594,0,0.0931048121057275,0
O031589,C04565,P01385,2025-10-15 10:59:30.029250,1,0.1924668443623578,0
O031590,C06843,P00346,2025-10-15 11:12:36.288907,0,0.34222224602427725,0
O031591,C01700,P00228,2025-10-15 11:25:42.548563,0,0.09245821600664852,0
O031592,C02833,P00242,2025-10-15 11:38:48.808220,0,0.18024328113621962,0
O031593,C06471,P01895,2025-10-15 11:51:55.067876,0,0.14523602015946444,0
O031594,C03182,P01603,2025-10-15 12:05:01.327533,0,0.09839784603123955,0
O031595,C02720,P00015,2025-10-15 12:18:07.587189,1,0.42962704025816023,0
O031596,C07832,P01963,2025-10-15 12:31:13.846846,0,0.2685067388656388,0
O031597,C01852,P01536,2025-10-15 12:44:20.106502,0,0.11975437056072068,0
O031598,C01840,P00159,2025-10-15 12:57:26.366159,0,0.11953230677851172,0
O031599,C04792,P02320,2025-10-15 13:10:32.625815,0,0.13034244037673348,0
O031600,C07946,P01020,2025-10-15 13:23:38.885472,0,0.40986052228115755,0
O031601,C03824,P02251,2025-10-15 13:36:45.145128,0,0.13930431119257108,0
O031602,C00021,P00294,2025-10-15 13:49:51.404785,0,0.15396423000049556,0
O031603,C04937,P02214,2025-10-15 14:02:57.664441,0,0.38307782765988374,0
O031604,C04752,P00629,2025-10-15 14:16:03.924098,0,0.2563636468956374,0
O031605,C02361,P00608,2025-10-15 14:29:10.183754,0,0.13580624886294582,0
O031606,C01952,P01549,2025-10-15 14:42:16.443411,1,0.4004303195749164,0
O031607,C04928,P00227,2025-10-15 14:55:22.703067,0,0.07100485226915444,0
O031608,C03287,P01991,2025-10-15 15:08:28.962724,1,0.19900638501744897,0
O031609,C04125,P00020,2025-10-15 15:21:35.222380,0,0.1562096961749376,0
O031610,C05364,P00303,2025-10-15 15:34:41.482037,1,0.37197438578253006,0
O031611,C02218,P00459,2025-10-15 15:47:47.741693,0,0.11431366090528626,0
O031612,C06978,P00383,2025-10-15 16:00:54.001350,0,0.11867310248153644,0
O031613,C03892,P01119,2025-10-15 16:14:00.261006,0,0.12237606621562945,0
O031614,C01498,P00030,2025-10-15 16:27:06.520663,0,0.1924047333663898,0
O031615,C01395,P01785,2025-10-15 16:40:12.780319,1,0.13536903766639452,0
O031616,C06239,P00742,2025-10-15 16:53:19.039976,0,0.11211783133189365,0
O031617,C03491,P01140,2025-10-15 17:06:25.299632,0,0.09810488401267109,0
O031618,C02738,P02164,2025-10-15 17:19:31.559288,0,0.2916965232317138,0
O031619,C03964,P00904,2025-10-15 17:32:37.818945,1,0.43333420699376657,0
O031620,C02477,P01055,2025-10-15 17:45:44.078601,0,0.22316051122231187,0
O031621,C03360,P02105,2025-10-15 17:58:50.338258,0,0.5203929174251397,1
O031622,C07199,P01924,2025-10-15 18:11:56.597914,0,0.1798474958896404,0
O031623,C06289,P01088,2025-10-15 18:25:02.857571,0,0.22889248189030523,0
O031624,C02765,P00666,2025-10-15 18:38:09.117227,0,0.11737267631417946,0
O031625,C01915,P00816,2025-10-15 18:51:15.376884,0,0.07379903566582942,0
O031626,C01936,P00297,2025-10-15 19:04:21.636540,0,0.21585087238437933,0
O031627,C04013,P00125,2025-10-15 19:17:27.896197,0,0.22621963794470182,0
O031628,C04107,P00628,2025-10-15 19:30:34.155853,0,0.21746120278196926,0
O031629,C01342,P02207,2025-10-15 19:43:40.415510,0,0.20356535751909746,0
O031630,C02662,P00014,2025-10-15 19:56:46.675166,0,0.19692853328211343,0
O031631,C05204,P00626,2025-10-15 20:09:52.934823,1,0.27318302795261423,0
O031632,C04755,P02321,2025-10-15 20:22:59.194479,0,0.159466559757504,0
O031633,C01194,P01609,2025-10-15 20:36:05.454136,0,0.12033073765047193,0
O031634,C01741,P02009,2025-10-15 20:49:11.713792,0,0.07589302925616043,0
O031635,C00544,P00599,2025-10-15 21:02:17.973449,0,0.3111397231229989,0
O031636,C01788,P00679,2025-10-15 21:15:24.233105,0,0.21660607785120212,0
O031637,C00695,P01537,2025-10-15 21:28:30.492762,0,0.18380139760246358,0
O031638,C07828,P02419,2025-10-15 21:41:36.752418,0,0.13015796195895882,0
O031639,C01639,P00428,2025-10-15 21:54:43.012075,0,0.11061177649748376,0
O031640,C06127,P02405,2025-10-15 22:07:49.271731,1,0.21480323818267288,0
O031641,C02286,P00521,2025-10-15 22:20:55.531388,0,0.263195185062035,0
O031642,C04597,P01066,2025-10-15 22:34:01.791044,0,0.15541062943703376,0
O031643,C05292,P01600,2025-10-15 22:47:08.050701,0,0.12557854114257086,0
O031644,C06434,P00443,2025-10-15 23:00:14.310357,0,0.1802681828992945,0
O031645,C06262,P02092,2025-10-15 23:13:20.570014,1,0.3110880458295373,0
O031646,C01381,P02397,2025-10-15 23:26:26.829670,0,0.14969682995930364,0
O031647,C01448,P02085,2025-10-15 23:39:33.089327,0,0.23874906528137754,0
O031648,C05674,P01740,2025-10-15 23:52:39.348983,1,0.34916843817300375,0
O031649,C04782,P00756,2025-10-16 00:05:45.608640,0,0.24850710576276624,0
O031650,C04426,P00371,2025-10-16 00:18:51.868296,0,0.14056465819456773,0
O031651,C00471,P02269,2025-10-16 00:31:58.127953,0,0.32150647900381585,0
O031652,C07524,P02209,2025-10-16 00:45:04.387609,0,0.15448459913112816,0
O031653,C04982,P02079,2025-10-16 00:58:10.647266,0,0.29561005341236496,0
O031654,C03465,P01199,2025-10-16 01:11:16.906922,0,0.33583600764588517,0
O031655,C01087,P01541,2025-10-16 01:24:23.166579,0,0.27655431680177567,0
O031656,C04646,P00899,2025-10-16 01:37:29.426235,0,0.25896476099515325,0
O031657,C00469,P00502,2025-10-16 01:50:35.685892,1,0.27279357549696465,0
O031658,C03441,P00522,2025-10-16 02:03:41.945548,0,0.32955011964959585,0
O031659,C04205,P01115,2025-10-16 02:16:48.205205,0,0.29270877312564514,0
O031660,C02402,P00750,2025-10-16 02:29:54.464861,1,0.24775158660905933,0
O031661,C07403,P01201,2025-10-16 02:43:00.724518,0,0.28377136379826035,0
O031662,C06328,P00669,2025-10-16 02:56:06.984174,0,0.13647262727179174,0
O031663,C06677,P00975,2025-10-16 03:09:13.243831,0,0.17085253030463107,0
O031664,C05837,P01019,2025-10-16 03:22:19.503487,0,0.3143495922310914,0
O031665,C04252,P02084,2025-10-16 03:35:25.763144,0,0.114234913042436,0
O031666,C06741,P02465,2025-10-16 03:48:32.022800,0,0.23138785786549546,0
O031667,C02307,P02101,2025-10-16 04:01:38.282457,0,0.45347918406584076,0
O031668,C05556,P00312,2025-10-16 04:14:44.542113,0,0.177462292900966,0
O031669,C00467,P00352,2025-10-16 04:27:50.801770,0,0.16819442117661276,0
O031670,C02652,P02375,2025-10-16 04:40:57.061426,0,0.25591596760737984,0
O031671,C07734,P00571,2025-10-16 04:54:03.321083,0,0.15556468242206958,0
O031672,C06229,P00367,2025-10-16 05:07:09.580739,0,0.15779891733376064,0
O031673,C06069,P01918,2025-10-16 05:20:15.840396,0,0.1483564102627171,0
O031674,C07950,P01229,2025-10-16 05:33:22.100052,1,0.07261287806123083,0
O031675,C00695,P00297,2025-10-16 05:46:28.359708,0,0.16974998455811438,0
O031676,C05538,P00011,2025-10-16 05:59:34.619365,1,0.12638646802409856,0
O031677,C07867,P00996,2025-10-16 06:12:40.879021,0,0.08591599643647094,0
O031678,C01727,P00272,2025-10-16 06:25:47.138678,0,0.33586061906659415,0
O031679,C02109,P00071,2025-10-16 06:38:53.398334,0,0.15705097004381893,0
O031680,C04515,P00030,2025-10-16 06:51:59.657991,0,0.22240893680170104,0
O031681,C03810,P00159,2025-10-16 07:05:05.917647,0,0.111147402371105,0
O031682,C04936,P00214,2025-10-16 07:18:12.177304,0,0.20585205903469014,0
O031683,C05464,P01181,2025-10-16 07:31:18.436960,0,0.3417530678521393,0
O031684,C02297,P02013,2025-10-16 07:44:24.696617,0,0.1322133003680654,0
O031685,C06600,P01922,2025-10-16 07:57:30.956273,0,0.29775699162630326,0
O031686,C02192,P00814,2025-10-16 08:10:37.215930,0,0.05681880400573731,0
O031687,C03167,P00775,2025-10-16 08:23:43.475586,0,0.4708383045187847,0
O031688,C06443,P00590,2025-10-16 08:36:49.735243,0,0.0838691077974558,0
O031689,C01965,P00819,2025-10-16 08:49:55.994899,0,0.2965570677157777,0
O031690,C06360,P01135,2025-10-16 09:03:02.254556,0,0.13760592855481188,0
O031691,C05695,P01156,2025-10-16 09:16:08.514212,0,0.16201621323005552,0
O031692,C03097,P00646,2025-10-16 09:29:14.773869,1,0.309214592601994,0
O031693,C01960,P01008,2025-10-16 09:42:21.033525,0,0.3583399370574983,0
O031694,C01146,P01794,2025-10-16 09:55:27.293182,1,0.09035058619427752,0
O031695,C05022,P00583,2025-10-16 10:08:33.552838,1,0.295044321560708,0
O031696,C03332,P01626,2025-10-16 10:21:39.812495,0,0.06909299681561423,0
O031697,C01433,P01063,2025-10-16 10:34:46.072151,0,0.15613984592838626,0
O031698,C01721,P00451,2025-10-16 10:47:52.331808,0,0.11036982753674845,0
O031699,C02760,P02098,2025-10-16 11:00:58.591464,0,0.12867303310104766,0
O031700,C00773,P00622,2025-10-16 11:14:04.851121,0,0.22940003125254604,0
O031701,C04169,P00945,2025-10-16 11:27:11.110777,0,0.08886561209113954,0
O031702,C01039,P01029,2025-10-16 11:40:17.370434,0,0.24202251153427154,0
O031703,C06019,P00136,2025-10-16 11:53:23.630090,0,0.21723106967502578,0
O031704,C01518,P02189,2025-10-16 12:06:29.889747,0,0.12608977759133944,0
O031705,C05796,P01441,2025-10-16 12:19:36.149403,0,0.33673067996678663,0
O031706,C06304,P01077,2025-10-16 12:32:42.409060,0,0.1440084408228322,0
O031707,C07398,P02250,2025-10-16 12:45:48.668716,0,0.2104418299930632,0
O031708,C04819,P00120,2025-10-16 12:58:54.928373,1,0.3399587677045315,0
O031709,C02603,P00936,2025-10-16 13:12:01.188029,0,0.23585069859152727,0
O031710,C02827,P00039,2025-10-16 13:25:07.447686,1,0.11835529941875408,0
O031711,C00681,P00166,2025-10-16 13:38:13.707342,0,0.21599719095259026,0
O031712,C00852,P01122,2025-10-16 13:51:19.966999,0,0.26497200745946053,0
O031713,C00425,P01876,2025-10-16 14:04:26.226655,0,0.2580532468432977,0
O031714,C00041,P02493,2025-10-16 14:17:32.486312,0,0.11393398165961835,0
O031715,C03840,P00078,2025-10-16 14:30:38.745968,0,0.08139300477578676,0
O031716,C06395,P01257,2025-10-16 14:43:45.005625,0,0.2805133928148309,0
O031717,C06149,P01191,2025-10-16 14:56:51.265281,1,0.12617800866066686,0
O031718,C07137,P01654,2025-10-16 15:09:57.524938,0,0.12983686801897593,0
O031719,C02150,P00810,2025-10-16 15:23:03.784594,0,0.15247150742527363,0
O031720,C01020,P02145,2025-10-16 15:36:10.044251,1,0.26199884681815944,0
O031721,C02122,P01383,2025-10-16 15:49:16.303907,0,0.09789177935982832,0
O031722,C00552,P00638,2025-10-16 16:02:22.563564,1,0.14687950494565494,0
O031723,C03562,P01533,2025-10-16 16:15:28.823220,0,0.153706700882724,0
O031724,C05790,P00027,2025-10-16 16:28:35.082877,0,0.1264670989452755,0
O031725,C05873,P00825,2025-10-16 16:41:41.342533,1,0.2744722490776289,0
O031726,C05705,P00845,2025-10-16 16:54:47.602190,0,0.1892216673169207,0
O031727,C05269,P02147,2025-10-16 17:07:53.861846,1,0.4417624178823434,0
O031728,C05876,P00251,2025-10-16 17:21:00.121503,0,0.07283386186298432,0
O031729,C00979,P02336,2025-10-16 17:34:06.381159,1,0.4225953295736298,0
O031730,C04409,P00714,2025-10-16 17:47:12.640816,0,0.1706997655830371,0
O031731,C04854,P01766,2025-10-16 18:00:18.900472,1,0.36044857380583806,0
O031732,C07690,P00855,2025-10-16 18:13:25.160129,0,0.2783782214930347,0
O031733,C07205,P02324,2025-10-16 18:26:31.419785,0,0.11196632387011418,0
O031734,C02035,P00160,2025-10-16 18:39:37.679441,0,0.13465941142445575,0
O031735,C04272,P01458,2025-10-16 18:52:43.939098,0,0.11494393748831448,0
O031736,C05655,P00765,2025-10-16 19:05:50.198754,0,0.10832881418875456,0
O031737,C05129,P01221,2025-10-16 19:18:56.458411,0,0.1505860245737568,0
O031738,C03610,P01851,2025-10-16 19:32:02.718067,0,0.0935911640063135,0
O031739,C01270,P00989,2025-10-16 19:45:08.977724,0,0.23661163147717984,0
O031740,C06254,P01662,2025-10-16 19:58:15.237380,1,0.3869610499036892,0
O031741,C03056,P01594,2025-10-16 20:11:21.497037,0,0.3557646858195235,0
O031742,C00600,P00591,2025-10-16 20:24:27.756693,0,0.5258001103377918,1
O031743,C01955,P01438,2025-10-16 20:37:34.016350,0,0.07568863797348836,0
O031744,C07630,P00112,2025-10-16 20:50:40.276006,1,0.1852164397870154,0
O031745,C00109,P01520,2025-10-16 21:03:46.535663,1,0.11914088816745189,0
O031746,C03068,P01001,2025-10-16 21:16:52.795319,0,0.14316330389328574,0
O031747,C00260,P00048,2025-10-16 21:29:59.054976,0,0.12977160987568623,0
O031748,C00116,P01325,2025-10-16 21:43:05.314632,0,0.08934428782308833,0
O031749,C05550,P01414,2025-10-16 21:56:11.574289,0,0.14224661860273521,0
O031750,C07940,P00088,2025-10-16 22:09:17.833945,0,0.14429523574927097,0
O031751,C00307,P01358,2025-10-16 22:22:24.093602,1,0.30636674757618115,0
O031752,C04421,P00719,2025-10-16 22:35:30.353258,0,0.11581154465029064,0
O031753,C05215,P02319,2025-10-16 22:48:36.612915,0,0.10541912266492,0
O031754,C07848,P01563,2025-10-16 23:01:42.872571,0,0.20630844161217388,0
O031755,C03429,P01264,2025-10-16 23:14:49.132228,0,0.11509561874230814,0
O031756,C02179,P01015,2025-10-16 23:27:55.391884,0,0.13035684589398455,0
O031757,C01233,P00452,2025-10-16 23:41:01.651541,0,0.15309256111323877,0
O031758,C03371,P01504,2025-10-16 23:54:07.911197,0,0.11249360072576657,0
O031759,C05135,P01672,2025-10-17 00:07:14.170854,1,0.09422279835040952,0
O031760,C00146,P01919,2025-10-17 00:20:20.430510,0,0.35147131883079025,0
O031761,C06627,P02304,2025-10-17 00:33:26.690167,0,0.11286153682591137,0
O031762,C06524,P00830,2025-10-17 00:46:32.949823,0,0.10522172326840641,0
O031763,C01983,P01492,2025-10-17 00:59:39.209480,0,0.1234348829297279,0
O031764,C02986,P01420,2025-10-17 01:12:45.469136,0,0.10741163091168543,0
O031765,C04868,P02125,2025-10-17 01:25:51.728793,0,0.06585709009877155,0
O031766,C04678,P02458,2025-10-17 01:38:57.988449,0,0.09399954105454064,0
O031767,C05788,P00360,2025-10-17 01:52:04.248106,1,0.19388466842154511,0
O031768,C06919,P01663,2025-10-17 02:05:10.507762,0,0.09612174678630551,0
O031769,C00367,P01338,2025-10-17 02:18:16.767419,0,0.13760661484807876,0
O031770,C04725,P02249,2025-10-17 02:31:23.027075,0,0.11672078903193452,0
O031771,C04648,P00499,2025-10-17 02:44:29.286732,0,0.1441943678347125,0
O031772,C00761,P01825,2025-10-17 02:57:35.546388,1,0.23455456079173082,0
O031773,C06396,P00762,2025-10-17 03:10:41.806045,0,0.07822549362169803,0
O031774,C02368,P02368,2025-10-17 03:23:48.065701,0,0.38050216849606644,0
O031775,C06483,P02045,2025-10-17 03:36:54.325358,0,0.268485845966035,0
O031776,C05386,P01576,2025-10-17 03:50:00.585014,0,0.29303371785407495,0
O031777,C03670,P01687,2025-10-17 04:03:06.844671,0,0.11159694030965889,0
O031778,C02060,P02498,2025-10-17 04:16:13.104327,0,0.14468443104897044,0
O031779,C06124,P02089,2025-10-17 04:29:19.363984,0,0.4149217642442516,0
O031780,C04992,P00016,2025-10-17 04:42:25.623640,0,0.13794342451941144,0
O031781,C02890,P00187,2025-10-17 04:55:31.883297,0,0.13575763435513472,0
O031782,C03527,P02462,2025-10-17 05:08:38.142953,0,0.12655707591271795,0
O031783,C02644,P01824,2025-10-17 05:21:44.402610,0,0.13873180516356026,0
O031784,C03058,P02467,2025-10-17 05:34:50.662266,1,0.12286453934926661,0
O031785,C03452,P01549,2025-10-17 05:47:56.921923,0,0.15438773436009598,0
O031786,C05742,P00337,2025-10-17 06:01:03.181579,0,0.32221740052231007,0
O031787,C05626,P01220,2025-10-17 06:14:09.441236,1,0.16929355347204683,0
O031788,C06204,P02309,2025-10-17 06:27:15.700892,0,0.18422737953084373,0
O031789,C00730,P01364,2025-10-17 06:40:21.960549,0,0.2376178392534467,0
O031790,C01290,P00418,2025-10-17 06:53:28.220205,0,0.32383244538140965,0
O031791,C03806,P01800,2025-10-17 07:06:34.479861,0,0.19612863869871755,0
O031792,C06657,P02426,2025-10-17 07:19:40.739518,0,0.09609673076036705,0
O031793,C05441,P01740,2025-10-17 07:32:46.999174,0,0.5124902913178339,1
O031794,C07035,P01126,2025-10-17 07:45:53.258831,0,0.42440189944726503,0
O031795,C04171,P00536,2025-10-17 07:58:59.518487,1,0.21953761309390118,0
O031796,C01871,P01510,2025-10-17 08:12:05.778144,0,0.08437832217790148,0
O031797,C04504,P02358,2025-10-17 08:25:12.037800,0,0.18218856018388535,0
O031798,C05667,P00915,2025-10-17 08:38:18.297457,0,0.1635729209630466,0
O031799,C01554,P01679,2025-10-17 08:51:24.557113,0,0.1330970682936195,0
O031800,C02857,P02357,2025-10-17 09:04:30.816770,0,0.29469878036742253,0
O031801,C00144,P02161,2025-10-17 09:17:37.076426,0,0.091512923097676,0
O031802,C07216,P01489,2025-10-17 09:30:43.336083,0,0.11325487181984631,0
O031803,C02063,P00980,2025-10-17 09:43:49.595739,0,0.19990731905488798,0
O031804,C06454,P02344,2025-10-17 09:56:55.855396,1,0.4017211721804255,0
O031805,C04302,P02026,2025-10-17 10:10:02.115052,0,0.10058015894447939,0
O031806,C06804,P00500,2025-10-17 10:23:08.374709,0,0.3584543898975686,0
O031807,C05234,P00767,2025-10-17 10:36:14.634365,0,0.2640602945291602,0
O031808,C00919,P01162,2025-10-17 10:49:20.894022,0,0.0819618542821776,0
O031809,C00505,P00348,2025-10-17 11:02:27.153678,0,0.20584158087411755,0
O031810,C06983,P01713,2025-10-17 11:15:33.413335,1,0.15288939243683464,0
O031811,C03784,P00549,2025-10-17 11:28:39.672991,0,0.1622428496950847,0
O031812,C01953,P00650,2025-10-17 11:41:45.932648,0,0.1960049122437121,0
O031813,C04128,P01994,2025-10-17 11:54:52.192304,1,0.06941444550790815,0
O031814,C06929,P01795,2025-10-17 12:07:58.451961,0,0.11615200891516865,0
O031815,C05194,P00108,2025-10-17 12:21:04.711617,0,0.1425191764503815,0
O031816,C03740,P00171,2025-10-17 12:34:10.971274,0,0.2884375968492431,0
O031817,C03453,P00171,2025-10-17 12:47:17.230930,0,0.21211419638097082,0
O031818,C06728,P00006,2025-10-17 13:00:23.490587,0,0.07757419737794681,0
O031819,C07109,P01746,2025-10-17 13:13:29.750243,0,0.07637747202837308,0
O031820,C06517,P00007,2025-10-17 13:26:36.009900,0,0.24182070501677036,0
O031821,C02438,P00409,2025-10-17 13:39:42.269556,0,0.07556217570747292,0
O031822,C00366,P01674,2025-10-17 13:52:48.529213,0,0.14121050541696847,0
O031823,C05973,P00501,2025-10-17 14:05:54.788869,0,0.12645363643257823,0
O031824,C04533,P01653,2025-10-17 14:19:01.048526,0,0.3232484710602862,0
O031825,C02571,P01513,2025-10-17 14:32:07.308182,0,0.09185623320949467,0
O031826,C04944,P00021,2025-10-17 14:45:13.567839,1,0.29339108991417046,0
O031827,C00446,P01727,2025-10-17 14:58:19.827495,0,0.13946264311649076,0
O031828,C02762,P01073,2025-10-17 15:11:26.087152,0,0.11513765437180926,0
O031829,C06764,P00460,2025-10-17 15:24:32.346808,0,0.35023995325934865,0
O031830,C07429,P01456,2025-10-17 15:37:38.606465,0,0.22156253106733925,0
O031831,C07573,P01965,2025-10-17 15:50:44.866121,0,0.24858948985278043,0
O031832,C00619,P00754,2025-10-17 16:03:51.125778,1,0.16652864317132485,0
O031833,C02821,P01878,2025-10-17 16:16:57.385434,0,0.2768963881075776,0
O031834,C07002,P01681,2025-10-17 16:30:03.645091,0,0.08869555894128228,0
O031835,C05223,P00606,2025-10-17 16:43:09.904747,1,0.10087333940279326,0
O031836,C03638,P01455,2025-10-17 16:56:16.164404,0,0.29740773663109255,0
O031837,C00953,P00545,2025-10-17 17:09:22.424060,0,0.07450165456401536,0
O031838,C01768,P00359,2025-10-17 17:22:28.683717,0,0.19074661715700963,0
O031839,C04296,P01839,2025-10-17 17:35:34.943373,0,0.08107932139557819,0
O031840,C05737,P01349,2025-10-17 17:48:41.203030,0,0.05796150657225237,0
O031841,C04758,P01117,2025-10-17 18:01:47.462686,0,0.10388144746530532,0
O031842,C04249,P02053,2025-10-17 18:14:53.722343,0,0.11824742280383989,0
O031843,C05295,P00797,2025-10-17 18:27:59.981999,0,0.12751455027040032,0
O031844,C01202,P01962,2025-10-17 18:41:06.241656,1,0.4937226798903307,0
O031845,C03013,P00166,2025-10-17 18:54:12.501312,0,0.12608072332609013,0
O031846,C02704,P00260,2025-10-17 19:07:18.760969,0,0.1570993683091281,0
O031847,C02320,P00866,2025-10-17 19:20:25.020625,0,0.3096590461895164,0
O031848,C02527,P02427,2025-10-17 19:33:31.280282,0,0.2304785283667442,0
O031849,C02880,P00160,2025-10-17 19:46:37.539938,0,0.12365628362141759,0
O031850,C04020,P00981,2025-10-17 19:59:43.799594,0,0.19867662423619886,0
O031851,C04615,P00206,2025-10-17 20:12:50.059251,0,0.13420082011264295,0
O031852,C02658,P00774,2025-10-17 20:25:56.318907,0,0.07628846003972732,0
O031853,C05897,P01148,2025-10-17 20:39:02.578564,0,0.1230436106928007,0
O031854,C02724,P01742,2025-10-17 20:52:08.838220,0,0.2763334933464341,0
O031855,C02149,P01479,2025-10-17 21:05:15.097877,1,0.3066380591820324,0
O031856,C00239,P01762,2025-10-17 21:18:21.357533,0,0.09320255602599203,0
O031857,C01334,P02371,2025-10-17 21:31:27.617190,1,0.1414929115474166,0
O031858,C07036,P01980,2025-10-17 21:44:33.876846,0,0.18348690609257262,0
O031859,C04620,P02019,2025-10-17 21:57:40.136503,0,0.20110754163068056,0
O031860,C00498,P01309,2025-10-17 22:10:46.396159,0,0.39723588268577015,0
O031861,C06847,P01508,2025-10-17 22:23:52.655816,1,0.2895637747660164,0
O031862,C03565,P02047,2025-10-17 22:36:58.915472,1,0.3324024222283395,0
O031863,C01475,P01845,2025-10-17 22:50:05.175129,0,0.12376312539631557,0
O031864,C05782,P01396,2025-10-17 23:03:11.434785,0,0.176657797848225,0
O031865,C01594,P02416,2025-10-17 23:16:17.694442,1,0.17195486070174265,0
O031866,C02550,P00486,2025-10-17 23:29:23.954098,0,0.125513270140108,0
O031867,C05913,P01509,2025-10-17 23:42:30.213755,0,0.523659641804357,1
O031868,C06582,P00435,2025-10-17 23:55:36.473411,1,0.1246298550232209,0
O031869,C05226,P01765,2025-10-18 00:08:42.733068,1,0.28685017698936915,0
O031870,C06725,P00096,2025-10-18 00:21:48.992724,1,0.4068277332638873,0
O031871,C07874,P00015,2025-10-18 00:34:55.252381,0,0.3316680863139831,0
O031872,C03467,P01535,2025-10-18 00:48:01.512037,0,0.24268445837283456,0
O031873,C00566,P00749,2025-10-18 01:01:07.771694,1,0.3062004849347989,0
O031874,C04678,P00721,2025-10-18 01:14:14.031350,1,0.11012342528231171,0
O031875,C03520,P01635,2025-10-18 01:27:20.291007,0,0.12259304186045014,0
O031876,C06978,P00496,2025-10-18 01:40:26.550663,1,0.17281495534871363,0
O031877,C01678,P01523,2025-10-18 01:53:32.810320,1,0.0673386435689256,0
O031878,C07497,P01032,2025-10-18 02:06:39.069976,1,0.22972847425353754,0
O031879,C05081,P01962,2025-10-18 02:19:45.329633,1,0.2239022907707769,0
O031880,C06812,P00711,2025-10-18 02:32:51.589289,0,0.09486867388423534,0
O031881,C04805,P00871,2025-10-18 02:45:57.848946,0,0.21604013563903804,0
O031882,C00536,P00769,2025-10-18 02:59:04.108602,0,0.1291247163262062,0
O031883,C00352,P00221,2025-10-18 03:12:10.368259,0,0.5570397943205675,1
O031884,C02381,P00679,2025-10-18 03:25:16.627915,1,0.14723376698311702,0
O031885,C00382,P01838,2025-10-18 03:38:22.887572,0,0.07714520779934321,0
O031886,C01445,P02377,2025-10-18 03:51:29.147228,0,0.425239454951431,0
O031887,C04567,P01715,2025-10-18 04:04:35.406885,0,0.06803914222122845,0
O031888,C07672,P01205,2025-10-18 04:17:41.666541,0,0.1293809224856313,0
O031889,C03356,P02313,2025-10-18 04:30:47.926198,1,0.15080651976486767,0
O031890,C02736,P01038,2025-10-18 04:43:54.185854,0,0.17956889295064743,0
O031891,C00227,P00671,2025-10-18 04:57:00.445511,0,0.33829565981647974,0
O031892,C03735,P01764,2025-10-18 05:10:06.705167,0,0.23332429179719694,0
O031893,C03604,P00478,2025-10-18 05:23:12.964824,0,0.16810373206160406,0
O031894,C01231,P00579,2025-10-18 05:36:19.224480,0,0.18306799756747666,0
O031895,C05852,P01276,2025-10-18 05:49:25.484137,0,0.07802787090714441,0
O031896,C02547,P01466,2025-10-18 06:02:31.743793,1,0.24421223499421682,0
O031897,C06308,P00377,2025-10-18 06:15:38.003450,0,0.2123045396459687,0
O031898,C03834,P01512,2025-10-18 06:28:44.263106,0,0.0832688377365673,0
O031899,C01410,P01756,2025-10-18 06:41:50.522763,0,0.2515425129624957,0
O031900,C02265,P01465,2025-10-18 06:54:56.782419,0,0.4545814579963872,0
O031901,C00230,P00724,2025-10-18 07:08:03.042076,0,0.3675151705975929,0
O031902,C06979,P00108,2025-10-18 07:21:09.301732,0,0.3553727458878936,0
O031903,C02416,P00156,2025-10-18 07:34:15.561389,0,0.2180818730931634,0
O031904,C01192,P01178,2025-10-18 07:47:21.821045,0,0.0490125260671953,0
O031905,C06576,P02070,2025-10-18 08:00:28.080702,0,0.10777905947960399,0
O031906,C07364,P00273,2025-10-18 08:13:34.340358,1,0.35883272921987375,0
O031907,C02931,P02383,2025-10-18 08:26:40.600015,0,0.4671976405340841,0
O031908,C07288,P02185,2025-10-18 08:39:46.859671,0,0.10117877636100688,0
O031909,C02715,P02457,2025-10-18 08:52:53.119327,0,0.11064547533830084,0
O031910,C02719,P01298,2025-10-18 09:05:59.378984,0,0.2059104735696181,0
O031911,C00199,P00026,2025-10-18 09:19:05.638640,0,0.08557790894084952,0
O031912,C06581,P02387,2025-10-18 09:32:11.898297,0,0.2856842156348042,0
O031913,C05148,P00584,2025-10-18 09:45:18.157953,0,0.47207605549841053,0
O031914,C07320,P02500,2025-10-18 09:58:24.417610,0,0.3022018319778723,0
O031915,C07055,P00661,2025-10-18 10:11:30.677266,0,0.2649097768422909,0
O031916,C07323,P01407,2025-10-18 10:24:36.936923,0,0.07708025908705277,0
O031917,C02349,P01149,2025-10-18 10:37:43.196579,0,0.08389541808496728,0
O031918,C04072,P01950,2025-10-18 10:50:49.456236,0,0.3268622173893872,0
O031919,C02098,P02356,2025-10-18 11:03:55.715892,0,0.15587504210702685,0
O031920,C03428,P01670,2025-10-18 11:17:01.975549,1,0.40192076004898725,0
O031921,C07923,P01391,2025-10-18 11:30:08.235205,0,0.17187005716180326,0
O031922,C03701,P01130,2025-10-18 11:43:14.494862,0,0.19735066541736845,0
O031923,C02062,P01016,2025-10-18 11:56:20.754518,0,0.35675423068994006,0
O031924,C02670,P00608,2025-10-18 12:09:27.014175,0,0.1320732011198785,0
O031925,C03523,P01933,2025-10-18 12:22:33.273831,0,0.09907097707300368,0
O031926,C04074,P00323,2025-10-18 12:35:39.533488,0,0.19280388303729187,0
O031927,C05878,P00265,2025-10-18 12:48:45.793144,1,0.6386429278739488,1
O031928,C06530,P00195,2025-10-18 13:01:52.052801,0,0.06862965645404821,0
O031929,C02580,P01085,2025-10-18 13:14:58.312457,0,0.29836026248906505,0
O031930,C05508,P01020,2025-10-18 13:28:04.572114,0,0.24315883570900215,0
O031931,C05456,P02332,2025-10-18 13:41:10.831770,0,0.20675040142616805,0
O031932,C07252,P01426,2025-10-18 13:54:17.091427,0,0.37775356007091315,0
O031933,C07286,P00009,2025-10-18 14:07:23.351083,0,0.35477514268001303,0
O031934,C01599,P02482,2025-10-18 14:20:29.610740,0,0.08589454608663862,0
O031935,C07226,P00813,2025-10-18 14:33:35.870396,0,0.07752261658351894,0
O031936,C04348,P01682,2025-10-18 14:46:42.130053,1,0.16358996294496833,0
O031937,C07610,P00926,2025-10-18 14:59:48.389709,0,0.174031724763038,0
O031938,C00009,P01824,2025-10-18 15:12:54.649366,0,0.21431724903478913,0
O031939,C06057,P00283,2025-10-18 15:26:00.909022,0,0.20935680171602747,0
O031940,C02037,P01995,2025-10-18 15:39:07.168679,1,0.12184177854753507,0
O031941,C07579,P00066,2025-10-18 15:52:13.428335,1,0.4787835860414599,0
O031942,C00522,P01572,2025-10-18 16:05:19.687992,0,0.1666862310432529,0
O031943,C04896,P00890,2025-10-18 16:18:25.947648,0,0.13602065562027618,0
O031944,C00918,P01343,2025-10-18 16:31:32.207305,1,0.20129115175108564,0
O031945,C07950,P01929,2025-10-18 16:44:38.466961,0,0.08449171463820952,0
O031946,C06484,P00125,2025-10-18 16:57:44.726618,0,0.28069831769172243,0
O031947,C04257,P01367,2025-10-18 17:10:50.986274,0,0.19966351559229248,0
O031948,C03749,P00096,2025-10-18 17:23:57.245931,0,0.2826182580265577,0
O031949,C05849,P02059,2025-10-18 17:37:03.505587,0,0.284135888826577,0
O031950,C04664,P00592,2025-10-18 17:50:09.765244,0,0.17608968113112233,0
O031951,C07565,P01788,2025-10-18 18:03:16.024900,0,0.10473760992289004,0
O031952,C03922,P01183,2025-10-18 18:16:22.284557,1,0.09364618232166642,0
O031953,C05277,P00052,2025-10-18 18:29:28.544213,1,0.628479817554862,1
O031954,C05763,P01026,2025-10-18 18:42:34.803870,1,0.10117068756212556,0
O031955,C01087,P00960,2025-10-18 18:55:41.063526,1,0.49280052594732215,0
O031956,C02751,P02412,2025-10-18 19:08:47.323183,0,0.21387907570290363,0
O031957,C00890,P01678,2025-10-18 19:21:53.582839,0,0.08220143691314152,0
O031958,C00110,P00996,2025-10-18 19:34:59.842496,0,0.1371140255827654,0
O031959,C02855,P01847,2025-10-18 19:48:06.102152,1,0.18896670056214143,0
O031960,C05317,P00885,2025-10-18 20:01:12.361809,0,0.12768914508801268,0
O031961,C01748,P02088,2025-10-18 20:14:18.621465,0,0.11224653542274332,0
O031962,C03949,P01968,2025-10-18 20:27:24.881122,0,0.266027889347853,0
O031963,C06236,P02205,2025-10-18 20:40:31.140778,0,0.34499983098158,0
O031964,C01371,P01177,2025-10-18 20:53:37.400435,0,0.3283000520631967,0
O031965,C03539,P02136,2025-10-18 21:06:43.660091,1,0.32513928998469444,0
O031966,C02541,P01730,2025-10-18 21:19:49.919747,0,0.24124272772355657,0
O031967,C06324,P02220,2025-10-18 21:32:56.179404,1,0.18873392533574204,0
O031968,C06063,P01335,2025-10-18 21:46:02.439060,0,0.24355006539733942,0
O031969,C01254,P01201,2025-10-18 21:59:08.698717,1,0.4613798878201843,0
O031970,C03941,P01521,2025-10-18 22:12:14.958373,0,0.10883498977494145,0
O031971,C05964,P00706,2025-10-18 22:25:21.218030,0,0.5369171667047199,1
O031972,C05483,P01487,2025-10-18 22:38:27.477686,0,0.15135385226788722,0
O031973,C03154,P01441,2025-10-18 22:51:33.737343,0,0.42830252938054764,0
O031974,C04214,P00222,2025-10-18 23:04:39.996999,0,0.09814877783473963,0
O031975,C05165,P00211,2025-10-18 23:17:46.256656,1,0.2393043687149721,0
O031976,C02162,P00684,2025-10-18 23:30:52.516312,1,0.33918175790359745,0
O031977,C02284,P00796,2025-10-18 23:43:58.775969,0,0.1505728905014301,0
O031978,C02390,P01750,2025-10-18 23:57:05.035625,0,0.21820754232165335,0
O031979,C02474,P02222,2025-10-19 00:10:11.295282,1,0.14176791640142192,0
O031980,C04453,P00244,2025-10-19 00:23:17.554938,0,0.2778754296886132,0
O031981,C02939,P00962,2025-10-19 00:36:23.814595,0,0.5175746607737529,1
O031982,C05340,P00375,2025-10-19 00:49:30.074251,0,0.06634264145305538,0
O031983,C07990,P01719,2025-10-19 01:02:36.333908,0,0.24818401834876433,0
O031984,C04810,P00809,2025-10-19 01:15:42.593564,0,0.11744270779615754,0
O031985,C07020,P00287,2025-10-19 01:28:48.853221,0,0.10828003209603713,0
O031986,C04744,P00322,2025-10-19 01:41:55.112877,0,0.08237581800686683,0
O031987,C00919,P00814,2025-10-19 01:55:01.372534,0,0.10044889222128855,0
O031988,C07068,P02116,2025-10-19 02:08:07.632190,0,0.12493291775397333,0
O031989,C00792,P01964,2025-10-19 02:21:13.891847,0,0.17935624907260841,0
O031990,C06310,P00421,2025-10-19 02:34:20.151503,1,0.4369678194756389,0
O031991,C04702,P00740,2025-10-19 02:47:26.411160,1,0.4665624738827839,0
O031992,C00503,P00284,2025-10-19 03:00:32.670816,1,0.369419804031514,0
O031993,C04106,P00453,2025-10-19 03:13:38.930473,1,0.22732933134972372,0
O031994,C03746,P01495,2025-10-19 03:26:45.190129,1,0.22226326696695942,0
O031995,C03213,P00821,2025-10-19 03:39:51.449786,0,0.306468418809013,0
O031996,C03828,P01723,2025-10-19 03:52:57.709442,0,0.2400971111875458,0
O031997,C04624,P00998,2025-10-19 04:06:03.969099,0,0.08199489148481459,0
O031998,C02677,P01848,2025-10-19 04:19:10.228755,1,0.08342191126705722,0
O031999,C03486,P01622,2025-10-19 04:32:16.488412,0,0.08553981076862324,0
O032000,C00528,P00697,2025-10-19 04:45:22.748068,0,0.16678091386916594,0
O032001,C07912,P02287,2025-10-19 04:58:29.007725,0,0.3246487083139311,0
O032002,C07598,P00200,2025-10-19 05:11:35.267381,0,0.10317374924661721,0
O032003,C01696,P00075,2025-10-19 05:24:41.527038,0,0.15170801319728447,0
O032004,C07416,P02459,2025-10-19 05:37:47.786694,0,0.14050201140859545,0
O032005,C04723,P00504,2025-10-19 05:50:54.046351,0,0.11244668264440472,0
O032006,C01278,P00610,2025-10-19 06:04:00.306007,1,0.407934006750013,0
O032007,C03391,P00923,2025-10-19 06:17:06.565664,0,0.17511436719458903,0
O032008,C00080,P00913,2025-10-19 06:30:12.825320,0,0.16651526969576325,0
O032009,C02230,P00924,2025-10-19 06:43:19.084977,1,0.18580727848335366,0
O032010,C06819,P00461,2025-10-19 06:56:25.344633,0,0.12745313298746236,0
O032011,C05345,P00547,2025-10-19 07:09:31.604290,0,0.24606145766473805,0
O032012,C05721,P00271,2025-10-19 07:22:37.863946,0,0.20318898582972178,0
O032013,C03649,P01849,2025-10-19 07:35:44.123603,0,0.23183142136669155,0
O032014,C06199,P01890,2025-10-19 07:48:50.383259,0,0.2803434385973866,0
O032015,C07028,P01374,2025-10-19 08:01:56.642916,1,0.1624837012946196,0
O032016,C04619,P01784,2025-10-19 08:15:02.902572,0,0.10820782708143815,0
O032017,C06389,P00198,2025-10-19 08:28:09.162229,1,0.0747300210723778,0
O032018,C04457,P02271,2025-10-19 08:41:15.421885,1,0.17927221140252353,0
O032019,C00998,P01503,2025-10-19 08:54:21.681542,0,0.0972140523069852,0
O032020,C00044,P00886,2025-10-19 09:07:27.941198,0,0.14238705742940444,0
O032021,C00496,P00564,2025-10-19 09:20:34.200855,0,0.11108119785500584,0
O032022,C05794,P01246,2025-10-19 09:33:40.460511,0,0.3536785056564109,0
O032023,C00987,P00965,2025-10-19 09:46:46.720168,1,0.28601501819129016,0
O032024,C05670,P00892,2025-10-19 09:59:52.979824,0,0.29480733655083247,0
O032025,C05869,P00410,2025-10-19 10:12:59.239480,1,0.46006003770666615,0
O032026,C06768,P02249,2025-10-19 10:26:05.499137,0,0.0715187177175745,0
O032027,C07899,P01097,2025-10-19 10:39:11.758793,0,0.13895019657907517,0
O032028,C05687,P00255,2025-10-19 10:52:18.018450,0,0.23441190045087834,0
O032029,C07855,P01623,2025-10-19 11:05:24.278106,1,0.22035131875975728,0
O032030,C03703,P02461,2025-10-19 11:18:30.537763,0,0.37127771189582986,0
O032031,C01885,P02246,2025-10-19 11:31:36.797419,1,0.16044554739326924,0
O032032,C00588,P00561,2025-10-19 11:44:43.057076,1,0.18230348789694673,0
O032033,C04592,P00895,2025-10-19 11:57:49.316732,0,0.09829755966848563,0
O032034,C04061,P00310,2025-10-19 12:10:55.576389,0,0.08536602485709646,0
O032035,C06268,P02287,2025-10-19 12:24:01.836045,0,0.3829797123303184,0
O032036,C05176,P00108,2025-10-19 12:37:08.095702,0,0.09487080219963383,0
O032037,C04965,P02195,2025-10-19 12:50:14.355358,0,0.1435239168373299,0
O032038,C00095,P01990,2025-10-19 13:03:20.615015,0,0.17629751218084821,0
O032039,C04654,P01296,2025-10-19 13:16:26.874671,0,0.10810524714933824,0
O032040,C06547,P01815,2025-10-19 13:29:33.134328,0,0.09038837899795135,0
O032041,C01205,P00945,2025-10-19 13:42:39.393984,0,0.21551206072989576,0
O032042,C05331,P02021,2025-10-19 13:55:45.653641,0,0.12290570227956527,0
O032043,C03063,P01210,2025-10-19 14:08:51.913297,0,0.19575253162054046,0
O032044,C06679,P02097,2025-10-19 14:21:58.172954,0,0.1820324830641487,0
O032045,C03250,P01076,2025-10-19 14:35:04.432610,0,0.34001071700949553,0
O032046,C07563,P01541,2025-10-19 14:48:10.692267,1,0.2370849530120915,0
O032047,C05500,P01857,2025-10-19 15:01:16.951923,1,0.24166291370119347,0
O032048,C06499,P00109,2025-10-19 15:14:23.211580,0,0.08700480493757261,0
O032049,C07025,P01114,2025-10-19 15:27:29.471236,0,0.07837031066919523,0
O032050,C03104,P00129,2025-10-19 15:40:35.730893,0,0.318994971745387,0
O032051,C01117,P00068,2025-10-19 15:53:41.990549,0,0.13146895693978025,0
O032052,C00483,P02343,2025-10-19 16:06:48.250206,0,0.305802638572195,0
O032053,C00016,P00370,2025-10-19 16:19:54.509862,0,0.07748206323025043,0
O032054,C00672,P02312,2025-10-19 16:33:00.769519,0,0.170923960258804,0
O032055,C05639,P01343,2025-10-19 16:46:07.029175,0,0.14485872886560722,0
O032056,C05035,P01458,2025-10-19 16:59:13.288832,0,0.23088947523057463,0
O032057,C03763,P01845,2025-10-19 17:12:19.548488,0,0.15813144458311285,0
O032058,C05696,P02080,2025-10-19 17:25:25.808145,0,0.15735337700948548,0
O032059,C04093,P00111,2025-10-19 17:38:32.067801,1,0.1371549402000325,0
O032060,C06175,P02255,2025-10-19 17:51:38.327458,1,0.16852659817183144,0
O032061,C02780,P00244,2025-10-19 18:04:44.587114,1,0.2574438998778992,0
O032062,C07767,P00182,2025-10-19 18:17:50.846771,0,0.09339145983041913,0
O032063,C05655,P01817,2025-10-19 18:30:57.106427,0,0.10194329710891362,0
O032064,C05828,P00246,2025-10-19 18:44:03.366084,0,0.05633051300804203,0
O032065,C02753,P02302,2025-10-19 18:57:09.625740,1,0.31471115259841487,0
O032066,C07972,P02098,2025-10-19 19:10:15.885397,0,0.25906292676879533,0
O032067,C00861,P01510,2025-10-19 19:23:22.145053,0,0.0852226025229996,0
O032068,C03400,P00073,2025-10-19 19:36:28.404710,1,0.2157809703399292,0
O032069,C04088,P00849,2025-10-19 19:49:34.664366,0,0.16591392240070404,0
O032070,C01751,P00622,2025-10-19 20:02:40.924023,0,0.2029401687302382,0
O032071,C07889,P00414,2025-10-19 20:15:47.183679,1,0.44963970713654877,0
O032072,C04115,P00578,2025-10-19 20:28:53.443336,0,0.1684606658079472,0
O032073,C05769,P02202,2025-10-19 20:41:59.702992,0,0.19251557000459832,0
O032074,C00481,P00531,2025-10-19 20:55:05.962649,0,0.0850734358545696,0
O032075,C01129,P00288,2025-10-19 21:08:12.222305,0,0.08778715678555017,0
O032076,C04490,P01655,2025-10-19 21:21:18.481962,0,0.09495519653840215,0
O032077,C05975,P01937,2025-10-19 21:34:24.741618,1,0.2402966764190118,0
O032078,C03336,P01748,2025-10-19 21:47:31.001275,0,0.07740565319855493,0
O032079,C01954,P02240,2025-10-19 22:00:37.260931,0,0.3105236177504625,0
O032080,C02641,P00889,2025-10-19 22:13:43.520588,0,0.25217552717149977,0
O032081,C05514,P00183,2025-10-19 22:26:49.780244,1,0.33786317675605027,0
O032082,C01248,P00292,2025-10-19 22:39:56.039900,0,0.0639739030351419,0
O032083,C07566,P02141,2025-10-19 22:53:02.299557,0,0.11632821976096414,0
O032084,C03498,P01888,2025-10-19 23:06:08.559213,1,0.1101426975653576,0
O032085,C01354,P02246,2025-10-19 23:19:14.818870,0,0.08849541239091512,0
O032086,C06230,P01079,2025-10-19 23:32:21.078526,1,0.4654886046253203,0
O032087,C01671,P01004,2025-10-19 23:45:27.338183,0,0.39347646010020987,0
O032088,C03707,P00961,2025-10-19 23:58:33.597839,1,0.4614147626713933,0
O032089,C05415,P00152,2025-10-20 00:11:39.857496,1,0.46860351544073553,0
O032090,C02245,P00494,2025-10-20 00:24:46.117152,1,0.4232280509596,0
O032091,C02906,P00621,2025-10-20 00:37:52.376809,0,0.25736505299332013,0
O032092,C07129,P00836,2025-10-20 00:50:58.636465,0,0.12143757573387105,0
O032093,C05655,P02310,2025-10-20 01:04:04.896122,0,0.09540370015446697,0
O032094,C04726,P01785,2025-10-20 01:17:11.155778,0,0.12949276642603672,0
O032095,C00902,P01756,2025-10-20 01:30:17.415435,0,0.08894551085955045,0
O032096,C05737,P00875,2025-10-20 01:43:23.675091,0,0.11491407340028574,0
O032097,C01465,P00811,2025-10-20 01:56:29.934748,1,0.323282134414664,0
O032098,C00312,P01774,2025-10-20 02:09:36.194404,0,0.32464605001274727,0
O032099,C06900,P01948,2025-10-20 02:22:42.454061,0,0.07252658997566926,0
O032100,C05383,P01540,2025-10-20 02:35:48.713717,0,0.11953556198095965,0
O032101,C01144,P00623,2025-10-20 02:48:54.973374,0,0.09450296503646517,0
O032102,C02926,P00245,2025-10-20 03:02:01.233030,0,0.23376615419531746,0
O032103,C05632,P00959,2025-10-20 03:15:07.492687,0,0.09054487635044962,0
O032104,C05917,P02270,2025-10-20 03:28:13.752343,1,0.2570250117996859,0
O032105,C02363,P01987,2025-10-20 03:41:20.012000,1,0.08063625078189793,0
O032106,C04845,P01719,2025-10-20 03:54:26.271656,0,0.18322066632012804,0
O032107,C04435,P02353,2025-10-20 04:07:32.531313,0,0.26091970869080594,0
O032108,C04196,P00564,2025-10-20 04:20:38.790969,0,0.13337541822568097,0
O032109,C07892,P00153,2025-10-20 04:33:45.050626,0,0.12726604861975244,0
O032110,C01043,P02489,2025-10-20 04:46:51.310282,0,0.11036479294274427,0
O032111,C04464,P00314,2025-10-20 04:59:57.569939,1,0.1809430808362377,0
O032112,C05395,P01174,2025-10-20 05:13:03.829595,0,0.08702837555025199,0
O032113,C01057,P00887,2025-10-20 05:26:10.089252,0,0.2204596497606624,0
O032114,C00101,P02458,2025-10-20 05:39:16.348908,0,0.11808067665264589,0
O032115,C02308,P00391,2025-10-20 05:52:22.608565,0,0.1405190525861002,0
O032116,C03447,P00129,2025-10-20 06:05:28.868221,0,0.22805517452186783,0
O032117,C04837,P00269,2025-10-20 06:18:35.127878,0,0.25649767170175214,0
O032118,C05058,P00884,2025-10-20 06:31:41.387534,0,0.35925075859958244,0
O032119,C00932,P00951,2025-10-20 06:44:47.647191,0,0.2684190630679441,0
O032120,C01854,P00330,2025-10-20 06:57:53.906847,0,0.09623064099550811,0
O032121,C07255,P01260,2025-10-20 07:11:00.166504,0,0.09721591290220087,0
O032122,C00159,P01790,2025-10-20 07:24:06.426160,0,0.11410245015648418,0
O032123,C02579,P00169,2025-10-20 07:37:12.685817,0,0.10597931255524627,0
O032124,C02083,P01840,2025-10-20 07:50:18.945473,0,0.09067722066161499,0
O032125,C02249,P00857,2025-10-20 08:03:25.205130,0,0.0708485035288983,0
O032126,C02994,P00050,2025-10-20 08:16:31.464786,0,0.10458112434064783,0
O032127,C00548,P02500,2025-10-20 08:29:37.724443,1,0.4507945487309389,0
O032128,C04123,P01525,2025-10-20 08:42:43.984099,0,0.18127461648303164,0
O032129,C05519,P02196,2025-10-20 08:55:50.243756,1,0.34777171344442465,0
O032130,C03266,P00419,2025-10-20 09:08:56.503412,0,0.333113178072419,0
O032131,C03073,P01624,2025-10-20 09:22:02.763069,0,0.09521660084153706,0
O032132,C05438,P00487,2025-10-20 09:35:09.022725,0,0.18949953801356278,0
O032133,C05601,P02390,2025-10-20 09:48:15.282382,0,0.2084082653271535,0
O032134,C04497,P01692,2025-10-20 10:01:21.542038,0,0.1841611351179723,0
O032135,C04543,P01702,2025-10-20 10:14:27.801695,0,0.37624755680130145,0
O032136,C01865,P02231,2025-10-20 10:27:34.061351,1,0.522788049538622,1
O032137,C06689,P01845,2025-10-20 10:40:40.321008,1,0.10429608236073479,0
O032138,C00244,P00222,2025-10-20 10:53:46.580664,0,0.08968002238362237,0
O032139,C00706,P00285,2025-10-20 11:06:52.840321,1,0.1567447847094228,0
O032140,C03235,P00718,2025-10-20 11:19:59.099977,0,0.217884802970799,0
O032141,C00360,P00963,2025-10-20 11:33:05.359633,0,0.12833080410199657,0
O032142,C02485,P00501,2025-10-20 11:46:11.619290,0,0.1083882467859806,0
O032143,C05961,P00657,2025-10-20 11:59:17.878946,0,0.3243428562233728,0
O032144,C02786,P00057,2025-10-20 12:12:24.138603,1,0.16971267168042037,0
O032145,C06683,P00321,2025-10-20 12:25:30.398259,0,0.12439286172340772,0
O032146,C03989,P01862,2025-10-20 12:38:36.657916,0,0.22634780429554063,0
O032147,C04484,P01873,2025-10-20 12:51:42.917572,1,0.3088521177601511,0
O032148,C06083,P00877,2025-10-20 13:04:49.177229,0,0.18691824805144414,0
O032149,C05230,P00938,2025-10-20 13:17:55.436885,0,0.10486568838736887,0
O032150,C00444,P00109,2025-10-20 13:31:01.696542,0,0.1760615747852553,0
O032151,C07064,P00539,2025-10-20 13:44:07.956198,0,0.2887057185001104,0
O032152,C07462,P00391,2025-10-20 13:57:14.215855,1,0.38526781609571814,0
O032153,C06553,P02339,2025-10-20 14:10:20.475511,0,0.2078843479387918,0
O032154,C06919,P00415,2025-10-20 14:23:26.735168,0,0.06915086916310363,0
O032155,C05694,P00087,2025-10-20 14:36:32.994824,0,0.31675176334417965,0
O032156,C05937,P01408,2025-10-20 14:49:39.254481,1,0.20137532562651883,0
O032157,C02998,P00862,2025-10-20 15:02:45.514137,0,0.1431812766424521,0
O032158,C01134,P02483,2025-10-20 15:15:51.773794,0,0.11124078794205661,0
O032159,C04833,P01569,2025-10-20 15:28:58.033450,0,0.22057038201936136,0
O032160,C07619,P00267,2025-10-20 15:42:04.293107,1,0.26480309032597854,0
O032161,C02558,P01008,2025-10-20 15:55:10.552763,1,0.28134279399173534,0
O032162,C02807,P00321,2025-10-20 16:08:16.812420,0,0.2867814363536144,0
O032163,C01049,P01447,2025-10-20 16:21:23.072076,0,0.4791256295602596,0
O032164,C06163,P01054,2025-10-20 16:34:29.331733,0,0.21490449972891518,0
O032165,C00286,P02094,2025-10-20 16:47:35.591389,0,0.09883662981385472,0
O032166,C01204,P02278,2025-10-20 17:00:41.851046,1,0.33106716288589294,0
O032167,C01304,P00916,2025-10-20 17:13:48.110702,0,0.12064904333289661,0
O032168,C06012,P01940,2025-10-20 17:26:54.370359,0,0.07499211645860297,0
O032169,C01348,P00771,2025-10-20 17:40:00.630015,0,0.23492399368557468,0
O032170,C03487,P01029,2025-10-20 17:53:06.889672,0,0.3025440828792541,0
O032171,C04431,P00970,2025-10-20 18:06:13.149328,0,0.22984807826518186,0
O032172,C06053,P02368,2025-10-20 18:19:19.408985,1,0.3546006272468038,0
O032173,C07605,P02124,2025-10-20 18:32:25.668641,0,0.05061894679558501,0
O032174,C00046,P01463,2025-10-20 18:45:31.928298,1,0.41422093320655917,0
O032175,C04284,P01015,2025-10-20 18:58:38.187954,0,0.11526577561502216,0
O032176,C01723,P01546,2025-10-20 19:11:44.447611,0,0.12535801483056272,0
O032177,C01840,P01873,2025-10-20 19:24:50.707267,1,0.37070973351226827,0
O032178,C05519,P00901,2025-10-20 19:37:56.966924,0,0.12272088709967016,0
O032179,C06104,P00470,2025-10-20 19:51:03.226580,0,0.139246467476588,0
O032180,C03705,P01983,2025-10-20 20:04:09.486237,0,0.2642829655070559,0
O032181,C03093,P01977,2025-10-20 20:17:15.745893,0,0.17614867451122446,0
O032182,C00641,P02310,2025-10-20 20:30:22.005550,0,0.34295254698682,0
O032183,C06822,P01915,2025-10-20 20:43:28.265206,0,0.1118654075284336,0
O032184,C07841,P01872,2025-10-20 20:56:34.524863,1,0.39462890421010993,0
O032185,C05093,P01917,2025-10-20 21:09:40.784519,0,0.2511377598185423,0
O032186,C01353,P00973,2025-10-20 21:22:47.044176,1,0.36970692991191484,0
O032187,C04841,P01297,2025-10-20 21:35:53.303832,0,0.19255869950699436,0
O032188,C01518,P00104,2025-10-20 21:48:59.563489,0,0.11205288125135257,0
O032189,C01512,P00007,2025-10-20 22:02:05.823145,1,0.19806488897514213,0
O032190,C05162,P00261,2025-10-20 22:15:12.082802,0,0.2794601783003778,0
O032191,C00317,P01207,2025-10-20 22:28:18.342458,0,0.16169847479837762,0
O032192,C01549,P00867,2025-10-20 22:41:24.602115,0,0.25248363596573264,0
O032193,C02351,P01507,2025-10-20 22:54:30.861771,1,0.17307919891493595,0
O032194,C03531,P02069,2025-10-20 23:07:37.121428,0,0.10339841296616768,0
O032195,C01256,P00892,2025-10-20 23:20:43.381084,1,0.1811449572040032,0
O032196,C07236,P02145,2025-10-20 23:33:49.640741,0,0.13711499726107565,0
O032197,C01930,P00331,2025-10-20 23:46:55.900397,0,0.2308545462389681,0
O032198,C03023,P02460,2025-10-21 00:00:02.160054,0,0.15833142806660935,0
O032199,C04389,P01938,2025-10-21 00:13:08.419710,0,0.30993352638378413,0
O032200,C07002,P00135,2025-10-21 00:26:14.679366,0,0.17846628467790396,0
O032201,C02323,P02081,2025-10-21 00:39:20.939023,1,0.32097431763871337,0
O032202,C07559,P01400,2025-10-21 00:52:27.198679,1,0.18084866935519028,0
O032203,C06161,P01354,2025-10-21 01:05:33.458336,0,0.13830485381415397,0
O032204,C03749,P01303,2025-10-21 01:18:39.717992,0,0.21276292245221484,0
O032205,C01187,P00669,2025-10-21 01:31:45.977649,0,0.15137389819553926,0
O032206,C05738,P02471,2025-10-21 01:44:52.237305,0,0.08765885582903132,0
O032207,C01579,P00088,2025-10-21 01:57:58.496962,0,0.1509886494409521,0
O032208,C03620,P00973,2025-10-21 02:11:04.756618,0,0.22215193748596668,0
O032209,C04234,P01269,2025-10-21 02:24:11.016275,1,0.2083802932006229,0
O032210,C03347,P02233,2025-10-21 02:37:17.275931,0,0.2753022372034252,0
O032211,C00057,P00849,2025-10-21 02:50:23.535588,0,0.07257495319021008,0
O032212,C00888,P02411,2025-10-21 03:03:29.795244,1,0.2890338080623992,0
O032213,C01561,P01926,2025-10-21 03:16:36.054901,0,0.2243738129586249,0
O032214,C02323,P01268,2025-10-21 03:29:42.314557,0,0.22153070857588897,0
O032215,C00371,P02079,2025-10-21 03:42:48.574214,0,0.49502844067047097,0
O032216,C04043,P02280,2025-10-21 03:55:54.833870,0,0.1740955617002829,0
O032217,C05262,P00007,2025-10-21 04:09:01.093527,0,0.15792586499002384,0
O032218,C01397,P00933,2025-10-21 04:22:07.353183,0,0.16716770724116056,0
O032219,C06916,P01894,2025-10-21 04:35:13.612840,0,0.09867826138276847,0
O032220,C01331,P00813,2025-10-21 04:48:19.872496,0,0.07619970926951707,0
O032221,C06234,P01265,2025-10-21 05:01:26.132153,0,0.21081077555620895,0
O032222,C02978,P00161,2025-10-21 05:14:32.391809,0,0.07941410726029607,0
O032223,C00557,P00663,2025-10-21 05:27:38.651466,0,0.23257726689250713,0
O032224,C01908,P00540,2025-10-21 05:40:44.911122,0,0.3325943440251751,0
O032225,C07916,P01436,2025-10-21 05:53:51.170779,0,0.2521220735558298,0
O032226,C02258,P02341,2025-10-21 06:06:57.430435,1,0.13497444555686014,0
O032227,C05306,P00610,2025-10-21 06:20:03.690092,0,0.3676288863403189,0
O032228,C01150,P00497,2025-10-21 06:33:09.949748,0,0.14755270567132367,0
O032229,C00491,P00744,2025-10-21 06:46:16.209405,1,0.1243684494187847,0
O032230,C02299,P02005,2025-10-21 06:59:22.469061,0,0.31138167746142786,0
O032231,C00570,P00792,2025-10-21 07:12:28.728718,0,0.17281393486580912,0
O032232,C06778,P01604,2025-10-21 07:25:34.988374,1,0.2886089816857258,0
O032233,C00716,P01465,2025-10-21 07:38:41.248031,0,0.5036417821434408,1
O032234,C05349,P01403,2025-10-21 07:51:47.507687,1,0.5775399111387851,1
O032235,C07971,P02447,2025-10-21 08:04:53.767344,0,0.3642189911441908,0
O032236,C01834,P02100,2025-10-21 08:18:00.027000,0,0.07943031423690873,0
O032237,C02535,P01249,2025-10-21 08:31:06.286657,1,0.2139919036855722,0
O032238,C01972,P01069,2025-10-21 08:44:12.546313,1,0.1486141102577361,0
O032239,C01000,P00355,2025-10-21 08:57:18.805970,1,0.09105945922380153,0
O032240,C02974,P01116,2025-10-21 09:10:25.065626,1,0.06529742845773952,0
O032241,C00246,P01467,2025-10-21 09:23:31.325283,0,0.07010644883835455,0
O032242,C02414,P00991,2025-10-21 09:36:37.584939,0,0.16166950176992848,0
O032243,C01286,P01062,2025-10-21 09:49:43.844596,0,0.13226655541152252,0
O032244,C01984,P01278,2025-10-21 10:02:50.104252,0,0.18214997022709717,0
O032245,C04128,P00887,2025-10-21 10:15:56.363909,0,0.10269737974994714,0
O032246,C07990,P01663,2025-10-21 10:29:02.623565,0,0.13246468447607335,0
O032247,C05649,P01325,2025-10-21 10:42:08.883222,0,0.10606701798081937,0
O032248,C02662,P00311,2025-10-21 10:55:15.142878,1,0.24115902881647977,0
O032249,C06094,P00385,2025-10-21 11:08:21.402535,0,0.20379485801973646,0
O032250,C02328,P01550,2025-10-21 11:21:27.662191,0,0.09475754468223374,0
O032251,C00596,P00780,2025-10-21 11:34:33.921848,0,0.2143176637625388,0
O032252,C02025,P00360,2025-10-21 11:47:40.181504,1,0.12693268736028035,0
O032253,C00661,P02105,2025-10-21 12:00:46.441161,0,0.5062536850205448,1
O032254,C01377,P02185,2025-10-21 12:13:52.700817,0,0.12212131634786469,0
O032255,C01461,P00454,2025-10-21 12:26:58.960474,0,0.13700037699374656,0
O032256,C01883,P01270,2025-10-21 12:40:05.220130,0,0.4452975995949462,0
O032257,C03023,P00639,2025-10-21 12:53:11.479786,0,0.337560399265116,0
O032258,C04434,P00225,2025-10-21 13:06:17.739443,0,0.28493779428012095,0
O032259,C03662,P01677,2025-10-21 13:19:23.999099,0,0.1709888528613472,0
O032260,C05885,P00855,2025-10-21 13:32:30.258756,0,0.13519991499021147,0
O032261,C07313,P01135,2025-10-21 13:45:36.518412,0,0.24538199189018223,0
O032262,C07432,P01176,2025-10-21 13:58:42.778069,0,0.09763963521931214,0
O032263,C05980,P01016,2025-10-21 14:11:49.037725,0,0.21784791190068284,0
O032264,C02754,P00314,2025-10-21 14:24:55.297382,0,0.3626306919684939,0
O032265,C03394,P00069,2025-10-21 14:38:01.557038,0,0.10642286572684893,0
O032266,C02327,P01940,2025-10-21 14:51:07.816695,0,0.16770166758954796,0
O032267,C04124,P00009,2025-10-21 15:04:14.076351,0,0.18477597572598425,0
O032268,C04102,P00556,2025-10-21 15:17:20.336008,0,0.11229994288758396,0
O032269,C02879,P00376,2025-10-21 15:30:26.595664,1,0.1610661456902573,0
O032270,C00632,P01193,2025-10-21 15:43:32.855321,0,0.4986186485019268,0
O032271,C00659,P01602,2025-10-21 15:56:39.114977,0,0.08245332264904512,0
O032272,C02398,P01916,2025-10-21 16:09:45.374634,0,0.13134710898119717,0
O032273,C00352,P00448,2025-10-21 16:22:51.634290,0,0.36318564502708933,0
O032274,C07463,P00856,2025-10-21 16:35:57.893947,0,0.20949054246291535,0
O032275,C03419,P02296,2025-10-21 16:49:04.153603,0,0.3712998628383198,0
O032276,C06645,P02405,2025-10-21 17:02:10.413260,0,0.26296137322090296,0
O032277,C05648,P01876,2025-10-21 17:15:16.672916,0,0.16887619185262812,0
O032278,C02674,P02454,2025-10-21 17:28:22.932573,0,0.15522640345201968,0
O032279,C00554,P02026,2025-10-21 17:41:29.192229,1,0.11707933363403905,0
O032280,C04397,P01259,2025-10-21 17:54:35.451886,1,0.09844272592858251,0
O032281,C05857,P01306,2025-10-21 18:07:41.711542,1,0.3679369958275669,0
O032282,C05394,P00952,2025-10-21 18:20:47.971199,1,0.21561610402752962,0
O032283,C07450,P00678,2025-10-21 18:33:54.230855,0,0.5525884356903074,1
O032284,C02840,P00755,2025-10-21 18:47:00.490512,1,0.5101313083057627,1
O032285,C06116,P00269,2025-10-21 19:00:06.750168,1,0.12429028539264947,0
O032286,C00313,P01645,2025-10-21 19:13:13.009825,1,0.21628775520626153,0
O032287,C06446,P00957,2025-10-21 19:26:19.269481,0,0.12374283477141432,0
O032288,C04891,P00792,2025-10-21 19:39:25.529138,0,0.20366832000168555,0
O032289,C04106,P01924,2025-10-21 19:52:31.788794,1,0.0938978091960307,0
O032290,C06437,P01562,2025-10-21 20:05:38.048451,0,0.1195687466727814,0
O032291,C06795,P01527,2025-10-21 20:18:44.308107,0,0.24027697599067935,0
O032292,C06994,P00368,2025-10-21 20:31:50.567764,0,0.3295917837218271,0
O032293,C05871,P01162,2025-10-21 20:44:56.827420,0,0.11560536143871639,0
O032294,C00975,P00372,2025-10-21 20:58:03.087077,1,0.363469969404534,0
O032295,C00431,P01017,2025-10-21 21:11:09.346733,0,0.4533763836144922,0
O032296,C02131,P00383,2025-10-21 21:24:15.606390,0,0.12514606161218134,0
O032297,C02703,P00293,2025-10-21 21:37:21.866046,0,0.1534329050566787,0
O032298,C01316,P01284,2025-10-21 21:50:28.125703,1,0.0729606166166499,0
O032299,C07693,P02313,2025-10-21 22:03:34.385359,1,0.19704024579736673,0
O032300,C00919,P01092,2025-10-21 22:16:40.645016,1,0.10183542518841787,0
O032301,C06963,P01517,2025-10-21 22:29:46.904672,0,0.10423926110976678,0
O032302,C00013,P01032,2025-10-21 22:42:53.164329,0,0.10724211125933748,0
O032303,C01570,P01649,2025-10-21 22:55:59.423985,1,0.12543386645147464,0
O032304,C05460,P00608,2025-10-21 23:09:05.683642,0,0.19228904897520468,0
O032305,C03448,P02249,2025-10-21 23:22:11.943298,0,0.07362913527677455,0
O032306,C06683,P02170,2025-10-21 23:35:18.202955,0,0.10382149736337042,0
O032307,C02664,P00361,2025-10-21 23:48:24.462611,0,0.3243258641781707,0
O032308,C02695,P01568,2025-10-22 00:01:30.722268,0,0.1205768294114882,0
O032309,C06036,P00424,2025-10-22 00:14:36.981924,0,0.17788203856084392,0
O032310,C07235,P00351,2025-10-22 00:27:43.241581,0,0.07794546339291347,0
O032311,C01048,P00186,2025-10-22 00:40:49.501237,0,0.11342367016901533,0
O032312,C07636,P02120,2025-10-22 00:53:55.760894,0,0.13821275850545703,0
O032313,C06853,P02373,2025-10-22 01:07:02.020550,0,0.05653663001193212,0
O032314,C04205,P00137,2025-10-22 01:20:08.280207,0,0.3142069363192034,0
O032315,C00816,P00370,2025-10-22 01:33:14.539863,0,0.13864553348278544,0
O032316,C00071,P02384,2025-10-22 01:46:20.799519,0,0.36450445948968613,0
O032317,C00803,P01535,2025-10-22 01:59:27.059176,1,0.18152393386579876,0
O032318,C01330,P01606,2025-10-22 02:12:33.318832,1,0.326305261975677,0
O032319,C01570,P02401,2025-10-22 02:25:39.578489,0,0.12723770107996862,0
O032320,C04938,P00681,2025-10-22 02:38:45.838145,0,0.07997437394081978,0
O032321,C03162,P01596,2025-10-22 02:51:52.097802,0,0.09038652360102056,0
O032322,C04163,P00706,2025-10-22 03:04:58.357458,0,0.202502365018428,0
O032323,C02830,P01406,2025-10-22 03:18:04.617115,0,0.13315760429520404,0
O032324,C04027,P02273,2025-10-22 03:31:10.876771,0,0.1858984034334191,0
O032325,C03319,P01525,2025-10-22 03:44:17.136428,0,0.14036620036162667,0
O032326,C04803,P00471,2025-10-22 03:57:23.396084,0,0.20046954544731557,0
O032327,C05102,P01430,2025-10-22 04:10:29.655741,0,0.4330990588878284,0
O032328,C05326,P00051,2025-10-22 04:23:35.915397,0,0.2217086972565283,0
O032329,C02910,P02010,2025-10-22 04:36:42.175054,1,0.19334709023147806,0
O032330,C02356,P00929,2025-10-22 04:49:48.434710,0,0.22623620970071287,0
O032331,C00403,P02424,2025-10-22 05:02:54.694367,0,0.22211277484641215,0
O032332,C04914,P01621,2025-10-22 05:16:00.954023,0,0.24667247012987803,0
O032333,C07243,P01650,2025-10-22 05:29:07.213680,0,0.31964900950959463,0
O032334,C07716,P02259,2025-10-22 05:42:13.473336,0,0.27152690308837235,0
O032335,C07760,P00644,2025-10-22 05:55:19.732993,1,0.37779288805954697,0
O032336,C01330,P01367,2025-10-22 06:08:25.992649,0,0.27589286117852757,0
O032337,C00499,P00191,2025-10-22 06:21:32.252306,0,0.14411835085217126,0
O032338,C00001,P02212,2025-10-22 06:34:38.511962,0,0.2959611482012743,0
O032339,C00895,P01213,2025-10-22 06:47:44.771619,0,0.10979735048503428,0
O032340,C00316,P02166,2025-10-22 07:00:51.031275,1,0.16509825884197077,0
O032341,C07290,P02148,2025-10-22 07:13:57.290932,0,0.11804079621223892,0
O032342,C01228,P01128,2025-10-22 07:27:03.550588,0,0.10490779434103166,0
O032343,C03606,P01871,2025-10-22 07:40:09.810245,0,0.27305012533786505,0
O032344,C07741,P01913,2025-10-22 07:53:16.069901,1,0.08330708774591432,0
O032345,C07770,P00634,2025-10-22 08:06:22.329558,0,0.2647725353493699,0
O032346,C05212,P01204,2025-10-22 08:19:28.589214,0,0.24881854721445737,0
O032347,C00495,P00540,2025-10-22 08:32:34.848871,0,0.29953498670840484,0
O032348,C01600,P00310,2025-10-22 08:45:41.108527,0,0.13204491984124458,0
O032349,C02473,P00875,2025-10-22 08:58:47.368184,0,0.16434157496944327,0
O032350,C06885,P00359,2025-10-22 09:11:53.627840,0,0.13567477290615892,0
O032351,C07645,P01227,2025-10-22 09:24:59.887497,0,0.21969733408610528,0
O032352,C00135,P02331,2025-10-22 09:38:06.147153,0,0.25778063270252755,0
O032353,C05828,P00281,2025-10-22 09:51:12.406810,0,0.14038198477405217,0
O032354,C01750,P01423,2025-10-22 10:04:18.666466,0,0.14464382386321578,0
O032355,C03946,P00711,2025-10-22 10:17:24.926123,0,0.13122198916842323,0
O032356,C01603,P01696,2025-10-22 10:30:31.185779,0,0.16945862780704238,0
O032357,C05825,P00677,2025-10-22 10:43:37.445436,0,0.11186724716046831,0
O032358,C02096,P01073,2025-10-22 10:56:43.705092,0,0.09219033620065735,0
O032359,C07841,P01245,2025-10-22 11:09:49.964749,0,0.17122387442812503,0
O032360,C06556,P01081,2025-10-22 11:22:56.224405,0,0.09919013209997438,0
O032361,C00421,P00456,2025-10-22 11:36:02.484062,1,0.1592684178949068,0
O032362,C04126,P02384,2025-10-22 11:49:08.743718,1,0.3851324856821896,0
O032363,C02574,P00451,2025-10-22 12:02:15.003375,0,0.351866563965172,0
O032364,C04677,P02138,2025-10-22 12:15:21.263031,0,0.09865778563877901,0
O032365,C04597,P02210,2025-10-22 12:28:27.522688,0,0.19391169620825047,0
O032366,C05428,P01897,2025-10-22 12:41:33.782344,1,0.24038519334215128,0
O032367,C05155,P01040,2025-10-22 12:54:40.042001,0,0.08828937787297977,0
O032368,C06294,P01425,2025-10-22 13:07:46.301657,0,0.10927335191059184,0
O032369,C05527,P00151,2025-10-22 13:20:52.561314,0,0.09168467425823275,0
O032370,C03150,P01166,2025-10-22 13:33:58.820970,0,0.14592103323009586,0
O032371,C02416,P01268,2025-10-22 13:47:05.080627,1,0.23138553665331343,0
O032372,C01178,P02317,2025-10-22 14:00:11.340283,0,0.3417116186099817,0
O032373,C04513,P00901,2025-10-22 14:13:17.599940,0,0.11165698147843356,0
O032374,C05390,P00090,2025-10-22 14:26:23.859596,0,0.1532308173917991,0
O032375,C00790,P02343,2025-10-22 14:39:30.119252,0,0.5272806803948462,1
O032376,C05652,P00288,2025-10-22 14:52:36.378909,0,0.2070883259470609,0
O032377,C01494,P00004,2025-10-22 15:05:42.638565,0,0.10122259269732659,0
O032378,C06543,P01775,2025-10-22 15:18:48.898222,0,0.12122779134623665,0
O032379,C05676,P00322,2025-10-22 15:31:55.157878,0,0.08308784472973606,0
O032380,C00670,P00086,2025-10-22 15:45:01.417535,0,0.4441273679070357,0
O032381,C06381,P00268,2025-10-22 15:58:07.677191,0,0.10540387398608218,0
O032382,C06094,P01461,2025-10-22 16:11:13.936848,0,0.35637573102660786,0
O032383,C03001,P01925,2025-10-22 16:24:20.196504,0,0.16257116114876247,0
O032384,C04158,P00427,2025-10-22 16:37:26.456161,0,0.08044005994999089,0
O032385,C00460,P01897,2025-10-22 16:50:32.715817,0,0.3053563193324443,0
O032386,C01804,P00614,2025-10-22 17:03:38.975474,0,0.14634511344899598,0
O032387,C05907,P01617,2025-10-22 17:16:45.235130,0,0.07756345408865814,0
O032388,C01507,P00375,2025-10-22 17:29:51.494787,0,0.15678591574034278,0
O032389,C02452,P01365,2025-10-22 17:42:57.754443,0,0.13789791390036915,0
O032390,C03455,P01627,2025-10-22 17:56:04.014100,1,0.25890995177684023,0
O032391,C07990,P00216,2025-10-22 18:09:10.273756,0,0.18916237395125582,0
O032392,C01700,P01229,2025-10-22 18:22:16.533413,0,0.057485637025513764,0
O032393,C07067,P01463,2025-10-22 18:35:22.793069,0,0.5258645211262237,1
O032394,C05331,P00214,2025-10-22 18:48:29.052726,0,0.2235217082466379,0
O032395,C00937,P01939,2025-10-22 19:01:35.312382,1,0.30708392410491,0
O032396,C03639,P00365,2025-10-22 19:14:41.572039,0,0.24779157098090634,0
O032397,C03956,P00162,2025-10-22 19:27:47.831695,1,0.21808185463332275,0
O032398,C02994,P01352,2025-10-22 19:40:54.091352,0,0.16151213180305082,0
O032399,C00035,P00637,2025-10-22 19:54:00.351008,0,0.3183701096035144,0
O032400,C00069,P00728,2025-10-22 20:07:06.610665,0,0.21284897951359225,0
O032401,C02154,P01904,2025-10-22 20:20:12.870321,0,0.11028191275284158,0
O032402,C03559,P01116,2025-10-22 20:33:19.129978,0,0.06966400767176333,0
O032403,C04284,P01658,2025-10-22 20:46:25.389634,0,0.34560911292500285,0
O032404,C05994,P00836,2025-10-22 20:59:31.649291,0,0.12377790545554297,0
O032405,C06191,P01872,2025-10-22 21:12:37.908947,0,0.4712747750834535,0
O032406,C06938,P02331,2025-10-22 21:25:44.168604,0,0.32363881935714217,0
O032407,C02585,P00267,2025-10-22 21:38:50.428260,0,0.12516036664747426,0
O032408,C03817,P01411,2025-10-22 21:51:56.687917,0,0.09976237809915166,0
O032409,C05439,P01954,2025-10-22 22:05:02.947573,0,0.06254386611107025,0
O032410,C02731,P00298,2025-10-22 22:18:09.207230,0,0.12167969488720165,0
O032411,C03327,P01791,2025-10-22 22:31:15.466886,0,0.241004657726465,0
O032412,C04411,P02474,2025-10-22 22:44:21.726543,0,0.3161095279936022,0
O032413,C05198,P02180,2025-10-22 22:57:27.986199,0,0.17850449607228258,0
O032414,C02868,P00870,2025-10-22 23:10:34.245856,0,0.2032827074145917,0
O032415,C04023,P01964,2025-10-22 23:23:40.505512,0,0.27995642024288214,0
O032416,C02974,P00178,2025-10-22 23:36:46.765169,0,0.08790227126987027,0
O032417,C07004,P01713,2025-10-22 23:49:53.024825,0,0.11586911052327244,0
O032418,C00244,P02008,2025-10-23 00:02:59.284482,0,0.12023074202766283,0
O032419,C06974,P01090,2025-10-23 00:16:05.544138,0,0.2380363551703192,0
O032420,C05343,P00653,2025-10-23 00:29:11.803795,0,0.1232815793325487,0
O032421,C01399,P01488,2025-10-23 00:42:18.063451,0,0.16119267481715724,0
O032422,C04751,P02158,2025-10-23 00:55:24.323108,0,0.11113800475731955,0
O032423,C03521,P00593,2025-10-23 01:08:30.582764,1,0.610485625059096,1
O032424,C05715,P02441,2025-10-23 01:21:36.842421,0,0.12893999954497243,0
O032425,C06920,P01368,2025-10-23 01:34:43.102077,1,0.2650724808866391,0
O032426,C03392,P01730,2025-10-23 01:47:49.361734,0,0.09004212394168233,0
O032427,C05556,P00714,2025-10-23 02:00:55.621390,0,0.2036646195508673,0
O032428,C00310,P01896,2025-10-23 02:14:01.881047,0,0.2783893468421006,0
O032429,C02251,P02365,2025-10-23 02:27:08.140703,1,0.2005064956386419,0
O032430,C03423,P01989,2025-10-23 02:40:14.400360,1,0.18767391964974406,0
O032431,C03814,P00592,2025-10-23 02:53:20.660016,1,0.15757406745508715,0
O032432,C02475,P01940,2025-10-23 03:06:26.919672,1,0.18745846809066868,0
O032433,C02740,P01001,2025-10-23 03:19:33.179329,0,0.12107750456387703,0
O032434,C01279,P02241,2025-10-23 03:32:39.438985,0,0.3279789985455935,0
O032435,C00816,P00161,2025-10-23 03:45:45.698642,0,0.17155636851421266,0
O032436,C05692,P00230,2025-10-23 03:58:51.958298,0,0.07097335817849541,0
O032437,C04594,P00180,2025-10-23 04:11:58.217955,0,0.24228075339754596,0
O032438,C07119,P01213,2025-10-23 04:25:04.477611,0,0.14747719984541555,0
O032439,C07624,P00662,2025-10-23 04:38:10.737268,0,0.09757351159155858,0
O032440,C06589,P00837,2025-10-23 04:51:16.996924,0,0.2475248901114558,0
O032441,C02464,P00099,2025-10-23 05:04:23.256581,0,0.09018697889143008,0
O032442,C07418,P01039,2025-10-23 05:17:29.516237,0,0.1715702721705448,0
O032443,C06556,P01767,2025-10-23 05:30:35.775894,0,0.13032144202638973,0
O032444,C04014,P00380,2025-10-23 05:43:42.035550,1,0.13955938633509193,0
O032445,C06970,P00670,2025-10-23 05:56:48.295207,1,0.4724982389475117,0
O032446,C01890,P01567,2025-10-23 06:09:54.554863,0,0.18998642713764904,0
O032447,C07181,P02453,2025-10-23 06:23:00.814520,0,0.28621125354979904,0
O032448,C06901,P01517,2025-10-23 06:36:07.074176,0,0.14551354354323534,0
O032449,C00096,P01786,2025-10-23 06:49:13.333833,0,0.13514311323329745,0
O032450,C00192,P00110,2025-10-23 07:02:19.593489,1,0.22595512393395578,0
O032451,C06468,P01433,2025-10-23 07:15:25.853146,0,0.38363915705333046,0
O032452,C01989,P00939,2025-10-23 07:28:32.112802,0,0.37337155987026627,0
O032453,C04794,P01097,2025-10-23 07:41:38.372459,0,0.20692479432501087,0
O032454,C07078,P00784,2025-10-23 07:54:44.632115,0,0.0950792760610147,0
O032455,C03889,P00460,2025-10-23 08:07:50.891772,0,0.3053411058651213,0
O032456,C05155,P00574,2025-10-23 08:20:57.151428,0,0.07075844354600297,0
O032457,C00527,P01040,2025-10-23 08:34:03.411085,0,0.09929977709104598,0
O032458,C06851,P00437,2025-10-23 08:47:09.670741,0,0.15013249389902011,0
O032459,C03372,P00701,2025-10-23 09:00:15.930398,0,0.06158532997112804,0
O032460,C05923,P01871,2025-10-23 09:13:22.190054,0,0.3340666321083977,0
O032461,C04353,P01524,2025-10-23 09:26:28.449711,1,0.40467839701892994,0
O032462,C06628,P00777,2025-10-23 09:39:34.709367,0,0.33236746610342854,0
O032463,C07515,P01565,2025-10-23 09:52:40.969024,1,0.504016278960833,1
O032464,C02696,P00837,2025-10-23 10:05:47.228680,1,0.34091473804929756,0
O032465,C03232,P01958,2025-10-23 10:18:53.488337,0,0.10002414629598316,0
O032466,C06351,P00116,2025-10-23 10:31:59.747993,1,0.10637934085178552,0
O032467,C07122,P02225,2025-10-23 10:45:06.007650,1,0.5087041777344403,1
O032468,C00231,P00149,2025-10-23 10:58:12.267306,0,0.10592105847918612,0
O032469,C01782,P00519,2025-10-23 11:11:18.526963,0,0.1518461307702018,0
O032470,C02041,P01318,2025-10-23 11:24:24.786619,0,0.1300642239967945,0
O032471,C03801,P00295,2025-10-23 11:37:31.046276,0,0.4213027254176345,0
O032472,C07399,P00305,2025-10-23 11:50:37.305932,1,0.32256133439127926,0
O032473,C06814,P00284,2025-10-23 12:03:43.565589,0,0.4056806736236493,0
O032474,C05919,P00993,2025-10-23 12:16:49.825245,0,0.10916889040892548,0
O032475,C03901,P00837,2025-10-23 12:29:56.084902,0,0.3354870687669308,0
O032476,C01469,P01723,2025-10-23 12:43:02.344558,0,0.217750994852534,0
O032477,C04352,P01265,2025-10-23 12:56:08.604215,0,0.08842533925254599,0
O032478,C05146,P00789,2025-10-23 13:09:14.863871,0,0.3101785633768603,0
O032479,C06042,P01946,2025-10-23 13:22:21.123528,0,0.16167299321358025,0
O032480,C03223,P02267,2025-10-23 13:35:27.383184,0,0.358516527084219,0
O032481,C06768,P00863,2025-10-23 13:48:33.642841,1,0.20492755209772187,0
O032482,C07229,P01420,2025-10-23 14:01:39.902497,0,0.07327413413846437,0
O032483,C03790,P00615,2025-10-23 14:14:46.162154,0,0.17468677166104835,0
O032484,C04454,P00087,2025-10-23 14:27:52.421810,1,0.24049925718495543,0
O032485,C04735,P02121,2025-10-23 14:40:58.681467,0,0.15198261286662176,0
O032486,C00025,P01326,2025-10-23 14:54:04.941123,0,0.3969647904824225,0
O032487,C01713,P00499,2025-10-23 15:07:11.200780,1,0.07804889585854878,0
O032488,C06545,P01010,2025-10-23 15:20:17.460436,0,0.1248696285284413,0
O032489,C02333,P02349,2025-10-23 15:33:23.720093,0,0.15124424912282264,0
O032490,C07075,P00659,2025-10-23 15:46:29.979749,0,0.0837396678556949,0
O032491,C01816,P01274,2025-10-23 15:59:36.239405,0,0.14448793263524995,0
O032492,C04473,P00157,2025-10-23 16:12:42.499062,0,0.09450471156223154,0
O032493,C00707,P00396,2025-10-23 16:25:48.758718,0,0.21107963808710828,0
O032494,C07410,P02405,2025-10-23 16:38:55.018375,1,0.35782816166257136,0
O032495,C02315,P00537,2025-10-23 16:52:01.278031,0,0.2096859113192405,0
O032496,C02395,P00677,2025-10-23 17:05:07.537688,0,0.1319838049553066,0
O032497,C07035,P00400,2025-10-23 17:18:13.797344,0,0.2501658416692893,0
O032498,C06218,P01950,2025-10-23 17:31:20.057001,1,0.3505850934421348,0
O032499,C00217,P00986,2025-10-23 17:44:26.316657,0,0.1412920176047142,0
O032500,C06597,P00789,2025-10-23 17:57:32.576314,0,0.4010952874317819,0
O032501,C00084,P00144,2025-10-23 18:10:38.835970,0,0.25834817332976745,0
O032502,C05813,P01486,2025-10-23 18:23:45.095627,0,0.20920384719435456,0
O032503,C03084,P00808,2025-10-23 18:36:51.355283,0,0.2081285516682144,0
O032504,C00393,P02273,2025-10-23 18:49:57.614940,0,0.28433548262028635,0
O032505,C00699,P00312,2025-10-23 19:03:03.874596,0,0.08579965400272549,0
O032506,C03635,P01681,2025-10-23 19:16:10.134253,0,0.08606813340868598,0
O032507,C07632,P02378,2025-10-23 19:29:16.393909,0,0.20024959468145095,0
O032508,C05011,P00929,2025-10-23 19:42:22.653566,0,0.30214187888702543,0
O032509,C07072,P01267,2025-10-23 19:55:28.913222,0,0.08113942287163574,0
O032510,C07721,P01119,2025-10-23 20:08:35.172879,0,0.17436462596182944,0
O032511,C01361,P00811,2025-10-23 20:21:41.432535,0,0.5599817525676156,1
O032512,C06686,P02165,2025-10-23 20:34:47.692192,0,0.08071391099772016,0
O032513,C02090,P02187,2025-10-23 20:47:53.951848,0,0.22153124974196545,0
O032514,C07113,P01145,2025-10-23 21:01:00.211505,0,0.39691051733461036,0
O032515,C00003,P01180,2025-10-23 21:14:06.471161,0,0.24267229870695858,0
O032516,C06598,P01167,2025-10-23 21:27:12.730818,1,0.21567604905782575,0
O032517,C05831,P02336,2025-10-23 21:40:18.990474,0,0.5138517252703345,1
O032518,C03272,P00145,2025-10-23 21:53:25.250131,0,0.08369350534090429,0
O032519,C02629,P01740,2025-10-23 22:06:31.509787,0,0.23714087779456378,0
O032520,C05890,P02224,2025-10-23 22:19:37.769444,0,0.42050024549363585,0
O032521,C00599,P01791,2025-10-23 22:32:44.029100,0,0.23563035018027842,0
O032522,C06522,P00342,2025-10-23 22:45:50.288757,0,0.2545521105808342,0
O032523,C01424,P00852,2025-10-23 22:58:56.548413,0,0.08614707141071624,0
O032524,C05914,P01322,2025-10-23 23:12:02.808070,0,0.19895795660974946,0
O032525,C06036,P00702,2025-10-23 23:25:09.067726,0,0.18769695772035314,0
O032526,C02740,P01337,2025-10-23 23:38:15.327383,0,0.29677516895167116,0
O032527,C07153,P00138,2025-10-23 23:51:21.587039,0,0.07718666577092476,0
O032528,C03447,P00183,2025-10-24 00:04:27.846696,0,0.4370660810077241,0
O032529,C06123,P01527,2025-10-24 00:17:34.106352,0,0.36673314932232465,0
O032530,C01222,P00734,2025-10-24 00:30:40.366009,1,0.19277142364538744,0
O032531,C06158,P00422,2025-10-24 00:43:46.625665,0,0.14197834574786894,0
O032532,C01229,P01237,2025-10-24 00:56:52.885322,0,0.14679659874844903,0
O032533,C02116,P00718,2025-10-24 01:09:59.144978,0,0.23991939396122644,0
O032534,C02252,P01575,2025-10-24 01:23:05.404635,0,0.2278768837181127,0
O032535,C01948,P01678,2025-10-24 01:36:11.664291,0,0.11953281962979873,0
O032536,C07116,P01205,2025-10-24 01:49:17.923948,1,0.11375089834586892,0
O032537,C01375,P00516,2025-10-24 02:02:24.183604,0,0.2726531336143077,0
O032538,C01078,P00820,2025-10-24 02:15:30.443261,0,0.36491936931751906,0
O032539,C04293,P01562,2025-10-24 02:28:36.702917,0,0.08385431124132847,0
O032540,C01845,P00980,2025-10-24 02:41:42.962574,1,0.20643695741608792,0
O032541,C01446,P00021,2025-10-24 02:54:49.222230,0,0.30741017600044385,0
O032542,C07732,P01959,2025-10-24 03:07:55.481887,1,0.34531176546685277,0
O032543,C07725,P01533,2025-10-24 03:21:01.741543,0,0.11305801788168825,0
O032544,C04816,P02478,2025-10-24 03:34:08.001200,0,0.17359469741270533,0
O032545,C00802,P00361,2025-10-24 03:47:14.260856,0,0.2338200885832924,0
O032546,C05683,P00353,2025-10-24 04:00:20.520513,0,0.6516752851814027,1
O032547,C02966,P02414,2025-10-24 04:13:26.780169,0,0.12306422538487087,0
O032548,C00718,P02297,2025-10-24 04:26:33.039825,0,0.22055728864997728,0
O032549,C05461,P00433,2025-10-24 04:39:39.299482,0,0.2531299428343894,0
O032550,C04842,P01327,2025-10-24 04:52:45.559138,0,0.27403641661226336,0
O032551,C03649,P00608,2025-10-24 05:05:51.818795,0,0.17542695748207185,0
O032552,C03055,P02309,2025-10-24 05:18:58.078451,0,0.0928078496016664,0
O032553,C02020,P01876,2025-10-24 05:32:04.338108,0,0.3543926863194686,0
O032554,C01132,P01867,2025-10-24 05:45:10.597764,0,0.11662491464377486,0
O032555,C03104,P01669,2025-10-24 05:58:16.857421,0,0.08708920125842413,0
O032556,C03195,P01947,2025-10-24 06:11:23.117077,0,0.30493688893212145,0
O032557,C01292,P02377,2025-10-24 06:24:29.376734,0,0.12630511868503785,0
O032558,C04601,P00333,2025-10-24 06:37:35.636390,0,0.1714231979657647,0
O032559,C03827,P02467,2025-10-24 06:50:41.896047,1,0.0967137778649006,0
O032560,C05727,P02318,2025-10-24 07:03:48.155703,0,0.210486230915898,0
O032561,C01333,P00965,2025-10-24 07:16:54.415360,0,0.1253423074795577,0
O032562,C00621,P00827,2025-10-24 07:30:00.675016,0,0.10904155643901804,0
O032563,C06422,P00610,2025-10-24 07:43:06.934673,0,0.30223874822340313,0
O032564,C02665,P02143,2025-10-24 07:56:13.194329,1,0.2358262780668458,0
O032565,C01024,P01862,2025-10-24 08:09:19.453986,1,0.22751728301950114,0
O032566,C07179,P01798,2025-10-24 08:22:25.713642,0,0.09185181891880027,0
O032567,C03790,P01185,2025-10-24 08:35:31.973299,1,0.3076981526340772,0
O032568,C07725,P01175,2025-10-24 08:48:38.232955,1,0.2393680757482173,0
O032569,C02633,P01740,2025-10-24 09:01:44.492612,1,0.3778524536161936,0
O032570,C06084,P00893,2025-10-24 09:14:50.752268,0,0.08164038110917488,0
O032571,C01281,P00065,2025-10-24 09:27:57.011925,0,0.33783282371302964,0
O032572,C04692,P00920,2025-10-24 09:41:03.271581,0,0.0869349923990181,0
O032573,C00632,P01104,2025-10-24 09:54:09.531238,0,0.2038889511959264,0
O032574,C01972,P00512,2025-10-24 10:07:15.790894,0,0.14048353745422887,0
O032575,C04533,P00674,2025-10-24 10:20:22.050551,0,0.10796504911490172,0
O032576,C07104,P01089,2025-10-24 10:33:28.310207,0,0.06581328205721369,0
O032577,C07859,P01835,2025-10-24 10:46:34.569864,0,0.22742764840298665,0
O032578,C07436,P01087,2025-10-24 10:59:40.829520,1,0.1970206904099594,0
O032579,C04618,P00469,2025-10-24 11:12:47.089177,0,0.09063349612013485,0
O032580,C07841,P00694,2025-10-24 11:25:53.348833,1,0.35520074513875777,0
O032581,C02298,P02120,2025-10-24 11:38:59.608490,0,0.07754169861877544,0
O032582,C05425,P01584,2025-10-24 11:52:05.868146,1,0.17284236338319003,0
O032583,C03156,P00946,2025-10-24 12:05:12.127803,1,0.26366751568483937,0
O032584,C06695,P00099,2025-10-24 12:18:18.387459,0,0.09117730133354969,0
O032585,C07477,P00368,2025-10-24 12:31:24.647116,0,0.5052819141108084,1
O032586,C07771,P00856,2025-10-24 12:44:30.906772,1,0.19739401224080189,0
O032587,C06838,P02022,2025-10-24 12:57:37.166429,0,0.16002148312539485,0
O032588,C05209,P01688,2025-10-24 13:10:43.426085,0,0.4087173264609964,0
O032589,C02938,P02290,2025-10-24 13:23:49.685742,0,0.3773022470974772,0
O032590,C04870,P01410,2025-10-24 13:36:55.945398,0,0.1487432873048881,0
O032591,C05753,P00556,2025-10-24 13:50:02.205055,0,0.12153432366410136,0
O032592,C05189,P02425,2025-10-24 14:03:08.464711,0,0.09244772377109967,0
O032593,C02623,P02493,2025-10-24 14:16:14.724368,0,0.07612686238440107,0
O032594,C04392,P00595,2025-10-24 14:29:20.984024,0,0.11579032036749312,0
O032595,C07817,P00447,2025-10-24 14:42:27.243681,0,0.1805178864413676,0
O032596,C01741,P01993,2025-10-24 14:55:33.503337,0,0.10102960185154093,0
O032597,C01758,P01178,2025-10-24 15:08:39.762994,0,0.09785954501187563,0
O032598,C03675,P00859,2025-10-24 15:21:46.022650,0,0.11962151328553723,0
O032599,C03349,P01736,2025-10-24 15:34:52.282307,0,0.13502170972473987,0
O032600,C05599,P00974,2025-10-24 15:47:58.541963,0,0.13339131839269955,0
O032601,C05455,P01575,2025-10-24 16:01:04.801620,1,0.3059978849709382,0
O032602,C05795,P01696,2025-10-24 16:14:11.061276,0,0.15904582517673216,0
O032603,C00146,P00168,2025-10-24 16:27:17.320933,0,0.32871995692989625,0
O032604,C03650,P00442,2025-10-24 16:40:23.580589,0,0.42118234569507235,0
O032605,C02739,P00595,2025-10-24 16:53:29.840246,1,0.1526711747680955,0
O032606,C07566,P00619,2025-10-24 17:06:36.099902,0,0.08769423892988217,0
O032607,C03346,P00291,2025-10-24 17:19:42.359558,0,0.2702254211157189,0
O032608,C00274,P01734,2025-10-24 17:32:48.619215,1,0.31593696414022926,0
O032609,C02477,P01738,2025-10-24 17:45:54.878871,0,0.06306906234507861,0
O032610,C05921,P01259,2025-10-24 17:59:01.138528,0,0.07942690178419204,0
O032611,C02204,P00662,2025-10-24 18:12:07.398184,0,0.10782799779697551,0
O032612,C07952,P01578,2025-10-24 18:25:13.657841,0,0.1870263801845714,0
O032613,C03920,P02088,2025-10-24 18:38:19.917497,0,0.08228589329705435,0
O032614,C07147,P01118,2025-10-24 18:51:26.177154,0,0.12150918142146759,0
O032615,C04002,P00484,2025-10-24 19:04:32.436810,0,0.13739236115625741,0
O032616,C00602,P00013,2025-10-24 19:17:38.696467,0,0.2569574368976102,0
O032617,C01274,P01761,2025-10-24 19:30:44.956123,0,0.1214341391091969,0
O032618,C06777,P00051,2025-10-24 19:43:51.215780,0,0.32717122598374043,0
O032619,C02139,P01175,2025-10-24 19:56:57.475436,0,0.22994360538865327,0
O032620,C07195,P02338,2025-10-24 20:10:03.735093,1,0.21630690054999158,0
O032621,C05020,P00865,2025-10-24 20:23:09.994749,1,0.43978043533656297,0
O032622,C01486,P00368,2025-10-24 20:36:16.254406,0,0.23422623250696814,0
O032623,C00663,P01448,2025-10-24 20:49:22.514062,0,0.36335855680200885,0
O032624,C04438,P00086,2025-10-24 21:02:28.773719,1,0.42088668959948605,0
O032625,C04082,P01330,2025-10-24 21:15:35.033375,1,0.18005634884466376,0
O032626,C03420,P01632,2025-10-24 21:28:41.293032,0,0.11418601126555807,0
O032627,C04804,P02006,2025-10-24 21:41:47.552688,1,0.08388537395673727,0
O032628,C04963,P02289,2025-10-24 21:54:53.812345,0,0.08637582339035463,0
O032629,C05340,P01831,2025-10-24 22:08:00.072001,0,0.1021542222245357,0
O032630,C07731,P01564,2025-10-24 22:21:06.331658,0,0.3310013304129488,0
O032631,C07523,P00621,2025-10-24 22:34:12.591314,1,0.37367058771002887,0
O032632,C06578,P00970,2025-10-24 22:47:18.850971,1,0.1993524308467817,0
O032633,C03166,P01890,2025-10-24 23:00:25.110627,1,0.2366955376962868,0
O032634,C03316,P01620,2025-10-24 23:13:31.370284,0,0.36174557580963224,0
O032635,C04364,P00418,2025-10-24 23:26:37.629940,1,0.2382107301433576,0
O032636,C01280,P01429,2025-10-24 23:39:43.889597,0,0.1040342033640954,0
O032637,C01174,P02337,2025-10-24 23:52:50.149253,0,0.1676050649066232,0
O032638,C00616,P00665,2025-10-25 00:05:56.408910,0,0.0827830471728388,0
O032639,C07211,P01537,2025-10-25 00:19:02.668566,0,0.08499149243490421,0
O032640,C03432,P02196,2025-10-25 00:32:08.928223,1,0.3624346029193684,0
O032641,C01919,P01269,2025-10-25 00:45:15.187879,0,0.2451658062222566,0
O032642,C02657,P01387,2025-10-25 00:58:21.447536,0,0.14593435223948603,0
O032643,C05877,P00687,2025-10-25 01:11:27.707192,0,0.0876973216619268,0
O032644,C07190,P02103,2025-10-25 01:24:33.966849,0,0.13867105513244202,0
O032645,C06740,P01524,2025-10-25 01:37:40.226505,0,0.20980187832785444,0
O032646,C04263,P01660,2025-10-25 01:50:46.486162,0,0.40633945101410185,0
O032647,C02993,P02033,2025-10-25 02:03:52.745818,0,0.11321522867361596,0
O032648,C00309,P01718,2025-10-25 02:16:59.005475,0,0.39890652928827863,0
O032649,C04005,P02374,2025-10-25 02:30:05.265131,1,0.20458440862979735,0
O032650,C03454,P00029,2025-10-25 02:43:11.524788,0,0.19469027346633905,0
O032651,C00921,P02088,2025-10-25 02:56:17.784444,0,0.07666418532736902,0
O032652,C03781,P01993,2025-10-25 03:09:24.044101,0,0.13820381367174508,0
O032653,C03003,P02324,2025-10-25 03:22:30.303757,0,0.07616293440325814,0
O032654,C04689,P01631,2025-10-25 03:35:36.563414,0,0.114551367626482,0
O032655,C05822,P01926,2025-10-25 03:48:42.823070,0,0.10871065850894415,0
O032656,C00113,P01673,2025-10-25 04:01:49.082727,0,0.16309218207500956,0
O032657,C04320,P02048,2025-10-25 04:14:55.342383,1,0.3835350275123694,0
O032658,C03040,P01872,2025-10-25 04:28:01.602040,1,0.33513292877858947,0
O032659,C06619,P01131,2025-10-25 04:41:07.861696,0,0.08002933172185159,0
O032660,C02901,P02435,2025-10-25 04:54:14.121353,0,0.2777907826198205,0
O032661,C03296,P02240,2025-10-25 05:07:20.381009,1,0.40094711904019414,0
O032662,C01924,P01646,2025-10-25 05:20:26.640666,0,0.09873971768143938,0
O032663,C02973,P02442,2025-10-25 05:33:32.900322,0,0.09365326961391819,0
O032664,C03196,P02217,2025-10-25 05:46:39.159979,0,0.37127298542014403,0
O032665,C07391,P02277,2025-10-25 05:59:45.419635,0,0.12256588173020029,0
O032666,C06653,P00944,2025-10-25 06:12:51.679291,0,0.24801039167962532,0
O032667,C06953,P00071,2025-10-25 06:25:57.938948,0,0.26712656489394904,0
O032668,C03446,P00641,2025-10-25 06:39:04.198604,1,0.29442721995372345,0
O032669,C04749,P00717,2025-10-25 06:52:10.458261,0,0.3554221831703397,0
O032670,C07761,P01387,2025-10-25 07:05:16.717917,0,0.12126470393982519,0
O032671,C07211,P00172,2025-10-25 07:18:22.977574,0,0.2235678021986292,0
O032672,C06066,P00423,2025-10-25 07:31:29.237230,0,0.2778225576672516,0
O032673,C07583,P01498,2025-10-25 07:44:35.496887,0,0.09564550694689927,0
O032674,C02350,P01237,2025-10-25 07:57:41.756543,1,0.13970554942563526,0
O032675,C01317,P00186,2025-10-25 08:10:48.016200,0,0.16270777428899255,0
O032676,C02843,P00011,2025-10-25 08:23:54.275856,0,0.14543229479541164,0
O032677,C07171,P00585,2025-10-25 08:37:00.535513,0,0.25248177184560927,0
O032678,C00350,P02037,2025-10-25 08:50:06.795169,0,0.14813184253033654,0
O032679,C04582,P01249,2025-10-25 09:03:13.054826,1,0.5886717644600994,1
O032680,C00098,P01732,2025-10-25 09:16:19.314482,1,0.165652729466224,0
O032681,C06949,P01368,2025-10-25 09:29:25.574139,1,0.33803222398634525,0
O032682,C02762,P00088,2025-10-25 09:42:31.833795,0,0.09927365258362773,0
O032683,C07756,P00544,2025-10-25 09:55:38.093452,0,0.25480359434050465,0
O032684,C04605,P01062,2025-10-25 10:08:44.353108,0,0.10741944182259126,0
O032685,C02545,P01297,2025-10-25 10:21:50.612765,0,0.1225261215296605,0
O032686,C00477,P02364,2025-10-25 10:34:56.872421,0,0.08697087285109575,0
O032687,C07477,P01150,2025-10-25 10:48:03.132078,1,0.16434181755602428,0
O032688,C02485,P02023,2025-10-25 11:01:09.391734,1,0.18871870538121685,0
O032689,C01107,P01429,2025-10-25 11:14:15.651391,0,0.11310904286351933,0
O032690,C03710,P00639,2025-10-25 11:27:21.911047,0,0.21916986712310702,0
O032691,C00410,P00655,2025-10-25 11:40:28.170704,0,0.6737113615811745,1
O032692,C05461,P01397,2025-10-25 11:53:34.430360,0,0.18746658998859875,0
O032693,C05941,P01582,2025-10-25 12:06:40.690017,1,0.10935240970979908,0
O032694,C02238,P02015,2025-10-25 12:19:46.949673,0,0.11500535310593275,0
O032695,C06663,P00198,2025-10-25 12:32:53.209330,0,0.07546776701087332,0
O032696,C05478,P00837,2025-10-25 12:45:59.468986,0,0.38122155553632225,0
O032697,C01687,P00856,2025-10-25 12:59:05.728643,1,0.3250250557623219,0
O032698,C07451,P02495,2025-10-25 13:12:11.988299,0,0.09992975977056463,0
O032699,C00626,P00620,2025-10-25 13:25:18.247956,0,0.14068153817994133,0
O032700,C00677,P02143,2025-10-25 13:38:24.507612,0,0.21780770863562746,0
O032701,C02999,P01842,2025-10-25 13:51:30.767269,0,0.10464187981357022,0
O032702,C07709,P01006,2025-10-25 14:04:37.026925,1,0.0936226317027503,0
O032703,C01377,P01918,2025-10-25 14:17:43.286582,0,0.1040208604118171,0
O032704,C04082,P01675,2025-10-25 14:30:49.546238,0,0.1571671711393563,0
O032705,C07014,P01119,2025-10-25 14:43:55.805895,1,0.15068444571856027,0
O032706,C07621,P02246,2025-10-25 14:57:02.065551,0,0.232295232627996,0
O032707,C03018,P01180,2025-10-25 15:10:08.325208,0,0.23226647423436947,0
O032708,C07509,P01412,2025-10-25 15:23:14.584864,0,0.10025556203831656,0
O032709,C04827,P01874,2025-10-25 15:36:20.844521,0,0.15385528695404496,0
O032710,C02016,P02319,2025-10-25 15:49:27.104177,0,0.11303488570461817,0
O032711,C00777,P02246,2025-10-25 16:02:33.363834,1,0.100011853869038,0
O032712,C06923,P02443,2025-10-25 16:15:39.623490,1,0.23110475301209912,0
O032713,C07939,P01026,2025-10-25 16:28:45.883147,1,0.1715703221333807,0
O032714,C04790,P01048,2025-10-25 16:41:52.142803,0,0.33510477134583777,0
O032715,C00308,P01026,2025-10-25 16:54:58.402460,0,0.09977620576113537,0
O032716,C07833,P01693,2025-10-25 17:08:04.662116,0,0.06516539318443065,0
O032717,C01509,P00029,2025-10-25 17:21:10.921773,0,0.22884642514119513,0
O032718,C06853,P00658,2025-10-25 17:34:17.181429,1,0.2984749868974501,0
O032719,C07295,P00995,2025-10-25 17:47:23.441086,1,0.2523396357687089,0
O032720,C03948,P00700,2025-10-25 18:00:29.700742,0,0.42375454388991757,0
O032721,C03939,P00260,2025-10-25 18:13:35.960399,1,0.3332880296408421,0
O032722,C00148,P01359,2025-10-25 18:26:42.220055,0,0.1280492445360205,0
O032723,C03393,P00090,2025-10-25 18:39:48.479711,1,0.09851972914330322,0
O032724,C03888,P01849,2025-10-25 18:52:54.739368,0,0.2239125874019726,0
O032725,C06540,P02180,2025-10-25 19:06:00.999024,0,0.1315795912485725,0
O032726,C01803,P01723,2025-10-25 19:19:07.258681,1,0.2615428244242934,0
O032727,C01396,P02455,2025-10-25 19:32:13.518337,0,0.16282230342162027,0
O032728,C00663,P01015,2025-10-25 19:45:19.777994,0,0.14783262050456122,0
O032729,C04824,P01661,2025-10-25 19:58:26.037650,1,0.24115893110511244,0
O032730,C03785,P00314,2025-10-25 20:11:32.297307,0,0.4954006450273274,0
O032731,C02990,P01920,2025-10-25 20:24:38.556963,0,0.29614090705768426,0
O032732,C06861,P02445,2025-10-25 20:37:44.816620,0,0.26970969496333563,0
O032733,C07524,P00455,2025-10-25 20:50:51.076276,0,0.09565881638136083,0
O032734,C04938,P00387,2025-10-25 21:03:57.335933,0,0.10959847906231315,0
O032735,C06928,P02401,2025-10-25 21:17:03.595589,0,0.21822744066996524,0
O032736,C04783,P00863,2025-10-25 21:30:09.855246,0,0.31156257452101965,0
O032737,C01605,P01707,2025-10-25 21:43:16.114902,0,0.20808312430949852,0
O032738,C02318,P01569,2025-10-25 21:56:22.374559,0,0.1926702484784662,0
O032739,C07806,P00064,2025-10-25 22:09:28.634215,0,0.07597953141238357,0
O032740,C03688,P00145,2025-10-25 22:22:34.893872,0,0.12695073259511286,0
O032741,C02720,P00763,2025-10-25 22:35:41.153528,0,0.17829265693632493,0
O032742,C02401,P01024,2025-10-25 22:48:47.413185,0,0.21897283822206426,0
O032743,C02266,P02071,2025-10-25 23:01:53.672841,0,0.10177824085412399,0
O032744,C02646,P01429,2025-10-25 23:14:59.932498,1,0.14047282055551427,0
O032745,C02649,P02334,2025-10-25 23:28:06.192154,0,0.28010780500447796,0
O032746,C04699,P00879,2025-10-25 23:41:12.451811,0,0.1212594993050446,0
O032747,C06430,P00658,2025-10-25 23:54:18.711467,0,0.19656046954374234,0
O032748,C03950,P02115,2025-10-26 00:07:24.971124,1,0.3103138239681423,0
O032749,C05096,P00579,2025-10-26 00:20:31.230780,0,0.18331739944845185,0
O032750,C05559,P00582,2025-10-26 00:33:37.490437,0,0.05687354700986049,0
O032751,C03081,P00222,2025-10-26 00:46:43.750093,1,0.06201627400179391,0
O032752,C03117,P02446,2025-10-26 00:59:50.009750,0,0.10718561569228557,0
O032753,C02714,P00351,2025-10-26 01:12:56.269406,0,0.13721363119867128,0
O032754,C05042,P00654,2025-10-26 01:26:02.529063,0,0.08522083169095321,0
O032755,C00780,P01996,2025-10-26 01:39:08.788719,0,0.07669516675630564,0
O032756,C07558,P01640,2025-10-26 01:52:15.048376,0,0.21729967277627157,0
O032757,C02106,P00995,2025-10-26 02:05:21.308032,1,0.2988040762084826,0
O032758,C04074,P01069,2025-10-26 02:18:27.567689,1,0.27720410032543263,0
O032759,C03312,P01991,2025-10-26 02:31:33.827345,0,0.1521386462825626,0
O032760,C07337,P02342,2025-10-26 02:44:40.087002,1,0.2531255070253975,0
O032761,C05337,P02071,2025-10-26 02:57:46.346658,0,0.23771434216033258,0
O032762,C01438,P01570,2025-10-26 03:10:52.606315,0,0.07928638180341893,0
O032763,C02868,P01962,2025-10-26 03:23:58.865971,1,0.37492411938258535,0
O032764,C01992,P01423,2025-10-26 03:37:05.125628,0,0.12660747117885734,0
O032765,C03453,P01739,2025-10-26 03:50:11.385284,0,0.10735292026226817,0
O032766,C06001,P02210,2025-10-26 04:03:17.644941,0,0.0580541613504353,0
O032767,C01355,P01949,2025-10-26 04:16:23.904597,1,0.15918825104392112,0
O032768,C07877,P01450,2025-10-26 04:29:30.164254,0,0.13771174486027593,0
O032769,C03152,P00172,2025-10-26 04:42:36.423910,1,0.25034210576730614,0
O032770,C07039,P01461,2025-10-26 04:55:42.683567,0,0.3098694201139973,0
O032771,C07863,P01105,2025-10-26 05:08:48.943223,0,0.3529740089894788,0
O032772,C06348,P00733,2025-10-26 05:21:55.202880,0,0.2781452856988339,0
O032773,C01268,P01524,2025-10-26 05:35:01.462536,0,0.2193634125643321,0
O032774,C07181,P00134,2025-10-26 05:48:07.722193,0,0.21149686141243002,0
O032775,C06048,P01025,2025-10-26 06:01:13.981849,0,0.23619442388608583,0
O032776,C04095,P02210,2025-10-26 06:14:20.241506,1,0.10672257295466014,0
O032777,C07673,P00891,2025-10-26 06:27:26.501162,0,0.0966473805519444,0
O032778,C06187,P00070,2025-10-26 06:40:32.760819,0,0.0918484921045044,0
O032779,C05742,P00897,2025-10-26 06:53:39.020475,0,0.3691185472707952,0
O032780,C05201,P02303,2025-10-26 07:06:45.280132,0,0.1902821842060417,0
O032781,C04568,P01871,2025-10-26 07:19:51.539788,0,0.2688807776697618,0
O032782,C03191,P02004,2025-10-26 07:32:57.799444,0,0.28351358961651163,0
O032783,C05335,P00120,2025-10-26 07:46:04.059101,0,0.3292804183055725,0
O032784,C00406,P00684,2025-10-26 07:59:10.318757,0,0.22495202391116392,0
O032785,C02982,P00712,2025-10-26 08:12:16.578414,0,0.11456084611313413,0
O032786,C05568,P00224,2025-10-26 08:25:22.838070,1,0.18536033851541112,0
O032787,C00656,P01676,2025-10-26 08:38:29.097727,0,0.20285117846178097,0
O032788,C06882,P02428,2025-10-26 08:51:35.357383,0,0.22124717987036585,0
O032789,C04204,P01284,2025-10-26 09:04:41.617040,0,0.08661694609678257,0
O032790,C04171,P02435,2025-10-26 09:17:47.876696,1,0.44359290155378983,0
O032791,C00065,P00827,2025-10-26 09:30:54.136353,1,0.10475984397338443,0
O032792,C00929,P00715,2025-10-26 09:44:00.396009,0,0.0908766929032799,0
O032793,C00868,P02028,2025-10-26 09:57:06.655666,0,0.1078513409101919,0
O032794,C03078,P02150,2025-10-26 10:10:12.915322,0,0.1306683477057527,0
O032795,C06428,P01774,2025-10-26 10:23:19.174979,0,0.36186755653075475,0
O032796,C02944,P01453,2025-10-26 10:36:25.434635,0,0.1813672699507854,0
O032797,C04029,P02266,2025-10-26 10:49:31.694292,1,0.12293728139898628,0
O032798,C04859,P00930,2025-10-26 11:02:37.953948,0,0.2895092862139781,0
O032799,C05757,P01056,2025-10-26 11:15:44.213605,1,0.2838883212982571,0
O032800,C06225,P01154,2025-10-26 11:28:50.473261,1,0.33373971184637946,0
O032801,C01397,P01826,2025-10-26 11:41:56.732918,1,0.3083274214077433,0
O032802,C03836,P00817,2025-10-26 11:55:02.992574,0,0.4141003187206119,0
O032803,C05098,P00398,2025-10-26 12:08:09.252231,0,0.28728131430116177,0
O032804,C03254,P00294,2025-10-26 12:21:15.511887,0,0.06491645048811222,0
O032805,C02870,P00910,2025-10-26 12:34:21.771544,0,0.20212284943015688,0
O032806,C07107,P01524,2025-10-26 12:47:28.031200,0,0.2379596085717349,0
O032807,C05389,P01532,2025-10-26 13:00:34.290857,0,0.3558292147894372,0
O032808,C04361,P02320,2025-10-26 13:13:40.550513,0,0.056979076773706734,0
O032809,C05880,P00466,2025-10-26 13:26:46.810170,0,0.054282772209404376,0
O032810,C02205,P01349,2025-10-26 13:39:53.069826,0,0.16598534339542245,0
O032811,C04872,P00399,2025-10-26 13:52:59.329483,0,0.1869980883976355,0
O032812,C06483,P01710,2025-10-26 14:06:05.589139,1,0.3450817811041242,0
O032813,C00182,P02217,2025-10-26 14:19:11.848796,0,0.32116652138207225,0
O032814,C02076,P00930,2025-10-26 14:32:18.108452,0,0.1519520525873554,0
O032815,C06461,P01672,2025-10-26 14:45:24.368109,0,0.23363353678195503,0
O032816,C06965,P01306,2025-10-26 14:58:30.627765,0,0.21759314361559337,0
O032817,C02976,P01318,2025-10-26 15:11:36.887422,0,0.2598668243544054,0
O032818,C05247,P01138,2025-10-26 15:24:43.147078,0,0.13715756775616336,0
O032819,C05047,P02136,2025-10-26 15:37:49.406735,0,0.3197029771800257,0
O032820,C00451,P00758,2025-10-26 15:50:55.666391,0,0.1872869699460302,0
O032821,C02667,P00484,2025-10-26 16:04:01.926048,0,0.11101305040199828,0
O032822,C06194,P01734,2025-10-26 16:17:08.185704,1,0.3302012451241422,0
O032823,C06509,P00455,2025-10-26 16:30:14.445361,0,0.08776958432031864,0
O032824,C03297,P00281,2025-10-26 16:43:20.705017,0,0.16072334657651383,0
O032825,C06583,P00304,2025-10-26 16:56:26.964674,0,0.18979222567061307,0
O032826,C00967,P00096,2025-10-26 17:09:33.224330,0,0.17094759485150635,0
O032827,C00779,P00444,2025-10-26 17:22:39.483987,0,0.09676286585499731,0
O032828,C03697,P02458,2025-10-26 17:35:45.743643,0,0.129681198440923,0
O032829,C00689,P01648,2025-10-26 17:48:52.003300,0,0.22096647529739571,0
O032830,C04358,P02302,2025-10-26 18:01:58.262956,0,0.20410588721960285,0
O032831,C05435,P02149,2025-10-26 18:15:04.522613,0,0.2631818637659077,0
O032832,C06504,P00037,2025-10-26 18:28:10.782269,1,0.19592421883340752,0
O032833,C05857,P01424,2025-10-26 18:41:17.041926,1,0.228567142771869,0
O032834,C06334,P00629,2025-10-26 18:54:23.301582,0,0.4685522081211499,0
O032835,C07152,P00914,2025-10-26 19:07:29.561239,0,0.0924521437875135,0
O032836,C02739,P00937,2025-10-26 19:20:35.820895,0,0.10162647813208439,0
O032837,C03387,P02271,2025-10-26 19:33:42.080552,0,0.15455223360476866,0
O032838,C05675,P02315,2025-10-26 19:46:48.340208,0,0.22256977352056695,0
O032839,C05710,P00629,2025-10-26 19:59:54.599864,0,0.2439106015100771,0
O032840,C04161,P00990,2025-10-26 20:13:00.859521,0,0.16603358848242591,0
O032841,C04372,P00207,2025-10-26 20:26:07.119177,1,0.19275855800597042,0
O032842,C07614,P01804,2025-10-26 20:39:13.378834,1,0.21778264954913248,0
O032843,C07964,P01685,2025-10-26 20:52:19.638490,0,0.16540215693293156,0
O032844,C07895,P02500,2025-10-26 21:05:25.898147,1,0.24986579813336013,0
O032845,C04947,P00528,2025-10-26 21:18:32.157803,0,0.19245181407400372,0
O032846,C02539,P02062,2025-10-26 21:31:38.417460,0,0.25954705754581775,0
O032847,C01214,P00689,2025-10-26 21:44:44.677116,0,0.11299476029291257,0
O032848,C00580,P01970,2025-10-26 21:57:50.936773,0,0.08422373932105562,0
O032849,C06551,P01784,2025-10-26 22:10:57.196429,0,0.10134581687501641,0
O032850,C00574,P01645,2025-10-26 22:24:03.456086,1,0.3116057530758067,0
O032851,C04242,P02007,2025-10-26 22:37:09.715742,0,0.07502836641257701,0
O032852,C02463,P01673,2025-10-26 22:50:15.975399,0,0.06922973084330086,0
O032853,C06782,P02127,2025-10-26 23:03:22.235055,0,0.08397457878584708,0
O032854,C04289,P00842,2025-10-26 23:16:28.494712,1,0.12031713530864625,0
O032855,C02813,P01350,2025-10-26 23:29:34.754368,0,0.19118092514494367,0
O032856,C05573,P00094,2025-10-26 23:42:41.014025,1,0.28791574838672934,0
O032857,C05488,P01319,2025-10-26 23:55:47.273681,0,0.18975950888351484,0
O032858,C07039,P00416,2025-10-27 00:08:53.533338,1,0.177863758551107,0
O032859,C07775,P01339,2025-10-27 00:21:59.792994,1,0.24345393251747907,0
O032860,C01712,P00123,2025-10-27 00:35:06.052651,0,0.06039005352686683,0
O032861,C02496,P02054,2025-10-27 00:48:12.312307,0,0.09755386670288059,0
O032862,C06514,P00774,2025-10-27 01:01:18.571964,0,0.10272368839286299,0
O032863,C01597,P01825,2025-10-27 01:14:24.831620,0,0.30515488474373614,0
O032864,C00825,P01127,2025-10-27 01:27:31.091277,1,0.3035226128250055,0
O032865,C03730,P00856,2025-10-27 01:40:37.350933,0,0.42867547414942725,0
O032866,C00461,P01536,2025-10-27 01:53:43.610590,0,0.08733525294428317,0
O032867,C02344,P01651,2025-10-27 02:06:49.870246,0,0.2172607297682952,0
O032868,C06205,P00008,2025-10-27 02:19:56.129903,0,0.3469295808763558,0
O032869,C02306,P02028,2025-10-27 02:33:02.389559,1,0.09778460821625544,0
O032870,C02545,P02416,2025-10-27 02:46:08.649216,0,0.10994029393800421,0
O032871,C07685,P01858,2025-10-27 02:59:14.908872,0,0.4853289423829364,0
O032872,C04833,P01974,2025-10-27 03:12:21.168529,0,0.19966547764189074,0
O032873,C03561,P00926,2025-10-27 03:25:27.428185,0,0.075911698236707,0
O032874,C07416,P00858,2025-10-27 03:38:33.687842,0,0.14940129562270585,0
O032875,C07200,P00039,2025-10-27 03:51:39.947498,0,0.096389559199482,0
O032876,C02704,P02433,2025-10-27 04:04:46.207155,0,0.3414513023627536,0
O032877,C04951,P02158,2025-10-27 04:17:52.466811,0,0.10437776734474206,0
O032878,C03596,P01542,2025-10-27 04:30:58.726468,0,0.3483104068570561,0
O032879,C04653,P00639,2025-10-27 04:44:04.986124,1,0.19209969243120392,0
O032880,C02537,P02293,2025-10-27 04:57:11.245781,0,0.06854759737601154,0
O032881,C03495,P01437,2025-10-27 05:10:17.505437,0,0.3804912027051305,0
O032882,C03011,P00639,2025-10-27 05:23:23.765094,1,0.45766178401775726,0
O032883,C01217,P00586,2025-10-27 05:36:30.024750,0,0.21442115100825143,0
O032884,C05618,P01377,2025-10-27 05:49:36.284407,0,0.24474033101559728,0
O032885,C04037,P02453,2025-10-27 06:02:42.544063,0,0.4232951074329492,0
O032886,C06341,P00848,2025-10-27 06:15:48.803720,1,0.2561396969843665,0
O032887,C01494,P01226,2025-10-27 06:28:55.063376,0,0.07114926899523495,0
O032888,C07282,P02163,2025-10-27 06:42:01.323033,0,0.1462994130196972,0
O032889,C06397,P02223,2025-10-27 06:55:07.582689,1,0.2173043920266634,0
O032890,C01979,P01005,2025-10-27 07:08:13.842346,0,0.11214356268939203,0
O032891,C03770,P01363,2025-10-27 07:21:20.102002,0,0.18333195402832822,0
O032892,C03863,P01416,2025-10-27 07:34:26.361659,0,0.09138691006403157,0
O032893,C00594,P01080,2025-10-27 07:47:32.621315,0,0.15445808211747905,0
O032894,C06422,P00399,2025-10-27 08:00:38.880972,0,0.12986041875963178,0
O032895,C00606,P01220,2025-10-27 08:13:45.140628,0,0.18749140205495915,0
O032896,C07886,P01884,2025-10-27 08:26:51.400285,0,0.20252295292436343,0
O032897,C01219,P01051,2025-10-27 08:39:57.659941,0,0.13296557232856748,0
O032898,C04281,P00007,2025-10-27 08:53:03.919597,1,0.3637829123972724,0
O032899,C03285,P01191,2025-10-27 09:06:10.179254,0,0.1418429930527874,0
O032900,C03860,P02498,2025-10-27 09:19:16.438910,0,0.07328252843729652,0
O032901,C01255,P01460,2025-10-27 09:32:22.698567,1,0.19527322835699035,0
O032902,C07030,P00865,2025-10-27 09:45:28.958223,1,0.3898779940787782,0
O032903,C01264,P02398,2025-10-27 09:58:35.217880,0,0.13077103088347428,0
O032904,C06476,P00016,2025-10-27 10:11:41.477536,1,0.252965159527602,0
O032905,C04627,P01969,2025-10-27 10:24:47.737193,0,0.29871114673214666,0
O032906,C04419,P00450,2025-10-27 10:37:53.996849,0,0.10233540641401943,0
O032907,C02906,P01976,2025-10-27 10:51:00.256506,0,0.08970308843779831,0
O032908,C01182,P01323,2025-10-27 11:04:06.516162,0,0.14806664261661032,0
O032909,C05057,P02101,2025-10-27 11:17:12.775819,0,0.2971399542490423,0
O032910,C07276,P02371,2025-10-27 11:30:19.035475,0,0.11618671427345303,0
O032911,C01675,P00410,2025-10-27 11:43:25.295132,1,0.38613542462711503,0
O032912,C02727,P01153,2025-10-27 11:56:31.554788,0,0.09170293320124313,0
O032913,C02242,P00697,2025-10-27 12:09:37.814445,1,0.23140611014546325,0
O032914,C02092,P01153,2025-10-27 12:22:44.074101,0,0.09819553190109716,0
O032915,C04990,P01984,2025-10-27 12:35:50.333758,0,0.09917625782744872,0
O032916,C04680,P01036,2025-10-27 12:48:56.593414,0,0.12021040501019019,0
O032917,C00912,P00936,2025-10-27 13:02:02.853071,1,0.21970940340995865,0
O032918,C01278,P00524,2025-10-27 13:15:09.112727,0,0.2997109189071844,0
O032919,C00193,P01798,2025-10-27 13:28:15.372384,0,0.16064478308796143,0
O032920,C07805,P00354,2025-10-27 13:41:21.632040,0,0.2610061775340426,0
O032921,C00598,P01949,2025-10-27 13:54:27.891697,0,0.11211415657363809,0
O032922,C06346,P01522,2025-10-27 14:07:34.151353,0,0.16453737399188126,0
O032923,C06818,P01168,2025-10-27 14:20:40.411010,0,0.07980368798318374,0
O032924,C01929,P01748,2025-10-27 14:33:46.670666,0,0.08178202262922843,0
O032925,C00076,P01358,2025-10-27 14:46:52.930323,0,0.3503128410025341,0
O032926,C06190,P01927,2025-10-27 14:59:59.189979,0,0.10839993484055103,0
O032927,C04515,P02346,2025-10-27 15:13:05.449636,0,0.1476524999700533,0
O032928,C07829,P01796,2025-10-27 15:26:11.709292,1,0.2886870035915349,0
O032929,C04033,P01910,2025-10-27 15:39:17.968949,1,0.4392940325413518,0
O032930,C00392,P00066,2025-10-27 15:52:24.228605,0,0.49966193460251707,0
O032931,C07812,P02153,2025-10-27 16:05:30.488262,1,0.2141949254380678,0
O032932,C00970,P01204,2025-10-27 16:18:36.747918,0,0.24655980544155534,0
O032933,C03741,P00539,2025-10-27 16:31:43.007575,0,0.2573948387878348,0
O032934,C01875,P02144,2025-10-27 16:44:49.267231,0,0.23157413551703018,0
O032935,C03031,P00099,2025-10-27 16:57:55.526888,1,0.11117259314355897,0
O032936,C07840,P00212,2025-10-27 17:11:01.786544,0,0.0945719147528833,0
O032937,C04676,P01044,2025-10-27 17:24:08.046201,0,0.08074077485439751,0
O032938,C03165,P01607,2025-10-27 17:37:14.305857,0,0.09949790029492023,0
O032939,C07444,P01037,2025-10-27 17:50:20.565514,0,0.12964327529137357,0
O032940,C05752,P01409,2025-10-27 18:03:26.825170,0,0.1253262720426591,0
O032941,C00697,P01457,2025-10-27 18:16:33.084827,1,0.30674927777358,0
O032942,C03842,P01970,2025-10-27 18:29:39.344483,0,0.062334300315281116,0
O032943,C00110,P00588,2025-10-27 18:42:45.604140,0,0.27529309391938417,0
O032944,C03728,P01096,2025-10-27 18:55:51.863796,0,0.08169880483230192,0
O032945,C06339,P02222,2025-10-27 19:08:58.123453,0,0.094880009321595,0
O032946,C06766,P01826,2025-10-27 19:22:04.383109,0,0.21839980641725495,0
O032947,C00031,P01499,2025-10-27 19:35:10.642766,1,0.23987242087584518,0
O032948,C01905,P00003,2025-10-27 19:48:16.902422,0,0.20804395996668293,0
O032949,C00954,P00765,2025-10-27 20:01:23.162079,0,0.21656763290895858,0
O032950,C00923,P00985,2025-10-27 20:14:29.421735,0,0.3507675205795408,0
O032951,C00738,P01168,2025-10-27 20:27:35.681392,0,0.12219379810946868,0
O032952,C05576,P00435,2025-10-27 20:40:41.941048,0,0.29664721685453593,0
O032953,C02689,P00144,2025-10-27 20:53:48.200705,1,0.2477668083968933,0
O032954,C05854,P00312,2025-10-27 21:06:54.460361,0,0.1547914507052597,0
O032955,C03709,P00572,2025-10-27 21:20:00.720018,0,0.24714190332446942,0
O032956,C04631,P01600,2025-10-27 21:33:06.979674,0,0.1943361380845949,0
O032957,C07684,P01429,2025-10-27 21:46:13.239330,0,0.11758350846783742,0
O032958,C05254,P01979,2025-10-27 21:59:19.498987,0,0.12275115607082687,0
O032959,C07317,P00031,2025-10-27 22:12:25.758643,1,0.2803222582148688,0
O032960,C02054,P02234,2025-10-27 22:25:32.018300,0,0.44854989787054944,0
O032961,C06937,P01683,2025-10-27 22:38:38.277956,0,0.1068369136753674,0
O032962,C04087,P00287,2025-10-27 22:51:44.537613,0,0.1696958185442538,0
O032963,C03947,P00621,2025-10-27 23:04:50.797269,0,0.2730437930281793,0
O032964,C07155,P02197,2025-10-27 23:17:57.056926,0,0.08382185869773924,0
O032965,C01680,P02083,2025-10-27 23:31:03.316582,0,0.2032540900491388,0
O032966,C01243,P01035,2025-10-27 23:44:09.576239,1,0.24787771620708926,0
O032967,C07418,P01840,2025-10-27 23:57:15.835895,0,0.06436667348599885,0
O032968,C00907,P00875,2025-10-28 00:10:22.095552,1,0.0894311865671417,0
O032969,C03043,P02247,2025-10-28 00:23:28.355208,0,0.14872669191756493,0
O032970,C04447,P00227,2025-10-28 00:36:34.614865,0,0.15678525250724087,0
O032971,C01588,P00629,2025-10-28 00:49:40.874521,0,0.2797460891151292,0
O032972,C05411,P00341,2025-10-28 01:02:47.134178,0,0.16985075488861204,0
O032973,C06714,P01254,2025-10-28 01:15:53.393834,0,0.27147692038251053,0
O032974,C06198,P01847,2025-10-28 01:28:59.653491,0,0.46744071629577283,0
O032975,C03267,P02031,2025-10-28 01:42:05.913147,0,0.2433307879417906,0
O032976,C06245,P00967,2025-10-28 01:55:12.172804,0,0.20224337030821263,0
O032977,C00532,P01565,2025-10-28 02:08:18.432460,0,0.4895009678094694,0
O032978,C06760,P00218,2025-10-28 02:21:24.692117,0,0.12791635788627495,0
O032979,C07707,P00329,2025-10-28 02:34:30.951773,1,0.10105051268304992,0
O032980,C06400,P00404,2025-10-28 02:47:37.211430,0,0.12483533768765899,0
O032981,C06260,P00426,2025-10-28 03:00:43.471086,0,0.08040191501438923,0
O032982,C01386,P00881,2025-10-28 03:13:49.730743,0,0.2619408318737689,0
O032983,C02898,P02410,2025-10-28 03:26:55.990399,0,0.10118397894360455,0
O032984,C06987,P00291,2025-10-28 03:40:02.250056,1,0.30621670009684293,0
O032985,C03050,P01397,2025-10-28 03:53:08.509712,0,0.22519925394294404,0
O032986,C03953,P02016,2025-10-28 04:06:14.769369,0,0.1385289463434627,0
O032987,C02747,P01090,2025-10-28 04:19:21.029025,0,0.19169253059655356,0
O032988,C04414,P02119,2025-10-28 04:32:27.288682,0,0.17885163374528396,0
O032989,C04806,P02407,2025-10-28 04:45:33.548338,0,0.17739465118816344,0
O032990,C01162,P02158,2025-10-28 04:58:39.807995,0,0.08352819414413772,0
O032991,C05896,P02132,2025-10-28 05:11:46.067651,1,0.3166115561548604,0
O032992,C04582,P01725,2025-10-28 05:24:52.327308,1,0.5559771249157924,1
O032993,C07491,P00911,2025-10-28 05:37:58.586964,0,0.28959681877060356,0
O032994,C06485,P00469,2025-10-28 05:51:04.846621,0,0.17641510179060096,0
O032995,C04720,P01209,2025-10-28 06:04:11.106277,0,0.2226177310085565,0
O032996,C01862,P01529,2025-10-28 06:17:17.365934,0,0.09853719125766947,0
O032997,C01929,P00809,2025-10-28 06:30:23.625590,0,0.06852765130272274,0
O032998,C07093,P02020,2025-10-28 06:43:29.885247,0,0.4143620330815457,0
O032999,C06289,P00740,2025-10-28 06:56:36.144903,0,0.3883743403982899,0
O033000,C01064,P02043,2025-10-28 07:09:42.404560,0,0.18973620531852137,0
O033001,C05414,P00321,2025-10-28 07:22:48.664216,1,0.137086635837732,0
O033002,C03550,P00925,2025-10-28 07:35:54.923873,0,0.08544754995342388,0
O033003,C05292,P01268,2025-10-28 07:49:01.183529,1,0.12496358703091118,0
O033004,C03671,P02302,2025-10-28 08:02:07.443186,0,0.1983038875214737,0
O033005,C03216,P00316,2025-10-28 08:15:13.702842,0,0.17629278704638804,0
O033006,C06117,P01425,2025-10-28 08:28:19.962499,0,0.2674784935583137,0
O033007,C03594,P01460,2025-10-28 08:41:26.222155,0,0.1893647467724357,0
O033008,C05384,P00674,2025-10-28 08:54:32.481812,0,0.19052898941847166,0
O033009,C07371,P02354,2025-10-28 09:07:38.741468,1,0.4320587049244089,0
O033010,C03545,P00068,2025-10-28 09:20:45.001125,0,0.156059751503301,0
O033011,C02811,P00754,2025-10-28 09:33:51.260781,0,0.13730701810555915,0
O033012,C06658,P01511,2025-10-28 09:46:57.520438,0,0.27323144227309376,0
O033013,C07442,P02232,2025-10-28 10:00:03.780094,0,0.4472493277973719,0
O033014,C06945,P02269,2025-10-28 10:13:10.039750,1,0.3437295507781956,0
O033015,C04258,P02095,2025-10-28 10:26:16.299407,0,0.07798504097639125,0
O033016,C05571,P00157,2025-10-28 10:39:22.559063,0,0.07595976730023035,0
O033017,C00956,P00127,2025-10-28 10:52:28.818720,0,0.1674638860850486,0
O033018,C07554,P01452,2025-10-28 11:05:35.078376,0,0.11778597024317873,0
O033019,C02733,P00015,2025-10-28 11:18:41.338033,0,0.21672095595818516,0
O033020,C05715,P01031,2025-10-28 11:31:47.597689,1,0.09934446751949697,0
O033021,C05183,P01194,2025-10-28 11:44:53.857346,0,0.07008118972851723,0
O033022,C06327,P01238,2025-10-28 11:58:00.117002,1,0.35655554487328023,0
O033023,C07764,P00797,2025-10-28 12:11:06.376659,0,0.11218038521249048,0
O033024,C03555,P01276,2025-10-28 12:24:12.636315,0,0.12049789481303966,0
O033025,C06009,P01380,2025-10-28 12:37:18.895972,0,0.1573911347749532,0
O033026,C06133,P00985,2025-10-28 12:50:25.155628,1,0.5189576530891475,1
O033027,C04371,P00929,2025-10-28 13:03:31.415285,0,0.32418402363634474,0
O033028,C03733,P01263,2025-10-28 13:16:37.674941,0,0.27275687601323595,0
O033029,C00866,P01002,2025-10-28 13:29:43.934598,0,0.19983796625266628,0
O033030,C00813,P00847,2025-10-28 13:42:50.194254,0,0.2698271819196751,0
O033031,C04233,P01363,2025-10-28 13:55:56.453911,1,0.44764554585397376,0
O033032,C01360,P01249,2025-10-28 14:09:02.713567,1,0.22294787964151966,0
O033033,C03854,P00812,2025-10-28 14:22:08.973224,0,0.07610515400312999,0
O033034,C06707,P01122,2025-10-28 14:35:15.232880,0,0.26600360258761946,0
O033035,C05822,P00103,2025-10-28 14:48:21.492537,0,0.1508617205390358,0
O033036,C02212,P00979,2025-10-28 15:01:27.752193,0,0.08175036914603992,0
O033037,C04896,P01662,2025-10-28 15:14:34.011850,0,0.35204497987763367,0
O033038,C01441,P01629,2025-10-28 15:27:40.271506,1,0.21981822299764048,0
O033039,C00560,P01258,2025-10-28 15:40:46.531163,0,0.0706826665002984,0
O033040,C03487,P00838,2025-10-28 15:53:52.790819,0,0.23863530535027264,0
O033041,C01975,P01319,2025-10-28 16:06:59.050476,0,0.09690825561466429,0
O033042,C05088,P01933,2025-10-28 16:20:05.310132,1,0.16128499332902105,0
O033043,C00928,P02442,2025-10-28 16:33:11.569789,0,0.08047924110938275,0
O033044,C05434,P00659,2025-10-28 16:46:17.829445,0,0.12523613035286674,0
O033045,C00029,P01496,2025-10-28 16:59:24.089102,0,0.13338019532260087,0
O033046,C07355,P02467,2025-10-28 17:12:30.348758,0,0.18860517163344154,0
O033047,C01203,P00569,2025-10-28 17:25:36.608415,0,0.10827725716190807,0
O033048,C00322,P02369,2025-10-28 17:38:42.868071,0,0.22212049477584855,0
O033049,C04685,P00299,2025-10-28 17:51:49.127728,0,0.15298807820685564,0
O033050,C04308,P00765,2025-10-28 18:04:55.387384,0,0.15558675587654094,0
O033051,C00325,P02430,2025-10-28 18:18:01.647041,0,0.20384823772603183,0
O033052,C01842,P00128,2025-10-28 18:31:07.906697,1,0.1521462538798781,0
O033053,C03409,P01024,2025-10-28 18:44:14.166354,0,0.5484413592618184,1
O033054,C02504,P00267,2025-10-28 18:57:20.426010,1,0.11822912897047583,0
O033055,C03367,P02139,2025-10-28 19:10:26.685667,1,0.3784992457893387,0
O033056,C00435,P02034,2025-10-28 19:23:32.945323,0,0.3147556263161194,0
O033057,C04495,P02156,2025-10-28 19:36:39.204980,0,0.3420092529567809,0
O033058,C05317,P00447,2025-10-28 19:49:45.464636,0,0.11738323740529931,0
O033059,C02111,P01266,2025-10-28 20:02:51.724293,0,0.203751536953129,0
O033060,C07697,P02095,2025-10-28 20:15:57.983949,0,0.26569594083259584,0
O033061,C03610,P00706,2025-10-28 20:29:04.243606,1,0.29908181003150763,0
O033062,C00957,P01868,2025-10-28 20:42:10.503262,0,0.20189743273776778,0
O033063,C02912,P01727,2025-10-28 20:55:16.762919,0,0.08469668421149862,0
O033064,C00728,P00346,2025-10-28 21:08:23.022575,0,0.30336005930002424,0
O033065,C07089,P00165,2025-10-28 21:21:29.282232,0,0.11034557844318998,0
O033066,C05977,P01215,2025-10-28 21:34:35.541888,0,0.2872769378979297,0
O033067,C01389,P02362,2025-10-28 21:47:41.801545,0,0.13242190856023406,0
O033068,C07577,P01707,2025-10-28 22:00:48.061201,0,0.349979047236552,0
O033069,C06250,P02097,2025-10-28 22:13:54.320858,0,0.19643527705860547,0
O033070,C03262,P01095,2025-10-28 22:27:00.580514,0,0.32247818379780924,0
O033071,C01945,P01944,2025-10-28 22:40:06.840171,1,0.5042823579042245,1
O033072,C03430,P00890,2025-10-28 22:53:13.099827,0,0.10752201021426731,0
O033073,C07604,P01546,2025-10-28 23:06:19.359483,0,0.09145710601454962,0
O033074,C07307,P02397,2025-10-28 23:19:25.619140,0,0.08315321286276384,0
O033075,C00378,P00018,2025-10-28 23:32:31.878796,1,0.4335033661353788,0
O033076,C02782,P01077,2025-10-28 23:45:38.138453,0,0.06282677615470948,0
O033077,C06091,P00615,2025-10-28 23:58:44.398109,0,0.1050528264097449,0
O033078,C07557,P00098,2025-10-29 00:11:50.657766,0,0.16702004246333804,0
O033079,C06424,P01445,2025-10-29 00:24:56.917422,0,0.28237211197938294,0
O033080,C02615,P01702,2025-10-29 00:38:03.177079,0,0.2836358516608135,0
O033081,C03952,P00206,2025-10-29 00:51:09.436735,1,0.1283288314953634,0
O033082,C00512,P00087,2025-10-29 01:04:15.696392,0,0.2856542834087905,0
O033083,C00761,P00040,2025-10-29 01:17:21.956048,0,0.11595712187383407,0
O033084,C05734,P01497,2025-10-29 01:30:28.215705,0,0.08619919420129757,0
O033085,C06906,P02279,2025-10-29 01:43:34.475361,0,0.29958616969099805,0
O033086,C07069,P02131,2025-10-29 01:56:40.735018,1,0.08447142636047467,0
O033087,C02821,P01551,2025-10-29 02:09:46.994674,0,0.14210334093883648,0
O033088,C01042,P01246,2025-10-29 02:22:53.254331,0,0.3800714850593312,0
O033089,C07061,P02455,2025-10-29 02:35:59.513987,0,0.22904133604869858,0
O033090,C02759,P01316,2025-10-29 02:49:05.773644,0,0.09513284131366044,0
O033091,C05849,P00696,2025-10-29 03:02:12.033300,1,0.2543885043333868,0
O033092,C00641,P01678,2025-10-29 03:15:18.292957,1,0.17352300723765748,0
O033093,C05973,P02130,2025-10-29 03:28:24.552613,0,0.23820246364711606,0
O033094,C00740,P02065,2025-10-29 03:41:30.812270,0,0.2577665347449293,0
O033095,C05634,P02429,2025-10-29 03:54:37.071926,0,0.25856516145849984,0
O033096,C01838,P01412,2025-10-29 04:07:43.331583,0,0.24555030626521876,0
O033097,C05551,P01999,2025-10-29 04:20:49.591239,0,0.11681478132059293,0
O033098,C00782,P01112,2025-10-29 04:33:55.850896,0,0.1435749774387634,0
O033099,C02343,P01273,2025-10-29 04:47:02.110552,1,0.17680721226006996,0
O033100,C07874,P00754,2025-10-29 05:00:08.370209,0,0.1148484431506332,0
O033101,C01944,P02493,2025-10-29 05:13:14.629865,0,0.09368112096589667,0
O033102,C00808,P00938,2025-10-29 05:26:20.889522,0,0.1425021560757117,0
O033103,C03696,P01745,2025-10-29 05:39:27.149178,0,0.1443001013152521,0
O033104,C05949,P02271,2025-10-29 05:52:33.408835,0,0.0916120646159247,0
O033105,C04281,P01825,2025-10-29 06:05:39.668491,0,0.317992517661041,0
O033106,C03720,P02071,2025-10-29 06:18:45.928148,0,0.15496714750647544,0
O033107,C07454,P00098,2025-10-29 06:31:52.187804,0,0.16996341887864924,0
O033108,C07848,P00182,2025-10-29 06:44:58.447461,0,0.1273837788815759,0
O033109,C04374,P00895,2025-10-29 06:58:04.707117,0,0.14636876515166705,0
O033110,C01332,P01702,2025-10-29 07:11:10.966774,1,0.4512296700192909,0
O033111,C04748,P01090,2025-10-29 07:24:17.226430,0,0.26568981059173363,0
O033112,C02376,P02038,2025-10-29 07:37:23.486087,0,0.08345132273689218,0
O033113,C01499,P00697,2025-10-29 07:50:29.745743,0,0.23005675397935066,0
O033114,C01514,P00475,2025-10-29 08:03:36.005400,1,0.424770474499787,0
O033115,C05233,P00505,2025-10-29 08:16:42.265056,1,0.2715944668854589,0
O033116,C01296,P01734,2025-10-29 08:29:48.524713,0,0.3571766298337606,0
O033117,C07158,P01775,2025-10-29 08:42:54.784369,0,0.12000447850558296,0
O033118,C03725,P00481,2025-10-29 08:56:01.044026,0,0.1682421804658049,0
O033119,C05743,P01643,2025-10-29 09:09:07.303682,0,0.13489029079249626,0
O033120,C05594,P00859,2025-10-29 09:22:13.563339,0,0.1262779170348619,0
O033121,C07095,P01241,2025-10-29 09:35:19.822995,1,0.5513082479027224,1
O033122,C01940,P01967,2025-10-29 09:48:26.082652,1,0.2141261203708721,0
O033123,C05195,P00748,2025-10-29 10:01:32.342308,0,0.07807825988410852,0
O033124,C05048,P00024,2025-10-29 10:14:38.601965,0,0.11209320114637464,0
O033125,C06175,P00305,2025-10-29 10:27:44.861621,1,0.3414901220996633,0
O033126,C07314,P00732,2025-10-29 10:40:51.121278,1,0.23090546329634815,0
O033127,C00406,P01044,2025-10-29 10:53:57.380934,0,0.08453342100463114,0
O033128,C04601,P00356,2025-10-29 11:07:03.640591,0,0.09682597355232817,0
O033129,C05144,P00155,2025-10-29 11:20:09.900247,0,0.11351779612175787,0
O033130,C04249,P01412,2025-10-29 11:33:16.159903,0,0.1589659773422906,0
O033131,C07109,P01129,2025-10-29 11:46:22.419560,0,0.25024070553879507,0
O033132,C01159,P02023,2025-10-29 11:59:28.679216,0,0.14593039976245112,0
O033133,C00753,P00313,2025-10-29 12:12:34.938873,0,0.19725463022790615,0
O033134,C02175,P01611,2025-10-29 12:25:41.198529,0,0.1785012490946986,0
O033135,C06961,P01504,2025-10-29 12:38:47.458186,0,0.11774131349735623,0
O033136,C03483,P01567,2025-10-29 12:51:53.717842,0,0.24537627187070452,0
O033137,C05442,P02383,2025-10-29 13:04:59.977499,0,0.26732145470686547,0
O033138,C05519,P00680,2025-10-29 13:18:06.237155,0,0.16076910961732352,0
O033139,C06564,P01211,2025-10-29 13:31:12.496812,0,0.1290398410402827,0
O033140,C02962,P02343,2025-10-29 13:44:18.756468,0,0.2872006760176131,0
O033141,C00772,P02277,2025-10-29 13:57:25.016125,0,0.12286154366717886,0
O033142,C04237,P01927,2025-10-29 14:10:31.275781,0,0.08012085841115445,0
O033143,C07032,P01451,2025-10-29 14:23:37.535438,0,0.22170890539694807,0
O033144,C05935,P02363,2025-10-29 14:36:43.795094,0,0.12784073273676913,0
O033145,C05536,P00809,2025-10-29 14:49:50.054751,1,0.1456583127784309,0
O033146,C01364,P02117,2025-10-29 15:02:56.314407,1,0.18758064571520122,0
O033147,C01464,P01896,2025-10-29 15:16:02.574064,0,0.2847074199192838,0
O033148,C02173,P02341,2025-10-29 15:29:08.833720,0,0.21135616985346625,0
O033149,C04789,P00076,2025-10-29 15:42:15.093377,1,0.1368649429368484,0
O033150,C03015,P02318,2025-10-29 15:55:21.353033,0,0.16334982731429515,0
O033151,C06346,P00983,2025-10-29 16:08:27.612690,0,0.3271249697343109,0
O033152,C05743,P01336,2025-10-29 16:21:33.872346,0,0.11709967379316913,0
O033153,C01143,P01251,2025-10-29 16:34:40.132003,0,0.10946426353180432,0
O033154,C05595,P01433,2025-10-29 16:47:46.391659,0,0.16313086955976117,0
O033155,C03709,P01015,2025-10-29 17:00:52.651316,0,0.08720783584905714,0
O033156,C07418,P00226,2025-10-29 17:13:58.910972,0,0.21145003386782424,0
O033157,C06242,P01618,2025-10-29 17:27:05.170629,0,0.08938468148298567,0
O033158,C04412,P00231,2025-10-29 17:40:11.430285,0,0.10538277069711759,0
O033159,C03996,P00084,2025-10-29 17:53:17.689942,0,0.22579046716516762,0
O033160,C04251,P01525,2025-10-29 18:06:23.949598,0,0.10970888208478338,0
O033161,C01878,P01876,2025-10-29 18:19:30.209255,0,0.21941057495379904,0
O033162,C01502,P01493,2025-10-29 18:32:36.468911,0,0.09851972094149698,0
O033163,C04961,P01328,2025-10-29 18:45:42.728568,0,0.1751930968788004,0
O033164,C05341,P00816,2025-10-29 18:58:48.988224,0,0.18802229941212675,0
O033165,C03748,P01050,2025-10-29 19:11:55.247881,0,0.3391233034274217,0
O033166,C03464,P01783,2025-10-29 19:25:01.507537,0,0.32062799657832153,0
O033167,C03293,P01896,2025-10-29 19:38:07.767194,0,0.22796395271246273,0
O033168,C05944,P01421,2025-10-29 19:51:14.026850,1,0.35579952444169033,0
O033169,C01724,P01962,2025-10-29 20:04:20.286507,1,0.18961642507421628,0
O033170,C03074,P00951,2025-10-29 20:17:26.546163,0,0.18981624513130524,0
O033171,C00728,P00300,2025-10-29 20:30:32.805820,0,0.3308425357992218,0
O033172,C06421,P01486,2025-10-29 20:43:39.065476,0,0.12364591857578598,0
O033173,C07174,P00671,2025-10-29 20:56:45.325133,0,0.25018221763107923,0
O033174,C04853,P00899,2025-10-29 21:09:51.584789,0,0.3422185585229837,0
O033175,C04307,P00534,2025-10-29 21:22:57.844446,0,0.3306125835188212,0
O033176,C00676,P02176,2025-10-29 21:36:04.104102,0,0.1715692389520746,0
O033177,C00446,P01754,2025-10-29 21:49:10.363759,0,0.13147840973674502,0
O033178,C06617,P00803,2025-10-29 22:02:16.623415,0,0.11367879140663524,0
O033179,C01522,P01667,2025-10-29 22:15:22.883072,0,0.33623820462321685,0
O033180,C03502,P02034,2025-10-29 22:28:29.142728,1,0.32121747789022886,0
O033181,C01618,P01823,2025-10-29 22:41:35.402385,0,0.4327732452103196,0
O033182,C00507,P00778,2025-10-29 22:54:41.662041,0,0.09732925482169753,0
O033183,C04342,P00290,2025-10-29 23:07:47.921698,0,0.06417566319244435,0
O033184,C05056,P00041,2025-10-29 23:20:54.181354,0,0.15000426833742264,0
O033185,C03939,P00193,2025-10-29 23:34:00.441011,1,0.19583597595277724,0
O033186,C02076,P01271,2025-10-29 23:47:06.700667,0,0.1485250562339403,0
O033187,C02501,P00403,2025-10-30 00:00:12.960324,0,0.15928930432559393,0
O033188,C06376,P01485,2025-10-30 00:13:19.219980,0,0.16631715607088,0
O033189,C00723,P01744,2025-10-30 00:26:25.479636,0,0.09643913525108219,0
O033190,C05155,P00673,2025-10-30 00:39:31.739293,0,0.21538219794678734,0
O033191,C00669,P00187,2025-10-30 00:52:37.998949,0,0.09107917745758479,0
O033192,C05615,P00090,2025-10-30 01:05:44.258606,1,0.09874112919506234,0
O033193,C01254,P01826,2025-10-30 01:18:50.518262,0,0.30553784126547406,0
O033194,C07288,P01277,2025-10-30 01:31:56.777919,1,0.10260362048136407,0
O033195,C03658,P02479,2025-10-30 01:45:03.037575,0,0.23823381073987615,0
O033196,C02091,P01436,2025-10-30 01:58:09.297232,0,0.23487721504294615,0
O033197,C01046,P00645,2025-10-30 02:11:15.556888,0,0.07054677015524839,0
O033198,C01254,P00250,2025-10-30 02:24:21.816545,0,0.17878451968604872,0
O033199,C04122,P01133,2025-10-30 02:37:28.076201,1,0.19262876877647578,0
O033200,C06056,P00963,2025-10-30 02:50:34.335858,0,0.13866442329044582,0
O033201,C06028,P00788,2025-10-30 03:03:40.595514,1,0.2458631291690287,0
O033202,C07046,P01299,2025-10-30 03:16:46.855171,0,0.18266022132589965,0
O033203,C03453,P01416,2025-10-30 03:29:53.114827,0,0.1228419755109357,0
O033204,C06262,P01428,2025-10-30 03:42:59.374484,0,0.12420534667028615,0
O033205,C02239,P01537,2025-10-30 03:56:05.634140,1,0.08636656632871767,0
O033206,C00056,P01672,2025-10-30 04:09:11.893797,0,0.18307582060235492,0
O033207,C07729,P01636,2025-10-30 04:22:18.153453,0,0.10274685783593844,0
O033208,C02299,P00299,2025-10-30 04:35:24.413110,0,0.09899054266397248,0
O033209,C04621,P00231,2025-10-30 04:48:30.672766,0,0.17483496289407602,0
O033210,C07397,P01705,2025-10-30 05:01:36.932423,0,0.15234067538091675,0
O033211,C07742,P00915,2025-10-30 05:14:43.192079,1,0.35507286415145295,0
O033212,C07579,P01417,2025-10-30 05:27:49.451736,1,0.31505787966900195,0
O033213,C01948,P00406,2025-10-30 05:40:55.711392,0,0.21814635769574217,0
O033214,C04161,P00522,2025-10-30 05:54:01.971049,1,0.3131208266432917,0
O033215,C00084,P01468,2025-10-30 06:07:08.230705,0,0.26232632891669594,0
O033216,C04271,P00813,2025-10-30 06:20:14.490362,0,0.07554084771933996,0
O033217,C03079,P00973,2025-10-30 06:33:20.750018,0,0.2662438478293224,0
O033218,C03985,P00001,2025-10-30 06:46:27.009675,1,0.1409904684854757,0
O033219,C02215,P02450,2025-10-30 06:59:33.269331,0,0.46606678312829497,0
O033220,C01476,P02073,2025-10-30 07:12:39.528988,0,0.07440062002126413,0
O033221,C07201,P00751,2025-10-30 07:25:45.788644,0,0.23948633362619154,0
O033222,C01234,P01990,2025-10-30 07:38:52.048301,0,0.1975480222683623,0
O033223,C02191,P01464,2025-10-30 07:51:58.307957,0,0.19253474420860034,0
O033224,C06436,P01662,2025-10-30 08:05:04.567614,0,0.2570508950467339,0
O033225,C06548,P01649,2025-10-30 08:18:10.827270,0,0.07313479846681169,0
O033226,C00557,P00430,2025-10-30 08:31:17.086927,0,0.13315206191565454,0
O033227,C05454,P02494,2025-10-30 08:44:23.346583,1,0.13197203826784942,0
O033228,C05412,P01829,2025-10-30 08:57:29.606240,0,0.08878701821714294,0
O033229,C02246,P00557,2025-10-30 09:10:35.865896,1,0.11736646367020126,0
O033230,C06707,P00064,2025-10-30 09:23:42.125553,0,0.10007972616487193,0
O033231,C05570,P01150,2025-10-30 09:36:48.385209,0,0.0861367720398598,0
O033232,C06500,P02053,2025-10-30 09:49:54.644866,0,0.12524306131852472,0
O033233,C04539,P00132,2025-10-30 10:03:00.904522,1,0.21387888149935347,0
O033234,C07658,P00707,2025-10-30 10:16:07.164179,1,0.2957063586296069,0
O033235,C00359,P02142,2025-10-30 10:29:13.423835,1,0.25446614806326173,0
O033236,C01205,P00733,2025-10-30 10:42:19.683492,1,0.363578256023343,0
O033237,C00978,P02323,2025-10-30 10:55:25.943148,0,0.09237673149537165,0
O033238,C07649,P01960,2025-10-30 11:08:32.202805,0,0.2903232110587752,0
O033239,C00797,P01370,2025-10-30 11:21:38.462461,0,0.2600178753987918,0
O033240,C01762,P01620,2025-10-30 11:34:44.722118,0,0.2917791677495528,0
O033241,C02753,P02360,2025-10-30 11:47:50.981774,0,0.1476833003434958,0
O033242,C00725,P00764,2025-10-30 12:00:57.241431,0,0.1731114177994407,0
O033243,C04127,P00061,2025-10-30 12:14:03.501087,0,0.09126983795516373,0
O033244,C04437,P01015,2025-10-30 12:27:09.760744,0,0.13064345062105515,0
O033245,C00331,P00941,2025-10-30 12:40:16.020400,0,0.09755052711737887,0
O033246,C03808,P00034,2025-10-30 12:53:22.280057,0,0.0921172396854978,0
O033247,C06754,P00501,2025-10-30 13:06:28.539713,0,0.18145416246848264,0
O033248,C07478,P02024,2025-10-30 13:19:34.799369,0,0.48530101244281876,0
O033249,C04208,P01226,2025-10-30 13:32:41.059026,0,0.07796557000945753,0
O033250,C06504,P00304,2025-10-30 13:45:47.318682,0,0.27784453403773435,0
O033251,C01057,P00714,2025-10-30 13:58:53.578339,0,0.16523897988113212,0
O033252,C01204,P00095,2025-10-30 14:11:59.837995,1,0.3458648851874672,0
O033253,C00551,P00456,2025-10-30 14:25:06.097652,0,0.11535816851950062,0
O033254,C04014,P02006,2025-10-30 14:38:12.357308,0,0.09386303013538858,0
O033255,C03174,P00635,2025-10-30 14:51:18.616965,1,0.3666753667221142,0
O033256,C07578,P00903,2025-10-30 15:04:24.876621,1,0.14751794137038135,0
O033257,C06428,P01261,2025-10-30 15:17:31.136278,0,0.3195633585448229,0
O033258,C06623,P00022,2025-10-30 15:30:37.395934,0,0.18830872474647292,0
O033259,C03955,P00545,2025-10-30 15:43:43.655591,0,0.1257278563523538,0
O033260,C06385,P02131,2025-10-30 15:56:49.915247,0,0.342986714235595,0
O033261,C02511,P01458,2025-10-30 16:09:56.174904,0,0.11046381862208042,0
O033262,C04521,P02002,2025-10-30 16:23:02.434560,0,0.3448228810555384,0
O033263,C05144,P01529,2025-10-30 16:36:08.694217,0,0.11495649489561532,0
O033264,C06131,P01833,2025-10-30 16:49:14.953873,0,0.18475615617969118,0
O033265,C05235,P01761,2025-10-30 17:02:21.213530,0,0.14965555727251034,0
O033266,C05067,P02258,2025-10-30 17:15:27.473186,0,0.15980370361964313,0
O033267,C03456,P00463,2025-10-30 17:28:33.732843,0,0.21337403721740225,0
O033268,C07927,P01887,2025-10-30 17:41:39.992499,0,0.07308557453658265,0
O033269,C07572,P00876,2025-10-30 17:54:46.252156,0,0.27350510495956776,0
O033270,C01102,P01864,2025-10-30 18:07:52.511812,0,0.10928850577519947,0
O033271,C05453,P00303,2025-10-30 18:20:58.771469,0,0.18725172680986324,0
O033272,C04305,P01951,2025-10-30 18:34:05.031125,1,0.1266223999413627,0
O033273,C01141,P01488,2025-10-30 18:47:11.290782,0,0.30299969218273265,0
O033274,C07130,P01057,2025-10-30 19:00:17.550438,0,0.1887711565793629,0
O033275,C02883,P01071,2025-10-30 19:13:23.810095,0,0.23262199480702533,0
O033276,C05057,P01728,2025-10-30 19:26:30.069751,0,0.21761717421532342,0
O033277,C06982,P00496,2025-10-30 19:39:36.329408,1,0.0722897452244222,0
O033278,C07423,P02289,2025-10-30 19:52:42.589064,0,0.12655483012522195,0
O033279,C02907,P00612,2025-10-30 20:05:48.848721,0,0.20963588831893915,0
O033280,C03162,P01441,2025-10-30 20:18:55.108377,1,0.27857626683027514,0
O033281,C03969,P00316,2025-10-30 20:32:01.368034,0,0.28711537493891626,0
O033282,C05870,P00293,2025-10-30 20:45:07.627690,1,0.24102155391275001,0
O033283,C01397,P01034,2025-10-30 20:58:13.887347,0,0.285035394062072,0
O033284,C06279,P02240,2025-10-30 21:11:20.147003,0,0.3395676611167167,0
O033285,C07671,P00818,2025-10-30 21:24:26.406660,0,0.33102376832023384,0
O033286,C04401,P00311,2025-10-30 21:37:32.666316,0,0.19790144249987773,0
O033287,C02312,P00701,2025-10-30 21:50:38.925973,0,0.07544523826087939,0
O033288,C02127,P01164,2025-10-30 22:03:45.185629,0,0.08754167467894021,0
O033289,C03845,P00188,2025-10-30 22:16:51.445286,0,0.0826843902554576,0
O033290,C07541,P01778,2025-10-30 22:29:57.704942,0,0.09387319734295707,0
O033291,C01101,P00382,2025-10-30 22:43:03.964599,0,0.1679707005263818,0
O033292,C03885,P00585,2025-10-30 22:56:10.224255,1,0.3155758255832,0
O033293,C04143,P02489,2025-10-30 23:09:16.483912,0,0.14864077434540987,0
O033294,C02903,P01563,2025-10-30 23:22:22.743568,0,0.4948646159436159,0
O033295,C06369,P02102,2025-10-30 23:35:29.003225,0,0.06799501617001334,0
O033296,C02764,P01268,2025-10-30 23:48:35.262881,0,0.08572982139856533,0
O033297,C04325,P01662,2025-10-31 00:01:41.522538,1,0.5023563138009386,1
O033298,C07160,P01109,2025-10-31 00:14:47.782194,1,0.1888313497672471,0
O033299,C07489,P01866,2025-10-31 00:27:54.041851,0,0.11397237556372901,0
O033300,C07008,P00954,2025-10-31 00:41:00.301507,0,0.29569415676184807,0
O033301,C04824,P01133,2025-10-31 00:54:06.561164,0,0.38977012556541385,0
O033302,C03615,P01791,2025-10-31 01:07:12.820820,0,0.3876859766384965,0
O033303,C04618,P01475,2025-10-31 01:20:19.080477,0,0.15915945662890604,0
O033304,C02352,P01303,2025-10-31 01:33:25.340133,1,0.20591342154441575,0
O033305,C06297,P00878,2025-10-31 01:46:31.599789,0,0.1367657120713772,0
O033306,C07925,P01846,2025-10-31 01:59:37.859446,1,0.09997485363711892,0
O033307,C05217,P00675,2025-10-31 02:12:44.119102,0,0.25994045764117935,0
O033308,C01369,P00902,2025-10-31 02:25:50.378759,0,0.20445978732191236,0
O033309,C04623,P01662,2025-10-31 02:38:56.638415,1,0.24579809862416982,0
O033310,C01651,P02367,2025-10-31 02:52:02.898072,0,0.2352379084666991,0
O033311,C07222,P00732,2025-10-31 03:05:09.157728,0,0.13132864670972894,0
O033312,C04822,P00662,2025-10-31 03:18:15.417385,0,0.118275077024528,0
O033313,C04302,P01187,2025-10-31 03:31:21.677041,0,0.15593868716086995,0
O033314,C01650,P01934,2025-10-31 03:44:27.936698,0,0.14404158293333563,0
O033315,C03547,P01229,2025-10-31 03:57:34.196354,1,0.06086975146594078,0
O033316,C07120,P02398,2025-10-31 04:10:40.456011,0,0.11493716163125915,0
O033317,C07305,P02068,2025-10-31 04:23:46.715667,0,0.2640724424062103,0
O033318,C01955,P02323,2025-10-31 04:36:52.975324,0,0.0842187284928443,0
O033319,C02060,P00147,2025-10-31 04:49:59.234980,1,0.17180640819538706,0
O033320,C02017,P01382,2025-10-31 05:03:05.494637,0,0.07981812002310623,0
O033321,C07403,P01326,2025-10-31 05:16:11.754293,1,0.23925288018791677,0
O033322,C04667,P00195,2025-10-31 05:29:18.013950,1,0.1338288421642824,0
O033323,C00297,P02302,2025-10-31 05:42:24.273606,0,0.2996515479357958,0
O033324,C03708,P00848,2025-10-31 05:55:30.533263,1,0.2576053023739866,0
O033325,C01086,P00807,2025-10-31 06:08:36.792919,0,0.1537491803813612,0
O033326,C04863,P01203,2025-10-31 06:21:43.052576,0,0.4132976988762957,0
O033327,C02153,P02154,2025-10-31 06:34:49.312232,1,0.5801877324786537,1
O033328,C02385,P02207,2025-10-31 06:47:55.571889,0,0.11316649074570526,0
O033329,C01265,P00982,2025-10-31 07:01:01.831545,0,0.13612015837382133,0
O033330,C04974,P00461,2025-10-31 07:14:08.091202,0,0.09830913919428745,0
O033331,C00279,P02410,2025-10-31 07:27:14.350858,0,0.28326581593211536,0
O033332,C00146,P00345,2025-10-31 07:40:20.610515,1,0.31036507378044137,0
O033333,C06165,P01285,2025-10-31 07:53:26.870171,0,0.18894648802284977,0
O033334,C04106,P01941,2025-10-31 08:06:33.129828,1,0.1364358495840069,0
O033335,C04989,P02499,2025-10-31 08:19:39.389484,0,0.07878789905333534,0
O033336,C05364,P00065,2025-10-31 08:32:45.649141,0,0.31540060683516175,0
O033337,C01241,P00555,2025-10-31 08:45:51.908797,0,0.08250247395218316,0
O033338,C04249,P00024,2025-10-31 08:58:58.168454,0,0.06960288049193024,0
O033339,C02245,P00526,2025-10-31 09:12:04.428110,0,0.08207589932895279,0
O033340,C03104,P00551,2025-10-31 09:25:10.687767,0,0.09910994622183408,0
O033341,C07533,P02173,2025-10-31 09:38:16.947423,1,0.1288979344522188,0
O033342,C02333,P00140,2025-10-31 09:51:23.207080,0,0.3636750317508887,0
O033343,C04786,P02137,2025-10-31 10:04:29.466736,1,0.09877033294505674,0
O033344,C02996,P01246,2025-10-31 10:17:35.726393,0,0.23624420007959723,0
O033345,C00159,P02178,2025-10-31 10:30:41.986049,0,0.30563098780294357,0
O033346,C04918,P01377,2025-10-31 10:43:48.245706,1,0.2442059321021636,0
O033347,C00304,P01439,2025-10-31 10:56:54.505362,0,0.1301814320672754,0
O033348,C00669,P01089,2025-10-31 11:10:00.765019,1,0.10029945269589369,0
O033349,C05842,P01966,2025-10-31 11:23:07.024675,0,0.17173850791969453,0
O033350,C07483,P01050,2025-10-31 11:36:13.284332,0,0.23842872638196247,0
O033351,C01472,P01263,2025-10-31 11:49:19.543988,0,0.12500364025331792,0
O033352,C00640,P00697,2025-10-31 12:02:25.803645,1,0.5362425731775365,1
O033353,C02266,P00596,2025-10-31 12:15:32.063301,0,0.22912326850689452,0
O033354,C01998,P02205,2025-10-31 12:28:38.322958,1,0.32180118126376317,0
O033355,C03435,P01986,2025-10-31 12:41:44.582614,0,0.050193336950056885,0
O033356,C04371,P01164,2025-10-31 12:54:50.842271,0,0.14841538322881254,0
O033357,C05217,P00578,2025-10-31 13:07:57.101927,1,0.2545592783546055,0
O033358,C06662,P01862,2025-10-31 13:21:03.361584,1,0.21270769049745905,0
O033359,C02792,P00060,2025-10-31 13:34:09.621240,0,0.2195213947175253,0
O033360,C07713,P01752,2025-10-31 13:47:15.880897,0,0.24898027712286463,0
O033361,C04757,P00672,2025-10-31 14:00:22.140553,0,0.12450016227685638,0
O033362,C05701,P00150,2025-10-31 14:13:28.400210,0,0.11172950218685455,0
O033363,C07904,P00114,2025-10-31 14:26:34.659866,0,0.18537199241444746,0
O033364,C05504,P02270,2025-10-31 14:39:40.919522,0,0.35107326503312875,0
O033365,C02409,P00470,2025-10-31 14:52:47.179179,0,0.12057765285691133,0
O033366,C00945,P01000,2025-10-31 15:05:53.438835,1,0.29403796857720577,0
O033367,C05047,P00932,2025-10-31 15:18:59.698492,0,0.10715694293218533,0
O033368,C07765,P01852,2025-10-31 15:32:05.958148,1,0.3198100241313874,0
O033369,C01729,P01261,2025-10-31 15:45:12.217805,0,0.24658507132214963,0
O033370,C05094,P01295,2025-10-31 15:58:18.477461,0,0.11291266345779016,0
O033371,C07685,P02385,2025-10-31 16:11:24.737118,0,0.18513746008414148,0
O033372,C04130,P00032,2025-10-31 16:24:30.996774,0,0.17916753755766032,0
O033373,C00594,P01155,2025-10-31 16:37:37.256431,0,0.15479591821155136,0
O033374,C06039,P02350,2025-10-31 16:50:43.516087,0,0.17717441158236874,0
O033375,C05324,P01238,2025-10-31 17:03:49.775744,1,0.24501961725271937,0
O033376,C01296,P00309,2025-10-31 17:16:56.035400,0,0.3229989583039237,0
O033377,C02008,P02175,2025-10-31 17:30:02.295057,0,0.24658406329827304,0
O033378,C00869,P01951,2025-10-31 17:43:08.554713,0,0.21219083528907942,0
O033379,C04182,P00623,2025-10-31 17:56:14.814370,1,0.06586006532311717,0
O033380,C06179,P02366,2025-10-31 18:09:21.074026,1,0.2534987104871091,0
O033381,C02731,P02190,2025-10-31 18:22:27.333683,1,0.1187478078866102,0
O033382,C06891,P01822,2025-10-31 18:35:33.593339,1,0.2927449472826989,0
O033383,C02527,P02310,2025-10-31 18:48:39.852996,0,0.13117412094957978,0
O033384,C00111,P01335,2025-10-31 19:01:46.112652,0,0.22157772111830634,0
O033385,C06780,P00920,2025-10-31 19:14:52.372309,0,0.059891296569041026,0
O033386,C00152,P00701,2025-10-31 19:27:58.631965,0,0.11528663912796785,0
O033387,C00444,P00676,2025-10-31 19:41:04.891622,0,0.43924125406677217,0
O033388,C00500,P01554,2025-10-31 19:54:11.151278,0,0.19915529618194108,0
O033389,C07798,P01957,2025-10-31 20:07:17.410935,0,0.4143340685942293,0
O033390,C03932,P00770,2025-10-31 20:20:23.670591,0,0.09947115062402367,0
O033391,C07312,P01768,2025-10-31 20:33:29.930248,0,0.20235978391081968,0
O033392,C06681,P00557,2025-10-31 20:46:36.189904,0,0.14863966799721595,0
O033393,C01561,P00781,2025-10-31 20:59:42.449561,0,0.44807503996985004,0
O033394,C06375,P01370,2025-10-31 21:12:48.709217,0,0.22807850472072985,0
O033395,C03654,P01017,2025-10-31 21:25:54.968874,0,0.23011368988492242,0
O033396,C02799,P00568,2025-10-31 21:39:01.228530,1,0.29463121604309633,0
O033397,C01959,P01235,2025-10-31 21:52:07.488187,0,0.1800435760512531,0
O033398,C01824,P01519,2025-10-31 22:05:13.747843,1,0.3018031144075663,0
O033399,C06116,P01353,2025-10-31 22:18:20.007500,0,0.28354417124447007,0
O033400,C05912,P01532,2025-10-31 22:31:26.267156,1,0.1377006401154045,0
O033401,C04222,P01570,2025-10-31 22:44:32.526813,0,0.1057848192402392,0
O033402,C02608,P01107,2025-10-31 22:57:38.786469,0,0.07847748115985136,0
O033403,C02955,P00921,2025-10-31 23:10:45.046126,0,0.23460359669049508,0
O033404,C00002,P01955,2025-10-31 23:23:51.305782,0,0.12639885371037732,0
O033405,C00402,P00807,2025-10-31 23:36:57.565439,0,0.14939128529168014,0
O033406,C01257,P01619,2025-10-31 23:50:03.825095,0,0.08764327067921485,0
O033407,C01284,P01835,2025-11-01 00:03:10.084752,0,0.25612168112237815,0
O033408,C06564,P02311,2025-11-01 00:16:16.344408,0,0.09540823123878037,0
O033409,C03071,P00584,2025-11-01 00:29:22.604065,1,0.22169035752281796,0
O033410,C03923,P00703,2025-11-01 00:42:28.863721,0,0.09429047904448173,0
O033411,C01595,P00215,2025-11-01 00:55:35.123378,0,0.38142384398078694,0
O033412,C07392,P02122,2025-11-01 01:08:41.383034,0,0.17419488818930107,0
O033413,C02393,P01283,2025-11-01 01:21:47.642691,1,0.22869720116236145,0
O033414,C01576,P00499,2025-11-01 01:34:53.902347,0,0.37752922287566193,0
O033415,C02217,P02126,2025-11-01 01:48:00.162004,0,0.12050265127906766,0
O033416,C01995,P00020,2025-11-01 02:01:06.421660,0,0.1617632193655765,0
O033417,C06199,P00496,2025-11-01 02:14:12.681317,0,0.10945620739467142,0
O033418,C04780,P00324,2025-11-01 02:27:18.940973,0,0.4226631920594067,0
O033419,C01757,P02382,2025-11-01 02:40:25.200630,0,0.13058541002144164,0
O033420,C05597,P02122,2025-11-01 02:53:31.460286,0,0.13646954967878458,0
O033421,C01953,P01679,2025-11-01 03:06:37.719943,0,0.224226533568008,0
O033422,C04642,P01814,2025-11-01 03:19:43.979599,1,0.13613391902858832,0
O033423,C01703,P01433,2025-11-01 03:32:50.239255,0,0.30382022038831746,0
O033424,C01635,P00449,2025-11-01 03:45:56.498912,0,0.163304232686065,0
O033425,C07084,P01151,2025-11-01 03:59:02.758568,0,0.33327490827070905,0
O033426,C00678,P02434,2025-11-01 04:12:09.018225,0,0.38544816545545707,0
O033427,C07896,P01412,2025-11-01 04:25:15.277881,1,0.22707244812328187,0
O033428,C03362,P01414,2025-11-01 04:38:21.537538,0,0.1003796093510754,0
O033429,C04081,P00409,2025-11-01 04:51:27.797194,1,0.13220708133246095,0
O033430,C04946,P00983,2025-11-01 05:04:34.056851,0,0.27348203080585426,0
O033431,C02404,P02003,2025-11-01 05:17:40.316507,0,0.09474302696008216,0
O033432,C01185,P00917,2025-11-01 05:30:46.576164,0,0.25291549274651787,0
O033433,C03060,P01881,2025-11-01 05:43:52.835820,0,0.19869253890265548,0
O033434,C03547,P01658,2025-11-01 05:56:59.095477,0,0.24420904299365853,0
O033435,C07302,P02439,2025-11-01 06:10:05.355133,0,0.5416472356670498,1
O033436,C06602,P02479,2025-11-01 06:23:11.614790,1,0.4780374687179998,0
O033437,C06862,P01844,2025-11-01 06:36:17.874446,0,0.08870625743383372,0
O033438,C04384,P02101,2025-11-01 06:49:24.134103,0,0.3134727026059635,0
O033439,C06328,P02441,2025-11-01 07:02:30.393759,0,0.26625583135698855,0
O033440,C01041,P00070,2025-11-01 07:15:36.653416,0,0.06376687197615129,0
O033441,C05162,P01293,2025-11-01 07:28:42.913072,0,0.22200146008107471,0
O033442,C07714,P02110,2025-11-01 07:41:49.172729,0,0.08243512594941119,0
O033443,C07940,P00947,2025-11-01 07:54:55.432385,1,0.13628576020366012,0
O033444,C01120,P02245,2025-11-01 08:08:01.692042,0,0.10791304966345602,0
O033445,C07570,P00919,2025-11-01 08:21:07.951698,1,0.17704359803341507,0
O033446,C03673,P00188,2025-11-01 08:34:14.211355,1,0.13194913877178888,0
O033447,C02404,P01514,2025-11-01 08:47:20.471011,0,0.10883609327273074,0
O033448,C07490,P02285,2025-11-01 09:00:26.730668,1,0.2574087798563753,0
O033449,C02178,P00167,2025-11-01 09:13:32.990324,0,0.35090068061494506,0
O033450,C00764,P02256,2025-11-01 09:26:39.249981,0,0.2684706406567538,0
O033451,C02021,P01813,2025-11-01 09:39:45.509637,0,0.2071005030943408,0
O033452,C03201,P02073,2025-11-01 09:52:51.769294,0,0.12241787463079375,0
O033453,C04611,P02284,2025-11-01 10:05:58.028950,0,0.10089551464957769,0
O033454,C05098,P01196,2025-11-01 10:19:04.288607,1,0.16923077599659914,0
O033455,C04646,P01671,2025-11-01 10:32:10.548263,0,0.11384827169815309,0
O033456,C00152,P00650,2025-11-01 10:45:16.807920,0,0.13392633715498242,0
O033457,C00766,P02357,2025-11-01 10:58:23.067576,0,0.2373850322326937,0
O033458,C05537,P00422,2025-11-01 11:11:29.327233,0,0.07796985262786682,0
O033459,C05050,P02174,2025-11-01 11:24:35.586889,0,0.27787296829922303,0
O033460,C02759,P00435,2025-11-01 11:37:41.846546,0,0.06087580828492207,0
O033461,C07634,P01071,2025-11-01 11:50:48.106202,0,0.14237880097600994,0
O033462,C00764,P02440,2025-11-01 12:03:54.365859,0,0.14122653650787695,0
O033463,C02240,P01302,2025-11-01 12:17:00.625515,0,0.0769028573700972,0
O033464,C04646,P01549,2025-11-01 12:30:06.885172,0,0.22167608908835,0
O033465,C02041,P00894,2025-11-01 12:43:13.144828,0,0.3881047777617273,0
O033466,C01843,P01406,2025-11-01 12:56:19.404485,0,0.10593355448433966,0
O033467,C05655,P02486,2025-11-01 13:09:25.664141,0,0.11851166360163638,0
O033468,C01493,P00147,2025-11-01 13:22:31.923798,0,0.09269869856488012,0
O033469,C05515,P00262,2025-11-01 13:35:38.183454,1,0.3284047543384268,0
O033470,C06862,P00929,2025-11-01 13:48:44.443111,1,0.42748041375070756,0
O033471,C04089,P02411,2025-11-01 14:01:50.702767,0,0.39192960817451133,0
O033472,C03206,P01520,2025-11-01 14:14:56.962424,0,0.11027110818253444,0
O033473,C04776,P02283,2025-11-01 14:28:03.222080,0,0.25327874701321007,0
O033474,C06332,P02249,2025-11-01 14:41:09.481737,0,0.10507442501290047,0
O033475,C06950,P01612,2025-11-01 14:54:15.741393,0,0.19724203868094226,0
O033476,C06893,P01436,2025-11-01 15:07:22.001050,1,0.20604272979242677,0
O033477,C02190,P00298,2025-11-01 15:20:28.260706,0,0.20659327663651153,0
O033478,C01796,P01319,2025-11-01 15:33:34.520363,0,0.1274867513770405,0
O033479,C04377,P00091,2025-11-01 15:46:40.780019,1,0.15342358046016052,0
O033480,C07541,P00562,2025-11-01 15:59:47.039675,0,0.13616143740983838,0
O033481,C06823,P01526,2025-11-01 16:12:53.299332,1,0.2405036810348619,0
O033482,C05040,P00219,2025-11-01 16:25:59.558988,0,0.21622765801979318,0
O033483,C06314,P02403,2025-11-01 16:39:05.818645,0,0.09309622038428296,0
O033484,C03386,P01201,2025-11-01 16:52:12.078301,0,0.3854666238136683,0
O033485,C03311,P01699,2025-11-01 17:05:18.337958,1,0.1592651225780031,0
O033486,C07752,P01193,2025-11-01 17:18:24.597614,0,0.23192238599108264,0
O033487,C01883,P00377,2025-11-01 17:31:30.857271,0,0.09327539600773237,0
O033488,C00454,P01975,2025-11-01 17:44:37.116927,0,0.3194515677503496,0
O033489,C07511,P01023,2025-11-01 17:57:43.376584,1,0.24553929508996047,0
O033490,C02929,P00135,2025-11-01 18:10:49.636240,0,0.23301069541427666,0
O033491,C07273,P00570,2025-11-01 18:23:55.895897,0,0.11471602679732817,0
O033492,C00061,P02412,2025-11-01 18:37:02.155553,1,0.21764821309084928,0
O033493,C00716,P01864,2025-11-01 18:50:08.415210,0,0.22039914297063315,0
O033494,C07178,P00475,2025-11-01 19:03:14.674866,0,0.3521813289597294,0
O033495,C04786,P01402,2025-11-01 19:16:20.934523,0,0.08937406733688578,0
O033496,C07791,P02102,2025-11-01 19:29:27.194179,0,0.0895388663073448,0
O033497,C03230,P02133,2025-11-01 19:42:33.453836,0,0.11532811294381158,0
O033498,C06175,P01047,2025-11-01 19:55:39.713492,0,0.1387019673610464,0
O033499,C02127,P00035,2025-11-01 20:08:45.973149,0,0.18578702543400183,0
O033500,C03158,P02369,2025-11-01 20:21:52.232805,0,0.19362899121603572,0
O033501,C01508,P01671,2025-11-01 20:34:58.492462,1,0.1349177439794025,0
O033502,C06792,P01804,2025-11-01 20:48:04.752118,0,0.3514876838393733,0
O033503,C07855,P02315,2025-11-01 21:01:11.011775,1,0.5350846343420276,1
O033504,C05153,P01012,2025-11-01 21:14:17.271431,1,0.13664051112059394,0
O033505,C01335,P00768,2025-11-01 21:27:23.531088,0,0.115922755151495,0
O033506,C06612,P02477,2025-11-01 21:40:29.790744,1,0.1767536026930015,0
O033507,C07528,P01490,2025-11-01 21:53:36.050401,1,0.16713526869977463,0
O033508,C04291,P00838,2025-11-01 22:06:42.310057,1,0.31595158246946853,0
O033509,C05861,P00352,2025-11-01 22:19:48.569714,1,0.39695138314627193,0
O033510,C01979,P00100,2025-11-01 22:32:54.829370,0,0.11993558952608906,0
O033511,C02794,P01871,2025-11-01 22:46:01.089027,1,0.22906849968333393,0
O033512,C07012,P00095,2025-11-01 22:59:07.348683,1,0.23560440409302774,0
O033513,C01818,P01965,2025-11-01 23:12:13.608340,0,0.28120583969541907,0
O033514,C00586,P00947,2025-11-01 23:25:19.867996,0,0.20270443908984753,0
O033515,C01658,P02410,2025-11-01 23:38:26.127653,0,0.34071927996636026,0
O033516,C05966,P02218,2025-11-01 23:51:32.387309,0,0.09591886798317258,0
O033517,C01255,P00160,2025-11-02 00:04:38.646966,0,0.25824035318925304,0
O033518,C05253,P00227,2025-11-02 00:17:44.906622,1,0.19691686437840325,0
O033519,C07362,P00762,2025-11-02 00:30:51.166279,1,0.05485709267938574,0
O033520,C01233,P01434,2025-11-02 00:43:57.425935,0,0.2001203360928318,0
O033521,C07680,P01529,2025-11-02 00:57:03.685592,0,0.10342417088271812,0
O033522,C02326,P01225,2025-11-02 01:10:09.945248,0,0.24044091747838872,0
O033523,C02918,P01176,2025-11-02 01:23:16.204905,0,0.07489344658069301,0
O033524,C02844,P01645,2025-11-02 01:36:22.464561,0,0.33152294244625324,0
O033525,C04420,P01228,2025-11-02 01:49:28.724218,1,0.3142040292364574,0
O033526,C07282,P02135,2025-11-02 02:02:34.983874,0,0.12279492293536905,0
O033527,C01441,P02043,2025-11-02 02:15:41.243531,0,0.08239337157440658,0
O033528,C02629,P01669,2025-11-02 02:28:47.503187,1,0.07383608275504999,0
O033529,C02245,P01889,2025-11-02 02:41:53.762844,0,0.28623378081215656,0
O033530,C03192,P00280,2025-11-02 02:55:00.022500,0,0.4780549001761235,0
O033531,C07962,P01562,2025-11-02 03:08:06.282157,0,0.11206752357118098,0
O033532,C01485,P00918,2025-11-02 03:21:12.541813,0,0.2362628657007539,0
O033533,C05502,P00800,2025-11-02 03:34:18.801470,0,0.07605824975946975,0
O033534,C04079,P01423,2025-11-02 03:47:25.061126,0,0.2545923269773032,0
O033535,C02485,P01311,2025-11-02 04:00:31.320783,0,0.18086601044138648,0
O033536,C05664,P01291,2025-11-02 04:13:37.580439,0,0.2521724888349283,0
O033537,C04588,P00282,2025-11-02 04:26:43.840096,0,0.27583047604229843,0
O033538,C02220,P02044,2025-11-02 04:39:50.099752,1,0.48421322657893323,0
O033539,C00673,P01785,2025-11-02 04:52:56.359408,1,0.0862194211453947,0
O033540,C06921,P00925,2025-11-02 05:06:02.619065,0,0.06188843701911437,0
O033541,C07241,P01819,2025-11-02 05:19:08.878721,1,0.5722106505962165,1
O033542,C03876,P00700,2025-11-02 05:32:15.138378,1,0.3376048427100522,0
O033543,C05291,P00718,2025-11-02 05:45:21.398034,1,0.09955040249412254,0
O033544,C01665,P02420,2025-11-02 05:58:27.657691,0,0.4545546245490969,0
O033545,C02646,P01475,2025-11-02 06:11:33.917347,0,0.20874950917412097,0
O033546,C02191,P01144,2025-11-02 06:24:40.177004,0,0.10357275214794069,0
O033547,C03098,P00178,2025-11-02 06:37:46.436660,0,0.0792007446806195,0
O033548,C01295,P01645,2025-11-02 06:50:52.696317,0,0.1926249886241601,0
O033549,C01820,P00204,2025-11-02 07:03:58.955973,0,0.22855047712154875,0
O033550,C05230,P00437,2025-11-02 07:17:05.215630,0,0.0770905096537378,0
O033551,C01703,P00532,2025-11-02 07:30:11.475286,0,0.19566888574024197,0
O033552,C07701,P01337,2025-11-02 07:43:17.734943,0,0.45450924259069453,0
O033553,C04966,P00929,2025-11-02 07:56:23.994599,1,0.45488638018567384,0
O033554,C07670,P01891,2025-11-02 08:09:30.254256,1,0.1056538320805106,0
O033555,C07567,P00186,2025-11-02 08:22:36.513912,1,0.15992661756424573,0
O033556,C02752,P01875,2025-11-02 08:35:42.773569,0,0.12340394620245113,0
O033557,C07405,P01996,2025-11-02 08:48:49.033225,0,0.10206983760223366,0
O033558,C05336,P02291,2025-11-02 09:01:55.292882,0,0.08767604223124063,0
O033559,C04900,P01490,2025-11-02 09:15:01.552538,0,0.18788561824921854,0
O033560,C07129,P02283,2025-11-02 09:28:07.812195,0,0.2079082882679508,0
O033561,C05375,P02147,2025-11-02 09:41:14.071851,0,0.25319480465149,0
O033562,C03934,P02021,2025-11-02 09:54:20.331508,0,0.10583656949767598,0
O033563,C02677,P01723,2025-11-02 10:07:26.591164,0,0.25557624863480405,0
O033564,C01228,P00468,2025-11-02 10:20:32.850821,0,0.3033044662672833,0
O033565,C05833,P00970,2025-11-02 10:33:39.110477,0,0.250087005294582,0
O033566,C07515,P00711,2025-11-02 10:46:45.370134,0,0.18106439831090534,0
O033567,C03408,P00754,2025-11-02 10:59:51.629790,0,0.11908163263285394,0
O033568,C02997,P01956,2025-11-02 11:12:57.889447,0,0.1976487644815598,0
O033569,C01274,P02145,2025-11-02 11:26:04.149103,0,0.08807823595424247,0
O033570,C02163,P00234,2025-11-02 11:39:10.408760,0,0.197345199156014,0
O033571,C06904,P02023,2025-11-02 11:52:16.668416,1,0.18506225017142314,0
O033572,C01259,P00336,2025-11-02 12:05:22.928073,1,0.3121948854145279,0
O033573,C03618,P02082,2025-11-02 12:18:29.187729,0,0.20685150983687053,0
O033574,C07546,P01110,2025-11-02 12:31:35.447386,1,0.134972663272889,0
O033575,C04029,P01004,2025-11-02 12:44:41.707042,0,0.3240053010397287,0
O033576,C05709,P01647,2025-11-02 12:57:47.966699,0,0.09278472417084127,0
O033577,C07724,P00415,2025-11-02 13:10:54.226355,0,0.0715762130944899,0
O033578,C02007,P01531,2025-11-02 13:24:00.486012,0,0.18839238320601503,0
O033579,C02182,P00129,2025-11-02 13:37:06.745668,1,0.16956622966577112,0
O033580,C06072,P00396,2025-11-02 13:50:13.005325,0,0.15214732621664576,0
O033581,C07419,P00915,2025-11-02 14:03:19.264981,0,0.18901968330175087,0
O033582,C06364,P01721,2025-11-02 14:16:25.524638,1,0.420299056543512,0
O033583,C03484,P00472,2025-11-02 14:29:31.784294,0,0.15100258739057,0
O033584,C07871,P01375,2025-11-02 14:42:38.043951,0,0.27334691753733364,0
O033585,C06528,P00961,2025-11-02 14:55:44.303607,0,0.3389427676552878,0
O033586,C01788,P02177,2025-11-02 15:08:50.563264,1,0.11927171935601694,0
O033587,C02890,P01159,2025-11-02 15:21:56.822920,0,0.32996548961972,0
O033588,C03149,P00750,2025-11-02 15:35:03.082577,1,0.20639164648138264,0
O033589,C01400,P01096,2025-11-02 15:48:09.342233,0,0.1256778039191772,0
O033590,C00353,P00429,2025-11-02 16:01:15.601890,0,0.29891885885581704,0
O033591,C04753,P02239,2025-11-02 16:14:21.861546,0,0.20629198634016416,0
O033592,C02460,P00917,2025-11-02 16:27:28.121203,1,0.20143514438527,0
O033593,C05570,P00616,2025-11-02 16:40:34.380859,0,0.10188069079375889,0
O033594,C01928,P01837,2025-11-02 16:53:40.640516,0,0.3172974554784629,0
O033595,C03455,P00029,2025-11-02 17:06:46.900172,0,0.211339897662838,0
O033596,C02315,P00792,2025-11-02 17:19:53.159828,1,0.42719801980228794,0
O033597,C07292,P00536,2025-11-02 17:32:59.419485,0,0.11512622930746687,0
O033598,C03158,P01906,2025-11-02 17:46:05.679141,0,0.16666377602088142,0
O033599,C06318,P00002,2025-11-02 17:59:11.938798,0,0.06982764383194225,0
O033600,C05393,P00732,2025-11-02 18:12:18.198454,0,0.20666080351294894,0
O033601,C00991,P02258,2025-11-02 18:25:24.458111,1,0.2219843280382034,0
O033602,C04914,P01273,2025-11-02 18:38:30.717767,0,0.0981797167042962,0
O033603,C01936,P00191,2025-11-02 18:51:36.977424,0,0.20263033394529245,0
O033604,C03502,P00684,2025-11-02 19:04:43.237080,1,0.4319023036088912,0
O033605,C00419,P00837,2025-11-02 19:17:49.496737,1,0.6768399595745189,1
O033606,C03117,P00486,2025-11-02 19:30:55.756393,0,0.19138354992742113,0
O033607,C02565,P00857,2025-11-02 19:44:02.016050,0,0.07339673277245873,0
O033608,C01994,P00610,2025-11-02 19:57:08.275706,0,0.3523837086649644,0
O033609,C05724,P00884,2025-11-02 20:10:14.535363,0,0.2471531005149508,0
O033610,C00891,P02328,2025-11-02 20:23:20.795019,0,0.09001159720750221,0
O033611,C07249,P00933,2025-11-02 20:36:27.054676,0,0.11212382735291086,0
O033612,C04989,P02420,2025-11-02 20:49:33.314332,0,0.28056764384922195,0
O033613,C01179,P01610,2025-11-02 21:02:39.573989,1,0.1521155457261843,0
O033614,C06858,P01487,2025-11-02 21:15:45.833645,0,0.22508059317454354,0
O033615,C01984,P00254,2025-11-02 21:28:52.093302,0,0.2237996765683574,0
O033616,C05021,P00418,2025-11-02 21:41:58.352958,0,0.5563521278776825,1
O033617,C06690,P01690,2025-11-02 21:55:04.612615,0,0.18751023257054594,0
O033618,C07279,P00270,2025-11-02 22:08:10.872271,0,0.11453119210731008,0
O033619,C03637,P01013,2025-11-02 22:21:17.131928,1,0.5293280183778495,1
O033620,C04954,P00833,2025-11-02 22:34:23.391584,0,0.08071439131823988,0
O033621,C02086,P00561,2025-11-02 22:47:29.651241,0,0.08758101861143996,0
O033622,C02612,P02260,2025-11-02 23:00:35.910897,1,0.2806781406601718,0
O033623,C04533,P00764,2025-11-02 23:13:42.170554,0,0.13508586219446334,0
O033624,C07601,P00406,2025-11-02 23:26:48.430210,0,0.16843184387378102,0
O033625,C05270,P02188,2025-11-02 23:39:54.689867,1,0.14418525990177705,0
O033626,C00652,P01047,2025-11-02 23:53:00.949523,0,0.09973358662919027,0
O033627,C04835,P01538,2025-11-03 00:06:07.209180,1,0.14806467019943312,0
O033628,C06649,P01183,2025-11-03 00:19:13.468836,0,0.13332168895239913,0
O033629,C00131,P01734,2025-11-03 00:32:19.728493,1,0.28647732148183064,0
O033630,C05026,P02207,2025-11-03 00:45:25.988149,0,0.09689741095621277,0
O033631,C00569,P00302,2025-11-03 00:58:32.247806,1,0.21883513713432623,0
O033632,C05871,P02239,2025-11-03 01:11:38.507462,0,0.11676561953891935,0
O033633,C04857,P01489,2025-11-03 01:24:44.767119,1,0.20741074113525257,0
O033634,C01758,P00534,2025-11-03 01:37:51.026775,1,0.25375348335832926,0
O033635,C01137,P01872,2025-11-03 01:50:57.286432,0,0.3572050473968731,0
O033636,C06649,P00385,2025-11-03 02:04:03.546088,0,0.1190193144695495,0
O033637,C07851,P00347,2025-11-03 02:17:09.805745,0,0.08299354299767192,0
O033638,C01275,P00389,2025-11-03 02:30:16.065401,1,0.30043513358790064,0
O033639,C05048,P00097,2025-11-03 02:43:22.325058,0,0.13545772604113532,0
O033640,C07257,P01247,2025-11-03 02:56:28.584714,0,0.13597274878860816,0
O033641,C01560,P00753,2025-11-03 03:09:34.844371,1,0.2807170743811175,0
O033642,C05361,P01360,2025-11-03 03:22:41.104027,1,0.35404365407982463,0
O033643,C03085,P00319,2025-11-03 03:35:47.363684,0,0.11086791254134107,0
O033644,C07541,P00785,2025-11-03 03:48:53.623340,0,0.16048310851577305,0
O033645,C05654,P02216,2025-11-03 04:01:59.882997,0,0.13352288952286445,0
O033646,C04569,P02071,2025-11-03 04:15:06.142653,0,0.29027241447602287,0
O033647,C05480,P02005,2025-11-03 04:28:12.402310,0,0.28013731287910437,0
O033648,C01309,P01272,2025-11-03 04:41:18.661966,0,0.23089190148214894,0
O033649,C04891,P00937,2025-11-03 04:54:24.921623,0,0.07698149729451971,0
O033650,C01875,P01900,2025-11-03 05:07:31.181279,0,0.1068509111807038,0
O033651,C03726,P01264,2025-11-03 05:20:37.440936,0,0.11056331826544148,0
O033652,C04064,P00021,2025-11-03 05:33:43.700592,0,0.36776215682450264,0
O033653,C04662,P01175,2025-11-03 05:46:49.960249,0,0.2391201481572064,0
O033654,C04551,P00905,2025-11-03 05:59:56.219905,0,0.09710648329258803,0
O033655,C03439,P00737,2025-11-03 06:13:02.479561,0,0.26723335729805325,0
O033656,C06503,P01912,2025-11-03 06:26:08.739218,1,0.25579579044235856,0
O033657,C07387,P01676,2025-11-03 06:39:14.998874,1,0.2574380490643774,0
O033658,C07060,P00849,2025-11-03 06:52:21.258531,0,0.16813954679786802,0
O033659,C02350,P01278,2025-11-03 07:05:27.518187,1,0.16511182893882032,0
O033660,C05789,P00029,2025-11-03 07:18:33.777844,0,0.2650378523989642,0
O033661,C05513,P00833,2025-11-03 07:31:40.037500,0,0.08492176258220478,0
O033662,C01771,P00606,2025-11-03 07:44:46.297157,0,0.2460205016758119,0
O033663,C05201,P00622,2025-11-03 07:57:52.556813,1,0.2270101776094685,0
O033664,C00148,P01501,2025-11-03 08:10:58.816470,1,0.07519477174991167,0
O033665,C06499,P00102,2025-11-03 08:24:05.076126,1,0.1263162685085342,0
O033666,C03542,P01302,2025-11-03 08:37:11.335783,1,0.1467168279454515,0
O033667,C02112,P00952,2025-11-03 08:50:17.595439,0,0.12118368317585755,0
O033668,C00542,P00106,2025-11-03 09:03:23.855096,1,0.36220203921355143,0
O033669,C01890,P00511,2025-11-03 09:16:30.114752,1,0.13600565668741527,0
O033670,C04921,P01945,2025-11-03 09:29:36.374409,0,0.1304134095903638,0
O033671,C07726,P00578,2025-11-03 09:42:42.634065,0,0.1668332286104532,0
O033672,C07050,P00178,2025-11-03 09:55:48.893722,0,0.0824867542154354,0
O033673,C05055,P01934,2025-11-03 10:08:55.153378,0,0.14057583905714252,0
O033674,C04248,P00032,2025-11-03 10:22:01.413035,0,0.09653742889180791,0
O033675,C05877,P02445,2025-11-03 10:35:07.672691,1,0.2118786924553424,0
O033676,C03096,P02179,2025-11-03 10:48:13.932348,0,0.08512015652751966,0
O033677,C05512,P00028,2025-11-03 11:01:20.192004,1,0.2518755511222093,0
O033678,C05263,P02351,2025-11-03 11:14:26.451661,0,0.21880717652776013,0
O033679,C07859,P00586,2025-11-03 11:27:32.711317,0,0.10797547008796476,0
O033680,C05787,P02301,2025-11-03 11:40:38.970974,0,0.09787486261386713,0
O033681,C01116,P01864,2025-11-03 11:53:45.230630,0,0.14741432162523058,0
O033682,C06836,P00467,2025-11-03 12:06:51.490287,0,0.26283496216216157,0
O033683,C02826,P01473,2025-11-03 12:19:57.749943,0,0.29520789281373244,0
O033684,C01894,P02169,2025-11-03 12:33:04.009600,0,0.1918632237218944,0
O033685,C06711,P00303,2025-11-03 12:46:10.269256,1,0.3880075984591043,0
O033686,C03546,P00178,2025-11-03 12:59:16.528913,0,0.16474760554238327,0
O033687,C05768,P01284,2025-11-03 13:12:22.788569,0,0.1417180232152814,0
O033688,C03096,P00134,2025-11-03 13:25:29.048226,0,0.28045964284934827,0
O033689,C04157,P00570,2025-11-03 13:38:35.307882,0,0.155265190948894,0
O033690,C02930,P02286,2025-11-03 13:51:41.567539,0,0.1079467249694277,0
O033691,C06023,P01412,2025-11-03 14:04:47.827195,1,0.28185244120633085,0
O033692,C01824,P01734,2025-11-03 14:17:54.086852,1,0.6426170034595633,1
O033693,C01240,P00312,2025-11-03 14:31:00.346508,0,0.07092835940664322,0
O033694,C06123,P00963,2025-11-03 14:44:06.606165,1,0.1206281435543078,0
O033695,C01653,P00153,2025-11-03 14:57:12.865821,0,0.16861662986310297,0
O033696,C00817,P01663,2025-11-03 15:10:19.125478,0,0.1928747208787369,0
O033697,C04915,P01619,2025-11-03 15:23:25.385134,0,0.07226144713004441,0
O033698,C04553,P01870,2025-11-03 15:36:31.644791,0,0.3775303293083141,0
O033699,C00198,P00952,2025-11-03 15:49:37.904447,1,0.29375978660281826,0
O033700,C02728,P02149,2025-11-03 16:02:44.164104,0,0.18145241006238888,0
O033701,C02224,P01566,2025-11-03 16:15:50.423760,0,0.10593195959372252,0
O033702,C00300,P01120,2025-11-03 16:28:56.683417,0,0.22931213500234873,0
O033703,C00170,P00857,2025-11-03 16:42:02.943073,0,0.14348598709998078,0
O033704,C02046,P01957,2025-11-03 16:55:09.202730,1,0.45016873709324867,0
O033705,C05634,P01731,2025-11-03 17:08:15.462386,0,0.3200825045242472,0
O033706,C01437,P01766,2025-11-03 17:21:21.722043,0,0.2101986274137908,0
O033707,C01273,P01508,2025-11-03 17:34:27.981699,0,0.31639594239989044,0
O033708,C00195,P00526,2025-11-03 17:47:34.241356,1,0.06466162998752029,0
O033709,C05985,P01009,2025-11-03 18:00:40.501012,0,0.34355486906316074,0
O033710,C07178,P02373,2025-11-03 18:13:46.760669,0,0.11221697892790244,0
O033711,C02494,P01402,2025-11-03 18:26:53.020325,1,0.23612723510357575,0
O033712,C00114,P00770,2025-11-03 18:39:59.279982,0,0.25423260425009425,0
O033713,C05675,P01683,2025-11-03 18:53:05.539638,0,0.09038472375221296,0
O033714,C00171,P01651,2025-11-03 19:06:11.799294,1,0.20888119676669034,0
O033715,C07610,P02210,2025-11-03 19:19:18.058951,0,0.21398049295725086,0
O033716,C03256,P01215,2025-11-03 19:32:24.318607,0,0.15580402692128695,0
O033717,C05669,P00535,2025-11-03 19:45:30.578264,0,0.29103529751577856,0
O033718,C03645,P01238,2025-11-03 19:58:36.837920,1,0.2259184479924006,0
O033719,C00729,P00202,2025-11-03 20:11:43.097577,0,0.18006889340284285,0
O033720,C07575,P02383,2025-11-03 20:24:49.357233,0,0.3850323310282326,0
O033721,C02748,P01030,2025-11-03 20:37:55.616890,0,0.21992434432289718,0
O033722,C04909,P00567,2025-11-03 20:51:01.876546,0,0.26648237988056656,0
O033723,C04659,P01049,2025-11-03 21:04:08.136203,0,0.12240927067981547,0
O033724,C01473,P01461,2025-11-03 21:17:14.395859,0,0.4213691013152912,0
O033725,C00502,P02255,2025-11-03 21:30:20.655516,0,0.18525031885348148,0
O033726,C05251,P02167,2025-11-03 21:43:26.915172,1,0.29678245662972635,0
O033727,C02226,P02344,2025-11-03 21:56:33.174829,1,0.3746625060913994,0
O033728,C02913,P00643,2025-11-03 22:09:39.434485,0,0.15594678014943816,0
O033729,C03950,P01300,2025-11-03 22:22:45.694142,1,0.3758354757921336,0
O033730,C03301,P01395,2025-11-03 22:35:51.953798,0,0.13529181372414648,0
O033731,C07752,P01731,2025-11-03 22:48:58.213455,0,0.3978065169140306,0
O033732,C03333,P01826,2025-11-03 23:02:04.473111,0,0.24545645227659715,0
O033733,C04783,P01300,2025-11-03 23:15:10.732768,0,0.2518498154004958,0
O033734,C07102,P01741,2025-11-03 23:28:16.992424,0,0.4583798296067532,0
O033735,C00489,P02341,2025-11-03 23:41:23.252081,0,0.2310297181815479,0
O033736,C05885,P01469,2025-11-03 23:54:29.511737,0,0.2570312143290342,0
O033737,C00416,P01928,2025-11-04 00:07:35.771394,0,0.25367223937399064,0
O033738,C01637,P00799,2025-11-04 00:20:42.031050,0,0.09300167733229803,0
O033739,C03299,P01456,2025-11-04 00:33:48.290707,0,0.15830815019987066,0
O033740,C02212,P01715,2025-11-04 00:46:54.550363,0,0.11210278070198539,0
O033741,C05966,P02056,2025-11-04 01:00:00.810020,1,0.17717703444918387,0
O033742,C01532,P02026,2025-11-04 01:13:07.069676,0,0.3074377018107282,0
O033743,C05441,P00507,2025-11-04 01:26:13.329333,1,0.37381015459040645,0
O033744,C05547,P01648,2025-11-04 01:39:19.588989,0,0.33924512635252896,0
O033745,C07208,P02038,2025-11-04 01:52:25.848646,0,0.07164222707516886,0
O033746,C04260,P01783,2025-11-04 02:05:32.108302,1,0.20473953476248047,0
O033747,C05968,P00246,2025-11-04 02:18:38.367959,0,0.08377979601902175,0
O033748,C07321,P02057,2025-11-04 02:31:44.627615,0,0.06635844992490746,0
O033749,C07370,P01662,2025-11-04 02:44:50.887272,0,0.2724438231261162,0
O033750,C02313,P00105,2025-11-04 02:57:57.146928,0,0.2902644189836151,0
O033751,C07755,P02272,2025-11-04 03:11:03.406585,0,0.1350254233693136,0
O033752,C07169,P00147,2025-11-04 03:24:09.666241,1,0.10115060906011954,0
O033753,C04982,P00824,2025-11-04 03:37:15.925898,0,0.05678145694434323,0
O033754,C01310,P00343,2025-11-04 03:50:22.185554,0,0.08019250638921631,0
O033755,C00320,P00244,2025-11-04 04:03:28.445211,0,0.16713312197676286,0
O033756,C00211,P01358,2025-11-04 04:16:34.704867,1,0.30531778129048487,0
O033757,C07704,P01035,2025-11-04 04:29:40.964524,0,0.2164035209509161,0
O033758,C00276,P01945,2025-11-04 04:42:47.224180,0,0.09689997904159864,0
O033759,C05802,P01226,2025-11-04 04:55:53.483837,0,0.09294391944605893,0
O033760,C07003,P01142,2025-11-04 05:08:59.743493,0,0.17257959124750977,0
O033761,C04742,P00160,2025-11-04 05:22:06.003150,0,0.18089983502704127,0
O033762,C07921,P01228,2025-11-04 05:35:12.262806,0,0.432601764842099,0
O033763,C02622,P01766,2025-11-04 05:48:18.522463,0,0.18824067800078104,0
O033764,C03197,P00201,2025-11-04 06:01:24.782119,0,0.30646258626343403,0
O033765,C07580,P02340,2025-11-04 06:14:31.041776,0,0.16680984429835616,0
O033766,C01565,P00864,2025-11-04 06:27:37.301432,0,0.42469071773698275,0
O033767,C00717,P00753,2025-11-04 06:40:43.561089,0,0.1673761191850193,0
O033768,C03521,P00713,2025-11-04 06:53:49.820745,0,0.3246569123243071,0
O033769,C01076,P00839,2025-11-04 07:06:56.080402,0,0.27944636857904376,0
O033770,C04250,P02054,2025-11-04 07:20:02.340058,0,0.15201544509907758,0
O033771,C03929,P01633,2025-11-04 07:33:08.599714,1,0.197755123977994,0
O033772,C02420,P01970,2025-11-04 07:46:14.859371,0,0.08359761152609306,0
O033773,C03732,P01356,2025-11-04 07:59:21.119027,0,0.13827797418989876,0
O033774,C04351,P00331,2025-11-04 08:12:27.378684,0,0.3222260589256185,0
O033775,C07157,P00536,2025-11-04 08:25:33.638340,0,0.3026838785376952,0
O033776,C05496,P02350,2025-11-04 08:38:39.897997,1,0.17594927124205592,0
O033777,C06546,P01018,2025-11-04 08:51:46.157653,1,0.0767825509626463,0
O033778,C05483,P01384,2025-11-04 09:04:52.417310,0,0.16370401256412231,0
O033779,C02026,P00348,2025-11-04 09:17:58.676966,1,0.45218662298727746,0
O033780,C03663,P01562,2025-11-04 09:31:04.936623,0,0.15638109268499603,0
O033781,C03504,P00615,2025-11-04 09:44:11.196279,0,0.08723340512738242,0
O033782,C02169,P00808,2025-11-04 09:57:17.455936,0,0.155825225080592,0
O033783,C01327,P02220,2025-11-04 10:10:23.715592,0,0.08830977854695038,0
O033784,C01848,P00920,2025-11-04 10:23:29.975249,1,0.19245273511621772,0
O033785,C04400,P01106,2025-11-04 10:36:36.234905,0,0.17090110959040616,0
O033786,C03765,P01055,2025-11-04 10:49:42.494562,0,0.27552486308173013,0
O033787,C05103,P01372,2025-11-04 11:02:48.754218,0,0.11022200285066758,0
O033788,C07154,P00437,2025-11-04 11:15:55.013875,0,0.14125004055905035,0
O033789,C02626,P00869,2025-11-04 11:29:01.273531,0,0.19407887782638295,0
O033790,C01858,P01698,2025-11-04 11:42:07.533188,0,0.22876559736692434,0
O033791,C03661,P01912,2025-11-04 11:55:13.792844,0,0.10072894669398175,0
O033792,C07383,P01028,2025-11-04 12:08:20.052501,1,0.485614962995893,0
O033793,C07527,P00222,2025-11-04 12:21:26.312157,0,0.09064080248468974,0
O033794,C07031,P01178,2025-11-04 12:34:32.571814,0,0.16485195091846863,0
O033795,C04073,P01376,2025-11-04 12:47:38.831470,0,0.10227055389084705,0
O033796,C04151,P01485,2025-11-04 13:00:45.091127,0,0.30102710246559655,0
O033797,C04740,P01430,2025-11-04 13:13:51.350783,0,0.3848002869105244,0
O033798,C05505,P01629,2025-11-04 13:26:57.610440,1,0.20531712059011273,0
O033799,C00775,P02042,2025-11-04 13:40:03.870096,0,0.1780985192263423,0
O033800,C02917,P00742,2025-11-04 13:53:10.129753,0,0.2587808244310246,0
O033801,C01816,P02221,2025-11-04 14:06:16.389409,0,0.2047391530501016,0
O033802,C01252,P02122,2025-11-04 14:19:22.649066,0,0.2753815899150247,0
O033803,C01709,P00415,2025-11-04 14:32:28.908722,0,0.0612360348927108,0
O033804,C04591,P00634,2025-11-04 14:45:35.168379,1,0.5426196495152608,1
O033805,C06226,P02402,2025-11-04 14:58:41.428035,0,0.11266653517949358,0
O033806,C03218,P01235,2025-11-04 15:11:47.687692,0,0.1221341595943573,0
O033807,C07074,P02496,2025-11-04 15:24:53.947348,0,0.1505928656565591,0
O033808,C06150,P00259,2025-11-04 15:38:00.207005,1,0.14608144998405628,0
O033809,C06861,P01602,2025-11-04 15:51:06.466661,0,0.14569365287594405,0
O033810,C02903,P00597,2025-11-04 16:04:12.726318,1,0.6221257975332678,1
O033811,C07306,P00051,2025-11-04 16:17:18.985974,1,0.21653164099128577,0
O033812,C04439,P01883,2025-11-04 16:30:25.245631,0,0.07319463047469245,0
O033813,C06128,P00131,2025-11-04 16:43:31.505287,0,0.22940891290429302,0
O033814,C03910,P01320,2025-11-04 16:56:37.764944,1,0.3117732222890561,0
O033815,C05904,P02330,2025-11-04 17:09:44.024600,0,0.3853816932226462,0
O033816,C00636,P00737,2025-11-04 17:22:50.284257,0,0.19695229564763972,0
O033817,C05182,P02029,2025-11-04 17:35:56.543913,1,0.5103524337483544,1
O033818,C05524,P00232,2025-11-04 17:49:02.803570,0,0.20112268467171823,0
O033819,C04372,P00879,2025-11-04 18:02:09.063226,0,0.20195115989984846,0
O033820,C05900,P01912,2025-11-04 18:15:15.322883,0,0.10306242333109554,0
O033821,C06315,P00597,2025-11-04 18:28:21.582539,0,0.14603126862886448,0
O033822,C00414,P01130,2025-11-04 18:41:27.842196,0,0.11881508020222477,0
O033823,C01044,P01277,2025-11-04 18:54:34.101852,1,0.16831981585177994,0
O033824,C03123,P02358,2025-11-04 19:07:40.361509,1,0.14725474326511268,0
O033825,C03967,P01936,2025-11-04 19:20:46.621165,0,0.2239382314568082,0
O033826,C02169,P01299,2025-11-04 19:33:52.880822,0,0.11032553380291583,0
O033827,C01647,P01258,2025-11-04 19:46:59.140478,0,0.10262074019904555,0
O033828,C02697,P00710,2025-11-04 20:00:05.400135,0,0.07199286985544805,0
O033829,C00774,P02121,2025-11-04 20:13:11.659791,0,0.13052031413419143,0
O033830,C02081,P01033,2025-11-04 20:26:17.919447,0,0.17167953056886046,0
O033831,C06947,P00147,2025-11-04 20:39:24.179104,0,0.1800334523076467,0
O033832,C02440,P01934,2025-11-04 20:52:30.438760,0,0.1133852398499365,0
O033833,C07171,P02059,2025-11-04 21:05:36.698417,0,0.19391027211292305,0
O033834,C02389,P00628,2025-11-04 21:18:42.958073,1,0.18570167883276317,0
O033835,C01031,P00287,2025-11-04 21:31:49.217730,0,0.09480306748758645,0
O033836,C03746,P01110,2025-11-04 21:44:55.477386,0,0.09391766883009688,0
O033837,C03892,P01911,2025-11-04 21:58:01.737043,0,0.3185583849760587,0
O033838,C07638,P01683,2025-11-04 22:11:07.996699,1,0.2575139287781898,0
O033839,C03511,P00552,2025-11-04 22:24:14.256356,0,0.38402377062058257,0
O033840,C06033,P02406,2025-11-04 22:37:20.516012,0,0.08902843912778555,0
O033841,C01305,P01751,2025-11-04 22:50:26.775669,0,0.16617678045655893,0
O033842,C01918,P02462,2025-11-04 23:03:33.035325,0,0.15889689409947916,0
O033843,C05019,P02263,2025-11-04 23:16:39.294982,1,0.24208163824541298,0
O033844,C02856,P00451,2025-11-04 23:29:45.554638,0,0.1543005178186322,0
O033845,C03434,P01866,2025-11-04 23:42:51.814295,0,0.12072600336293235,0
O033846,C07892,P00767,2025-11-04 23:55:58.073951,0,0.14144521706239027,0
O033847,C02709,P00566,2025-11-05 00:09:04.333608,0,0.17076386742941674,0
O033848,C07203,P02216,2025-11-05 00:22:10.593264,1,0.22465729327062697,0
O033849,C07896,P00563,2025-11-05 00:35:16.852921,1,0.20318724787391246,0
O033850,C01605,P00525,2025-11-05 00:48:23.112577,1,0.17881895634757383,0
O033851,C04672,P00566,2025-11-05 01:01:29.372234,0,0.22153243305146453,0
O033852,C03605,P01119,2025-11-05 01:14:35.631890,0,0.1497522035035138,0
O033853,C04218,P00268,2025-11-05 01:27:41.891547,0,0.10774270019200763,0
O033854,C04100,P00280,2025-11-05 01:40:48.151203,0,0.36730797522627884,0
O033855,C03683,P00199,2025-11-05 01:53:54.410860,1,0.4789823743239735,0
O033856,C05095,P01859,2025-11-05 02:07:00.670516,0,0.18571855770357729,0
O033857,C02106,P00536,2025-11-05 02:20:06.930173,0,0.1667467437653256,0
O033858,C03997,P01010,2025-11-05 02:33:13.189829,0,0.18162945079825005,0
O033859,C00424,P00404,2025-11-05 02:46:19.449486,0,0.1178794579865914,0
O033860,C01096,P02499,2025-11-05 02:59:25.709142,0,0.20195400950670628,0
O033861,C00196,P02261,2025-11-05 03:12:31.968799,1,0.36444045931065255,0
O033862,C07626,P01381,2025-11-05 03:25:38.228455,0,0.08664348229592486,0
O033863,C06987,P02165,2025-11-05 03:38:44.488112,0,0.41255964733988787,0
O033864,C02317,P01178,2025-11-05 03:51:50.747768,0,0.06567079706744894,0
O033865,C01440,P02069,2025-11-05 04:04:57.007425,1,0.2510789251641479,0
O033866,C02693,P00962,2025-11-05 04:18:03.267081,0,0.27518304913484154,0
O033867,C01760,P00948,2025-11-05 04:31:09.526738,0,0.1648280282417892,0
O033868,C04246,P01408,2025-11-05 04:44:15.786394,0,0.13776023539172713,0
O033869,C07095,P01708,2025-11-05 04:57:22.046051,0,0.39024044321459683,0
O033870,C00160,P01351,2025-11-05 05:10:28.305707,0,0.21272260750877026,0
O033871,C06497,P00774,2025-11-05 05:23:34.565364,0,0.25688251954636687,0
O033872,C03985,P00772,2025-11-05 05:36:40.825020,0,0.20546455327677143,0
O033873,C03725,P01518,2025-11-05 05:49:47.084677,1,0.5917690015851808,1
O033874,C04212,P02343,2025-11-05 06:02:53.344333,0,0.3543220110856099,0
O033875,C07989,P02497,2025-11-05 06:15:59.603990,0,0.06569725162457947,0
O033876,C03920,P02143,2025-11-05 06:29:05.863646,0,0.1808262251881398,0
O033877,C06355,P01544,2025-11-05 06:42:12.123303,1,0.3184917673706332,0
O033878,C03032,P00214,2025-11-05 06:55:18.382959,0,0.14248965397130114,0
O033879,C03426,P01207,2025-11-05 07:08:24.642616,0,0.1621442085537096,0
O033880,C07068,P00752,2025-11-05 07:21:30.902272,0,0.13212822845526997,0
O033881,C04533,P01895,2025-11-05 07:34:37.161929,0,0.12978908554043248,0
O033882,C03445,P00255,2025-11-05 07:47:43.421585,1,0.45644726666796714,0
O033883,C04796,P02315,2025-11-05 08:00:49.681242,0,0.2524256839787459,0
O033884,C02838,P01201,2025-11-05 08:13:55.940898,0,0.2943463909936613,0
O033885,C04701,P01277,2025-11-05 08:27:02.200555,0,0.09623019961005723,0
O033886,C06495,P02005,2025-11-05 08:40:08.460211,0,0.4208227422584382,0
O033887,C06527,P01668,2025-11-05 08:53:14.719867,0,0.18664752202554946,0
O033888,C05932,P01998,2025-11-05 09:06:20.979524,0,0.18863577233864842,0
O033889,C04362,P01943,2025-11-05 09:19:27.239180,0,0.09607289414775873,0
O033890,C02602,P02055,2025-11-05 09:32:33.498837,0,0.10652145617702155,0
O033891,C06772,P00463,2025-11-05 09:45:39.758493,0,0.20248564777697933,0
O033892,C04336,P00621,2025-11-05 09:58:46.018150,1,0.33924462790724014,0
O033893,C05342,P00801,2025-11-05 10:11:52.277806,0,0.31753864305774504,0
O033894,C03219,P02335,2025-11-05 10:24:58.537463,0,0.10887429675475285,0
O033895,C07434,P01752,2025-11-05 10:38:04.797119,0,0.3638583383292978,0
O033896,C04480,P02355,2025-11-05 10:51:11.056776,1,0.08656121895885198,0
O033897,C03067,P01818,2025-11-05 11:04:17.316432,0,0.19223751801485578,0
O033898,C00658,P00733,2025-11-05 11:17:23.576089,0,0.1923843251194807,0
O033899,C06081,P01256,2025-11-05 11:30:29.835745,0,0.27911839866060617,0
O033900,C06664,P01019,2025-11-05 11:43:36.095402,1,0.24072890173121986,0
O033901,C06147,P02023,2025-11-05 11:56:42.355058,0,0.17199740928738796,0
O033902,C02906,P02056,2025-11-05 12:09:48.614715,1,0.29498034978877213,0
O033903,C04564,P01686,2025-11-05 12:22:54.874371,0,0.1833630936685725,0
O033904,C00549,P00911,2025-11-05 12:36:01.134028,0,0.20935128451961418,0
O033905,C04634,P01205,2025-11-05 12:49:07.393684,0,0.2599425275941218,0
O033906,C00209,P00859,2025-11-05 13:02:13.653341,0,0.09112756661502062,0
O033907,C05008,P02144,2025-11-05 13:15:19.912997,0,0.32362833601971464,0
O033908,C05940,P01467,2025-11-05 13:28:26.172654,0,0.11231433892542146,0
O033909,C05879,P00021,2025-11-05 13:41:32.432310,0,0.31785086306820154,0
O033910,C04792,P02089,2025-11-05 13:54:38.691967,0,0.25032366656685917,0
O033911,C04635,P01184,2025-11-05 14:07:44.951623,0,0.17035091983550635,0
O033912,C05802,P00472,2025-11-05 14:20:51.211280,0,0.08553062864935689,0
O033913,C01293,P02238,2025-11-05 14:33:57.470936,0,0.30438934316725874,0
O033914,C05745,P02062,2025-11-05 14:47:03.730593,1,0.23118954712770814,0
O033915,C07573,P00826,2025-11-05 15:00:09.990249,0,0.21560934749576682,0
O033916,C00716,P02005,2025-11-05 15:13:16.249906,1,0.6030082858916335,1
O033917,C00096,P01626,2025-11-05 15:26:22.509562,1,0.07345831037965583,0
O033918,C04066,P02336,2025-11-05 15:39:28.769219,1,0.27891804326521,0
O033919,C01027,P01474,2025-11-05 15:52:35.028875,0,0.06934038193127562,0
O033920,C07282,P00439,2025-11-05 16:05:41.288532,1,0.28765647550400086,0
O033921,C02116,P01460,2025-11-05 16:18:47.548188,0,0.20411135424922783,0
O033922,C06542,P01710,2025-11-05 16:31:53.807845,1,0.5175047057095136,1
O033923,C02435,P00352,2025-11-05 16:45:00.067501,0,0.18889277848732297,0
O033924,C02489,P01824,2025-11-05 16:58:06.327158,1,0.25279466758490404,0
O033925,C03468,P02164,2025-11-05 17:11:12.586814,1,0.4087988818749708,0
O033926,C04615,P00077,2025-11-05 17:24:18.846471,0,0.06852249226962817,0
O033927,C04331,P00471,2025-11-05 17:37:25.106127,0,0.2581993130953329,0
O033928,C03771,P00721,2025-11-05 17:50:31.365784,0,0.25260342173046274,0
O033929,C00852,P01159,2025-11-05 18:03:37.625440,0,0.2646197746029092,0
O033930,C06547,P02237,2025-11-05 18:16:43.885097,0,0.1459479135800777,0
O033931,C06395,P01621,2025-11-05 18:29:50.144753,1,0.25891651595080284,0
O033932,C07573,P00494,2025-11-05 18:42:56.404410,1,0.2616240590793959,0
O033933,C06692,P00181,2025-11-05 18:56:02.664066,0,0.09091732109125059,0
O033934,C04877,P02366,2025-11-05 19:09:08.923723,1,0.3710501934299902,0
O033935,C05733,P00469,2025-11-05 19:22:15.183379,0,0.13573011588337205,0
O033936,C02972,P01215,2025-11-05 19:35:21.443036,0,0.08981917669582798,0
O033937,C03752,P02289,2025-11-05 19:48:27.702692,0,0.0948832728900925,0
O033938,C02656,P00241,2025-11-05 20:01:33.962349,1,0.11211701494806105,0
O033939,C06608,P00116,2025-11-05 20:14:40.222005,0,0.14075627533513602,0
O033940,C02237,P01419,2025-11-05 20:27:46.481662,1,0.4030942397611615,0
O033941,C03622,P00676,2025-11-05 20:40:52.741318,0,0.5474490931136194,1
O033942,C02100,P00690,2025-11-05 20:53:59.000975,0,0.28073193014185993,0
O033943,C02283,P00051,2025-11-05 21:07:05.260631,1,0.2097809633006171,0
O033944,C03534,P01960,2025-11-05 21:20:11.520288,0,0.2610394466372581,0
O033945,C03990,P00097,2025-11-05 21:33:17.779944,0,0.20897863630385913,0
O033946,C00329,P00189,2025-11-05 21:46:24.039600,0,0.10655793770186558,0
O033947,C07235,P02168,2025-11-05 21:59:30.299257,0,0.06598393801846701,0
O033948,C03849,P00518,2025-11-05 22:12:36.558913,0,0.14290246679410148,0
O033949,C03807,P00106,2025-11-05 22:25:42.818570,0,0.39758800470565175,0
O033950,C01176,P02324,2025-11-05 22:38:49.078226,0,0.08981790550119279,0
O033951,C07806,P01978,2025-11-05 22:51:55.337883,1,0.09205343354982244,0
O033952,C02135,P00035,2025-11-05 23:05:01.597539,0,0.23147627400273324,0
O033953,C07710,P01371,2025-11-05 23:18:07.857196,1,0.31330523531362436,0
O033954,C06788,P01543,2025-11-05 23:31:14.116852,0,0.11351309775027527,0
O033955,C03297,P00399,2025-11-05 23:44:20.376509,0,0.11475038690617458,0
O033956,C03922,P01660,2025-11-05 23:57:26.636165,1,0.29023144564526127,0
O033957,C03814,P00026,2025-11-06 00:10:32.895822,0,0.13197597466355027,0
O033958,C04511,P01680,2025-11-06 00:23:39.155478,1,0.2655017282360004,0
O033959,C06450,P00219,2025-11-06 00:36:45.415135,0,0.20538640724375454,0
O033960,C06063,P00838,2025-11-06 00:49:51.674791,0,0.36121654516701934,0
O033961,C00018,P02116,2025-11-06 01:02:57.934448,0,0.13051487325412414,0
O033962,C02993,P00670,2025-11-06 01:16:04.194104,0,0.15880295140922004,0
O033963,C03185,P01141,2025-11-06 01:29:10.453761,1,0.09413233646534802,0
O033964,C00943,P02299,2025-11-06 01:42:16.713417,1,0.5516480062820156,1
O033965,C04302,P01903,2025-11-06 01:55:22.973074,0,0.13613026053848487,0
O033966,C01896,P02217,2025-11-06 02:08:29.232730,0,0.3027310098387207,0
O033967,C00818,P00346,2025-11-06 02:21:35.492387,1,0.37545220547884195,0
O033968,C03032,P01390,2025-11-06 02:34:41.752043,1,0.29209197708596696,0
O033969,C04086,P02110,2025-11-06 02:47:48.011700,0,0.07786392850288042,0
O033970,C03250,P02476,2025-11-06 03:00:54.271356,0,0.13854452716313362,0
O033971,C00335,P00526,2025-11-06 03:14:00.531013,0,0.053717258803105156,0
O033972,C01163,P00661,2025-11-06 03:27:06.790669,1,0.2301513529434835,0
O033973,C01495,P01519,2025-11-06 03:40:13.050326,0,0.08978896599000286,0
O033974,C06947,P01354,2025-11-06 03:53:19.309982,1,0.17825252946877485,0
O033975,C03449,P01625,2025-11-06 04:06:25.569639,1,0.12431012919001566,0
O033976,C06833,P02303,2025-11-06 04:19:31.829295,0,0.18968701719423628,0
O033977,C04960,P00972,2025-11-06 04:32:38.088952,1,0.3028138333507291,0
O033978,C00969,P00568,2025-11-06 04:45:44.348608,0,0.2386173332104298,0
O033979,C07542,P01097,2025-11-06 04:58:50.608265,0,0.17805518344538657,0
O033980,C03485,P01019,2025-11-06 05:11:56.867921,1,0.4474166088064782,0
O033981,C02826,P00132,2025-11-06 05:25:03.127578,0,0.24715046615090056,0
O033982,C01460,P02092,2025-11-06 05:38:09.387234,1,0.37851518551629043,0
O033983,C05348,P01984,2025-11-06 05:51:15.646891,0,0.10641098986359393,0
O033984,C01555,P02378,2025-11-06 06:04:21.906547,0,0.18926413541428094,0
O033985,C00603,P00287,2025-11-06 06:17:28.166204,0,0.15990377267487274,0
O033986,C07706,P00003,2025-11-06 06:30:34.425860,0,0.14811981497283477,0
O033987,C00638,P01336,2025-11-06 06:43:40.685517,1,0.12763988913201382,0
O033988,C01464,P00652,2025-11-06 06:56:46.945173,1,0.13636839682448904,0
O033989,C07427,P01207,2025-11-06 07:09:53.204830,0,0.23071808675101294,0
O033990,C03042,P00071,2025-11-06 07:22:59.464486,1,0.18743695898783863,0
O033991,C05491,P01222,2025-11-06 07:36:05.724143,0,0.37765804701953687,0
O033992,C06389,P01440,2025-11-06 07:49:11.983799,0,0.08660469244955515,0
O033993,C01592,P02067,2025-11-06 08:02:18.243456,0,0.07406593391188579,0
O033994,C00560,P00451,2025-11-06 08:15:24.503112,0,0.114027286841165,0
O033995,C06771,P02113,2025-11-06 08:28:30.762769,1,0.27283741776343,0
O033996,C05179,P01596,2025-11-06 08:41:37.022425,1,0.329296569804187,0
O033997,C00077,P02052,2025-11-06 08:54:43.282082,0,0.15323437056534248,0
O033998,C05411,P01869,2025-11-06 09:07:49.541738,0,0.19662406297247867,0
O033999,C03571,P02121,2025-11-06 09:20:55.801395,0,0.1616144530932242,0
O034000,C06624,P00543,2025-11-06 09:34:02.061051,0,0.14820381550688536,0
O034001,C06514,P01531,2025-11-06 09:47:08.320708,0,0.13005484523205202,0
O034002,C02968,P01352,2025-11-06 10:00:14.580364,0,0.24529667601036276,0
O034003,C04708,P02197,2025-11-06 10:13:20.840021,0,0.08170304819235814,0
O034004,C04615,P00193,2025-11-06 10:26:27.099677,0,0.12645323562445965,0
O034005,C00591,P00850,2025-11-06 10:39:33.359333,0,0.4324587262554346,0
O034006,C04656,P02384,2025-11-06 10:52:39.618990,0,0.1812236699901146,0
O034007,C03127,P01106,2025-11-06 11:05:45.878646,1,0.1014575945152415,0
O034008,C05258,P01699,2025-11-06 11:18:52.138303,1,0.47470022594730316,0
O034009,C05710,P01999,2025-11-06 11:31:58.397959,1,0.1271194474892452,0
O034010,C05092,P01603,2025-11-06 11:45:04.657616,0,0.11559507142193745,0
O034011,C00167,P00483,2025-11-06 11:58:10.917272,0,0.17372845454300487,0
O034012,C06270,P02026,2025-11-06 12:11:17.176929,0,0.08523845828594671,0
O034013,C00525,P01338,2025-11-06 12:24:23.436585,0,0.09466328765427057,0
O034014,C00758,P02060,2025-11-06 12:37:29.696242,1,0.2647344075871092,0
O034015,C02447,P00782,2025-11-06 12:50:35.955898,0,0.14047582149496227,0
O034016,C00793,P00613,2025-11-06 13:03:42.215555,0,0.09862930773911759,0
O034017,C02055,P01020,2025-11-06 13:16:48.475211,1,0.2737420818116695,0
O034018,C02289,P01420,2025-11-06 13:29:54.734868,0,0.07808081380939076,0
O034019,C04708,P00479,2025-11-06 13:43:00.994524,1,0.2672919059143514,0
O034020,C06615,P00751,2025-11-06 13:56:07.254181,0,0.322647599944207,0
O034021,C07126,P01231,2025-11-06 14:09:13.513837,0,0.17982115450723715,0
O034022,C01264,P01547,2025-11-06 14:22:19.773494,1,0.12759395351260264,0
O034023,C03962,P02348,2025-11-06 14:35:26.033150,0,0.07962028391814781,0
O034024,C00067,P00736,2025-11-06 14:48:32.292807,0,0.20049199722762615,0
O034025,C04828,P00239,2025-11-06 15:01:38.552463,0,0.2098459586247084,0
O034026,C03235,P01605,2025-11-06 15:14:44.812120,0,0.21552967388759686,0
O034027,C01296,P00296,2025-11-06 15:27:51.071776,0,0.28330345388998546,0
O034028,C01415,P01846,2025-11-06 15:40:57.331433,0,0.21265252680897104,0
O034029,C01992,P00269,2025-11-06 15:54:03.591089,0,0.13269797033694253,0
O034030,C00422,P00589,2025-11-06 16:07:09.850746,0,0.13096123535461207,0
O034031,C00464,P00324,2025-11-06 16:20:16.110402,1,0.3594591691802895,0
O034032,C04809,P02038,2025-11-06 16:33:22.370059,0,0.08394019224038038,0
O034033,C06250,P01763,2025-11-06 16:46:28.629715,0,0.3304119018258443,0
O034034,C02520,P00454,2025-11-06 16:59:34.889372,0,0.08698278562563767,0
O034035,C06345,P00426,2025-11-06 17:12:41.149028,0,0.08458226383448253,0
O034036,C03127,P00943,2025-11-06 17:25:47.408685,1,0.07496398419589405,0
O034037,C05683,P01230,2025-11-06 17:38:53.668341,1,0.4824023714292305,0
O034038,C01732,P00172,2025-11-06 17:51:59.927998,1,0.30174217601723247,0
O034039,C07895,P01521,2025-11-06 18:05:06.187654,0,0.21167673895705263,0
O034040,C05757,P00692,2025-11-06 18:18:12.447311,0,0.208327700034463,0
O034041,C06685,P01659,2025-11-06 18:31:18.706967,0,0.07223826713830103,0
O034042,C04517,P01974,2025-11-06 18:44:24.966624,0,0.39322145591311886,0
O034043,C07454,P02286,2025-11-06 18:57:31.226280,0,0.18195714149742287,0
O034044,C02722,P00238,2025-11-06 19:10:37.485937,0,0.35180658840731,0
O034045,C02034,P00902,2025-11-06 19:23:43.745593,0,0.25057138713511606,0
O034046,C06676,P00189,2025-11-06 19:36:50.005250,0,0.19361532892349553,0
O034047,C06915,P02135,2025-11-06 19:49:56.264906,0,0.10792531310005646,0
O034048,C01735,P00530,2025-11-06 20:03:02.524563,1,0.35846290229704775,0
O034049,C06816,P02431,2025-11-06 20:16:08.784219,0,0.1387925938590742,0
O034050,C03594,P02373,2025-11-06 20:29:15.043876,0,0.13442173629183266,0
O034051,C00063,P00669,2025-11-06 20:42:21.303532,0,0.22314988982052117,0
O034052,C04395,P00854,2025-11-06 20:55:27.563189,0,0.07328751655973918,0
O034053,C04259,P00180,2025-11-06 21:08:33.822845,0,0.2732737101406031,0
O034054,C07776,P02408,2025-11-06 21:21:40.082502,0,0.33002740420979415,0
O034055,C00211,P01483,2025-11-06 21:34:46.342158,0,0.10993431442435002,0
O034056,C03126,P01205,2025-11-06 21:47:52.601815,1,0.15552965555878887,0
O034057,C00297,P01889,2025-11-06 22:00:58.861471,0,0.4329038311857265,0
O034058,C05558,P00860,2025-11-06 22:14:05.121128,1,0.17555370506069692,0
O034059,C00870,P02048,2025-11-06 22:27:11.380784,0,0.27339254174969824,0
O034060,C02511,P02375,2025-11-06 22:40:17.640441,0,0.1995122585049437,0
O034061,C06913,P01190,2025-11-06 22:53:23.900097,0,0.3565655634656835,0
O034062,C00133,P02337,2025-11-06 23:06:30.159753,0,0.11730942896367462,0
O034063,C06133,P01893,2025-11-06 23:19:36.419410,0,0.3403176891706133,0
O034064,C03338,P02435,2025-11-06 23:32:42.679066,0,0.23077995455800496,0
O034065,C06889,P00214,2025-11-06 23:45:48.938723,1,0.2770986997538804,0
O034066,C02709,P00373,2025-11-06 23:58:55.198379,0,0.4022999930045412,0
O034067,C05685,P02063,2025-11-07 00:12:01.458036,0,0.18763750195441012,0
O034068,C07452,P00731,2025-11-07 00:25:07.717692,0,0.17094097409423653,0
O034069,C06460,P02049,2025-11-07 00:38:13.977349,0,0.28710586133623134,0
O034070,C04339,P01542,2025-11-07 00:51:20.237005,1,0.3686179127001164,0
O034071,C03467,P02320,2025-11-07 01:04:26.496662,0,0.17395242892453505,0
O034072,C01174,P00157,2025-11-07 01:17:32.756318,0,0.1374582696462852,0
O034073,C02666,P01432,2025-11-07 01:30:39.015975,0,0.20573539724183212,0
O034074,C04486,P02273,2025-11-07 01:43:45.275631,0,0.19866262062966175,0
O034075,C07000,P00274,2025-11-07 01:56:51.535288,0,0.10168170877882333,0
O034076,C04206,P00791,2025-11-07 02:09:57.794944,0,0.22708955298355987,0
O034077,C05049,P00675,2025-11-07 02:23:04.054601,1,0.20370159081819622,0
O034078,C04871,P01877,2025-11-07 02:36:10.314257,0,0.1080383177371816,0
O034079,C06847,P00640,2025-11-07 02:49:16.573914,0,0.1952585576088359,0
O034080,C07510,P01001,2025-11-07 03:02:22.833570,0,0.08326186854653349,0
O034081,C05343,P02143,2025-11-07 03:15:29.093227,1,0.30399370077270277,0
O034082,C05178,P00364,2025-11-07 03:28:35.352883,0,0.21564295912440773,0
O034083,C00493,P02189,2025-11-07 03:41:41.612540,1,0.09834728325100693,0
O034084,C04358,P01673,2025-11-07 03:54:47.872196,0,0.10726626685388581,0
O034085,C04428,P00088,2025-11-07 04:07:54.131853,0,0.18827989409502546,0
O034086,C05486,P01355,2025-11-07 04:21:00.391509,0,0.08934188170117234,0
O034087,C05783,P02041,2025-11-07 04:34:06.651166,0,0.21368063643896498,0
O034088,C04805,P01841,2025-11-07 04:47:12.910822,0,0.4103978683124142,0
O034089,C05686,P02300,2025-11-07 05:00:19.170479,0,0.13181826701999685,0
O034090,C01189,P00973,2025-11-07 05:13:25.430135,0,0.2778492417986076,0
O034091,C00896,P01394,2025-11-07 05:26:31.689792,1,0.2706851169404931,0
O034092,C07997,P01723,2025-11-07 05:39:37.949448,0,0.3369016639688179,0
O034093,C06459,P01821,2025-11-07 05:52:44.209105,0,0.07833911336701539,0
O034094,C07946,P02352,2025-11-07 06:05:50.468761,0,0.37626196116141525,0
O034095,C03520,P01387,2025-11-07 06:18:56.728418,0,0.09216457688175901,0
O034096,C06424,P00044,2025-11-07 06:32:02.988074,0,0.19366557947415178,0
O034097,C06144,P02247,2025-11-07 06:45:09.247731,1,0.1494582337171038,0
O034098,C00599,P02256,2025-11-07 06:58:15.507387,1,0.21560617162738868,0
O034099,C04404,P01172,2025-11-07 07:11:21.767044,1,0.39442873820168417,0
O034100,C03590,P02423,2025-11-07 07:24:28.026700,1,0.407249794614473,0
O034101,C05209,P00814,2025-11-07 07:37:34.286357,1,0.12648637033358917,0
O034102,C06493,P01839,2025-11-07 07:50:40.546013,1,0.10485652771676922,0
O034103,C04516,P01621,2025-11-07 08:03:46.805670,0,0.2128584613155759,0
O034104,C04545,P00877,2025-11-07 08:16:53.065326,0,0.1048652647492655,0
O034105,C04116,P01132,2025-11-07 08:29:59.324983,0,0.2170406547791985,0
O034106,C01055,P01666,2025-11-07 08:43:05.584639,0,0.08713519279159328,0
O034107,C02082,P00435,2025-11-07 08:56:11.844296,0,0.10117533152344645,0
O034108,C00246,P01327,2025-11-07 09:09:18.103952,1,0.24452267072599307,0
O034109,C02561,P00184,2025-11-07 09:22:24.363609,0,0.279108652901478,0
O034110,C02799,P01363,2025-11-07 09:35:30.623265,0,0.22203359128244204,0
O034111,C06888,P01679,2025-11-07 09:48:36.882922,0,0.26059251070366424,0
O034112,C01899,P01193,2025-11-07 10:01:43.142578,0,0.18653237903599254,0
O034113,C02908,P01453,2025-11-07 10:14:49.402235,0,0.14365122472173764,0
O034114,C00255,P01949,2025-11-07 10:27:55.661891,0,0.2263023280358602,0
O034115,C01838,P00954,2025-11-07 10:41:01.921548,0,0.19220944082306965,0
O034116,C04805,P01208,2025-11-07 10:54:08.181204,0,0.28442277814622263,0
O034117,C07432,P00466,2025-11-07 11:07:14.440861,0,0.08269250828033026,0
O034118,C05563,P01748,2025-11-07 11:20:20.700517,0,0.1995569936110685,0
O034119,C04071,P00414,2025-11-07 11:33:26.960174,0,0.3586675553272973,0
O034120,C06039,P00088,2025-11-07 11:46:33.219830,0,0.07634985541080344,0
O034121,C07359,P01181,2025-11-07 11:59:39.479486,0,0.2758072126029429,0
O034122,C03633,P00263,2025-11-07 12:12:45.739143,0,0.3527213951809753,0
O034123,C02912,P00601,2025-11-07 12:25:51.998799,1,0.10055569255716697,0
O034124,C07940,P02069,2025-11-07 12:38:58.258456,0,0.25613059297662555,0
O034125,C00316,P01649,2025-11-07 12:52:04.518112,1,0.14781677391718442,0
O034126,C07197,P02079,2025-11-07 13:05:10.777769,0,0.25020125114529684,0
O034127,C06202,P01520,2025-11-07 13:18:17.037425,0,0.11079913441875125,0
O034128,C05471,P01755,2025-11-07 13:31:23.297082,0,0.11756145509234554,0
O034129,C02156,P02023,2025-11-07 13:44:29.556738,0,0.1896204300499856,0
O034130,C01110,P00961,2025-11-07 13:57:35.816395,1,0.2586337690149258,0
O034131,C00031,P02142,2025-11-07 14:10:42.076051,0,0.26072138631006403,0
O034132,C06209,P02287,2025-11-07 14:23:48.335708,0,0.25507866942494023,0
O034133,C07752,P02257,2025-11-07 14:36:54.595364,0,0.11586307365627908,0
O034134,C01422,P00746,2025-11-07 14:50:00.855021,0,0.1918571257232175,0
O034135,C02265,P01886,2025-11-07 15:03:07.114677,0,0.19701595050973023,0
O034136,C01398,P00820,2025-11-07 15:16:13.374334,0,0.45205282153783255,0
O034137,C04050,P00428,2025-11-07 15:29:19.633990,0,0.09067614655469639,0
O034138,C06283,P01002,2025-11-07 15:42:25.893647,1,0.15116408410016058,0
O034139,C04355,P00782,2025-11-07 15:55:32.153303,0,0.11191312671496591,0
O034140,C05526,P00098,2025-11-07 16:08:38.412960,0,0.056089402583405557,0
O034141,C04707,P02287,2025-11-07 16:21:44.672616,0,0.2677723195226625,0
O034142,C02299,P00554,2025-11-07 16:34:50.932273,0,0.1030569064594339,0
O034143,C03617,P01698,2025-11-07 16:47:57.191929,0,0.4143238024638274,0
O034144,C02639,P00185,2025-11-07 17:01:03.451586,0,0.5093343991814011,1
O034145,C00216,P01241,2025-11-07 17:14:09.711242,0,0.28598096577913784,0
O034146,C02790,P01329,2025-11-07 17:27:15.970899,0,0.13403383397326893,0
O034147,C04845,P00565,2025-11-07 17:40:22.230555,0,0.07447205999265309,0
O034148,C06796,P01739,2025-11-07 17:53:28.490212,1,0.18596613737378362,0
O034149,C02178,P00567,2025-11-07 18:06:34.749868,0,0.3248041945288677,0
O034150,C00251,P01476,2025-11-07 18:19:41.009525,0,0.18419989920213123,0
O034151,C02429,P01118,2025-11-07 18:32:47.269181,0,0.059620422242126665,0
O034152,C05273,P01664,2025-11-07 18:45:53.528838,0,0.41075079265345865,0
O034153,C07995,P00995,2025-11-07 18:58:59.788494,0,0.4629650340020045,0
O034154,C02387,P02050,2025-11-07 19:12:06.048151,1,0.10997077278591391,0
O034155,C00635,P01530,2025-11-07 19:25:12.307807,0,0.2881206214739346,0
O034156,C00594,P02452,2025-11-07 19:38:18.567464,1,0.4297746986921887,0
O034157,C05739,P00778,2025-11-07 19:51:24.827120,0,0.12281360492140986,0
O034158,C01675,P00315,2025-11-07 20:04:31.086777,0,0.1796132989757856,0
O034159,C06787,P00509,2025-11-07 20:17:37.346433,0,0.24649715720465823,0
O034160,C03673,P00371,2025-11-07 20:30:43.606090,0,0.11318996035184155,0
O034161,C05336,P01790,2025-11-07 20:43:49.865746,0,0.0679986484139524,0
O034162,C00082,P02112,2025-11-07 20:56:56.125403,0,0.2013609858410956,0
O034163,C05192,P01727,2025-11-07 21:10:02.385059,0,0.07807283023718328,0
O034164,C02070,P01423,2025-11-07 21:23:08.644716,0,0.16605103748708777,0
O034165,C03778,P00619,2025-11-07 21:36:14.904372,0,0.13306492365654748,0
O034166,C07978,P02388,2025-11-07 21:49:21.164029,0,0.30717202785012293,0
O034167,C00568,P01971,2025-11-07 22:02:27.423685,0,0.16735634168873387,0
O034168,C04545,P00999,2025-11-07 22:15:33.683342,0,0.23228448336510255,0
O034169,C00917,P02204,2025-11-07 22:28:39.942998,0,0.12301228828200735,0
O034170,C00940,P01843,2025-11-07 22:41:46.202655,0,0.09911177466662811,0
O034171,C03925,P00005,2025-11-07 22:54:52.462311,0,0.14626613734664784,0
O034172,C05702,P00849,2025-11-07 23:07:58.721968,0,0.10237467896344185,0
O034173,C00944,P01250,2025-11-07 23:21:04.981624,0,0.11685398900025212,0
O034174,C06476,P01698,2025-11-07 23:34:11.241281,1,0.46249674199809543,0
O034175,C03060,P00769,2025-11-07 23:47:17.500937,0,0.21764298486418704,0
O034176,C03903,P01556,2025-11-08 00:00:23.760594,0,0.17481781388364925,0
O034177,C01813,P01557,2025-11-08 00:13:30.020250,0,0.17655825169380382,0
O034178,C05240,P01374,2025-11-08 00:26:36.279906,0,0.12694872902695692,0
O034179,C06687,P00953,2025-11-08 00:39:42.539563,0,0.07599293841118718,0
O034180,C03776,P00729,2025-11-08 00:52:48.799219,0,0.18888509948314203,0
O034181,C06837,P00502,2025-11-08 01:05:55.058876,1,0.15534267815054478,0
O034182,C01998,P02141,2025-11-08 01:19:01.318532,0,0.22789300312839206,0
O034183,C00957,P00846,2025-11-08 01:32:07.578189,0,0.16512726192734842,0
O034184,C07026,P00285,2025-11-08 01:45:13.837845,1,0.13512427052332593,0
O034185,C04883,P01872,2025-11-08 01:58:20.097502,1,0.24423837487328307,0
O034186,C00467,P02149,2025-11-08 02:11:26.357158,0,0.16598020794603915,0
O034187,C07233,P01859,2025-11-08 02:24:32.616815,0,0.22806318702785394,0
O034188,C07218,P00649,2025-11-08 02:37:38.876471,1,0.3293002421917902,0
O034189,C06741,P01458,2025-11-08 02:50:45.136128,0,0.13082447732734506,0
O034190,C06840,P01998,2025-11-08 03:03:51.395784,0,0.23843249999959748,0
O034191,C07025,P01321,2025-11-08 03:16:57.655441,1,0.5094312980024741,1
O034192,C00033,P02394,2025-11-08 03:30:03.915097,0,0.40635326352063733,0
O034193,C07873,P02108,2025-11-08 03:43:10.174754,0,0.11003786572134548,0
O034194,C05090,P00191,2025-11-08 03:56:16.434410,0,0.17948349764386043,0
O034195,C04982,P02357,2025-11-08 04:09:22.694067,0,0.3008909868148874,0
O034196,C06918,P01222,2025-11-08 04:22:28.953723,0,0.33861139486896785,0
O034197,C06143,P00221,2025-11-08 04:35:35.213380,0,0.5702013597315424,1
O034198,C04304,P02420,2025-11-08 04:48:41.473036,0,0.3049835712033574,0
O034199,C04662,P00879,2025-11-08 05:01:47.732693,0,0.19375160950473458,0
O034200,C06074,P00049,2025-11-08 05:14:53.992349,1,0.27858034289263794,0
O034201,C06666,P00488,2025-11-08 05:28:00.252006,0,0.3668172427539156,0
O034202,C04542,P00054,2025-11-08 05:41:06.511662,0,0.42315885276434584,0
O034203,C00490,P01157,2025-11-08 05:54:12.771319,0,0.20778101459467452,0
O034204,C00393,P01198,2025-11-08 06:07:19.030975,0,0.13488252110150104,0
O034205,C01081,P00185,2025-11-08 06:20:25.290632,0,0.23880922687554787,0
O034206,C01855,P01309,2025-11-08 06:33:31.550288,1,0.4738269056698678,0
O034207,C05305,P02406,2025-11-08 06:46:37.809945,0,0.09942881686832217,0
O034208,C06260,P01584,2025-11-08 06:59:44.069601,0,0.2969629463256024,0
O034209,C01645,P02311,2025-11-08 07:12:50.329258,0,0.15872914722936235,0
O034210,C02624,P01774,2025-11-08 07:25:56.588914,0,0.35445009303452274,0
O034211,C07832,P01114,2025-11-08 07:39:02.848571,1,0.16318602435946802,0
O034212,C06601,P00411,2025-11-08 07:52:09.108227,0,0.14467445348785307,0
O034213,C00980,P01508,2025-11-08 08:05:15.367884,0,0.42150823937592546,0
O034214,C01398,P00542,2025-11-08 08:18:21.627540,0,0.2635357419683963,0
O034215,C06646,P00474,2025-11-08 08:31:27.887197,0,0.34439477555814335,0
O034216,C03633,P00152,2025-11-08 08:44:34.146853,1,0.3399248259767632,0
O034217,C07816,P02346,2025-11-08 08:57:40.406510,0,0.08643520411041726,0
O034218,C00903,P00082,2025-11-08 09:10:46.666166,1,0.15019550652878613,0
O034219,C05967,P01964,2025-11-08 09:23:52.925823,0,0.25472451679485053,0
O034220,C01095,P00946,2025-11-08 09:36:59.185479,1,0.3453541106224644,0
O034221,C07038,P02370,2025-11-08 09:50:05.445136,0,0.13430277531733198,0
O034222,C05183,P02163,2025-11-08 10:03:11.704792,1,0.1341735311301033,0
O034223,C03355,P00867,2025-11-08 10:16:17.964449,0,0.23792572546862803,0
O034224,C04407,P01443,2025-11-08 10:29:24.224105,0,0.14836578552227295,0
O034225,C07925,P02288,2025-11-08 10:42:30.483762,0,0.1714039128762372,0
O034226,C04803,P01024,2025-11-08 10:55:36.743418,0,0.2969175908464596,0
O034227,C02024,P01552,2025-11-08 11:08:43.003075,0,0.06940328243054544,0
O034228,C04637,P00224,2025-11-08 11:21:49.262731,0,0.21459135032957827,0
O034229,C07643,P01579,2025-11-08 11:34:55.522388,0,0.12597600491412153,0
O034230,C06589,P01833,2025-11-08 11:48:01.782044,1,0.14472229912610413,0
O034231,C07761,P00910,2025-11-08 12:01:08.041701,0,0.12351415864375058,0
O034232,C05702,P02243,2025-11-08 12:14:14.301357,0,0.23679559256661178,0
O034233,C07213,P01910,2025-11-08 12:27:20.561014,0,0.1711643333120365,0
O034234,C01567,P00170,2025-11-08 12:40:26.820670,0,0.15526249290977262,0
O034235,C04659,P02168,2025-11-08 12:53:33.080327,0,0.09014062344041648,0
O034236,C04907,P01716,2025-11-08 13:06:39.339983,0,0.363878379822098,0
O034237,C07262,P01910,2025-11-08 13:19:45.599639,0,0.24745948530091919,0
O034238,C00844,P01602,2025-11-08 13:32:51.859296,0,0.08818891366044339,0
O034239,C02384,P00514,2025-11-08 13:45:58.118952,0,0.14729435243128622,0
O034240,C04897,P02262,2025-11-08 13:59:04.378609,0,0.23402709260926008,0
O034241,C04857,P01845,2025-11-08 14:12:10.638265,0,0.3117314627614555,0
O034242,C02023,P01346,2025-11-08 14:25:16.897922,1,0.14808465786906522,0
O034243,C06037,P01021,2025-11-08 14:38:23.157578,1,0.391898409408108,0
O034244,C00831,P00338,2025-11-08 14:51:29.417235,1,0.1682825449962037,0
O034245,C05432,P01708,2025-11-08 15:04:35.676891,1,0.20735427144246207,0
O034246,C04074,P01152,2025-11-08 15:17:41.936548,1,0.5881555484749894,1
O034247,C04881,P02087,2025-11-08 15:30:48.196204,0,0.06252364110297423,0
O034248,C05223,P02410,2025-11-08 15:43:54.455861,0,0.11970968969123537,0
O034249,C03541,P02010,2025-11-08 15:57:00.715517,0,0.21683421264553748,0
O034250,C07347,P01581,2025-11-08 16:10:06.975174,0,0.05966269981545444,0
O034251,C04115,P00349,2025-11-08 16:23:13.234830,0,0.15807212025374168,0
O034252,C00403,P00217,2025-11-08 16:36:19.494487,1,0.21796858673946862,0
O034253,C07743,P00979,2025-11-08 16:49:25.754143,0,0.06030281302618755,0
O034254,C05205,P01262,2025-11-08 17:02:32.013800,0,0.18088957556716553,0
O034255,C02077,P00968,2025-11-08 17:15:38.273456,0,0.31505630369856447,0
O034256,C05503,P01540,2025-11-08 17:28:44.533113,0,0.18695630026956883,0
O034257,C01400,P00711,2025-11-08 17:41:50.792769,0,0.14155330843903322,0
O034258,C04566,P00434,2025-11-08 17:54:57.052426,0,0.07505824880389975,0
O034259,C01524,P01158,2025-11-08 18:08:03.312082,1,0.2395967211551299,0
O034260,C04160,P02042,2025-11-08 18:21:09.571739,0,0.07981927113743988,0
O034261,C00774,P01903,2025-11-08 18:34:15.831395,0,0.1022951598843848,0
O034262,C00079,P00118,2025-11-08 18:47:22.091052,0,0.18370665059346541,0
O034263,C06113,P00722,2025-11-08 19:00:28.350708,1,0.1979039925602971,0
O034264,C06316,P01824,2025-11-08 19:13:34.610365,0,0.19547406057943364,0
O034265,C05039,P00136,2025-11-08 19:26:40.870021,0,0.2554133851172252,0
O034266,C04474,P01146,2025-11-08 19:39:47.129678,1,0.5145848816881492,1
O034267,C00430,P02228,2025-11-08 19:52:53.389334,0,0.12492889525082031,0
O034268,C03486,P01343,2025-11-08 20:05:59.648991,0,0.13612424342058316,0
O034269,C05692,P02047,2025-11-08 20:19:05.908647,1,0.0762265285644069,0
O034270,C05335,P01140,2025-11-08 20:32:12.168304,0,0.10146485137333978,0
O034271,C01728,P00579,2025-11-08 20:45:18.427960,0,0.1109734947531449,0
O034272,C05646,P00468,2025-11-08 20:58:24.687617,0,0.3654180351395639,0
O034273,C04676,P02430,2025-11-08 21:11:30.947273,0,0.14946189426984605,0
O034274,C01330,P01286,2025-11-08 21:24:37.206930,1,0.3237526254147433,0
O034275,C00047,P00568,2025-11-08 21:37:43.466586,0,0.2399754981287349,0
O034276,C06903,P00039,2025-11-08 21:50:49.726243,0,0.17174031496528444,0
O034277,C01144,P00532,2025-11-08 22:03:55.985899,0,0.12342563861856348,0
O034278,C02424,P02429,2025-11-08 22:17:02.245556,1,0.3838231246990684,0
O034279,C07701,P01142,2025-11-08 22:30:08.505212,0,0.31362438398781617,0
O034280,C04359,P00547,2025-11-08 22:43:14.764869,0,0.2705336179003144,0
O034281,C01516,P01304,2025-11-08 22:56:21.024525,0,0.20076543989471432,0
O034282,C07956,P01716,2025-11-08 23:09:27.284182,0,0.17639961219594788,0
O034283,C07600,P02246,2025-11-08 23:22:33.543838,0,0.08907193372590388,0
O034284,C00359,P01272,2025-11-08 23:35:39.803495,1,0.1285460122861629,0
O034285,C02642,P01452,2025-11-08 23:48:46.063151,0,0.1088167469641613,0
O034286,C02251,P00528,2025-11-09 00:01:52.322808,0,0.13305070276091052,0
O034287,C03557,P01359,2025-11-09 00:14:58.582464,1,0.10100614634847326,0
O034288,C05373,P00772,2025-11-09 00:28:04.842121,0,0.18517856764829907,0
O034289,C06916,P01107,2025-11-09 00:41:11.101777,0,0.07576405241579937,0
O034290,C05395,P00550,2025-11-09 00:54:17.361434,0,0.12953705896233525,0
O034291,C02715,P00682,2025-11-09 01:07:23.621090,0,0.18840092823718094,0
O034292,C00579,P02194,2025-11-09 01:20:29.880747,1,0.36864438400829064,0
O034293,C07202,P00737,2025-11-09 01:33:36.140403,0,0.1386097839982739,0
O034294,C06377,P00401,2025-11-09 01:46:42.400060,0,0.1346994624487671,0
O034295,C03842,P00819,2025-11-09 01:59:48.659716,0,0.15298162152916694,0
O034296,C03902,P00168,2025-11-09 02:12:54.919372,0,0.40920251239712796,0
O034297,C02963,P01525,2025-11-09 02:26:01.179029,0,0.15792116277052928,0
O034298,C02498,P01504,2025-11-09 02:39:07.438685,0,0.09707924409802722,0
O034299,C05145,P01062,2025-11-09 02:52:13.698342,1,0.18242968825981826,0
O034300,C02574,P00883,2025-11-09 03:05:19.957998,0,0.46020305303216014,0
O034301,C03212,P02170,2025-11-09 03:18:26.217655,0,0.10384374506059563,0
O034302,C06186,P01071,2025-11-09 03:31:32.477311,0,0.1011592506908644,0
O034303,C00544,P02332,2025-11-09 03:44:38.736968,0,0.07096716476672696,0
O034304,C04173,P01188,2025-11-09 03:57:44.996624,1,0.2281648508157482,0
O034305,C07772,P02059,2025-11-09 04:10:51.256281,0,0.3417580587027709,0
O034306,C06153,P02416,2025-11-09 04:23:57.515937,0,0.08639973341124221,0
O034307,C04285,P01836,2025-11-09 04:37:03.775594,0,0.07954033810045369,0
O034308,C05314,P00296,2025-11-09 04:50:10.035250,0,0.18951900931624863,0
O034309,C01492,P00817,2025-11-09 05:03:16.294907,1,0.4464953597309497,0
O034310,C00878,P00100,2025-11-09 05:16:22.554563,0,0.2515895211249463,0
O034311,C06134,P00539,2025-11-09 05:29:28.814220,0,0.2190630084882205,0
O034312,C00019,P02107,2025-11-09 05:42:35.073876,0,0.1565368409745914,0
O034313,C05635,P00934,2025-11-09 05:55:41.333533,1,0.3620672247250737,0
O034314,C02929,P01788,2025-11-09 06:08:47.593189,0,0.0767036360657234,0
O034315,C06017,P02432,2025-11-09 06:21:53.852846,0,0.21286115979625592,0
O034316,C07718,P00462,2025-11-09 06:35:00.112502,0,0.12019121209078122,0
O034317,C02615,P01117,2025-11-09 06:48:06.372159,0,0.07337973985481924,0
O034318,C01450,P01294,2025-11-09 07:01:12.631815,0,0.22352746751168395,0
O034319,C07780,P00500,2025-11-09 07:14:18.891472,1,0.24202932726723972,0
O034320,C01138,P00181,2025-11-09 07:27:25.151128,0,0.14820672690787307,0
O034321,C07049,P01554,2025-11-09 07:40:31.410785,0,0.4353008948850436,0
O034322,C02243,P01549,2025-11-09 07:53:37.670441,0,0.24957769844682653,0
O034323,C06104,P00957,2025-11-09 08:06:43.930098,0,0.12213875696663842,0
O034324,C05816,P01531,2025-11-09 08:19:50.189754,0,0.07489172943922817,0
O034325,C06109,P00182,2025-11-09 08:32:56.449411,0,0.15956001025395233,0
O034326,C05333,P01620,2025-11-09 08:46:02.709067,1,0.31425361190569334,0
O034327,C05065,P00556,2025-11-09 08:59:08.968724,0,0.13703988860757063,0
O034328,C06234,P00705,2025-11-09 09:12:15.228380,0,0.3855310689021421,0
O034329,C04472,P01570,2025-11-09 09:25:21.488037,0,0.11174504291221603,0
O034330,C00490,P01367,2025-11-09 09:38:27.747693,0,0.374993667002233,0
O034331,C05014,P01004,2025-11-09 09:51:34.007350,0,0.353946243197693,0
O034332,C06996,P01505,2025-11-09 10:04:40.267006,0,0.2235848615604808,0
O034333,C02243,P02422,2025-11-09 10:17:46.526663,1,0.1822989175618639,0
O034334,C03344,P00337,2025-11-09 10:30:52.786319,0,0.19417686716071145,0
O034335,C05436,P00795,2025-11-09 10:43:59.045976,0,0.25714061448588116,0
O034336,C03528,P02400,2025-11-09 10:57:05.305632,1,0.1517510733534916,0
O034337,C02257,P02056,2025-11-09 11:10:11.565289,0,0.4397566187969118,0
O034338,C06616,P02117,2025-11-09 11:23:17.824945,0,0.2669368367280346,0
O034339,C05120,P01334,2025-11-09 11:36:24.084602,0,0.4528188522241959,0
O034340,C07617,P02212,2025-11-09 11:49:30.344258,0,0.4798206937116985,0
O034341,C07174,P00750,2025-11-09 12:02:36.603915,0,0.09930246814514139,0
O034342,C00485,P01904,2025-11-09 12:15:42.863571,0,0.31802813207313174,0
O034343,C07893,P02003,2025-11-09 12:28:49.123228,0,0.14727279313135297,0
O034344,C01994,P01979,2025-11-09 12:41:55.382884,1,0.1640926581627848,0
O034345,C01437,P02388,2025-11-09 12:55:01.642541,1,0.46278336471419707,0
O034346,C00291,P01171,2025-11-09 13:08:07.902197,0,0.12920812596911954,0
O034347,C06609,P00296,2025-11-09 13:21:14.161854,0,0.6282716053333559,1
O034348,C01039,P01232,2025-11-09 13:34:20.421510,0,0.07813232830221101,0
O034349,C07133,P01717,2025-11-09 13:47:26.681167,0,0.3784402872842894,0
O034350,C02883,P02110,2025-11-09 14:00:32.940823,0,0.213966993438193,0
O034351,C06845,P00631,2025-11-09 14:13:39.200480,0,0.1883231308100506,0
O034352,C00912,P00222,2025-11-09 14:26:45.460136,0,0.07315763925623776,0
O034353,C01292,P01821,2025-11-09 14:39:51.719792,1,0.09262032669054446,0
O034354,C01695,P00473,2025-11-09 14:52:57.979449,0,0.12359493259891108,0
O034355,C05318,P00464,2025-11-09 15:06:04.239105,0,0.07817307762115404,0
O034356,C05908,P00921,2025-11-09 15:19:10.498762,0,0.13944320678097327,0
O034357,C04760,P01876,2025-11-09 15:32:16.758418,0,0.5239973026315407,1
O034358,C06856,P01084,2025-11-09 15:45:23.018075,0,0.15035107308331075,0
O034359,C01157,P01215,2025-11-09 15:58:29.277731,0,0.10844879133572163,0
O034360,C02644,P02090,2025-11-09 16:11:35.537388,1,0.3168289954850477,0
O034361,C07137,P00821,2025-11-09 16:24:41.797044,0,0.26639468714385056,0
O034362,C03735,P02454,2025-11-09 16:37:48.056701,0,0.14069041843151991,0
O034363,C06774,P01355,2025-11-09 16:50:54.316357,0,0.09024566418837376,0
O034364,C01157,P02018,2025-11-09 17:04:00.576014,1,0.11129037794961054,0
O034365,C00504,P01133,2025-11-09 17:17:06.835670,1,0.4067650343642068,0
O034366,C01956,P00248,2025-11-09 17:30:13.095327,1,0.49473599685948316,0
O034367,C05971,P00531,2025-11-09 17:43:19.354983,0,0.1251709886960492,0
O034368,C02704,P01366,2025-11-09 17:56:25.614640,0,0.17733910147551576,0
O034369,C07722,P02301,2025-11-09 18:09:31.874296,0,0.08992973968481284,0
O034370,C01387,P01796,2025-11-09 18:22:38.133953,0,0.304561063204263,0
O034371,C02044,P02407,2025-11-09 18:35:44.393609,0,0.1428171301080828,0
O034372,C05625,P01389,2025-11-09 18:48:50.653266,0,0.21387267126447868,0
O034373,C02632,P01479,2025-11-09 19:01:56.912922,0,0.2983282043266072,0
O034374,C07819,P01110,2025-11-09 19:15:03.172579,1,0.22368084147768885,0
O034375,C05990,P00584,2025-11-09 19:28:09.432235,0,0.2528122087220891,0
O034376,C07130,P01064,2025-11-09 19:41:15.691892,1,0.3547905053344256,0
O034377,C01928,P01388,2025-11-09 19:54:21.951548,0,0.28777796365973274,0
O034378,C01257,P01564,2025-11-09 20:07:28.211205,0,0.3605046854907716,0
O034379,C00624,P00963,2025-11-09 20:20:34.470861,0,0.1570031536226249,0
O034380,C07949,P01587,2025-11-09 20:33:40.730518,0,0.08582879651870219,0
O034381,C06970,P02099,2025-11-09 20:46:46.990174,0,0.4410541525043282,0
O034382,C00195,P00768,2025-11-09 20:59:53.249831,0,0.11228542911983865,0
O034383,C03679,P02386,2025-11-09 21:12:59.509487,0,0.14188978970167163,0
O034384,C00589,P01042,2025-11-09 21:26:05.769144,1,0.3317124532716094,0
O034385,C03717,P01097,2025-11-09 21:39:12.028800,1,0.1278401125353571,0
O034386,C06511,P00383,2025-11-09 21:52:18.288457,1,0.16391681004357864,0
O034387,C00591,P01624,2025-11-09 22:05:24.548113,0,0.1696919435919771,0
O034388,C06114,P02210,2025-11-09 22:18:30.807770,1,0.16096386538439336,0
O034389,C01806,P00966,2025-11-09 22:31:37.067426,0,0.22915780001866407,0
O034390,C07679,P02174,2025-11-09 22:44:43.327083,0,0.10574967965414582,0
O034391,C01049,P02385,2025-11-09 22:57:49.586739,0,0.30382461518656334,0
O034392,C00642,P01650,2025-11-09 23:10:55.846396,0,0.25699102803317914,0
O034393,C05793,P00749,2025-11-09 23:24:02.106052,0,0.24638685103139024,0
O034394,C07166,P02437,2025-11-09 23:37:08.365709,0,0.1426276529762273,0
O034395,C00154,P00723,2025-11-09 23:50:14.625365,0,0.08318658310919663,0
O034396,C07165,P01219,2025-11-10 00:03:20.885022,0,0.3187631667415765,0
O034397,C04733,P01172,2025-11-10 00:16:27.144678,1,0.2609604570737768,0
O034398,C07618,P02199,2025-11-10 00:29:33.404335,0,0.1354543455866137,0
O034399,C06793,P02402,2025-11-10 00:42:39.663991,0,0.09804172513357108,0
O034400,C07055,P01861,2025-11-10 00:55:45.923648,1,0.27409583069131527,0
O034401,C01733,P00781,2025-11-10 01:08:52.183304,0,0.4191683261768133,0
O034402,C00510,P00444,2025-11-10 01:21:58.442961,0,0.08167033561348667,0
O034403,C03701,P00821,2025-11-10 01:35:04.702617,0,0.4891767483607491,0
O034404,C04445,P02168,2025-11-10 01:48:10.962274,0,0.050958706381697194,0
O034405,C07487,P01293,2025-11-10 02:01:17.221930,0,0.25264901636950565,0
O034406,C01033,P00422,2025-11-10 02:14:23.481587,0,0.08559022647286253,0
O034407,C07297,P01249,2025-11-10 02:27:29.741243,0,0.207259352199201,0
O034408,C03812,P01554,2025-11-10 02:40:36.000900,0,0.18756783757347936,0
O034409,C03191,P01104,2025-11-10 02:53:42.260556,0,0.07120914872499265,0
O034410,C01099,P00433,2025-11-10 03:06:48.520213,1,0.4164535766253925,0
O034411,C04000,P00242,2025-11-10 03:19:54.779869,0,0.1052327556180799,0
O034412,C02977,P02385,2025-11-10 03:33:01.039525,0,0.18481172920202432,0
O034413,C02689,P02398,2025-11-10 03:46:07.299182,0,0.12702112992509956,0
O034414,C07092,P01658,2025-11-10 03:59:13.558838,0,0.35019582352869244,0
O034415,C00424,P00806,2025-11-10 04:12:19.818495,0,0.2994265135995098,0
O034416,C02400,P00320,2025-11-10 04:25:26.078151,0,0.20301716127010785,0
O034417,C00352,P00442,2025-11-10 04:38:32.337808,0,0.6097910979542903,1
O034418,C01787,P00274,2025-11-10 04:51:38.597464,0,0.06861301348072686,0
O034419,C04933,P00609,2025-11-10 05:04:44.857121,0,0.2006911871281221,0
O034420,C04029,P00478,2025-11-10 05:17:51.116777,1,0.12643275689587377,0
O034421,C00971,P01868,2025-11-10 05:30:57.376434,0,0.15096496570556783,0
O034422,C03203,P01360,2025-11-10 05:44:03.636090,0,0.3653882842600911,0
O034423,C01330,P02061,2025-11-10 05:57:09.895747,0,0.2223652869326484,0
O034424,C07752,P00127,2025-11-10 06:10:16.155403,1,0.1420176174073945,0
O034425,C07442,P01076,2025-11-10 06:23:22.415060,1,0.45404633792434496,0
O034426,C05071,P02340,2025-11-10 06:36:28.674716,0,0.17339671383967592,0
O034427,C07683,P00191,2025-11-10 06:49:34.934373,1,0.3092119197565973,0
O034428,C04973,P00502,2025-11-10 07:02:41.194029,0,0.10347922874039389,0
O034429,C06733,P01709,2025-11-10 07:15:47.453686,0,0.09871577688122764,0
O034430,C01970,P01243,2025-11-10 07:28:53.713342,0,0.09960931953884761,0
O034431,C04138,P00975,2025-11-10 07:41:59.972999,0,0.1489321915303071,0
O034432,C01674,P01761,2025-11-10 07:55:06.232655,0,0.08866895859643992,0
O034433,C01665,P02207,2025-11-10 08:08:12.492312,0,0.21052297805061052,0
O034434,C00163,P01872,2025-11-10 08:21:18.751968,1,0.21325987717954878,0
O034435,C03752,P02012,2025-11-10 08:34:25.011625,0,0.19242462781971365,0
O034436,C06571,P01254,2025-11-10 08:47:31.271281,0,0.1965464380655268,0
O034437,C01889,P00355,2025-11-10 09:00:37.530938,0,0.07791879447400306,0
O034438,C00228,P00278,2025-11-10 09:13:43.790594,0,0.09694039201239454,0
O034439,C04831,P01011,2025-11-10 09:26:50.050251,0,0.36137793248722333,0
O034440,C05833,P00468,2025-11-10 09:39:56.309907,0,0.23564944302178473,0
O034441,C04239,P02010,2025-11-10 09:53:02.569564,0,0.11025343802861123,0
O034442,C04169,P02204,2025-11-10 10:06:08.829220,0,0.10788669391186316,0
O034443,C06520,P01633,2025-11-10 10:19:15.088877,0,0.1568320358677808,0
O034444,C01122,P00094,2025-11-10 10:32:21.348533,0,0.16493394421651253,0
O034445,C05575,P02112,2025-11-10 10:45:27.608190,0,0.11827937562131959,0
O034446,C02124,P01016,2025-11-10 10:58:33.867846,0,0.2507289709575134,0
O034447,C05434,P00339,2025-11-10 11:11:40.127503,1,0.32769136585627856,0
O034448,C01439,P01087,2025-11-10 11:24:46.387159,0,0.10039045296706067,0
O034449,C03385,P01064,2025-11-10 11:37:52.646816,0,0.2283230174066271,0
O034450,C04943,P02416,2025-11-10 11:50:58.906472,0,0.09658019671591969,0
O034451,C06018,P00487,2025-11-10 12:04:05.166129,1,0.36832139785609297,0
O034452,C04978,P02019,2025-11-10 12:17:11.425785,0,0.12917823294039268,0
O034453,C06556,P00226,2025-11-10 12:30:17.685442,0,0.24551652531043583,0
O034454,C00781,P01819,2025-11-10 12:43:23.945098,1,0.4410168687613095,0
O034455,C00458,P01628,2025-11-10 12:56:30.204755,0,0.13788884628968134,0
O034456,C02241,P01212,2025-11-10 13:09:36.464411,0,0.1500716171528946,0
O034457,C06958,P00272,2025-11-10 13:22:42.724068,0,0.20123630651255037,0
O034458,C01692,P01691,2025-11-10 13:35:48.983724,0,0.08340288910426533,0
O034459,C00553,P00040,2025-11-10 13:48:55.243381,0,0.1522656098484569,0
O034460,C06841,P00619,2025-11-10 14:02:01.503037,0,0.2760810025039964,0
O034461,C06462,P01874,2025-11-10 14:15:07.762694,0,0.12974325831840977,0
O034462,C07420,P00577,2025-11-10 14:28:14.022350,1,0.165532040186424,0
O034463,C01304,P00952,2025-11-10 14:41:20.282007,0,0.1907671749707069,0
O034464,C01766,P01723,2025-11-10 14:54:26.541663,1,0.3163376466896784,0
O034465,C04499,P01055,2025-11-10 15:07:32.801320,0,0.46111209524344615,0
O034466,C06057,P00932,2025-11-10 15:20:39.060976,0,0.07592164699621941,0
O034467,C04047,P00552,2025-11-10 15:33:45.320633,0,0.3233507316064683,0
O034468,C00543,P01273,2025-11-10 15:46:51.580289,0,0.07183546012258105,0
O034469,C02778,P01520,2025-11-10 15:59:57.839946,0,0.09036149240122454,0
O034470,C02417,P00693,2025-11-10 16:13:04.099602,1,0.3339287876612081,0
O034471,C00691,P00825,2025-11-10 16:26:10.359258,0,0.25787027197302065,0
O034472,C02497,P00346,2025-11-10 16:39:16.618915,0,0.3038485652209543,0
O034473,C03726,P01196,2025-11-10 16:52:22.878571,1,0.23662844743161945,0
O034474,C06200,P01110,2025-11-10 17:05:29.138228,1,0.13318970609454447,0
O034475,C07105,P00241,2025-11-10 17:18:35.397884,0,0.22487528338635743,0
O034476,C01336,P02474,2025-11-10 17:31:41.657541,0,0.3473215740414774,0
O034477,C02054,P02286,2025-11-10 17:44:47.917197,0,0.20667344113196123,0
O034478,C07013,P00250,2025-11-10 17:57:54.176854,0,0.09306461182465209,0
O034479,C05212,P00049,2025-11-10 18:11:00.436510,0,0.2574530254369331,0
O034480,C06838,P01276,2025-11-10 18:24:06.696167,0,0.14148289852407644,0
O034481,C01194,P00604,2025-11-10 18:37:12.955823,0,0.22214909791981705,0
O034482,C06858,P00733,2025-11-10 18:50:19.215480,0,0.09285248719983454,0
O034483,C06504,P01903,2025-11-10 19:03:25.475136,0,0.21221081422086982,0
O034484,C07023,P01036,2025-11-10 19:16:31.734793,0,0.108940461189726,0
O034485,C04658,P01697,2025-11-10 19:29:37.994449,0,0.07448226686205477,0
O034486,C03932,P01465,2025-11-10 19:42:44.254106,1,0.2680024274500522,0
O034487,C06369,P00680,2025-11-10 19:55:50.513762,0,0.05355897758302499,0
O034488,C01808,P00994,2025-11-10 20:08:56.773419,0,0.10447961669689827,0
O034489,C04923,P01124,2025-11-10 20:22:03.033075,1,0.26210652551372304,0
O034490,C07663,P00360,2025-11-10 20:35:09.292732,0,0.17921365564764868,0
O034491,C04121,P02112,2025-11-10 20:48:15.552388,1,0.15628013720207296,0
O034492,C01085,P00879,2025-11-10 21:01:21.812045,0,0.1564026019300348,0
O034493,C06115,P00957,2025-11-10 21:14:28.071701,0,0.16403695121046288,0
O034494,C05330,P01363,2025-11-10 21:27:34.331358,0,0.3706722247401316,0
O034495,C02469,P01103,2025-11-10 21:40:40.591014,0,0.1938686475971654,0
O034496,C02000,P01850,2025-11-10 21:53:46.850671,0,0.14741378260594856,0
O034497,C04704,P02331,2025-11-10 22:06:53.110327,0,0.33626588859533973,0
O034498,C05477,P00479,2025-11-10 22:19:59.369984,0,0.2885501185892152,0
O034499,C05931,P01516,2025-11-10 22:33:05.629640,0,0.08228115410905626,0
O034500,C07325,P01361,2025-11-10 22:46:11.889297,0,0.12048645022220777,0
O034501,C06475,P01004,2025-11-10 22:59:18.148953,1,0.4592208474901751,0
O034502,C03139,P02209,2025-11-10 23:12:24.408610,0,0.08806841394395742,0
O034503,C05185,P01182,2025-11-10 23:25:30.668266,1,0.1771193306523837,0
O034504,C06373,P02459,2025-11-10 23:38:36.927923,0,0.07742032633091638,0
O034505,C03990,P00436,2025-11-10 23:51:43.187579,0,0.4905026099514525,0
O034506,C03958,P00776,2025-11-11 00:04:49.447236,0,0.09738587475580299,0
O034507,C00740,P01257,2025-11-11 00:17:55.706892,0,0.32163333085678136,0
O034508,C06295,P00558,2025-11-11 00:31:01.966549,0,0.34719723495644783,0
O034509,C04824,P00458,2025-11-11 00:44:08.226205,0,0.23582859474347864,0
O034510,C04207,P02091,2025-11-11 00:57:14.485862,1,0.2023577973556495,0
O034511,C04616,P01502,2025-11-11 01:10:20.745518,0,0.49815571443333606,0
O034512,C02793,P02393,2025-11-11 01:23:27.005175,0,0.16886114913985983,0
O034513,C00756,P00425,2025-11-11 01:36:33.264831,0,0.18787062569144897,0
O034514,C03677,P02251,2025-11-11 01:49:39.524488,0,0.10770984890379247,0
O034515,C00501,P01880,2025-11-11 02:02:45.784144,0,0.10677043667232856,0
O034516,C02459,P00944,2025-11-11 02:15:52.043801,0,0.15864730160685034,0
O034517,C02428,P01970,2025-11-11 02:28:58.303457,1,0.10355131344178412,0
O034518,C05141,P01806,2025-11-11 02:42:04.563114,0,0.30239678467885567,0
O034519,C02542,P02398,2025-11-11 02:55:10.822770,1,0.14670009361875858,0
O034520,C07838,P00653,2025-11-11 03:08:17.082427,0,0.15966226139520473,0
O034521,C05356,P00107,2025-11-11 03:21:23.342083,1,0.31202713048744535,0
O034522,C03310,P01475,2025-11-11 03:34:29.601740,0,0.2082541420583292,0
O034523,C07684,P01967,2025-11-11 03:47:35.861396,0,0.09778118252514768,0
O034524,C04687,P01586,2025-11-11 04:00:42.121053,0,0.24932910720147677,0
O034525,C05671,P02058,2025-11-11 04:13:48.380709,0,0.1251943716158212,0
O034526,C01759,P01857,2025-11-11 04:26:54.640366,0,0.18772015946537568,0
O034527,C00799,P01665,2025-11-11 04:40:00.900022,0,0.19777151038895047,0
O034528,C04465,P02460,2025-11-11 04:53:07.159678,0,0.27530921334585334,0
O034529,C02724,P01910,2025-11-11 05:06:13.419335,0,0.18407413429451436,0
O034530,C02977,P01883,2025-11-11 05:19:19.678991,0,0.2429841264469866,0
O034531,C05032,P00063,2025-11-11 05:32:25.938648,0,0.09409375480731828,0
O034532,C07618,P00004,2025-11-11 05:45:32.198304,0,0.12264537709470051,0
O034533,C07207,P02125,2025-11-11 05:58:38.457961,0,0.1389448563705895,0
O034534,C06034,P01121,2025-11-11 06:11:44.717617,1,0.408023186863461,0
O034535,C06895,P01713,2025-11-11 06:24:50.977274,0,0.2066209588717676,0
O034536,C04878,P01813,2025-11-11 06:37:57.236930,1,0.18880469169909503,0
O034537,C00786,P01745,2025-11-11 06:51:03.496587,0,0.10911945067126505,0
O034538,C04083,P02270,2025-11-11 07:04:09.756243,0,0.26992080807218166,0
O034539,C01038,P00073,2025-11-11 07:17:16.015900,0,0.2205595680084875,0
O034540,C04370,P00422,2025-11-11 07:30:22.275556,1,0.15039416316029608,0
O034541,C02449,P02292,2025-11-11 07:43:28.535213,0,0.08498764843742103,0
O034542,C00710,P00241,2025-11-11 07:56:34.794869,0,0.08952682612699202,0
O034543,C07619,P00920,2025-11-11 08:09:41.054526,0,0.2143560270127052,0
O034544,C00222,P00947,2025-11-11 08:22:47.314182,0,0.13410820724015207,0
O034545,C02556,P00355,2025-11-11 08:35:53.573839,0,0.09559417420416817,0
O034546,C04810,P01690,2025-11-11 08:48:59.833495,0,0.23824074585463603,0
O034547,C06408,P01020,2025-11-11 09:02:06.093152,0,0.31016532393933677,0
O034548,C04925,P01565,2025-11-11 09:15:12.352808,0,0.3055308591342213,0
O034549,C04500,P01983,2025-11-11 09:28:18.612465,0,0.2997262298026438,0
O034550,C01808,P00584,2025-11-11 09:41:24.872121,0,0.24058819653079802,0
O034551,C04252,P00668,2025-11-11 09:54:31.131778,0,0.12860863795204566,0
O034552,C06294,P00995,2025-11-11 10:07:37.391434,0,0.2379696272834435,0
O034553,C04936,P02427,2025-11-11 10:20:43.651091,0,0.36881510137453,0
O034554,C00744,P01759,2025-11-11 10:33:49.910747,0,0.15481373641328708,0
O034555,C02595,P01116,2025-11-11 10:46:56.170404,0,0.33548163075823745,0
O034556,C05844,P01460,2025-11-11 11:00:02.430060,0,0.11908384901582796,0
O034557,C00611,P00256,2025-11-11 11:13:08.689717,1,0.18948652610322433,0
O034558,C04346,P01925,2025-11-11 11:26:14.949373,1,0.5733525060222442,1
O034559,C05173,P00581,2025-11-11 11:39:21.209030,0,0.20878081163656928,0
O034560,C02611,P00285,2025-11-11 11:52:27.468686,0,0.12659795399120613,0
O034561,C04726,P01713,2025-11-11 12:05:33.728343,0,0.1396557952502931,0
O034562,C07184,P02466,2025-11-11 12:18:39.987999,0,0.13355627015796653,0
O034563,C00853,P02040,2025-11-11 12:31:46.247656,0,0.2735498170243732,0
O034564,C06030,P01473,2025-11-11 12:44:52.507312,1,0.267232124578897,0
O034565,C06937,P01455,2025-11-11 12:57:58.766969,1,0.27711635565495,0
O034566,C07521,P00001,2025-11-11 13:11:05.026625,0,0.2670272818412346,0
O034567,C06345,P01539,2025-11-11 13:24:11.286282,1,0.14378950473890142,0
O034568,C02315,P01792,2025-11-11 13:37:17.545938,1,0.4486474937800874,0
O034569,C02851,P01062,2025-11-11 13:50:23.805595,1,0.20171896549839866,0
O034570,C04979,P00139,2025-11-11 14:03:30.065251,0,0.08796449865813806,0
O034571,C06642,P02263,2025-11-11 14:16:36.324908,1,0.36922957439614035,0
O034572,C06015,P00498,2025-11-11 14:29:42.584564,0,0.1144702097638317,0
O034573,C05910,P02170,2025-11-11 14:42:48.844221,0,0.1415925383186155,0
O034574,C04192,P01606,2025-11-11 14:55:55.103877,0,0.1502455983171787,0
O034575,C04927,P01498,2025-11-11 15:09:01.363534,0,0.0801960150328648,0
O034576,C07067,P00801,2025-11-11 15:22:07.623190,1,0.5085257799612963,1
O034577,C05701,P00855,2025-11-11 15:35:13.882847,0,0.12175243818221798,0
O034578,C02543,P02143,2025-11-11 15:48:20.142503,1,0.3832274391941766,0
O034579,C01629,P02363,2025-11-11 16:01:26.402160,1,0.22409799844621156,0
O034580,C05174,P02221,2025-11-11 16:14:32.661816,0,0.12553882621240417,0
O034581,C02190,P01849,2025-11-11 16:27:38.921473,0,0.2892066146422377,0
O034582,C04820,P01730,2025-11-11 16:40:45.181129,0,0.34806949355027544,0
O034583,C04153,P01913,2025-11-11 16:53:51.440786,0,0.12696978254442187,0
O034584,C05219,P02274,2025-11-11 17:06:57.700442,1,0.16059371896945596,0
O034585,C00794,P00786,2025-11-11 17:20:03.960099,0,0.49324321217733547,0
O034586,C04030,P00117,2025-11-11 17:33:10.219755,0,0.09732612419457015,0
O034587,C05464,P01116,2025-11-11 17:46:16.479411,0,0.07916668121338978,0
O034588,C06231,P01028,2025-11-11 17:59:22.739068,0,0.36510472090264706,0
O034589,C05091,P01446,2025-11-11 18:12:28.998724,0,0.2904860039554741,0
O034590,C05810,P01214,2025-11-11 18:25:35.258381,0,0.27589836311974536,0
O034591,C03965,P01738,2025-11-11 18:38:41.518037,0,0.10207529419815173,0
O034592,C04596,P00837,2025-11-11 18:51:47.777694,0,0.32933639900920836,0
O034593,C07885,P01836,2025-11-11 19:04:54.037350,1,0.11408375040087494,0
O034594,C00298,P00739,2025-11-11 19:18:00.297007,0,0.20695716090667118,0
O034595,C03154,P01031,2025-11-11 19:31:06.556663,1,0.3374126452027648,0
O034596,C02683,P00679,2025-11-11 19:44:12.816320,0,0.12381349379038507,0
O034597,C05297,P01105,2025-11-11 19:57:19.075976,1,0.37720467161672705,0
O034598,C01381,P01484,2025-11-11 20:10:25.335633,0,0.2347878659344507,0
O034599,C06541,P01215,2025-11-11 20:23:31.595289,1,0.4165806812549087,0
O034600,C00396,P01163,2025-11-11 20:36:37.854946,0,0.1875901081924238,0
O034601,C03350,P01438,2025-11-11 20:49:44.114602,0,0.11044717949524156,0
O034602,C06595,P02005,2025-11-11 21:02:50.374259,0,0.476338548574256,0
O034603,C06000,P00359,2025-11-11 21:15:56.633915,0,0.10737456609389967,0
O034604,C02460,P01174,2025-11-11 21:29:02.893572,0,0.06913773778780789,0
O034605,C06095,P00144,2025-11-11 21:42:09.153228,0,0.22476239798711656,0
O034606,C07797,P00390,2025-11-11 21:55:15.412885,0,0.17952077381245357,0
O034607,C02408,P02476,2025-11-11 22:08:21.672541,0,0.16396614454747008,0
O034608,C05611,P01877,2025-11-11 22:21:27.932198,1,0.14292726017098373,0
O034609,C07060,P02105,2025-11-11 22:34:34.191854,0,0.41297346845007243,0
O034610,C00659,P00170,2025-11-11 22:47:40.451511,0,0.08055112947399003,0
O034611,C03280,P01063,2025-11-11 23:00:46.711167,0,0.4167913462307854,0
O034612,C01518,P01227,2025-11-11 23:13:52.970824,0,0.1327632085191925,0
O034613,C05251,P01861,2025-11-11 23:26:59.230480,1,0.3352052317790823,0
O034614,C06347,P00667,2025-11-11 23:40:05.490137,0,0.09043698715216035,0
O034615,C02366,P00143,2025-11-11 23:53:11.749793,1,0.12262004643615235,0
O034616,C04025,P01587,2025-11-12 00:06:18.009450,0,0.1337385446240116,0
O034617,C04742,P00670,2025-11-12 00:19:24.269106,0,0.14955946132239345,0
O034618,C00337,P01450,2025-11-12 00:32:30.528763,0,0.08817502418185835,0
O034619,C04348,P02333,2025-11-12 00:45:36.788419,0,0.15295218506199398,0
O034620,C03192,P00719,2025-11-12 00:58:43.048076,1,0.17077566244478734,0
O034621,C00795,P02434,2025-11-12 01:11:49.307732,1,0.32630561899020216,0
O034622,C05093,P01891,2025-11-12 01:24:55.567389,0,0.13529315209820691,0
O034623,C00183,P00310,2025-11-12 01:38:01.827045,0,0.14561546632477732,0
O034624,C03690,P00786,2025-11-12 01:51:08.086702,1,0.13807732065421696,0
O034625,C02117,P02225,2025-11-12 02:04:14.346358,1,0.24139339922228362,0
O034626,C05504,P01775,2025-11-12 02:17:20.606015,0,0.2417716289213599,0
O034627,C04762,P01302,2025-11-12 02:30:26.865671,0,0.19122356804971788,0
O034628,C01490,P00209,2025-11-12 02:43:33.125328,0,0.26648629425640113,0
O034629,C05141,P01433,2025-11-12 02:56:39.384984,0,0.2806505923362735,0
O034630,C03245,P02064,2025-11-12 03:09:45.644641,0,0.15916224761987804,0
O034631,C02083,P01682,2025-11-12 03:22:51.904297,0,0.07946707554641472,0
O034632,C01729,P02285,2025-11-12 03:35:58.163954,0,0.3346513299801967,0
O034633,C02485,P00296,2025-11-12 03:49:04.423610,0,0.22903481060199313,0
O034634,C03985,P00054,2025-11-12 04:02:10.683267,0,0.27579437916246796,0
O034635,C01958,P02433,2025-11-12 04:15:16.942923,1,0.37481965251226945,0
O034636,C01835,P02358,2025-11-12 04:28:23.202580,0,0.1835847748408318,0
O034637,C04299,P00945,2025-11-12 04:41:29.462236,0,0.08802948891524792,0
O034638,C06143,P00748,2025-11-12 04:54:35.721893,0,0.2684071355301982,0
O034639,C01316,P01264,2025-11-12 05:07:41.981549,0,0.14664669900663752,0
O034640,C00015,P01081,2025-11-12 05:20:48.241206,0,0.13771207517425246,0
O034641,C05617,P00379,2025-11-12 05:33:54.500862,0,0.1427839555906863,0
O034642,C07887,P01255,2025-11-12 05:47:00.760519,0,0.17649041686542427,0
O034643,C07076,P02241,2025-11-12 06:00:07.020175,0,0.24725223751820286,0
O034644,C00907,P02026,2025-11-12 06:13:13.279831,0,0.08407793953666858,0
O034645,C05916,P00370,2025-11-12 06:26:19.539488,0,0.0802244032451546,0
O034646,C05919,P00727,2025-11-12 06:39:25.799144,0,0.07297488868234693,0
O034647,C04419,P01282,2025-11-12 06:52:32.058801,0,0.06472696134608932,0
O034648,C04839,P01377,2025-11-12 07:05:38.318457,1,0.25683410826767317,0
O034649,C06242,P02476,2025-11-12 07:18:44.578114,0,0.11783142790159842,0
O034650,C06555,P00414,2025-11-12 07:31:50.837770,1,0.27237781841853825,0
O034651,C01621,P00228,2025-11-12 07:44:57.097427,0,0.19716861557682533,0
O034652,C07301,P01834,2025-11-12 07:58:03.357083,0,0.14796203173725053,0
O034653,C01878,P02147,2025-11-12 08:11:09.616740,0,0.20658927038020386,0
O034654,C04820,P01678,2025-11-12 08:24:15.876396,0,0.10008415943251635,0
O034655,C07825,P01430,2025-11-12 08:37:22.136053,1,0.4109266424108262,0
O034656,C02168,P01223,2025-11-12 08:50:28.395709,1,0.09040347472930312,0
O034657,C04567,P01288,2025-11-12 09:03:34.655366,0,0.09248370670423217,0
O034658,C02369,P02433,2025-11-12 09:16:40.915022,0,0.4173400552272051,0
O034659,C05278,P00267,2025-11-12 09:29:47.174679,1,0.12994189684299287,0
O034660,C03157,P00916,2025-11-12 09:42:53.434335,0,0.14878469055238838,0
O034661,C01720,P01497,2025-11-12 09:55:59.693992,0,0.32089390152535335,0
O034662,C03263,P00126,2025-11-12 10:09:05.953648,0,0.31611555568473376,0
O034663,C04283,P01655,2025-11-12 10:22:12.213305,0,0.1620539004704976,0
O034664,C06606,P02214,2025-11-12 10:35:18.472961,1,0.33350820354826843,0
O034665,C05056,P01851,2025-11-12 10:48:24.732618,0,0.0951171816233102,0
O034666,C07273,P01451,2025-11-12 11:01:30.992274,0,0.10166074396888812,0
O034667,C00515,P02117,2025-11-12 11:14:37.251931,0,0.1998262028122869,0
O034668,C04647,P02253,2025-11-12 11:27:43.511587,1,0.1771379000359133,0
O034669,C07464,P00816,2025-11-12 11:40:49.771244,1,0.1256089919238485,0
O034670,C02314,P02222,2025-11-12 11:53:56.030900,0,0.10598852580799041,0
O034671,C01334,P00760,2025-11-12 12:07:02.290557,0,0.23375577155343122,0
O034672,C04279,P02006,2025-11-12 12:20:08.550213,0,0.24370191904653313,0
O034673,C01048,P00258,2025-11-12 12:33:14.809870,0,0.15643112951964558,0
O034674,C05690,P00194,2025-11-12 12:46:21.069526,0,0.15013526210946657,0
O034675,C01919,P00663,2025-11-12 12:59:27.329183,0,0.15413293403380576,0
O034676,C07525,P02088,2025-11-12 13:12:33.588839,0,0.0916813572282348,0
O034677,C03506,P01163,2025-11-12 13:25:39.848496,0,0.32646329862251505,0
O034678,C02968,P02499,2025-11-12 13:38:46.108152,0,0.14272311612499156,0
O034679,C00542,P01088,2025-11-12 13:51:52.367809,1,0.1381566303229298,0
O034680,C07093,P01584,2025-11-12 14:04:58.627465,0,0.34745457138260205,0
O034681,C05851,P00704,2025-11-12 14:18:04.887122,0,0.22978080198218867,0
O034682,C05046,P02495,2025-11-12 14:31:11.146778,0,0.08339760266877323,0
O034683,C06907,P00070,2025-11-12 14:44:17.406435,0,0.13894532391935074,0
O034684,C06981,P01360,2025-11-12 14:57:23.666091,0,0.29736470001985804,0
O034685,C06177,P01615,2025-11-12 15:10:29.925748,0,0.18705199717217147,0
O034686,C06826,P00102,2025-11-12 15:23:36.185404,0,0.19138836216542748,0
O034687,C02920,P00703,2025-11-12 15:36:42.445061,0,0.20928562348280857,0
O034688,C02277,P01017,2025-11-12 15:49:48.704717,0,0.28833271652355474,0
O034689,C07560,P00136,2025-11-12 16:02:54.964374,0,0.2192549167481875,0
O034690,C04500,P00675,2025-11-12 16:16:01.224030,0,0.16577723753167603,0
O034691,C07370,P00974,2025-11-12 16:29:07.483687,1,0.08938731626666238,0
O034692,C01117,P00196,2025-11-12 16:42:13.743343,0,0.3062297733795051,0
O034693,C03475,P02494,2025-11-12 16:55:20.003000,0,0.19722432699884998,0
O034694,C05232,P00920,2025-11-12 17:08:26.262656,0,0.07566476926024114,0
O034695,C05188,P01967,2025-11-12 17:21:32.522313,0,0.26276025499857847,0
O034696,C01700,P00298,2025-11-12 17:34:38.781969,0,0.09565554190115293,0
O034697,C07808,P01841,2025-11-12 17:47:45.041626,0,0.2335282985984529,0
O034698,C01876,P01368,2025-11-12 18:00:51.301282,1,0.2713325266742477,0
O034699,C03364,P00050,2025-11-12 18:13:57.560939,1,0.12470247396824514,0
O034700,C02209,P01707,2025-11-12 18:27:03.820595,1,0.4033987009587188,0
O034701,C02461,P00126,2025-11-12 18:40:10.080252,0,0.315811605627084,0
O034702,C07901,P00136,2025-11-12 18:53:16.339908,0,0.4645033438774923,0
O034703,C00174,P00607,2025-11-12 19:06:22.599564,0,0.2171485682948676,0
O034704,C04108,P01337,2025-11-12 19:19:28.859221,0,0.2859047112975847,0
O034705,C03376,P00126,2025-11-12 19:32:35.118877,1,0.20576397495952323,0
O034706,C02766,P01773,2025-11-12 19:45:41.378534,0,0.07954007156352456,0
O034707,C01773,P01145,2025-11-12 19:58:47.638190,0,0.22869220145651528,0
O034708,C03978,P00394,2025-11-12 20:11:53.897847,0,0.3211383136414988,0
O034709,C03380,P00587,2025-11-12 20:25:00.157503,0,0.1257346114188677,0
O034710,C05823,P02376,2025-11-12 20:38:06.417160,0,0.10819050778631614,0
O034711,C00638,P02401,2025-11-12 20:51:12.676816,0,0.0928378703963639,0
O034712,C04011,P02335,2025-11-12 21:04:18.936473,0,0.11276986679682455,0
O034713,C03459,P02259,2025-11-12 21:17:25.196129,1,0.1700913222665321,0
O034714,C03007,P02117,2025-11-12 21:30:31.455786,0,0.2681608594936548,0
O034715,C00362,P00777,2025-11-12 21:43:37.715442,0,0.4474233201507837,0
O034716,C02766,P01705,2025-11-12 21:56:43.975099,0,0.0944261124315913,0
O034717,C07092,P01142,2025-11-12 22:09:50.234755,0,0.13050646571127286,0
O034718,C03635,P00833,2025-11-12 22:22:56.494412,0,0.07068597902028194,0
O034719,C02313,P00179,2025-11-12 22:36:02.754068,0,0.09874326810133813,0
O034720,C01194,P01057,2025-11-12 22:49:09.013725,0,0.141787457651205,0
O034721,C03767,P01688,2025-11-12 23:02:15.273381,1,0.4058541877394748,0
O034722,C02097,P02225,2025-11-12 23:15:21.533038,0,0.17606922310973885,0
O034723,C01279,P00535,2025-11-12 23:28:27.792694,0,0.4573069420174102,0
O034724,C03877,P01077,2025-11-12 23:41:34.052351,0,0.05326735744709719,0
O034725,C05712,P01155,2025-11-12 23:54:40.312007,1,0.17424776619928756,0
O034726,C01746,P00842,2025-11-13 00:07:46.571664,0,0.12893924965926085,0
O034727,C02732,P01106,2025-11-13 00:20:52.831320,0,0.10142477603766177,0
O034728,C06187,P01304,2025-11-13 00:33:59.090977,0,0.16806617145478442,0
O034729,C00141,P02165,2025-11-13 00:47:05.350633,0,0.16995643259501172,0
O034730,C00792,P01285,2025-11-13 01:00:11.610290,0,0.08973722150985726,0
O034731,C02393,P01054,2025-11-13 01:13:17.869946,0,0.10684300305471582,0
O034732,C06160,P01977,2025-11-13 01:26:24.129603,1,0.2554702914917857,0
O034733,C00549,P01365,2025-11-13 01:39:30.389259,0,0.08395983114209432,0
O034734,C05945,P00972,2025-11-13 01:52:36.648916,1,0.3140432350784236,0
O034735,C04444,P02008,2025-11-13 02:05:42.908572,0,0.20388795128539483,0
O034736,C07212,P00784,2025-11-13 02:18:49.168229,0,0.08313215420123465,0
O034737,C07801,P01376,2025-11-13 02:31:55.427885,1,0.17717659213082265,0
O034738,C03553,P01156,2025-11-13 02:45:01.687542,0,0.09314787453164083,0
O034739,C05591,P00110,2025-11-13 02:58:07.947198,0,0.07842542262914895,0
O034740,C01986,P02028,2025-11-13 03:11:14.206855,1,0.27368313003001027,0
O034741,C03729,P01238,2025-11-13 03:24:20.466511,0,0.17122474996606374,0
O034742,C05372,P02293,2025-11-13 03:37:26.726168,0,0.17597617456377707,0
O034743,C01116,P00630,2025-11-13 03:50:32.985824,0,0.329330420450629,0
O034744,C07113,P01058,2025-11-13 04:03:39.245481,1,0.29533581485607113,0
O034745,C02420,P00851,2025-11-13 04:16:45.505137,0,0.16970816773857825,0
O034746,C00037,P01279,2025-11-13 04:29:51.764794,0,0.33864781160670504,0
O034747,C03632,P00164,2025-11-13 04:42:58.024450,0,0.14698626978681723,0
O034748,C03153,P01955,2025-11-13 04:56:04.284107,0,0.12719354242252412,0
O034749,C04200,P02275,2025-11-13 05:09:10.543763,0,0.3429437580100425,0
O034750,C00130,P00768,2025-11-13 05:22:16.803420,0,0.09511404254510421,0
O034751,C02928,P01823,2025-11-13 05:35:23.063076,1,0.19149691012797312,0
O034752,C00998,P00499,2025-11-13 05:48:29.322733,1,0.09499271520570127,0
O034753,C01716,P00327,2025-11-13 06:01:35.582389,0,0.11092863756687858,0
O034754,C05190,P01821,2025-11-13 06:14:41.842046,0,0.10942752260093269,0
O034755,C06449,P00206,2025-11-13 06:27:48.101702,0,0.22054379866439242,0
O034756,C05472,P01082,2025-11-13 06:40:54.361359,0,0.1750180569113115,0
O034757,C03550,P02323,2025-11-13 06:54:00.621015,0,0.13020781502502374,0
O034758,C05831,P00723,2025-11-13 07:07:06.880672,0,0.21092360491431617,0
O034759,C01792,P01451,2025-11-13 07:20:13.140328,0,0.17300221982785385,0
O034760,C07117,P00611,2025-11-13 07:33:19.399985,1,0.07338015045575186,0
O034761,C06209,P02417,2025-11-13 07:46:25.659641,0,0.13714836889825396,0
O034762,C00173,P01305,2025-11-13 07:59:31.919297,0,0.09970328105358825,0
O034763,C06056,P01789,2025-11-13 08:12:38.178954,0,0.1389106208482965,0
O034764,C05615,P01047,2025-11-13 08:25:44.438610,0,0.14668914679924036,0
O034765,C00682,P01857,2025-11-13 08:38:50.698267,0,0.1857760343709242,0
O034766,C02033,P02463,2025-11-13 08:51:56.957923,0,0.12494144113843679,0
O034767,C07190,P00240,2025-11-13 09:05:03.217580,1,0.16552634041521688,0
O034768,C06125,P02114,2025-11-13 09:18:09.477236,0,0.2055364443630865,0
O034769,C05905,P01121,2025-11-13 09:31:15.736893,1,0.3406928457495924,0
O034770,C06323,P02197,2025-11-13 09:44:21.996549,1,0.07522602641606331,0
O034771,C04250,P00221,2025-11-13 09:57:28.256206,1,0.4922203447921905,0
O034772,C01959,P02352,2025-11-13 10:10:34.515862,1,0.36841685346679465,0
O034773,C05041,P00147,2025-11-13 10:23:40.775519,1,0.21809371564213728,0
O034774,C06135,P00043,2025-11-13 10:36:47.035175,0,0.2505276867127758,0
O034775,C04292,P01506,2025-11-13 10:49:53.294832,1,0.4215149350730797,0
O034776,C00362,P01150,2025-11-13 11:02:59.554488,0,0.16864885347960024,0
O034777,C06725,P01815,2025-11-13 11:16:05.814145,0,0.17329563210000112,0
O034778,C07584,P00369,2025-11-13 11:29:12.073801,1,0.1352325935230141,0
O034779,C01567,P01959,2025-11-13 11:42:18.333458,0,0.34171788520450685,0
O034780,C06410,P01764,2025-11-13 11:55:24.593114,0,0.1507933587040127,0
O034781,C07759,P00315,2025-11-13 12:08:30.852771,0,0.10009487598680064,0
O034782,C04124,P01964,2025-11-13 12:21:37.112427,0,0.22579454833868243,0
O034783,C01431,P00395,2025-11-13 12:34:43.372084,0,0.23376144633108545,0
O034784,C05453,P00252,2025-11-13 12:47:49.631740,0,0.11183569670288884,0
O034785,C06059,P00719,2025-11-13 13:00:55.891397,0,0.13956504950789136,0
O034786,C06078,P01302,2025-11-13 13:14:02.151053,0,0.08994308054313153,0
O034787,C01450,P01049,2025-11-13 13:27:08.410710,0,0.07066420658566039,0
O034788,C04253,P01651,2025-11-13 13:40:14.670366,0,0.29843995807307916,0
O034789,C02237,P02142,2025-11-13 13:53:20.930023,0,0.46597349539291355,0
O034790,C00394,P01352,2025-11-13 14:06:27.189679,1,0.27438765591393893,0
O034791,C01826,P00752,2025-11-13 14:19:33.449336,1,0.10400749978639619,0
O034792,C05917,P00125,2025-11-13 14:32:39.708992,0,0.14682064691368665,0
O034793,C00858,P00739,2025-11-13 14:45:45.968649,0,0.16402770861863444,0
O034794,C07765,P00873,2025-11-13 14:58:52.228305,0,0.1741230329185198,0
O034795,C00849,P01993,2025-11-13 15:11:58.487962,0,0.09482793378669689,0
O034796,C00035,P01878,2025-11-13 15:25:04.747618,0,0.31672153055392194,0
O034797,C04216,P01187,2025-11-13 15:38:11.007275,1,0.2938472814760587,0
O034798,C03096,P00527,2025-11-13 15:51:17.266931,0,0.07957976535051783,0
O034799,C02627,P02056,2025-11-13 16:04:23.526588,1,0.2131062585391897,0
O034800,C02403,P00479,2025-11-13 16:17:29.786244,0,0.4081054342961178,0
O034801,C05852,P00865,2025-11-13 16:30:36.045901,0,0.2678921073044859,0
O034802,C03421,P01399,2025-11-13 16:43:42.305557,0,0.4025436314455473,0
O034803,C06858,P02157,2025-11-13 16:56:48.565214,0,0.09097381263103749,0
O034804,C04660,P02071,2025-11-13 17:09:54.824870,0,0.07527353609100881,0
O034805,C05921,P01765,2025-11-13 17:23:01.084527,1,0.2532595930292783,0
O034806,C06341,P01850,2025-11-13 17:36:07.344183,0,0.09463106635015936,0
O034807,C07257,P01287,2025-11-13 17:49:13.603840,0,0.08923832499155099,0
O034808,C03363,P01707,2025-11-13 18:02:19.863496,1,0.1910384536563211,0
O034809,C04941,P02171,2025-11-13 18:15:26.123153,0,0.22322259324144314,0
O034810,C03598,P02151,2025-11-13 18:28:32.382809,0,0.17093544798873767,0
O034811,C00204,P01703,2025-11-13 18:41:38.642466,1,0.17065469607128042,0
O034812,C04181,P01525,2025-11-13 18:54:44.902122,0,0.14306074028848123,0
O034813,C04855,P01463,2025-11-13 19:07:51.161779,0,0.2574449137773759,0
O034814,C07730,P01098,2025-11-13 19:20:57.421435,0,0.22641400390667207,0
O034815,C04031,P01351,2025-11-13 19:34:03.681092,0,0.24798087030544033,0
O034816,C05342,P01543,2025-11-13 19:47:09.940748,0,0.18040844013398738,0
O034817,C01458,P02165,2025-11-13 20:00:16.200405,1,0.23244776291398722,0
O034818,C03702,P01591,2025-11-13 20:13:22.460061,0,0.20835359132368605,0
O034819,C07880,P00048,2025-11-13 20:26:28.719717,0,0.08764246862016105,0
O034820,C07785,P01611,2025-11-13 20:39:34.979374,0,0.07220370840196727,0
O034821,C04530,P00781,2025-11-13 20:52:41.239030,0,0.33481148367213676,0
O034822,C07823,P02250,2025-11-13 21:05:47.498687,0,0.07120128593904956,0
O034823,C00041,P01817,2025-11-13 21:18:53.758343,0,0.11791745329568862,0
O034824,C01206,P02444,2025-11-13 21:32:00.018000,0,0.09716455204425144,0
O034825,C02327,P01004,2025-11-13 21:45:06.277656,1,0.2324610797031918,0
O034826,C06839,P01443,2025-11-13 21:58:12.537313,0,0.1444688398814125,0
O034827,C07964,P01904,2025-11-13 22:11:18.796969,0,0.14176045456878672,0
O034828,C07365,P01622,2025-11-13 22:24:25.056626,0,0.09180101818419789,0
O034829,C00279,P00889,2025-11-13 22:37:31.316282,1,0.521593741232946,1
O034830,C06917,P00521,2025-11-13 22:50:37.575939,0,0.26555584812695004,0
O034831,C06680,P01864,2025-11-13 23:03:43.835595,0,0.11241247521366543,0
O034832,C06937,P01927,2025-11-13 23:16:50.095252,0,0.09631743106955626,0
O034833,C04089,P00741,2025-11-13 23:29:56.354908,0,0.16483669066471093,0
O034834,C07427,P00360,2025-11-13 23:43:02.614565,0,0.2456955388794834,0
O034835,C06994,P01838,2025-11-13 23:56:08.874221,0,0.16849381417995843,0
O034836,C01602,P01243,2025-11-14 00:09:15.133878,0,0.0907690458540398,0
O034837,C04434,P02195,2025-11-14 00:22:21.393534,0,0.10785588208587017,0
O034838,C03005,P00365,2025-11-14 00:35:27.653191,0,0.14989825729934783,0
O034839,C00393,P01154,2025-11-14 00:48:33.912847,0,0.12179670928265686,0
O034840,C05855,P01373,2025-11-14 01:01:40.172504,1,0.11145247683094307,0
O034841,C05341,P01486,2025-11-14 01:14:46.432160,0,0.22045629956723853,0
O034842,C01619,P01344,2025-11-14 01:27:52.691817,0,0.15973453988344527,0
O034843,C01349,P01901,2025-11-14 01:40:58.951473,0,0.1106473703991596,0
O034844,C02215,P01326,2025-11-14 01:54:05.211130,0,0.41286427606136067,0
O034845,C07143,P01360,2025-11-14 02:07:11.470786,1,0.5281131179906012,1
O034846,C01738,P00521,2025-11-14 02:20:17.730443,1,0.22527290808705897,0
O034847,C06729,P01873,2025-11-14 02:33:23.990099,1,0.2536288151867427,0
O034848,C04137,P01358,2025-11-14 02:46:30.249756,0,0.6820221636362177,1
O034849,C03863,P02297,2025-11-14 02:59:36.509412,0,0.20366909683193152,0
O034850,C05632,P01951,2025-11-14 03:12:42.769069,0,0.09462083035799455,0
O034851,C03817,P00595,2025-11-14 03:25:49.028725,0,0.08980944591673881,0
O034852,C07794,P00659,2025-11-14 03:38:55.288382,0,0.09588479318865228,0
O034853,C03523,P00157,2025-11-14 03:52:01.548038,0,0.11385731222111004,0
O034854,C01010,P01276,2025-11-14 04:05:07.807695,0,0.16402569423249153,0
O034855,C04810,P01605,2025-11-14 04:18:14.067351,0,0.11250771388360864,0
O034856,C00012,P01727,2025-11-14 04:31:20.327008,0,0.08225376100503173,0
O034857,C02997,P02099,2025-11-14 04:44:26.586664,1,0.11089175162931364,0
O034858,C02989,P01981,2025-11-14 04:57:32.846321,0,0.12234207479842263,0
O034859,C02644,P02154,2025-11-14 05:10:39.105977,0,0.28457576257877126,0
O034860,C00128,P01592,2025-11-14 05:23:45.365634,1,0.23359911822210314,0
O034861,C05804,P00881,2025-11-14 05:36:51.625290,0,0.3833998347300322,0
O034862,C01666,P01947,2025-11-14 05:49:57.884947,0,0.35305110369678894,0
O034863,C01458,P00441,2025-11-14 06:03:04.144603,1,0.5030678802601022,1
O034864,C02235,P00688,2025-11-14 06:16:10.404260,0,0.15161685282929593,0
O034865,C00916,P01927,2025-11-14 06:29:16.663916,0,0.1063801753565956,0
O034866,C03034,P00762,2025-11-14 06:42:22.923573,0,0.11614005131662723,0
O034867,C02827,P00213,2025-11-14 06:55:29.183229,0,0.13334860070211957,0
O034868,C00868,P00872,2025-11-14 07:08:35.442886,0,0.1533501471109235,0
O034869,C07489,P00154,2025-11-14 07:21:41.702542,0,0.1295643131928829,0
O034870,C01567,P02221,2025-11-14 07:34:47.962199,0,0.14445513898451323,0
O034871,C02130,P02489,2025-11-14 07:47:54.221855,0,0.13488470032840758,0
O034872,C06300,P01709,2025-11-14 08:01:00.481512,1,0.11586523293573713,0
O034873,C04748,P00137,2025-11-14 08:14:06.741168,0,0.262165789965016,0
O034874,C07296,P02358,2025-11-14 08:27:13.000825,0,0.20497100180118208,0
O034875,C03303,P00001,2025-11-14 08:40:19.260481,0,0.15747972359468504,0
O034876,C04894,P00913,2025-11-14 08:53:25.520138,0,0.14423468334489245,0
O034877,C04187,P00212,2025-11-14 09:06:31.779794,0,0.14662161329091147,0
O034878,C00981,P01067,2025-11-14 09:19:38.039450,0,0.2026289653171815,0
O034879,C04623,P01118,2025-11-14 09:32:44.299107,0,0.08877275964318317,0
O034880,C03703,P01629,2025-11-14 09:45:50.558763,0,0.3536612499630928,0
O034881,C07297,P00446,2025-11-14 09:58:56.818420,0,0.07432108568754524,0
O034882,C04804,P02394,2025-11-14 10:12:03.078076,1,0.19553257650253222,0
O034883,C02147,P02490,2025-11-14 10:25:09.337733,0,0.27454565939268116,0
O034884,C07945,P00539,2025-11-14 10:38:15.597389,0,0.16225662317856426,0
O034885,C04761,P00239,2025-11-14 10:51:21.857046,0,0.09716760803250815,0
O034886,C07026,P00786,2025-11-14 11:04:28.116702,0,0.19014147991712246,0
O034887,C03430,P00256,2025-11-14 11:17:34.376359,0,0.19566699028637763,0
O034888,C07695,P00643,2025-11-14 11:30:40.636015,0,0.10057824068465333,0
O034889,C00161,P00543,2025-11-14 11:43:46.895672,0,0.40169647286341464,0
O034890,C06371,P00890,2025-11-14 11:56:53.155328,0,0.07741976886528415,0
O034891,C02672,P01006,2025-11-14 12:09:59.414985,0,0.09534241807530097,0
O034892,C02526,P01765,2025-11-14 12:23:05.674641,0,0.22392985789924683,0
O034893,C05081,P02312,2025-11-14 12:36:11.934298,0,0.11009200392652059,0
O034894,C00566,P02388,2025-11-14 12:49:18.193954,0,0.23251553209609277,0
O034895,C03216,P02155,2025-11-14 13:02:24.453611,1,0.25879751042769844,0
O034896,C04270,P02444,2025-11-14 13:15:30.713267,1,0.16231673748156178,0
O034897,C03611,P00888,2025-11-14 13:28:36.972924,0,0.1210287660162949,0
O034898,C04871,P01680,2025-11-14 13:41:43.232580,0,0.11313949582912897,0
O034899,C00883,P01156,2025-11-14 13:54:49.492237,0,0.09611327212061033,0
O034900,C06255,P02108,2025-11-14 14:07:55.751893,0,0.10043870800958399,0
O034901,C06554,P00027,2025-11-14 14:21:02.011550,1,0.11571806493088749,0
O034902,C02421,P01450,2025-11-14 14:34:08.271206,1,0.33693725174575356,0
O034903,C00296,P02416,2025-11-14 14:47:14.530863,0,0.1435059522728782,0
O034904,C06505,P02133,2025-11-14 15:00:20.790519,0,0.10151231392769852,0
O034905,C06896,P01002,2025-11-14 15:13:27.050176,0,0.0734917646309869,0
O034906,C06584,P00766,2025-11-14 15:26:33.309832,0,0.22748301561028683,0
O034907,C00669,P02034,2025-11-14 15:39:39.569489,0,0.3570803373550975,0
O034908,C06403,P00690,2025-11-14 15:52:45.829145,0,0.12154490494332808,0
O034909,C06163,P00905,2025-11-14 16:05:52.088802,1,0.2774699546811937,0
O034910,C00952,P00763,2025-11-14 16:18:58.348458,0,0.09424709118238322,0
O034911,C06795,P02084,2025-11-14 16:32:04.608115,1,0.07411592504292373,0
O034912,C06078,P01323,2025-11-14 16:45:10.867771,0,0.11395891611626173,0
O034913,C01949,P01482,2025-11-14 16:58:17.127428,0,0.31424539758919484,0
O034914,C07518,P00448,2025-11-14 17:11:23.387084,1,0.27169961868342035,0
O034915,C07182,P01319,2025-11-14 17:24:29.646741,0,0.14823557341055887,0
O034916,C07857,P01974,2025-11-14 17:37:35.906397,0,0.43729290185494624,0
O034917,C02549,P02052,2025-11-14 17:50:42.166054,0,0.17521321938195059,0
O034918,C02143,P01494,2025-11-14 18:03:48.425710,1,0.4743707597023858,0
O034919,C06969,P02380,2025-11-14 18:16:54.685367,0,0.47532409359530503,0
O034920,C03737,P00067,2025-11-14 18:30:00.945023,0,0.10887872632263086,0
O034921,C07062,P01283,2025-11-14 18:43:07.204680,0,0.14474251626358486,0
O034922,C01209,P00216,2025-11-14 18:56:13.464336,0,0.19386906840121712,0
O034923,C06589,P00154,2025-11-14 19:09:19.723993,0,0.10607141439485018,0
O034924,C02174,P02411,2025-11-14 19:22:25.983649,0,0.20952772597600708,0
O034925,C04539,P00623,2025-11-14 19:35:32.243306,0,0.10494103027553173,0
O034926,C06397,P00026,2025-11-14 19:48:38.502962,0,0.07283018882174283,0
O034927,C06173,P00224,2025-11-14 20:01:44.762619,0,0.20980972200238598,0
O034928,C05483,P01671,2025-11-14 20:14:51.022275,0,0.14558088712864733,0
O034929,C07995,P01346,2025-11-14 20:27:57.281932,0,0.251312658151211,0
O034930,C01147,P01477,2025-11-14 20:41:03.541588,0,0.3092397571051933,0
O034931,C07105,P00643,2025-11-14 20:54:09.801245,0,0.22235349453957895,0
O034932,C07532,P02288,2025-11-14 21:07:16.060901,1,0.358516767803716,0
O034933,C07964,P00755,2025-11-14 21:20:22.320558,0,0.2546410918342804,0
O034934,C05228,P00605,2025-11-14 21:33:28.580214,0,0.18621983031042458,0
O034935,C04062,P00019,2025-11-14 21:46:34.839870,1,0.28291882544114394,0
O034936,C04635,P00099,2025-11-14 21:59:41.099527,1,0.20435431575119203,0
O034937,C04376,P00875,2025-11-14 22:12:47.359183,0,0.1512822214976227,0
O034938,C01439,P02198,2025-11-14 22:25:53.618840,0,0.19882844742481975,0
O034939,C03224,P01536,2025-11-14 22:38:59.878496,0,0.1512045745603603,0
O034940,C01695,P02313,2025-11-14 22:52:06.138153,1,0.10828417203078997,0
O034941,C07407,P01973,2025-11-14 23:05:12.397809,0,0.2051270426614153,0
O034942,C00042,P02016,2025-11-14 23:18:18.657466,0,0.08188771313805816,0
O034943,C06177,P00895,2025-11-14 23:31:24.917122,0,0.1399330815005433,0
O034944,C05084,P00410,2025-11-14 23:44:31.176779,0,0.2075166314114689,0
O034945,C02537,P01532,2025-11-14 23:57:37.436435,0,0.17791397818283378,0
O034946,C07800,P01225,2025-11-15 00:10:43.696092,0,0.512923409762417,1
O034947,C00614,P00800,2025-11-15 00:23:49.955748,0,0.14289652687939153,0
O034948,C02775,P00585,2025-11-15 00:36:56.215405,0,0.25476058126945417,0
O034949,C01283,P00856,2025-11-15 00:50:02.475061,0,0.2125199736037577,0
O034950,C03644,P01425,2025-11-15 01:03:08.734718,0,0.07277164979716302,0
O034951,C00383,P01300,2025-11-15 01:16:14.994374,1,0.5789773085690334,1
O034952,C01004,P01537,2025-11-15 01:29:21.254031,1,0.11073857670779967,0
O034953,C00821,P01845,2025-11-15 01:42:27.513687,1,0.30134688560666,0
O034954,C00606,P02142,2025-11-15 01:55:33.773344,0,0.30640196981563184,0
O034955,C07706,P00929,2025-11-15 02:08:40.033000,1,0.20074485807624823,0
O034956,C02705,P00871,2025-11-15 02:21:46.292657,1,0.12322146466146598,0
O034957,C07218,P01729,2025-11-15 02:34:52.552313,0,0.2696069164229846,0
O034958,C00223,P00464,2025-11-15 02:47:58.811970,1,0.15949644771661578,0
O034959,C01120,P00312,2025-11-15 03:01:05.071626,0,0.09709961698739673,0
O034960,C00511,P02029,2025-11-15 03:14:11.331283,0,0.2582023695711235,0
O034961,C02007,P02014,2025-11-15 03:27:17.590939,0,0.23793414042723746,0
O034962,C06509,P00114,2025-11-15 03:40:23.850596,0,0.08377469273677345,0
O034963,C03482,P01531,2025-11-15 03:53:30.110252,1,0.08047738261260187,0
O034964,C01376,P00679,2025-11-15 04:06:36.369909,0,0.2861891203693892,0
O034965,C04116,P02211,2025-11-15 04:19:42.629565,0,0.10024190482003785,0
O034966,C05999,P01325,2025-11-15 04:32:48.889222,0,0.06870825489826153,0
O034967,C06950,P00776,2025-11-15 04:45:55.148878,0,0.10265066684719819,0
O034968,C05066,P01503,2025-11-15 04:59:01.408535,0,0.09538801475847436,0
O034969,C02702,P00549,2025-11-15 05:12:07.668191,0,0.1458260074205509,0
O034970,C01250,P02035,2025-11-15 05:25:13.927848,1,0.41224655050432507,0
O034971,C01434,P01078,2025-11-15 05:38:20.187504,0,0.18824978232531678,0
O034972,C06972,P01536,2025-11-15 05:51:26.447161,1,0.1867247433808904,0
O034973,C02273,P01991,2025-11-15 06:04:32.706817,1,0.17595792299291077,0
O034974,C03698,P00760,2025-11-15 06:17:38.966474,0,0.22704843402185187,0
O034975,C05683,P00900,2025-11-15 06:30:45.226130,0,0.4800573963347567,0
O034976,C03485,P00806,2025-11-15 06:43:51.485787,1,0.4389898905588959,0
O034977,C00021,P01387,2025-11-15 06:56:57.745443,0,0.16252321724324154,0
O034978,C00886,P00392,2025-11-15 07:10:04.005100,0,0.2700422844355152,0
O034979,C07261,P01505,2025-11-15 07:23:10.264756,0,0.22904815982807908,0
O034980,C02567,P00409,2025-11-15 07:36:16.524413,0,0.11457319166623094,0
O034981,C00480,P02121,2025-11-15 07:49:22.784069,0,0.10503489625416931,0
O034982,C06185,P02083,2025-11-15 08:02:29.043726,0,0.28719557970936777,0
O034983,C07219,P01618,2025-11-15 08:15:35.303382,0,0.07730152805995201,0
O034984,C07049,P01283,2025-11-15 08:28:41.563039,1,0.42395634206274907,0
O034985,C00922,P00231,2025-11-15 08:41:47.822695,0,0.20276989448707577,0
O034986,C03279,P02397,2025-11-15 08:54:54.082352,0,0.15537477017398366,0
O034987,C07647,P00942,2025-11-15 09:08:00.342008,0,0.07709237506592902,0
O034988,C06767,P00865,2025-11-15 09:21:06.601665,1,0.5512302736094628,1
O034989,C07161,P00162,2025-11-15 09:34:12.861321,0,0.34107778907748715,0
O034990,C06494,P01169,2025-11-15 09:47:19.120978,1,0.1550180626134809,0
O034991,C07343,P00478,2025-11-15 10:00:25.380634,0,0.1330296107562551,0
O034992,C01344,P02480,2025-11-15 10:13:31.640291,0,0.27073297994181494,0
O034993,C00951,P02009,2025-11-15 10:26:37.899947,0,0.08599749111277288,0
O034994,C01848,P01456,2025-11-15 10:39:44.159603,1,0.3357013970203865,0
O034995,C02082,P00950,2025-11-15 10:52:50.419260,0,0.18473332090319955,0
O034996,C05910,P01068,2025-11-15 11:05:56.678916,1,0.18311802723214013,0
O034997,C04107,P01834,2025-11-15 11:19:02.938573,0,0.30859511243671783,0
O034998,C00107,P00340,2025-11-15 11:32:09.198229,0,0.08414142718033332,0
O034999,C07424,P00047,2025-11-15 11:45:15.457886,0,0.1800603278907359,0
O035000,C04352,P00281,2025-11-15 11:58:21.717542,0,0.16566028240552755,0
O035001,C07102,P00007,2025-11-15 12:11:27.977199,0,0.2864248653863168,0
O035002,C02412,P01295,2025-11-15 12:24:34.236855,0,0.12555501534414903,0
O035003,C04731,P00418,2025-11-15 12:37:40.496512,0,0.3249004477495317,0
O035004,C01785,P02037,2025-11-15 12:50:46.756168,1,0.40354904607183173,0
O035005,C01520,P01669,2025-11-15 13:03:53.015825,0,0.09424007442189983,0
O035006,C03799,P02244,2025-11-15 13:16:59.275481,0,0.08656910048645342,0
O035007,C03793,P01061,2025-11-15 13:30:05.535138,0,0.35416602149079557,0
O035008,C06813,P00295,2025-11-15 13:43:11.794794,1,0.4506567868614816,0
O035009,C00158,P00195,2025-11-15 13:56:18.054451,0,0.14266102450181342,0
O035010,C04110,P01440,2025-11-15 14:09:24.314107,0,0.10274050457591902,0
O035011,C06064,P01980,2025-11-15 14:22:30.573764,0,0.1210255155359369,0
O035012,C07645,P01083,2025-11-15 14:35:36.833420,0,0.16571574642853298,0
O035013,C04677,P01509,2025-11-15 14:48:43.093077,1,0.3653534837019389,0
O035014,C07406,P01126,2025-11-15 15:01:49.352733,0,0.40306606521550187,0
O035015,C01266,P01436,2025-11-15 15:14:55.612390,0,0.15700679670706488,0
O035016,C01662,P00596,2025-11-15 15:28:01.872046,0,0.5479588217147376,1
O035017,C07717,P01322,2025-11-15 15:41:08.131703,1,0.2813123447903732,0
O035018,C03605,P01877,2025-11-15 15:54:14.391359,0,0.10677074967584291,0
O035019,C04137,P02235,2025-11-15 16:07:20.651016,0,0.33658451283640456,0
O035020,C03280,P01204,2025-11-15 16:20:26.910672,1,0.47541813759945145,0
O035021,C01141,P00234,2025-11-15 16:33:33.170329,0,0.334448237565958,0
O035022,C00846,P00076,2025-11-15 16:46:39.429985,0,0.12392249186151329,0
O035023,C06673,P01821,2025-11-15 16:59:45.689642,0,0.22815359346032157,0
O035024,C01492,P00687,2025-11-15 17:12:51.949298,1,0.23260046135210027,0
O035025,C03709,P02200,2025-11-15 17:25:58.208955,0,0.09873469663237334,0
O035026,C04287,P02177,2025-11-15 17:39:04.468611,0,0.12721125813199144,0
O035027,C06506,P00935,2025-11-15 17:52:10.728268,0,0.34269433131916066,0
O035028,C05392,P01680,2025-11-15 18:05:16.987924,0,0.21838447406697192,0
O035029,C04845,P01469,2025-11-15 18:18:23.247581,1,0.22416706557461102,0
O035030,C04530,P01821,2025-11-15 18:31:29.507237,0,0.11499327615502776,0
O035031,C00008,P00126,2025-11-15 18:44:35.766894,0,0.24267539569175056,0
O035032,C03341,P01990,2025-11-15 18:57:42.026550,1,0.4680019036704915,0
O035033,C02821,P01404,2025-11-15 19:10:48.286207,1,0.322788834629202,0
O035034,C06498,P00678,2025-11-15 19:23:54.545863,0,0.3016133163045789,0
O035035,C05502,P00127,2025-11-15 19:37:00.805520,0,0.12193688686991395,0
O035036,C06775,P00446,2025-11-15 19:50:07.065176,0,0.17956916121151628,0
O035037,C04095,P00909,2025-11-15 20:03:13.324833,0,0.07163642679851749,0
O035038,C05385,P00654,2025-11-15 20:16:19.584489,1,0.16805487153478435,0
O035039,C01091,P02223,2025-11-15 20:29:25.844146,0,0.22039300864499725,0
O035040,C01668,P00139,2025-11-15 20:42:32.103802,0,0.12466600785266835,0
O035041,C06874,P00636,2025-11-15 20:55:38.363459,0,0.40692975228235184,0
O035042,C02738,P02368,2025-11-15 21:08:44.623115,0,0.2964014103667556,0
O035043,C01733,P00149,2025-11-15 21:21:50.882772,1,0.10937775641498723,0
O035044,C05669,P01525,2025-11-15 21:34:57.142428,1,0.10738308226080708,0
O035045,C02092,P00268,2025-11-15 21:48:03.402085,0,0.119761467108941,0
O035046,C01175,P01337,2025-11-15 22:01:09.661741,0,0.367319301254251,0
O035047,C07961,P00202,2025-11-15 22:14:15.921398,0,0.15479395784345687,0
O035048,C00253,P02301,2025-11-15 22:27:22.181054,0,0.07516872371499465,0
O035049,C04796,P00997,2025-11-15 22:40:28.440711,0,0.0842159004950689,0
O035050,C05659,P01063,2025-11-15 22:53:34.700367,0,0.30757129723038606,0
O035051,C07787,P01165,2025-11-15 23:06:40.960024,0,0.12902282384243294,0
O035052,C07217,P00874,2025-11-15 23:19:47.219680,0,0.15648449551050733,0
O035053,C00548,P02059,2025-11-15 23:32:53.479336,0,0.2820572732654633,0
O035054,C01159,P00152,2025-11-15 23:45:59.738993,0,0.2486786434632998,0
O035055,C01417,P00705,2025-11-15 23:59:05.998649,1,0.36323665062224936,0
O035056,C00630,P02228,2025-11-16 00:12:12.258306,1,0.3653133406368617,0
O035057,C00755,P01549,2025-11-16 00:25:18.517962,0,0.25432083946832396,0
O035058,C04339,P02089,2025-11-16 00:38:24.777619,0,0.3641669416882462,0
O035059,C06354,P00854,2025-11-16 00:51:31.037275,1,0.1336973414079639,0
O035060,C07475,P00210,2025-11-16 01:04:37.296932,0,0.32991508506875555,0
O035061,C01524,P01330,2025-11-16 01:17:43.556588,0,0.29940909186715564,0
O035062,C06829,P00165,2025-11-16 01:30:49.816245,0,0.1499510455260499,0
O035063,C00494,P01765,2025-11-16 01:43:56.075901,0,0.41463467999296794,0
O035064,C00331,P01291,2025-11-16 01:57:02.335558,0,0.07072412870501495,0
O035065,C07438,P00906,2025-11-16 02:10:08.595214,1,0.4146225431899087,0
O035066,C00809,P01549,2025-11-16 02:23:14.854871,1,0.1376572355100438,0
O035067,C02153,P01864,2025-11-16 02:36:21.114527,0,0.271785896166055,0
O035068,C04863,P00165,2025-11-16 02:49:27.374184,0,0.1281158636983107,0
O035069,C04336,P00912,2025-11-16 03:02:33.633840,0,0.1605929783040066,0
O035070,C03057,P01666,2025-11-16 03:15:39.893497,0,0.1562268282790271,0
O035071,C00631,P01098,2025-11-16 03:28:46.153153,1,0.07909241762621987,0
O035072,C01014,P01444,2025-11-16 03:41:52.412810,0,0.11887051876332862,0
O035073,C07203,P00340,2025-11-16 03:54:58.672466,0,0.271221649997631,0
O035074,C03062,P01909,2025-11-16 04:08:04.932123,0,0.27255970191363266,0
O035075,C02499,P02142,2025-11-16 04:21:11.191779,0,0.22512661134840672,0
O035076,C01092,P02320,2025-11-16 04:34:17.451436,0,0.07997449250552913,0
O035077,C01766,P01323,2025-11-16 04:47:23.711092,0,0.17208110174414235,0
O035078,C00873,P00446,2025-11-16 05:00:29.970749,0,0.11095192885368892,0
O035079,C07582,P01682,2025-11-16 05:13:36.230405,0,0.17971591027131328,0
O035080,C06314,P01951,2025-11-16 05:26:42.490062,0,0.08146260696334232,0
O035081,C05746,P01951,2025-11-16 05:39:48.749718,0,0.2926902323526724,0
O035082,C02696,P00622,2025-11-16 05:52:55.009375,0,0.3264049988075994,0
O035083,C05786,P00040,2025-11-16 06:06:01.269031,1,0.09857434028500507,0
O035084,C00995,P02149,2025-11-16 06:19:07.528688,0,0.17708779819664036,0
O035085,C07953,P00425,2025-11-16 06:32:13.788344,0,0.14242659318397563,0
O035086,C04641,P01000,2025-11-16 06:45:20.048001,0,0.3375270533425491,0
O035087,C04449,P02445,2025-11-16 06:58:26.307657,0,0.12686154890191145,0
O035088,C05925,P02298,2025-11-16 07:11:32.567314,1,0.3596844151110481,0
O035089,C01247,P00777,2025-11-16 07:24:38.826970,0,0.357201633603935,0
O035090,C01886,P01523,2025-11-16 07:37:45.086627,0,0.09931082487322447,0
O035091,C03790,P01347,2025-11-16 07:50:51.346283,1,0.30819271729678627,0
O035092,C04478,P00126,2025-11-16 08:03:57.605940,0,0.23606659454570472,0
O035093,C01283,P00819,2025-11-16 08:17:03.865596,0,0.12186827724362977,0
O035094,C00006,P02154,2025-11-16 08:30:10.125253,1,0.5239397472313088,1
O035095,C04929,P02204,2025-11-16 08:43:16.384909,0,0.15495927350366867,0
O035096,C03128,P01106,2025-11-16 08:56:22.644566,0,0.13212991968090648,0
O035097,C03871,P00100,2025-11-16 09:09:28.904222,0,0.06342248959084114,0
O035098,C06883,P01581,2025-11-16 09:22:35.163879,0,0.11152053328189053,0
O035099,C01634,P01921,2025-11-16 09:35:41.423535,0,0.09385181210380389,0
O035100,C06600,P02407,2025-11-16 09:48:47.683192,0,0.17473217680746012,0
O035101,C05692,P00150,2025-11-16 10:01:53.942848,1,0.09184232968926735,0
O035102,C05162,P01096,2025-11-16 10:15:00.202505,0,0.11998906540474506,0
O035103,C06329,P01928,2025-11-16 10:28:06.462161,0,0.07135792309935979,0
O035104,C07556,P00972,2025-11-16 10:41:12.721818,1,0.2971673250007614,0
O035105,C00918,P01748,2025-11-16 10:54:18.981474,1,0.17118770996650998,0
O035106,C03952,P02370,2025-11-16 11:07:25.241131,0,0.10662306979254538,0
O035107,C05377,P01210,2025-11-16 11:20:31.500787,0,0.13384788442938217,0
O035108,C03053,P00599,2025-11-16 11:33:37.760444,0,0.2565530333716694,0
O035109,C02033,P01992,2025-11-16 11:46:44.020100,0,0.25109774540113916,0
O035110,C02664,P01009,2025-11-16 11:59:50.279756,0,0.3116188681574555,0
O035111,C02780,P00421,2025-11-16 12:12:56.539413,1,0.28254032354737757,0
O035112,C04662,P01895,2025-11-16 12:26:02.799069,0,0.10413410456817479,0
O035113,C02270,P00074,2025-11-16 12:39:09.058726,0,0.2639395673725672,0
O035114,C00126,P01448,2025-11-16 12:52:15.318382,0,0.25370039446460513,0
O035115,C04957,P02421,2025-11-16 13:05:21.578039,0,0.2596350887740627,0
O035116,C04059,P00750,2025-11-16 13:18:27.837695,0,0.11599356289017658,0
O035117,C05980,P00808,2025-11-16 13:31:34.097352,1,0.41222128176114486,0
O035118,C02356,P01057,2025-11-16 13:44:40.357008,0,0.12237117009226153,0
O035119,C03272,P02047,2025-11-16 13:57:46.616665,0,0.1025321337038454,0
O035120,C02089,P02492,2025-11-16 14:10:52.876321,0,0.37235954997008963,0
O035121,C04265,P00758,2025-11-16 14:23:59.135978,0,0.17810056293797763,0
O035122,C04356,P01869,2025-11-16 14:37:05.395634,0,0.1400517304531446,0
O035123,C02756,P00360,2025-11-16 14:50:11.655291,1,0.23149158441796897,0
O035124,C00890,P02415,2025-11-16 15:03:17.914947,0,0.1474032724999211,0
O035125,C05383,P02077,2025-11-16 15:16:24.174604,1,0.17971917103176585,0
O035126,C02880,P00228,2025-11-16 15:29:30.434260,0,0.07091153937063611,0
O035127,C05845,P02198,2025-11-16 15:42:36.693917,0,0.2935677984618614,0
O035128,C04759,P00173,2025-11-16 15:55:42.953573,1,0.11262266777242066,0
O035129,C01534,P00951,2025-11-16 16:08:49.213230,0,0.07643088719069663,0
O035130,C05396,P00094,2025-11-16 16:21:55.472886,0,0.13149042389488533,0
O035131,C05580,P00945,2025-11-16 16:35:01.732543,0,0.1926443339213176,0
O035132,C02734,P02262,2025-11-16 16:48:07.992199,0,0.11809708444903416,0
O035133,C04182,P00503,2025-11-16 17:01:14.251856,0,0.20010141254909167,0
O035134,C03116,P01698,2025-11-16 17:14:20.511512,1,0.2331054345538199,0
O035135,C00166,P01321,2025-11-16 17:27:26.771169,0,0.3188893561486241,0
O035136,C06893,P00642,2025-11-16 17:40:33.030825,0,0.21362638228711875,0
O035137,C06701,P02385,2025-11-16 17:53:39.290482,0,0.07541686762711465,0
O035138,C04930,P01412,2025-11-16 18:06:45.550138,0,0.14662173065926265,0
O035139,C04754,P01033,2025-11-16 18:19:51.809795,1,0.389075110428505,0
O035140,C06745,P00507,2025-11-16 18:32:58.069451,1,0.34237493266284263,0
O035141,C01651,P02415,2025-11-16 18:46:04.329108,0,0.24182020720169242,0
O035142,C03370,P01509,2025-11-16 18:59:10.588764,1,0.5035724409027461,1
O035143,C00173,P01621,2025-11-16 19:12:16.848421,0,0.25740890701365077,0
O035144,C02553,P00779,2025-11-16 19:25:23.108077,0,0.15919496403412756,0
O035145,C05764,P00371,2025-11-16 19:38:29.367734,0,0.3167080460437172,0
O035146,C05947,P01588,2025-11-16 19:51:35.627390,1,0.07842814753322641,0
O035147,C04193,P01323,2025-11-16 20:04:41.887047,0,0.3018292147706718,0
O035148,C05984,P00334,2025-11-16 20:17:48.146703,0,0.11050417703990716,0
O035149,C06627,P02317,2025-11-16 20:30:54.406360,0,0.24153430399667863,0
O035150,C07638,P00636,2025-11-16 20:44:00.666016,1,0.4197029986916888,0
O035151,C06053,P00421,2025-11-16 20:57:06.925673,0,0.25713788572681495,0
O035152,C03106,P00048,2025-11-16 21:10:13.185329,0,0.20604225276515928,0
O035153,C00801,P00718,2025-11-16 21:23:19.444986,1,0.14776350911237726,0
O035154,C05864,P02058,2025-11-16 21:36:25.704642,0,0.10452431587392617,0
O035155,C02846,P01018,2025-11-16 21:49:31.964299,1,0.09787890208875154,0
O035156,C05937,P02008,2025-11-16 22:02:38.223955,0,0.1856247531210583,0
O035157,C04746,P01624,2025-11-16 22:15:44.483612,0,0.1426868589849785,0
O035158,C01951,P00847,2025-11-16 22:28:50.743268,0,0.278497001487985,0
O035159,C03181,P01880,2025-11-16 22:41:57.002925,0,0.1183504969064483,0
O035160,C02124,P00414,2025-11-16 22:55:03.262581,0,0.33742817325929686,0
O035161,C02249,P01277,2025-11-16 23:08:09.522238,0,0.1342392216050568,0
O035162,C00140,P00151,2025-11-16 23:21:15.781894,0,0.12345104458474869,0
O035163,C01248,P01380,2025-11-16 23:34:22.041551,1,0.06549115458752494,0
O035164,C01605,P01735,2025-11-16 23:47:28.301207,0,0.22845325286341406,0
O035165,C01366,P01510,2025-11-17 00:00:34.560864,1,0.15235811554623807,0
O035166,C07921,P00357,2025-11-17 00:13:40.820520,1,0.338684623828648,0
O035167,C06499,P00163,2025-11-17 00:26:47.080177,0,0.14141754822654046,0
O035168,C06123,P00788,2025-11-17 00:39:53.339833,0,0.3451439385184955,0
O035169,C07978,P01146,2025-11-17 00:52:59.599489,0,0.28378119558684484,0
O035170,C00177,P02115,2025-11-17 01:06:05.859146,0,0.3579351298625113,0
O035171,C07373,P02442,2025-11-17 01:19:12.118802,1,0.10866483698533598,0
O035172,C04919,P00107,2025-11-17 01:32:18.378459,0,0.3958680476425506,0
O035173,C03424,P01909,2025-11-17 01:45:24.638115,0,0.13672624833589594,0
O035174,C01176,P00683,2025-11-17 01:58:30.897772,0,0.06206456144033994,0
O035175,C04539,P00438,2025-11-17 02:11:37.157428,0,0.11506475064050341,0
O035176,C03916,P02416,2025-11-17 02:24:43.417085,1,0.18300165037138594,0
O035177,C03131,P00098,2025-11-17 02:37:49.676741,0,0.06716996983197243,0
O035178,C02779,P00293,2025-11-17 02:50:55.936398,0,0.20233184290297185,0
O035179,C01351,P01396,2025-11-17 03:04:02.196054,0,0.15776042466426576,0
O035180,C07713,P00293,2025-11-17 03:17:08.455711,0,0.13391055143735361,0
O035181,C04387,P00479,2025-11-17 03:30:14.715367,1,0.28985775385486046,0
O035182,C04301,P02259,2025-11-17 03:43:20.975024,0,0.31305370338718064,0
O035183,C01610,P02246,2025-11-17 03:56:27.234680,0,0.09539491624322731,0
O035184,C05228,P02254,2025-11-17 04:09:33.494337,1,0.1373885784104242,0
O035185,C07485,P00356,2025-11-17 04:22:39.753993,0,0.13609985162560712,0
O035186,C05881,P01781,2025-11-17 04:35:46.013650,1,0.27430334626705793,0
O035187,C06549,P01762,2025-11-17 04:48:52.273306,0,0.12891964217856366,0
O035188,C07430,P01737,2025-11-17 05:01:58.532963,1,0.1942549446769634,0
O035189,C04964,P01139,2025-11-17 05:15:04.792619,0,0.21048870386490565,0
O035190,C04957,P01601,2025-11-17 05:28:11.052276,0,0.22454233800439188,0
O035191,C01668,P01335,2025-11-17 05:41:17.311932,0,0.125675605290647,0
O035192,C03827,P01546,2025-11-17 05:54:23.571589,0,0.08991261895689462,0
O035193,C07793,P01556,2025-11-17 06:07:29.831245,1,0.2284431374162183,0
O035194,C07859,P01428,2025-11-17 06:20:36.090902,0,0.14770142159878924,0
O035195,C00992,P00217,2025-11-17 06:33:42.350558,1,0.21375816406443468,0
O035196,C01761,P02330,2025-11-17 06:46:48.610215,0,0.29596468278750315,0
O035197,C07407,P00933,2025-11-17 06:59:54.869871,0,0.17105941343655703,0
O035198,C07874,P01389,2025-11-17 07:13:01.129528,0,0.10200521254852177,0
O035199,C04437,P02482,2025-11-17 07:26:07.389184,1,0.0985680780938491,0
O035200,C07194,P01759,2025-11-17 07:39:13.648841,0,0.16209879207802252,0
O035201,C02013,P00725,2025-11-17 07:52:19.908497,0,0.0815415749095341,0
O035202,C02134,P01355,2025-11-17 08:05:26.168154,0,0.16323711918353837,0
O035203,C04675,P00594,2025-11-17 08:18:32.427810,0,0.21042680641640774,0
O035204,C01594,P01119,2025-11-17 08:31:38.687467,0,0.10425051622880536,0
O035205,C05244,P01383,2025-11-17 08:44:44.947123,0,0.18583962067321877,0
O035206,C06268,P01469,2025-11-17 08:57:51.206780,0,0.4446036341194873,0
O035207,C07713,P01983,2025-11-17 09:10:57.466436,1,0.2625981523806447,0
O035208,C02445,P01103,2025-11-17 09:24:03.726093,1,0.3580560493012067,0
O035209,C02528,P02160,2025-11-17 09:37:09.985749,0,0.3725044979191645,0
O035210,C03361,P01028,2025-11-17 09:50:16.245406,1,0.34914051938737495,0
O035211,C03712,P00977,2025-11-17 10:03:22.505062,0,0.1006512804714355,0
O035212,C00660,P00032,2025-11-17 10:16:28.764719,1,0.211297845277868,0
O035213,C03791,P01041,2025-11-17 10:29:35.024375,0,0.1391482138846182,0
O035214,C07969,P01359,2025-11-17 10:42:41.284032,0,0.09058496977514209,0
O035215,C02012,P01141,2025-11-17 10:55:47.543688,0,0.1348530777581684,0
O035216,C05886,P01733,2025-11-17 11:08:53.803345,0,0.08170427876639759,0
O035217,C07662,P00723,2025-11-17 11:22:00.063001,0,0.08160592809964547,0
O035218,C04696,P01701,2025-11-17 11:35:06.322658,0,0.2543681769012103,0
O035219,C03041,P02068,2025-11-17 11:48:12.582314,0,0.07263349273608839,0
O035220,C04066,P00870,2025-11-17 12:01:18.841971,0,0.16253669292519868,0
O035221,C02339,P01325,2025-11-17 12:14:25.101627,1,0.08451315722845355,0
O035222,C03726,P02146,2025-11-17 12:27:31.361284,0,0.0918465463382012,0
O035223,C07227,P00980,2025-11-17 12:40:37.620940,0,0.09240640886005837,0
O035224,C03981,P00643,2025-11-17 12:53:43.880597,0,0.14619835846384915,0
O035225,C05490,P01028,2025-11-17 13:06:50.140253,0,0.5282838339887629,1
O035226,C02294,P00718,2025-11-17 13:19:56.399909,0,0.3018594143707047,0
O035227,C06862,P00949,2025-11-17 13:33:02.659566,0,0.39583779198259056,0
O035228,C05260,P01759,2025-11-17 13:46:08.919222,0,0.10776985938905054,0
O035229,C05356,P01774,2025-11-17 13:59:15.178879,0,0.29476372573392734,0
O035230,C06727,P00458,2025-11-17 14:12:21.438535,1,0.23927055169292025,0
O035231,C07427,P02142,2025-11-17 14:25:27.698192,1,0.309909314977301,0
O035232,C01802,P00008,2025-11-17 14:38:33.957848,1,0.34835918065664445,0
O035233,C03796,P01555,2025-11-17 14:51:40.217505,1,0.2735252986612334,0
O035234,C02054,P01864,2025-11-17 15:04:46.477161,0,0.10440850165883597,0
O035235,C05540,P00274,2025-11-17 15:17:52.736818,0,0.07116682824704411,0
O035236,C02605,P00393,2025-11-17 15:30:58.996474,0,0.09931942079879322,0
O035237,C06496,P02126,2025-11-17 15:44:05.256131,0,0.07568370439453402,0
O035238,C07385,P01081,2025-11-17 15:57:11.515787,0,0.10877991967277668,0
O035239,C02650,P01448,2025-11-17 16:10:17.775444,0,0.3196527341038192,0
O035240,C05359,P01204,2025-11-17 16:23:24.035100,0,0.40102773619537857,0
O035241,C02750,P00915,2025-11-17 16:36:30.294757,0,0.3364245624561843,0
O035242,C03773,P01499,2025-11-17 16:49:36.554413,0,0.33118890253841055,0
O035243,C00963,P00782,2025-11-17 17:02:42.814070,0,0.3994952280239388,0
O035244,C03347,P01087,2025-11-17 17:15:49.073726,1,0.18308843980601439,0
O035245,C00721,P01445,2025-11-17 17:28:55.333383,0,0.17700064579928704,0
O035246,C01027,P00574,2025-11-17 17:42:01.593039,0,0.12635190319765804,0
O035247,C05789,P00875,2025-11-17 17:55:07.852696,0,0.1912321898474549,0
O035248,C05921,P01936,2025-11-17 18:08:14.112352,0,0.0648303224666146,0
O035249,C07986,P00538,2025-11-17 18:21:20.372009,1,0.2057100953599059,0
O035250,C05997,P00645,2025-11-17 18:34:26.631665,0,0.09091752252273895,0
O035251,C02742,P01731,2025-11-17 18:47:32.891322,1,0.3984066988623795,0
O035252,C02245,P01155,2025-11-17 19:00:39.150978,0,0.12858224245140087,0
O035253,C03447,P02231,2025-11-17 19:13:45.410635,0,0.17658186802077613,0
O035254,C07359,P00117,2025-11-17 19:26:51.670291,0,0.06422757839498044,0
O035255,C05261,P00113,2025-11-17 19:39:57.929948,0,0.35855543449433147,0
O035256,C04569,P00450,2025-11-17 19:53:04.189604,1,0.30274551761554197,0
O035257,C04043,P02020,2025-11-17 20:06:10.449261,0,0.4186000779170447,0
O035258,C06662,P00336,2025-11-17 20:19:16.708917,0,0.10842829729581774,0
O035259,C06072,P00326,2025-11-17 20:32:22.968574,0,0.18902540958205843,0
O035260,C07227,P01064,2025-11-17 20:45:29.228230,0,0.23052986834712186,0
O035261,C07273,P02406,2025-11-17 20:58:35.487887,0,0.09232568281558806,0
O035262,C05958,P01027,2025-11-17 21:11:41.747543,0,0.13041947963729106,0
O035263,C02661,P01030,2025-11-17 21:24:48.007200,1,0.26036615053902845,0
O035264,C07279,P00412,2025-11-17 21:37:54.266856,0,0.14638414050729315,0
O035265,C06477,P01054,2025-11-17 21:51:00.526513,0,0.06618608528861505,0
O035266,C03402,P02111,2025-11-17 22:04:06.786169,0,0.23697658698787955,0
O035267,C03613,P02275,2025-11-17 22:17:13.045826,0,0.29479098657543545,0
O035268,C06719,P01240,2025-11-17 22:30:19.305482,0,0.08700402673842074,0
O035269,C07262,P01295,2025-11-17 22:43:25.565139,0,0.2242207550941476,0
O035270,C06278,P01969,2025-11-17 22:56:31.824795,1,0.31216020454712445,0
O035271,C01373,P02253,2025-11-17 23:09:38.084452,1,0.21925147136571832,0
O035272,C06380,P01498,2025-11-17 23:22:44.344108,1,0.12674300289828422,0
O035273,C06024,P00026,2025-11-17 23:35:50.603765,0,0.11263398478305343,0
O035274,C00735,P00164,2025-11-17 23:48:56.863421,0,0.24412425127736098,0
O035275,C01920,P00038,2025-11-18 00:02:03.123078,0,0.09808893032105795,0
O035276,C04838,P01530,2025-11-18 00:15:09.382734,0,0.3864332282292475,0
O035277,C01559,P01009,2025-11-18 00:28:15.642391,1,0.5459347063975316,1
O035278,C00362,P00555,2025-11-18 00:41:21.902047,0,0.21817899612233804,0
O035279,C02563,P00890,2025-11-18 00:54:28.161704,1,0.16488531308240045,0
O035280,C02740,P00862,2025-11-18 01:07:34.421360,0,0.10189781255128995,0
O035281,C05302,P02122,2025-11-18 01:20:40.681017,1,0.11678990942155736,0
O035282,C01343,P02166,2025-11-18 01:33:46.940673,0,0.14133465797220054,0
O035283,C03609,P02482,2025-11-18 01:46:53.200330,0,0.06590545359769244,0
O035284,C03013,P01685,2025-11-18 01:59:59.459986,0,0.12014232807970168,0
O035285,C02765,P02116,2025-11-18 02:13:05.719642,0,0.12943088314449994,0
O035286,C04881,P01338,2025-11-18 02:26:11.979299,0,0.09937615750035421,0
O035287,C01410,P00517,2025-11-18 02:39:18.238955,0,0.2227387701345507,0
O035288,C02561,P00357,2025-11-18 02:52:24.498612,0,0.2665565056151932,0
O035289,C06945,P01772,2025-11-18 03:05:30.758268,0,0.1609970610990346,0
O035290,C03457,P00206,2025-11-18 03:18:37.017925,0,0.17760083997631695,0
O035291,C07383,P01226,2025-11-18 03:31:43.277581,0,0.1950106801783609,0
O035292,C02602,P01168,2025-11-18 03:44:49.537238,0,0.06705564464518,0
O035293,C06596,P01181,2025-11-18 03:57:55.796894,0,0.2871739824546014,0
O035294,C00877,P00897,2025-11-18 04:11:02.056551,0,0.17287260005860156,0
O035295,C04460,P00635,2025-11-18 04:24:08.316207,0,0.4394348707200253,0
O035296,C06974,P01980,2025-11-18 04:37:14.575864,0,0.09996639342074085,0
O035297,C03476,P01752,2025-11-18 04:50:20.835520,0,0.19424069034206617,0
O035298,C04588,P00337,2025-11-18 05:03:27.095177,0,0.10569028201662017,0
O035299,C05109,P01220,2025-11-18 05:16:33.354833,0,0.13364156753026687,0
O035300,C00222,P00870,2025-11-18 05:29:39.614490,0,0.07543758672450168,0
O035301,C06011,P01743,2025-11-18 05:42:45.874146,0,0.10654912816050008,0
O035302,C06297,P01605,2025-11-18 05:55:52.133803,0,0.235124152050637,0
O035303,C04246,P01334,2025-11-18 06:08:58.393459,0,0.22617634070839668,0
O035304,C05625,P02344,2025-11-18 06:22:04.653116,1,0.428846005603433,0
O035305,C02957,P01397,2025-11-18 06:35:10.912772,1,0.3916229439903559,0
O035306,C03339,P00279,2025-11-18 06:48:17.172429,0,0.047155389825443476,0
O035307,C02015,P00247,2025-11-18 07:01:23.432085,1,0.5987692859634726,1
O035308,C03816,P02140,2025-11-18 07:14:29.691742,0,0.3901334794612735,0
O035309,C03577,P01608,2025-11-18 07:27:35.951398,0,0.2562399345764393,0
O035310,C04461,P01973,2025-11-18 07:40:42.211055,0,0.15105732738202135,0
O035311,C06355,P02021,2025-11-18 07:53:48.470711,0,0.2144728140469486,0
O035312,C00391,P01545,2025-11-18 08:06:54.730368,0,0.1920330381064237,0
O035313,C06940,P02000,2025-11-18 08:20:00.990024,0,0.16558815263030013,0
O035314,C01736,P00447,2025-11-18 08:33:07.249681,1,0.18053170951114442,0
O035315,C04394,P00880,2025-11-18 08:46:13.509337,1,0.23610434454527962,0
O035316,C00515,P01258,2025-11-18 08:59:19.768994,0,0.05809137824501863,0
O035317,C06104,P01765,2025-11-18 09:12:26.028650,0,0.34755463836943723,0
O035318,C04006,P01640,2025-11-18 09:25:32.288307,0,0.2474777715982483,0
O035319,C06895,P02476,2025-11-18 09:38:38.547963,0,0.2071783729839998,0
O035320,C00901,P00183,2025-11-18 09:51:44.807620,1,0.2647558175682317,0
O035321,C07447,P00181,2025-11-18 10:04:51.067276,0,0.11153129578271724,0
O035322,C00863,P01958,2025-11-18 10:17:57.326933,0,0.16114968963513904,0
O035323,C06008,P00244,2025-11-18 10:31:03.586589,1,0.48043019462036296,0
O035324,C04122,P02415,2025-11-18 10:44:09.846246,0,0.10389332700428049,0
O035325,C05282,P01331,2025-11-18 10:57:16.105902,0,0.13381054008848,0
O035326,C02536,P01631,2025-11-18 11:10:22.365559,1,0.1608548581589814,0
O035327,C05703,P01054,2025-11-18 11:23:28.625215,1,0.11858146880005185,0
O035328,C00528,P00992,2025-11-18 11:36:34.884872,0,0.23491747724394677,0
O035329,C02459,P00153,2025-11-18 11:49:41.144528,0,0.08180268897473,0
O035330,C04761,P01853,2025-11-18 12:02:47.404185,0,0.20438667347674117,0
O035331,C05290,P01801,2025-11-18 12:15:53.663841,0,0.11479990407276272,0
O035332,C06183,P01138,2025-11-18 12:28:59.923498,0,0.07424975904883252,0
O035333,C06672,P00877,2025-11-18 12:42:06.183154,0,0.16675744608148602,0
O035334,C06358,P01440,2025-11-18 12:55:12.442811,0,0.13661620736193342,0
O035335,C05493,P00603,2025-11-18 13:08:18.702467,0,0.09690391820854569,0
O035336,C01547,P00054,2025-11-18 13:21:24.962124,0,0.18967826414007835,0
O035337,C05494,P02173,2025-11-18 13:34:31.221780,0,0.07509885305992553,0
O035338,C00665,P01114,2025-11-18 13:47:37.481437,0,0.1642902465966797,0
O035339,C00150,P00966,2025-11-18 14:00:43.741093,1,0.28181480344622456,0
O035340,C01116,P02481,2025-11-18 14:13:50.000750,0,0.1530557083386068,0
O035341,C04781,P01364,2025-11-18 14:26:56.260406,0,0.16751096448091715,0
O035342,C06130,P00405,2025-11-18 14:40:02.520063,0,0.0955027712493772,0
O035343,C07089,P00041,2025-11-18 14:53:08.779719,0,0.3122602772491565,0
O035344,C03380,P02057,2025-11-18 15:06:15.039375,0,0.06760843398795519,0
O035345,C07157,P00499,2025-11-18 15:19:21.299032,0,0.41013912212514814,0
O035346,C03529,P00935,2025-11-18 15:32:27.558688,0,0.36827298702377964,0
O035347,C02769,P01794,2025-11-18 15:45:33.818345,0,0.06722227877148279,0
O035348,C05841,P00691,2025-11-18 15:58:40.078001,0,0.15413563302392103,0
O035349,C01392,P02215,2025-11-18 16:11:46.337658,0,0.1412767050378857,0
O035350,C04548,P02330,2025-11-18 16:24:52.597314,1,0.6035434384962903,1
O035351,C07131,P01249,2025-11-18 16:37:58.856971,0,0.2062213791438843,0
O035352,C01467,P01152,2025-11-18 16:51:05.116627,0,0.27673805354773534,0
O035353,C06462,P02309,2025-11-18 17:04:11.376284,0,0.10987205965869988,0
O035354,C06986,P02494,2025-11-18 17:17:17.635940,0,0.14089498696951563,0
O035355,C00845,P01073,2025-11-18 17:30:23.895597,0,0.07010765073560016,0
O035356,C02485,P01393,2025-11-18 17:43:30.155253,0,0.06784432081524158,0
O035357,C00570,P00479,2025-11-18 17:56:36.414910,1,0.2173554082247941,0
O035358,C01758,P01097,2025-11-18 18:09:42.674566,1,0.16230581670595903,0
O035359,C00701,P00125,2025-11-18 18:22:48.934223,0,0.13532449217330872,0
O035360,C06600,P00690,2025-11-18 18:35:55.193879,1,0.2888943836622251,0
O035361,C01636,P00609,2025-11-18 18:49:01.453536,0,0.26158082493570606,0
O035362,C06174,P00082,2025-11-18 19:02:07.713192,0,0.15741733426848567,0
O035363,C05841,P00628,2025-11-18 19:15:13.972849,0,0.15986881671051306,0
O035364,C02384,P01928,2025-11-18 19:28:20.232505,0,0.09881756577052225,0
O035365,C00548,P00067,2025-11-18 19:41:26.492162,0,0.17972129567513018,0
O035366,C05468,P00877,2025-11-18 19:54:32.751818,0,0.13578502870240566,0
O035367,C03581,P01304,2025-11-18 20:07:39.011475,0,0.21782041250371847,0
O035368,C04866,P01882,2025-11-18 20:20:45.271131,0,0.11012808951832041,0
O035369,C02823,P02144,2025-11-18 20:33:51.530788,0,0.3432541200654324,0
O035370,C00375,P02259,2025-11-18 20:46:57.790444,1,0.2407653730470739,0
O035371,C04625,P02491,2025-11-18 21:00:04.050101,1,0.35674874410528395,0
O035372,C03296,P00738,2025-11-18 21:13:10.309757,1,0.35986083239162303,0
O035373,C02679,P00775,2025-11-18 21:26:16.569414,1,0.23934675789278845,0
O035374,C03452,P00800,2025-11-18 21:39:22.829070,0,0.08076034126563096,0
O035375,C06842,P01672,2025-11-18 21:52:29.088727,1,0.282243959981741,0
O035376,C04266,P02489,2025-11-18 22:05:35.348383,0,0.12753426248586158,0
O035377,C05923,P00652,2025-11-18 22:18:41.608040,1,0.33002844709675644,0
O035378,C05258,P01006,2025-11-18 22:31:47.867696,0,0.25777560652395065,0
O035379,C05396,P00551,2025-11-18 22:44:54.127353,1,0.12797813732418056,0
O035380,C01312,P02039,2025-11-18 22:58:00.387009,0,0.0670826366074226,0
O035381,C03462,P00990,2025-11-18 23:11:06.646666,0,0.08703584087772218,0
O035382,C03941,P01573,2025-11-18 23:24:12.906322,0,0.09833833970913645,0
O035383,C03770,P00143,2025-11-18 23:37:19.165979,0,0.11362623840088891,0
O035384,C00855,P00117,2025-11-18 23:50:25.425635,0,0.1032605505778123,0
O035385,C00303,P01572,2025-11-19 00:03:31.685292,1,0.21945212002078926,0
O035386,C04615,P00409,2025-11-19 00:16:37.944948,0,0.06216607456943309,0
O035387,C06044,P01522,2025-11-19 00:29:44.204605,0,0.11611728723856896,0
O035388,C04024,P01629,2025-11-19 00:42:50.464261,0,0.2771196696784007,0
O035389,C03065,P02284,2025-11-19 00:55:56.723918,0,0.05790825890650162,0
O035390,C02223,P02305,2025-11-19 01:09:02.983574,0,0.05433355062550602,0
O035391,C01120,P02202,2025-11-19 01:22:09.243231,0,0.06962096457563458,0
O035392,C03783,P00068,2025-11-19 01:35:15.502887,0,0.1341868319771186,0
O035393,C05134,P02190,2025-11-19 01:48:21.762544,0,0.17994139061191375,0
O035394,C05962,P00101,2025-11-19 02:01:28.022200,0,0.6332687032807273,1
O035395,C04477,P02195,2025-11-19 02:14:34.281857,0,0.189112347540693,0
O035396,C02693,P00640,2025-11-19 02:27:40.541513,0,0.0970623867296541,0
O035397,C02575,P02102,2025-11-19 02:40:46.801170,0,0.04864922938652172,0
O035398,C02618,P00922,2025-11-19 02:53:53.060826,0,0.24242376779649574,0
O035399,C05959,P00849,2025-11-19 03:06:59.320483,1,0.1568017318712968,0
O035400,C05148,P00521,2025-11-19 03:20:05.580139,1,0.44064330539198404,0
O035401,C06148,P00295,2025-11-19 03:33:11.839795,0,0.38641521989407296,0
O035402,C01904,P00591,2025-11-19 03:46:18.099452,1,0.2930449562629523,0
O035403,C01732,P00856,2025-11-19 03:59:24.359108,0,0.4206217025702066,0
O035404,C04636,P00319,2025-11-19 04:12:30.618765,0,0.11288146750443293,0
O035405,C07726,P00196,2025-11-19 04:25:36.878421,1,0.23520317153763046,0
O035406,C00322,P00818,2025-11-19 04:38:43.138078,0,0.17543644375795092,0
O035407,C02475,P02492,2025-11-19 04:51:49.397734,0,0.3693407860755302,0
O035408,C05857,P01170,2025-11-19 05:04:55.657391,0,0.16881671384366956,0
O035409,C06169,P01467,2025-11-19 05:18:01.917047,0,0.23996728500697018,0
O035410,C07667,P02204,2025-11-19 05:31:08.176704,0,0.23671497391004478,0
O035411,C04987,P00094,2025-11-19 05:44:14.436360,0,0.11507260008194736,0
O035412,C02174,P01032,2025-11-19 05:57:20.696017,0,0.09498498708868534,0
O035413,C01432,P01430,2025-11-19 06:10:26.955673,0,0.26043795468687225,0
O035414,C04006,P02326,2025-11-19 06:23:33.215330,0,0.16845995768109043,0
O035415,C07825,P00529,2025-11-19 06:36:39.474986,0,0.13918469491404914,0
O035416,C00702,P01452,2025-11-19 06:49:45.734643,0,0.13916164214181212,0
O035417,C05638,P00207,2025-11-19 07:02:51.994299,0,0.32162953259870186,0
O035418,C00959,P01646,2025-11-19 07:15:58.253956,0,0.2711958827097322,0
O035419,C05355,P02029,2025-11-19 07:29:04.513612,1,0.21856049162030708,0
O035420,C03576,P02297,2025-11-19 07:42:10.773269,0,0.22740969400222982,0
O035421,C05841,P02338,2025-11-19 07:55:17.032925,1,0.41428171464152463,0
O035422,C01295,P00356,2025-11-19 08:08:23.292582,0,0.08517180865582683,0
O035423,C05652,P01652,2025-11-19 08:21:29.552238,0,0.14148399371387757,0
O035424,C06659,P01323,2025-11-19 08:34:35.811895,0,0.1190558821915735,0
O035425,C05798,P02074,2025-11-19 08:47:42.071551,0,0.14287023538876692,0
O035426,C07961,P00770,2025-11-19 09:00:48.331208,1,0.17733720116001533,0
O035427,C00393,P00484,2025-11-19 09:13:54.590864,0,0.10149463613855537,0
O035428,C05772,P02393,2025-11-19 09:27:00.850521,0,0.2660249961052299,0
O035429,C05975,P00433,2025-11-19 09:40:07.110177,1,0.4171507381336151,0
O035430,C05839,P02264,2025-11-19 09:53:13.369834,0,0.1581177301901696,0
O035431,C04989,P02047,2025-11-19 10:06:19.629490,0,0.12569512601550975,0
O035432,C06742,P01385,2025-11-19 10:19:25.889147,1,0.10888857003280977,0
O035433,C00982,P01918,2025-11-19 10:32:32.148803,0,0.19920708674871956,0
O035434,C02552,P01114,2025-11-19 10:45:38.408460,0,0.07414966568633656,0
O035435,C06992,P00367,2025-11-19 10:58:44.668116,0,0.06893727810720336,0
O035436,C07595,P00721,2025-11-19 11:11:50.927773,0,0.37075930575321175,0
O035437,C02500,P02065,2025-11-19 11:24:57.187429,0,0.26690890916133786,0
O035438,C00787,P01263,2025-11-19 11:38:03.447086,1,0.10614593771668192,0
O035439,C00047,P01523,2025-11-19 11:51:09.706742,0,0.12325567234492818,0
O035440,C04759,P01677,2025-11-19 12:04:15.966399,0,0.10642060519801849,0
O035441,C06495,P00863,2025-11-19 12:17:22.226055,1,0.3608544986617876,0
O035442,C03675,P01374,2025-11-19 12:30:28.485712,0,0.1990258307694822,0
O035443,C02018,P01884,2025-11-19 12:43:34.745368,0,0.2525332960778735,0
O035444,C02621,P02098,2025-11-19 12:56:41.005025,0,0.1966840846747668,0
O035445,C03969,P02348,2025-11-19 13:09:47.264681,0,0.14245628967588597,0
O035446,C06709,P00855,2025-11-19 13:22:53.524338,0,0.09510350671640783,0
O035447,C05137,P02338,2025-11-19 13:35:59.783994,1,0.5481451462463149,1
O035448,C01232,P00389,2025-11-19 13:49:06.043651,0,0.26342205972870947,0
O035449,C01935,P01948,2025-11-19 14:02:12.303307,1,0.15668259162498188,0
O035450,C00269,P02165,2025-11-19 14:15:18.562964,0,0.11433578566476234,0
O035451,C05086,P00009,2025-11-19 14:28:24.822620,1,0.210478746691148,0
O035452,C04768,P00780,2025-11-19 14:41:31.082277,1,0.19681010096986715,0
O035453,C05379,P01052,2025-11-19 14:54:37.341933,0,0.30281202093365817,0
O035454,C07284,P01813,2025-11-19 15:07:43.601590,0,0.24981912442922208,0
O035455,C01236,P02068,2025-11-19 15:20:49.861246,0,0.17266563415622224,0
O035456,C06112,P00206,2025-11-19 15:33:56.120903,1,0.2898031996918245,0
O035457,C00975,P01380,2025-11-19 15:47:02.380559,0,0.16264961673310502,0
O035458,C06379,P01913,2025-11-19 16:00:08.640216,1,0.1919361814889301,0
O035459,C07426,P00561,2025-11-19 16:13:14.899872,0,0.1702554488818556,0
O035460,C04651,P00006,2025-11-19 16:26:21.159528,0,0.181651245800229,0
O035461,C05875,P01002,2025-11-19 16:39:27.419185,0,0.1829627402768762,0
O035462,C04709,P00223,2025-11-19 16:52:33.678841,1,0.16360816462092223,0
O035463,C07281,P00152,2025-11-19 17:05:39.938498,0,0.2145209847694498,0
O035464,C06028,P00318,2025-11-19 17:18:46.198154,0,0.23002226621745855,0
O035465,C00825,P00441,2025-11-19 17:31:52.457811,0,0.5609723489652806,1
O035466,C07052,P01240,2025-11-19 17:44:58.717467,1,0.20128531463943197,0
O035467,C02285,P02249,2025-11-19 17:58:04.977124,0,0.15892512890710236,0
O035468,C00848,P00468,2025-11-19 18:11:11.236780,0,0.24827534854792946,0
O035469,C05421,P01346,2025-11-19 18:24:17.496437,0,0.15659472778411368,0
O035470,C01512,P02237,2025-11-19 18:37:23.756093,0,0.22031400113018493,0
O035471,C00991,P01675,2025-11-19 18:50:30.015750,0,0.11203169322392144,0
O035472,C05397,P01462,2025-11-19 19:03:36.275406,0,0.3164344569758353,0
O035473,C00499,P00868,2025-11-19 19:16:42.535063,0,0.30252867402726424,0
O035474,C07934,P00282,2025-11-19 19:29:48.794719,0,0.2613034216902853,0
O035475,C05894,P00180,2025-11-19 19:42:55.054376,0,0.12561496681034723,0
O035476,C06888,P01392,2025-11-19 19:56:01.314032,0,0.22806726031821625,0
O035477,C04486,P00480,2025-11-19 20:09:07.573689,0,0.29786074573451504,0
O035478,C06466,P01144,2025-11-19 20:22:13.833345,1,0.07081980426267477,0
O035479,C04851,P00296,2025-11-19 20:35:20.093002,0,0.3364757527234575,0
O035480,C02504,P02127,2025-11-19 20:48:26.352658,0,0.08304065647672032,0
O035481,C03792,P00200,2025-11-19 21:01:32.612315,0,0.0989978921333825,0
O035482,C03992,P00883,2025-11-19 21:14:38.871971,0,0.27031669566407895,0
O035483,C06782,P00972,2025-11-19 21:27:45.131628,0,0.26804529637809626,0
O035484,C03806,P00376,2025-11-19 21:40:51.391284,1,0.08050610367255503,0
O035485,C06624,P00318,2025-11-19 21:53:57.650941,1,0.14559785355227145,0
O035486,C04995,P01647,2025-11-19 22:07:03.910597,0,0.09214580223741804,0
O035487,C02161,P00799,2025-11-19 22:20:10.170254,0,0.18936611030832873,0
O035488,C03473,P02272,2025-11-19 22:33:16.429910,1,0.11488615330188298,0
O035489,C02639,P01333,2025-11-19 22:46:22.689567,0,0.15190225620304693,0
O035490,C04734,P01568,2025-11-19 22:59:28.949223,0,0.11346553613797966,0
O035491,C06466,P00770,2025-11-19 23:12:35.208880,0,0.164443714810944,0
O035492,C07118,P02073,2025-11-19 23:25:41.468536,1,0.06462854298811489,0
O035493,C04444,P01372,2025-11-19 23:38:47.728193,0,0.1533995561172225,0
O035494,C03361,P00099,2025-11-19 23:51:53.987849,0,0.11258654552773557,0
O035495,C06340,P00399,2025-11-20 00:05:00.247506,0,0.2917895080301424,0
O035496,C00412,P00633,2025-11-20 00:18:06.507162,0,0.13241372848449445,0
O035497,C02765,P00183,2025-11-20 00:31:12.766819,0,0.319233380390156,0
O035498,C02159,P01967,2025-11-20 00:44:19.026475,0,0.11173183309255741,0
O035499,C00870,P02311,2025-11-20 00:57:25.286132,0,0.16743806894854052,0
O035500,C05602,P00209,2025-11-20 01:10:31.545788,0,0.16363138753784853,0
O035501,C03170,P00554,2025-11-20 01:23:37.805445,0,0.0693259742542937,0
O035502,C07154,P00186,2025-11-20 01:36:44.065101,0,0.12888372098632053,0
O035503,C04517,P00789,2025-11-20 01:49:50.324758,0,0.39393816098432616,0
O035504,C02581,P02179,2025-11-20 02:02:56.584414,0,0.13384576499222017,0
O035505,C05400,P00352,2025-11-20 02:16:02.844071,0,0.361640718546807,0
O035506,C00041,P02213,2025-11-20 02:29:09.103727,0,0.17755428859210215,0
O035507,C05355,P01432,2025-11-20 02:42:15.363384,0,0.2538084148674215,0
O035508,C07536,P02170,2025-11-20 02:55:21.623040,0,0.3632152812560882,0
O035509,C01311,P01028,2025-11-20 03:08:27.882697,0,0.30636676307376154,0
O035510,C07608,P02272,2025-11-20 03:21:34.142353,0,0.16307839797747928,0
O035511,C06888,P01499,2025-11-20 03:34:40.402010,0,0.4843200687024148,0
O035512,C07541,P00728,2025-11-20 03:47:46.661666,0,0.2472890028801315,0
O035513,C04701,P00349,2025-11-20 04:00:52.921323,0,0.1034324506504741,0
O035514,C07753,P01069,2025-11-20 04:13:59.180979,0,0.10911660517419977,0
O035515,C00895,P01489,2025-11-20 04:27:05.440636,0,0.08712013425035513,0
O035516,C06471,P01103,2025-11-20 04:40:11.700292,1,0.3847034328160873,0
O035517,C03986,P00153,2025-11-20 04:53:17.959949,0,0.08081807713379742,0
O035518,C06551,P01776,2025-11-20 05:06:24.219605,0,0.11855633389681064,0
O035519,C02455,P02014,2025-11-20 05:19:30.479261,1,0.23621574401117099,0
O035520,C02058,P00340,2025-11-20 05:32:36.738918,0,0.0717667467253482,0
O035521,C00161,P02066,2025-11-20 05:45:42.998574,0,0.5681082785895266,1
O035522,C07686,P01445,2025-11-20 05:58:49.258231,0,0.20090056681542814,0
O035523,C04422,P01596,2025-11-20 06:11:55.517887,0,0.13136633000611408,0
O035524,C05511,P01232,2025-11-20 06:25:01.777544,0,0.1131006834906123,0
O035525,C07844,P00014,2025-11-20 06:38:08.037200,0,0.3881726842333961,0
O035526,C01253,P02078,2025-11-20 06:51:14.296857,1,0.19067226641836724,0
O035527,C07020,P01154,2025-11-20 07:04:20.556513,1,0.11640118587284436,0
O035528,C06605,P00694,2025-11-20 07:17:26.816170,1,0.29827772084342535,0
O035529,C03923,P01889,2025-11-20 07:30:33.075826,0,0.21611179121497004,0
O035530,C01014,P00759,2025-11-20 07:43:39.335483,0,0.12063982347051476,0
O035531,C06528,P02093,2025-11-20 07:56:45.595139,1,0.3569927988249074,0
O035532,C04999,P01552,2025-11-20 08:09:51.854796,1,0.19497840999391663,0
O035533,C04085,P01633,2025-11-20 08:22:58.114452,0,0.13026833721116557,0
O035534,C01448,P00880,2025-11-20 08:36:04.374109,0,0.39079516215475135,0
O035535,C01353,P02325,2025-11-20 08:49:10.633765,0,0.3243283711616852,0
O035536,C05811,P01518,2025-11-20 09:02:16.893422,0,0.21157943711830288,0
O035537,C01054,P00831,2025-11-20 09:15:23.153078,0,0.1432126166069625,0
O035538,C07992,P01305,2025-11-20 09:28:29.412735,0,0.2308504225399437,0
O035539,C02312,P00173,2025-11-20 09:41:35.672391,0,0.10113556644805749,0
O035540,C03613,P02500,2025-11-20 09:54:41.932048,1,0.26003977473021517,0
O035541,C00992,P00763,2025-11-20 10:07:48.191704,0,0.07242513059126436,0
O035542,C02387,P01164,2025-11-20 10:20:54.451361,0,0.09646009803921507,0
O035543,C00786,P02427,2025-11-20 10:34:00.711017,0,0.30162398957419917,0
O035544,C04995,P01811,2025-11-20 10:47:06.970674,0,0.2135044670199778,0
O035545,C07400,P02359,2025-11-20 11:00:13.230330,1,0.08392397415679945,0
O035546,C05709,P01184,2025-11-20 11:13:19.489987,0,0.11906551275797411,0
O035547,C04015,P01271,2025-11-20 11:26:25.749643,0,0.1419153681484898,0
O035548,C06036,P01133,2025-11-20 11:39:32.009300,0,0.3738753470039476,0
O035549,C02224,P02124,2025-11-20 11:52:38.268956,0,0.12952372450328914,0
O035550,C01767,P00319,2025-11-20 12:05:44.528613,0,0.07111351222187874,0
O035551,C01410,P01071,2025-11-20 12:18:50.788269,0,0.1808667171454874,0
O035552,C01458,P01846,2025-11-20 12:31:57.047926,0,0.18131391787850265,0
O035553,C07230,P00280,2025-11-20 12:45:03.307582,0,0.1805226306703119,0
O035554,C06205,P01858,2025-11-20 12:58:09.567239,0,0.36465857483872444,0
O035555,C02885,P02106,2025-11-20 13:11:15.826895,0,0.08659321733708196,0
O035556,C03440,P00396,2025-11-20 13:24:22.086552,0,0.11883650281788814,0
O035557,C05179,P00040,2025-11-20 13:37:28.346208,1,0.3494046095204778,0
O035558,C05668,P01847,2025-11-20 13:50:34.605865,0,0.19088913313394168,0
O035559,C05960,P00005,2025-11-20 14:03:40.865521,0,0.10088756085741273,0
O035560,C05495,P00128,2025-11-20 14:16:47.125178,0,0.10846991306646205,0
O035561,C07137,P00139,2025-11-20 14:29:53.384834,0,0.14511758421903004,0
O035562,C05195,P00559,2025-11-20 14:42:59.644491,1,0.11333097992370862,0
O035563,C03763,P02099,2025-11-20 14:56:05.904147,0,0.10797370889275676,0
O035564,C03907,P00189,2025-11-20 15:09:12.163804,0,0.07530530006085213,0
O035565,C04150,P02330,2025-11-20 15:22:18.423460,1,0.26337606349952464,0
O035566,C01345,P00031,2025-11-20 15:35:24.683117,0,0.37982670994683226,0
O035567,C01163,P00909,2025-11-20 15:48:30.942773,0,0.09244204094447964,0
O035568,C07957,P00539,2025-11-20 16:01:37.202430,0,0.2714109655636745,0
O035569,C07001,P00858,2025-11-20 16:14:43.462086,0,0.16127948551985974,0
O035570,C04601,P00938,2025-11-20 16:27:49.721743,0,0.08983436525009263,0
O035571,C03364,P00773,2025-11-20 16:40:55.981399,0,0.08375681675300817,0
O035572,C05227,P01993,2025-11-20 16:54:02.241056,0,0.11367033876944238,0
O035573,C02571,P01698,2025-11-20 17:07:08.500712,0,0.20279208186313158,0
O035574,C06729,P00352,2025-11-20 17:20:14.760369,0,0.06638421682801059,0
O035575,C02994,P00874,2025-11-20 17:33:21.020025,0,0.15077105816092162,0
O035576,C00774,P01162,2025-11-20 17:46:27.279681,0,0.11633784421670945,0
O035577,C05017,P02315,2025-11-20 17:59:33.539338,0,0.4164609657476425,0
O035578,C01445,P01300,2025-11-20 18:12:39.798994,0,0.6552064458043693,1
O035579,C06337,P01064,2025-11-20 18:25:46.058651,0,0.4251617412713809,0
O035580,C03862,P01563,2025-11-20 18:38:52.318307,0,0.13831341935962915,0
O035581,C01976,P02209,2025-11-20 18:51:58.577964,1,0.19718710225600639,0
O035582,C02100,P00354,2025-11-20 19:05:04.837620,0,0.5170678416896535,1
O035583,C06243,P00428,2025-11-20 19:18:11.097277,0,0.2638294991213012,0
O035584,C02127,P01461,2025-11-20 19:31:17.356933,0,0.2669302113639507,0
O035585,C00563,P01522,2025-11-20 19:44:23.616590,0,0.3643650780103461,0
O035586,C01417,P00512,2025-11-20 19:57:29.876246,0,0.05432350499069034,0
O035587,C07150,P02322,2025-11-20 20:10:36.135903,0,0.22375444625584742,0
O035588,C04804,P01462,2025-11-20 20:23:42.395559,0,0.28787462694365734,0
O035589,C03072,P00347,2025-11-20 20:36:48.655216,0,0.11816636031122481,0
O035590,C04736,P00168,2025-11-20 20:49:54.914872,0,0.31846146832363315,0
O035591,C07391,P02266,2025-11-20 21:03:01.174529,0,0.08567806950799532,0
O035592,C06942,P00009,2025-11-20 21:16:07.434185,0,0.10863592597844582,0
O035593,C01635,P02078,2025-11-20 21:29:13.693842,0,0.08411818380545007,0
O035594,C04191,P01063,2025-11-20 21:42:19.953498,0,0.17273709102227167,0
O035595,C03279,P02369,2025-11-20 21:55:26.213155,1,0.3130975235173106,0
O035596,C05606,P01883,2025-11-20 22:08:32.472811,0,0.14711528259514725,0
O035597,C02047,P01219,2025-11-20 22:21:38.732468,0,0.29990663023530867,0
O035598,C03365,P01504,2025-11-20 22:34:44.992124,0,0.13368915482348454,0
O035599,C06975,P00763,2025-11-20 22:47:51.251781,0,0.18979240282634885,0
O035600,C03010,P01287,2025-11-20 23:00:57.511437,0,0.21359943724044952,0
O035601,C03858,P02337,2025-11-20 23:14:03.771094,0,0.1489622679401134,0
O035602,C06948,P02438,2025-11-20 23:27:10.030750,0,0.1355326864245314,0
O035603,C02976,P01977,2025-11-20 23:40:16.290407,1,0.4949468697022687,0
O035604,C07943,P01576,2025-11-20 23:53:22.550063,0,0.14240305636753392,0
O035605,C00971,P00298,2025-11-21 00:06:28.809720,0,0.15827575991324425,0
O035606,C00276,P00666,2025-11-21 00:19:35.069376,0,0.08422662232018877,0
O035607,C04767,P01859,2025-11-21 00:32:41.329033,0,0.22109317975037532,0
O035608,C05252,P01017,2025-11-21 00:45:47.588689,1,0.4584793030923288,0
O035609,C04705,P01372,2025-11-21 00:58:53.848346,0,0.14507064806727968,0
O035610,C02029,P00085,2025-11-21 01:12:00.108002,0,0.16400618520945373,0
O035611,C03548,P01357,2025-11-21 01:25:06.367659,1,0.41708634797358896,0
O035612,C01922,P01773,2025-11-21 01:38:12.627315,0,0.06709790048665304,0
O035613,C02459,P00158,2025-11-21 01:51:18.886972,0,0.1419236872814905,0
O035614,C05151,P01149,2025-11-21 02:04:25.146628,0,0.07066887944303055,0
O035615,C04599,P00278,2025-11-21 02:17:31.406285,0,0.09284341638656611,0
O035616,C00805,P01841,2025-11-21 02:30:37.665941,1,0.2900306043954482,0
O035617,C00471,P00473,2025-11-21 02:43:43.925598,0,0.09562060643954269,0
O035618,C07838,P02415,2025-11-21 02:56:50.185254,0,0.1588135273047958,0
O035619,C01243,P01387,2025-11-21 03:09:56.444911,0,0.12387056658157646,0
O035620,C07842,P00212,2025-11-21 03:23:02.704567,1,0.1403955620383727,0
O035621,C00204,P01911,2025-11-21 03:36:08.964224,1,0.3552592345816964,0
O035622,C02629,P02247,2025-11-21 03:49:15.223880,0,0.16354926186642713,0
O035623,C06606,P00082,2025-11-21 04:02:21.483537,1,0.1544760142151422,0
O035624,C05364,P00679,2025-11-21 04:15:27.743193,0,0.1549332348341578,0
O035625,C07548,P02147,2025-11-21 04:28:34.002850,1,0.25387174898222203,0
O035626,C00731,P01383,2025-11-21 04:41:40.262506,0,0.2657957751668029,0
O035627,C07156,P02416,2025-11-21 04:54:46.522163,1,0.1110136328149039,0
O035628,C00206,P01977,2025-11-21 05:07:52.781819,1,0.2544301728188376,0
O035629,C05709,P00573,2025-11-21 05:20:59.041476,0,0.2912011865239415,0
O035630,C01639,P01392,2025-11-21 05:34:05.301132,0,0.07916582777101519,0
O035631,C07658,P02131,2025-11-21 05:47:11.560789,0,0.19098250858331298,0
O035632,C00537,P01337,2025-11-21 06:00:17.820445,1,0.25996562740769197,0
O035633,C05708,P00082,2025-11-21 06:13:24.080102,0,0.223091228390121,0
O035634,C00001,P01658,2025-11-21 06:26:30.339758,0,0.303744002448945,0
O035635,C04416,P01554,2025-11-21 06:39:36.599414,0,0.24099420204358182,0
O035636,C00804,P00239,2025-11-21 06:52:42.859071,0,0.08713448174260471,0
O035637,C07508,P02143,2025-11-21 07:05:49.118727,0,0.19267854042710494,0
O035638,C00061,P02379,2025-11-21 07:18:55.378384,0,0.1327734019395595,0
O035639,C07013,P01303,2025-11-21 07:32:01.638040,0,0.10856055354207396,0
O035640,C01968,P01727,2025-11-21 07:45:07.897697,0,0.1712377035346886,0
O035641,C01652,P00569,2025-11-21 07:58:14.157353,0,0.15545062968938855,0
O035642,C06080,P01793,2025-11-21 08:11:20.417010,0,0.16181447945225544,0
O035643,C04604,P00892,2025-11-21 08:24:26.676666,0,0.08693568855751649,0
O035644,C06139,P01906,2025-11-21 08:37:32.936323,0,0.32801095034219085,0
O035645,C04208,P01454,2025-11-21 08:50:39.195979,1,0.10521330251602623,0
O035646,C01617,P01507,2025-11-21 09:03:45.455636,0,0.15555733952198822,0
O035647,C02575,P01398,2025-11-21 09:16:51.715292,0,0.06474040640286717,0
O035648,C01863,P02180,2025-11-21 09:29:57.974949,1,0.3604508739210155,0
O035649,C01932,P01282,2025-11-21 09:43:04.234605,1,0.13287404507173273,0
O035650,C04332,P02335,2025-11-21 09:56:10.494262,0,0.11424589810858576,0
O035651,C07039,P00091,2025-11-21 10:09:16.753918,0,0.15802966376533595,0
O035652,C05659,P02099,2025-11-21 10:22:23.013575,0,0.18022265597144982,0
O035653,C06696,P01725,2025-11-21 10:35:29.273231,1,0.20655232662173278,0
O035654,C01160,P00397,2025-11-21 10:48:35.532888,0,0.3021902678764469,0
O035655,C03368,P00130,2025-11-21 11:01:41.792544,0,0.25423622832210135,0
O035656,C04720,P00622,2025-11-21 11:14:48.052201,0,0.2412692534605521,0
O035657,C02506,P02344,2025-11-21 11:27:54.311857,0,0.2174867756595423,0
O035658,C00404,P01572,2025-11-21 11:41:00.571514,0,0.1844962929652929,0
O035659,C06810,P02215,2025-11-21 11:54:06.831170,0,0.11869748783676917,0
O035660,C01610,P01392,2025-11-21 12:07:13.090827,0,0.12417830917679247,0
O035661,C07736,P00485,2025-11-21 12:20:19.350483,0,0.32400686026884024,0
O035662,C01402,P01768,2025-11-21 12:33:25.610140,0,0.09773194644224467,0
O035663,C06375,P00287,2025-11-21 12:46:31.869796,0,0.19682585544525225,0
O035664,C02436,P00739,2025-11-21 12:59:38.129453,0,0.10408638041902696,0
O035665,C06054,P02143,2025-11-21 13:12:44.389109,0,0.40816301999366594,0
O035666,C05943,P01244,2025-11-21 13:25:50.648766,0,0.24512024717023617,0
O035667,C04703,P02106,2025-11-21 13:38:56.908422,0,0.13413086982863506,0
O035668,C04088,P02443,2025-11-21 13:52:03.168079,0,0.32308935329763555,0
O035669,C03183,P00659,2025-11-21 14:05:09.427735,0,0.10873753712920413,0
O035670,C06386,P02031,2025-11-21 14:18:15.687392,1,0.1461146036120645,0
O035671,C03937,P01755,2025-11-21 14:31:21.947048,0,0.09453125093190548,0
O035672,C06968,P01816,2025-11-21 14:44:28.206705,0,0.12411073203929311,0
O035673,C05525,P01256,2025-11-21 14:57:34.466361,1,0.49029718214406165,0
O035674,C04712,P01855,2025-11-21 15:10:40.726018,0,0.08261075243142381,0
O035675,C03816,P00172,2025-11-21 15:23:46.985674,0,0.2833373180312159,0
O035676,C05258,P00100,2025-11-21 15:36:53.245331,0,0.35246544658886614,0
O035677,C07479,P00404,2025-11-21 15:49:59.504987,0,0.12839305384088243,0
O035678,C00123,P00441,2025-11-21 16:03:05.764644,0,0.28583701198488254,0
O035679,C03341,P01380,2025-11-21 16:16:12.024300,1,0.21741018065942322,0
O035680,C06215,P01393,2025-11-21 16:29:18.283957,0,0.11016384015498508,0
O035681,C03192,P02038,2025-11-21 16:42:24.543613,0,0.18470134505980035,0
O035682,C02219,P01205,2025-11-21 16:55:30.803270,0,0.210258695916022,0
O035683,C06689,P02221,2025-11-21 17:08:37.062926,0,0.11898578382917185,0
O035684,C05752,P00572,2025-11-21 17:21:43.322583,1,0.31227679573618083,0
O035685,C05090,P00023,2025-11-21 17:34:49.582239,0,0.2226145378047092,0
O035686,C05521,P01544,2025-11-21 17:47:55.841896,0,0.31484675297287557,0
O035687,C06402,P02101,2025-11-21 18:01:02.101552,0,0.29802830045599427,0
O035688,C00860,P01827,2025-11-21 18:14:08.361209,1,0.30860477111096984,0
O035689,C02341,P00398,2025-11-21 18:27:14.620865,1,0.2873853224386303,0
O035690,C06111,P00155,2025-11-21 18:40:20.880522,0,0.08856538799701257,0
O035691,C05942,P01852,2025-11-21 18:53:27.140178,0,0.19161665612882395,0
O035692,C05264,P01399,2025-11-21 19:06:33.399834,1,0.218157080050038,0
O035693,C07259,P02437,2025-11-21 19:19:39.659491,0,0.09964880168455607,0
O035694,C03970,P01299,2025-11-21 19:32:45.919147,1,0.11795658455679903,0
O035695,C00478,P00143,2025-11-21 19:45:52.178804,0,0.09176003172773269,0
O035696,C06870,P00393,2025-11-21 19:58:58.438460,1,0.1658618009038,0
O035697,C02004,P00793,2025-11-21 20:12:04.698117,0,0.34746591155427275,0
O035698,C01956,P01798,2025-11-21 20:25:10.957773,0,0.1750695221710523,0
O035699,C06290,P00903,2025-11-21 20:38:17.217430,0,0.23113256493060313,0
O035700,C04159,P00197,2025-11-21 20:51:23.477086,0,0.29379607541202635,0
O035701,C06952,P01097,2025-11-21 21:04:29.736743,0,0.23280464231035433,0
O035702,C01621,P02464,2025-11-21 21:17:35.996399,0,0.3859923733064193,0
O035703,C05769,P01031,2025-11-21 21:30:42.256056,0,0.21594572157283265,0
O035704,C05598,P00064,2025-11-21 21:43:48.515712,0,0.2160918873811889,0
O035705,C05715,P00087,2025-11-21 21:56:54.775369,0,0.1820901237887308,0
O035706,C07712,P01654,2025-11-21 22:10:01.035025,0,0.1989867136265685,0
O035707,C07126,P02007,2025-11-21 22:23:07.294682,0,0.08599453681575851,0
O035708,C00176,P00775,2025-11-21 22:36:13.554338,0,0.280420032047134,0
O035709,C06084,P00054,2025-11-21 22:49:19.813995,1,0.30407114646147365,0
O035710,C02199,P01299,2025-11-21 23:02:26.073651,1,0.18921025944846756,0
O035711,C00812,P00871,2025-11-21 23:15:32.333308,0,0.11499426440963763,0
O035712,C05376,P00764,2025-11-21 23:28:38.592964,0,0.10889754759745565,0
O035713,C02571,P00518,2025-11-21 23:41:44.852621,1,0.10936006321796922,0
O035714,C05912,P01441,2025-11-21 23:54:51.112277,0,0.2962451226080638,0
O035715,C04537,P01256,2025-11-22 00:07:57.371934,0,0.3760459177026204,0
O035716,C07128,P00470,2025-11-22 00:21:03.631590,0,0.18906935187272078,0
O035717,C03075,P01494,2025-11-22 00:34:09.891247,1,0.2875263998859085,0
O035718,C06472,P01475,2025-11-22 00:47:16.150903,1,0.32168859772818215,0
O035719,C07632,P00901,2025-11-22 01:00:22.410560,0,0.07864984584143203,0
O035720,C06289,P02452,2025-11-22 01:13:28.670216,1,0.3733652210152308,0
O035721,C02225,P00260,2025-11-22 01:26:34.929873,0,0.09957477187156885,0
O035722,C06603,P00427,2025-11-22 01:39:41.189529,0,0.07866202546028087,0
O035723,C01596,P01525,2025-11-22 01:52:47.449186,1,0.3724847831055056,0
O035724,C03788,P01958,2025-11-22 02:05:53.708842,0,0.06840873888271178,0
O035725,C03671,P02054,2025-11-22 02:18:59.968499,0,0.09042414921228582,0
O035726,C03932,P01408,2025-11-22 02:32:06.228155,0,0.1273085088755424,0
O035727,C05862,P01506,2025-11-22 02:45:12.487812,0,0.4782298314202459,0
O035728,C01313,P01003,2025-11-22 02:58:18.747468,1,0.3711737960180966,0
O035729,C05016,P00899,2025-11-22 03:11:25.007125,0,0.2618365693651451,0
O035730,C01153,P01465,2025-11-22 03:24:31.266781,1,0.3913371149182075,0
O035731,C05911,P01879,2025-11-22 03:37:37.526438,1,0.24783719691427258,0
O035732,C07674,P01557,2025-11-22 03:50:43.786094,0,0.0878304991271273,0
O035733,C06385,P00434,2025-11-22 04:03:50.045751,1,0.3578851669154951,0
O035734,C01321,P01841,2025-11-22 04:16:56.305407,0,0.24993126443734096,0
O035735,C06063,P00026,2025-11-22 04:30:02.565064,1,0.1321829444617443,0
O035736,C01614,P00455,2025-11-22 04:43:08.824720,1,0.2991183331648484,0
O035737,C05202,P00985,2025-11-22 04:56:15.084377,1,0.4157387569637764,0
O035738,C01409,P01880,2025-11-22 05:09:21.344033,0,0.19988432800947337,0
O035739,C01068,P00773,2025-11-22 05:22:27.603690,0,0.06649600454469681,0
O035740,C05232,P01538,2025-11-22 05:35:33.863346,0,0.11673440410445733,0
O035741,C03844,P00287,2025-11-22 05:48:40.123003,0,0.0743101764051536,0
O035742,C00094,P02120,2025-11-22 06:01:46.382659,0,0.18550654067519975,0
O035743,C03997,P01174,2025-11-22 06:14:52.642316,0,0.11871988514070177,0
O035744,C05705,P00705,2025-11-22 06:27:58.901972,0,0.45669479326561735,0
O035745,C07356,P00130,2025-11-22 06:41:05.161629,0,0.20311609599766142,0
O035746,C06937,P01888,2025-11-22 06:54:11.421285,0,0.08006381661355857,0
O035747,C02724,P01568,2025-11-22 07:07:17.680942,0,0.12058796217460455,0
O035748,C03390,P00628,2025-11-22 07:20:23.940598,0,0.1482904813143083,0
O035749,C07055,P01507,2025-11-22 07:33:30.200255,1,0.1677363905296019,0
O035750,C03907,P01624,2025-11-22 07:46:36.459911,0,0.10664090825069356,0
O035751,C06594,P00703,2025-11-22 07:59:42.719567,0,0.13406274970130125,0
O035752,C00678,P01527,2025-11-22 08:12:48.979224,1,0.4654683418639769,0
O035753,C05723,P02083,2025-11-22 08:25:55.238880,0,0.12026578181660011,0
O035754,C00617,P00618,2025-11-22 08:39:01.498537,0,0.09372164697373153,0
O035755,C00290,P01684,2025-11-22 08:52:07.758193,1,0.3953677067656103,0
O035756,C06288,P02442,2025-11-22 09:05:14.017850,0,0.08250649027506438,0
O035757,C05315,P01005,2025-11-22 09:18:20.277506,0,0.160877146769861,0
O035758,C05544,P02483,2025-11-22 09:31:26.537163,0,0.08720816479038103,0
O035759,C05949,P02176,2025-11-22 09:44:32.796819,0,0.08975752860596892,0
O035760,C05851,P02391,2025-11-22 09:57:39.056476,0,0.12970293416148893,0
O035761,C06960,P01329,2025-11-22 10:10:45.316132,0,0.09097892456179776,0
O035762,C06061,P02253,2025-11-22 10:23:51.575789,1,0.18788720880888124,0
O035763,C03504,P02289,2025-11-22 10:36:57.835445,0,0.10384493650659346,0
O035764,C02963,P01954,2025-11-22 10:50:04.095102,0,0.11805600879927496,0
O035765,C02514,P00885,2025-11-22 11:03:10.354758,0,0.09081985720359619,0
O035766,C05820,P00056,2025-11-22 11:16:16.614415,0,0.23513057178032093,0
O035767,C07879,P02448,2025-11-22 11:29:22.874071,1,0.25670187691481366,0
O035768,C03283,P00717,2025-11-22 11:42:29.133728,0,0.34459815782314834,0
O035769,C04525,P00821,2025-11-22 11:55:35.393384,0,0.18998887022719257,0
O035770,C00242,P02489,2025-11-22 12:08:41.653041,0,0.11314629320607479,0
O035771,C07591,P01361,2025-11-22 12:21:47.912697,0,0.09402579628700655,0
O035772,C01629,P01556,2025-11-22 12:34:54.172354,0,0.3832251744661079,0
O035773,C02009,P01474,2025-11-22 12:48:00.432010,0,0.12250607929312905,0
O035774,C02978,P01698,2025-11-22 13:01:06.691667,0,0.32956340650812715,0
O035775,C01793,P01622,2025-11-22 13:14:12.951323,0,0.11053890626270367,0
O035776,C00175,P00803,2025-11-22 13:27:19.210980,0,0.20939146716587703,0
O035777,C05609,P01762,2025-11-22 13:40:25.470636,0,0.07524908530769601,0
O035778,C04112,P01715,2025-11-22 13:53:31.730293,0,0.19379768077683418,0
O035779,C05987,P02094,2025-11-22 14:06:37.989949,0,0.10331410363149265,0
O035780,C04247,P00840,2025-11-22 14:19:44.249606,0,0.2580764012508226,0
O035781,C05358,P01014,2025-11-22 14:32:50.509262,0,0.07458716445022012,0
O035782,C02710,P01818,2025-11-22 14:45:56.768919,1,0.11255193391177061,0
O035783,C01034,P00549,2025-11-22 14:59:03.028575,0,0.12696258056054321,0
O035784,C05055,P02315,2025-11-22 15:12:09.288232,1,0.2512372590157908,0
O035785,C05791,P01924,2025-11-22 15:25:15.547888,0,0.13163890942296158,0
O035786,C02834,P01151,2025-11-22 15:38:21.807545,0,0.3039730527208378,0
O035787,C06537,P02215,2025-11-22 15:51:28.067201,0,0.2604604126766607,0
O035788,C07480,P02042,2025-11-22 16:04:34.326858,0,0.14174448107988558,0
O035789,C04767,P00356,2025-11-22 16:17:40.586514,0,0.14035636224254672,0
O035790,C07547,P02287,2025-11-22 16:30:46.846171,0,0.3068294688022412,0
O035791,C01387,P01749,2025-11-22 16:43:53.105827,1,0.22952421380133597,0
O035792,C04017,P00498,2025-11-22 16:56:59.365484,0,0.18834914688281873,0
O035793,C02566,P02322,2025-11-22 17:10:05.625140,0,0.31289130800895437,0
O035794,C00698,P02066,2025-11-22 17:23:11.884797,1,0.4385889636002603,0
O035795,C03663,P01631,2025-11-22 17:36:18.144453,0,0.11007232265751486,0
O035796,C02166,P01657,2025-11-22 17:49:24.404110,0,0.3388535593360601,0
O035797,C02305,P00857,2025-11-22 18:02:30.663766,0,0.05471513257019487,0
O035798,C04951,P01322,2025-11-22 18:15:36.923423,0,0.26394163735819737,0
O035799,C04624,P01577,2025-11-22 18:28:43.183079,0,0.06088263348599104,0
O035800,C02489,P01584,2025-11-22 18:41:49.442736,1,0.4775792752270867,0
O035801,C03192,P00645,2025-11-22 18:54:55.702392,0,0.22271345083436211,0
O035802,C06507,P00296,2025-11-22 19:08:01.962049,1,0.3451637918846473,0
O035803,C02487,P02033,2025-11-22 19:21:08.221705,0,0.17118348867330527,0
O035804,C03447,P02154,2025-11-22 19:34:14.481362,1,0.42532284154372396,0
O035805,C06505,P01529,2025-11-22 19:47:20.741018,0,0.1380185348921247,0
O035806,C02567,P00779,2025-11-22 20:00:27.000675,0,0.1306479621477083,0
O035807,C01306,P02188,2025-11-22 20:13:33.260331,0,0.14191023292229296,0
O035808,C04896,P00848,2025-11-22 20:26:39.519988,0,0.3666593942130155,0
O035809,C02683,P00032,2025-11-22 20:39:45.779644,0,0.11159335190915277,0
O035810,C05965,P01532,2025-11-22 20:52:52.039300,0,0.14133773861921697,0
O035811,C04718,P00056,2025-11-22 21:05:58.298957,1,0.1540982024029917,0
O035812,C01928,P00416,2025-11-22 21:19:04.558613,0,0.2507127506403618,0
O035813,C07694,P01410,2025-11-22 21:32:10.818270,0,0.15543964235144192,0
O035814,C06346,P02395,2025-11-22 21:45:17.077926,0,0.20695405376005133,0
O035815,C03220,P00041,2025-11-22 21:58:23.337583,1,0.2947121674015117,0
O035816,C02110,P00697,2025-11-22 22:11:29.597239,1,0.26461007782706303,0
O035817,C07026,P01399,2025-11-22 22:24:35.856896,0,0.2824682517999253,0
O035818,C04387,P00814,2025-11-22 22:37:42.116552,0,0.10264319831389544,0
O035819,C04273,P00768,2025-11-22 22:50:48.376209,0,0.12488334268400224,0
O035820,C03550,P01544,2025-11-22 23:03:54.635865,1,0.23724326368998191,0
O035821,C01513,P01823,2025-11-22 23:17:00.895522,0,0.21773615242199798,0
O035822,C03948,P01053,2025-11-22 23:30:07.155178,0,0.41860313183557457,0
O035823,C07427,P01025,2025-11-22 23:43:13.414835,1,0.38118143651841185,0
O035824,C01116,P01540,2025-11-22 23:56:19.674491,0,0.19808498159661977,0
O035825,C01112,P00423,2025-11-23 00:09:25.934148,0,0.21638965470782262,0
O035826,C04211,P01918,2025-11-23 00:22:32.193804,1,0.12749310756076657,0
O035827,C06690,P00279,2025-11-23 00:35:38.453461,0,0.07524689665366463,0
O035828,C01468,P00457,2025-11-23 00:48:44.713117,0,0.1592666072728189,0
O035829,C00395,P01222,2025-11-23 01:01:50.972774,0,0.4061659465566488,0
O035830,C02380,P01856,2025-11-23 01:14:57.232430,0,0.2356838449577986,0
O035831,C01725,P02126,2025-11-23 01:28:03.492087,0,0.11544449831954808,0
O035832,C06917,P00654,2025-11-23 01:41:09.751743,0,0.08825552194253755,0
O035833,C03479,P01463,2025-11-23 01:54:16.011400,1,0.4470815301543341,0
O035834,C06025,P00857,2025-11-23 02:07:22.271056,0,0.14704868363781667,0
O035835,C03013,P01051,2025-11-23 02:20:28.530713,1,0.21459191086191592,0
O035836,C05364,P01871,2025-11-23 02:33:34.790369,0,0.12301681567608636,0
O035837,C00128,P00681,2025-11-23 02:46:41.050026,0,0.08510100834145526,0
O035838,C05661,P01579,2025-11-23 02:59:47.309682,0,0.07601002943583905,0
O035839,C00864,P01911,2025-11-23 03:12:53.569339,1,0.4436107114510174,0
O035840,C06167,P01420,2025-11-23 03:25:59.828995,0,0.11492730810802854,0
O035841,C01840,P00798,2025-11-23 03:39:06.088652,0,0.14227673571266747,0
O035842,C00317,P00861,2025-11-23 03:52:12.348308,1,0.333540054269369,0
O035843,C04740,P00257,2025-11-23 04:05:18.607965,0,0.2700742908131831,0
O035844,C02210,P01127,2025-11-23 04:18:24.867621,1,0.2657553488771462,0
O035845,C00150,P00874,2025-11-23 04:31:31.127278,1,0.15737599746185585,0
O035846,C01361,P01740,2025-11-23 04:44:37.386934,0,0.37291541169726294,0
O035847,C05393,P00701,2025-11-23 04:57:43.646591,0,0.15361816806709608,0
O035848,C06886,P01792,2025-11-23 05:10:49.906247,0,0.30040729841397784,0
O035849,C02105,P01057,2025-11-23 05:23:56.165904,0,0.07922758250017906,0
O035850,C05221,P02341,2025-11-23 05:37:02.425560,0,0.13628585216000044,0
O035851,C07291,P00964,2025-11-23 05:50:08.685217,0,0.12062103551796614,0
O035852,C03852,P01666,2025-11-23 06:03:14.944873,1,0.24873801175904392,0
O035853,C06415,P01277,2025-11-23 06:16:21.204530,0,0.27977620935504804,0
O035854,C06768,P01749,2025-11-23 06:29:27.464186,0,0.22595397108402937,0
O035855,C05864,P01713,2025-11-23 06:42:33.723843,0,0.07512713994131448,0
O035856,C00439,P01260,2025-11-23 06:55:39.983499,0,0.08355209547994295,0
O035857,C01955,P01960,2025-11-23 07:08:46.243156,1,0.20617831332182288,0
O035858,C00102,P01317,2025-11-23 07:21:52.502812,0,0.10241435228746948,0
O035859,C00503,P00761,2025-11-23 07:34:58.762469,1,0.38559392836496525,0
O035860,C00989,P01916,2025-11-23 07:48:05.022125,1,0.15459153456720248,0
O035861,C00580,P00781,2025-11-23 08:01:11.281782,1,0.28281882399011155,0
O035862,C02105,P02034,2025-11-23 08:14:17.541438,0,0.2568252913904864,0
O035863,C00019,P02066,2025-11-23 08:27:23.801095,0,0.38723693972253337,0
O035864,C03280,P00487,2025-11-23 08:40:30.060751,0,0.33599669987765224,0
O035865,C06950,P02399,2025-11-23 08:53:36.320408,0,0.18051400705262707,0
O035866,C01064,P00168,2025-11-23 09:06:42.580064,1,0.3386365589328272,0
O035867,C01985,P01176,2025-11-23 09:19:48.839720,0,0.0931950440945203,0
O035868,C04418,P02352,2025-11-23 09:32:55.099377,0,0.31497509396242085,0
O035869,C04354,P01374,2025-11-23 09:46:01.359033,0,0.24929598764561636,0
O035870,C04973,P00184,2025-11-23 09:59:07.618690,0,0.1832156868349217,0
O035871,C03693,P01649,2025-11-23 10:12:13.878346,0,0.08236716636826026,0
O035872,C04131,P01893,2025-11-23 10:25:20.138003,0,0.15710315418658255,0
O035873,C00314,P01977,2025-11-23 10:38:26.397659,0,0.22522640715506134,0
O035874,C03252,P02117,2025-11-23 10:51:32.657316,1,0.30772927875189043,0
O035875,C07186,P00305,2025-11-23 11:04:38.916972,0,0.3447031764847493,0
O035876,C05892,P00871,2025-11-23 11:17:45.176629,0,0.07467540523702725,0
O035877,C05397,P00581,2025-11-23 11:30:51.436285,1,0.21836073990806312,0
O035878,C06173,P00513,2025-11-23 11:43:57.695942,1,0.08726824571513671,0
O035879,C03910,P00787,2025-11-23 11:57:03.955598,0,0.22775656171719927,0
O035880,C02340,P00069,2025-11-23 12:10:10.215255,0,0.051357248140786106,0
O035881,C05365,P00493,2025-11-23 12:23:16.474911,0,0.09416244419412002,0
O035882,C00759,P02032,2025-11-23 12:36:22.734568,0,0.09287560483950824,0
O035883,C06148,P01148,2025-11-23 12:49:28.994224,0,0.17575594385626767,0
O035884,C02791,P01198,2025-11-23 13:02:35.253881,0,0.1809164864997934,0
O035885,C04117,P02426,2025-11-23 13:15:41.513537,0,0.12359160028020945,0
O035886,C05424,P00578,2025-11-23 13:28:47.773194,0,0.21152960432335866,0
O035887,C06752,P00575,2025-11-23 13:41:54.032850,0,0.07074589473817935,0
O035888,C00247,P02319,2025-11-23 13:55:00.292507,0,0.0785384219231865,0
O035889,C05534,P01663,2025-11-23 14:08:06.552163,0,0.12634150509681422,0
O035890,C03020,P01118,2025-11-23 14:21:12.811820,0,0.05862122293720899,0
O035891,C07438,P02057,2025-11-23 14:34:19.071476,0,0.11204282052697585,0
O035892,C06143,P00647,2025-11-23 14:47:25.331133,0,0.20518052851533627,0
O035893,C03840,P00497,2025-11-23 15:00:31.590789,0,0.09237118641763184,0
O035894,C04353,P00703,2025-11-23 15:13:37.850446,0,0.17089322977135074,0
O035895,C04752,P02196,2025-11-23 15:26:44.110102,0,0.21567962227921122,0
O035896,C06872,P01229,2025-11-23 15:39:50.369759,0,0.0951953618171393,0
O035897,C03644,P00817,2025-11-23 15:52:56.629415,0,0.22999845676090308,0
O035898,C00993,P01581,2025-11-23 16:06:02.889072,0,0.18124331273023825,0
O035899,C06062,P01125,2025-11-23 16:19:09.148728,0,0.08822792387586917,0
O035900,C04109,P02427,2025-11-23 16:32:15.408385,0,0.45381416382880646,0
O035901,C01092,P00011,2025-11-23 16:45:21.668041,0,0.09774586085566915,0
O035902,C05570,P00943,2025-11-23 16:58:27.927698,0,0.06706590339785433,0
O035903,C07382,P00827,2025-11-23 17:11:34.187354,0,0.12233790234777411,0
O035904,C03309,P01621,2025-11-23 17:24:40.447011,1,0.281177533446167,0
O035905,C03650,P00425,2025-11-23 17:37:46.706667,0,0.16064762456508944,0
O035906,C03612,P01197,2025-11-23 17:50:52.966324,0,0.17072634312044932,0
O035907,C05033,P02171,2025-11-23 18:03:59.225980,1,0.23351199373043086,0
O035908,C03939,P02096,2025-11-23 18:17:05.485637,0,0.24689362737818035,0
O035909,C02147,P01697,2025-11-23 18:30:11.745293,0,0.2026027713457158,0
O035910,C01237,P02174,2025-11-23 18:43:18.004950,0,0.07361894995607395,0
O035911,C01491,P01722,2025-11-23 18:56:24.264606,0,0.2311587132664777,0
O035912,C04117,P00053,2025-11-23 19:09:30.524263,0,0.14128503871892337,0
O035913,C05975,P02411,2025-11-23 19:22:36.783919,0,0.3104851920235838,0
O035914,C02003,P00195,2025-11-23 19:35:43.043576,0,0.1670241595052219,0
O035915,C05790,P01871,2025-11-23 19:48:49.303232,0,0.1317755826471519,0
O035916,C03257,P00488,2025-11-23 20:01:55.562889,0,0.4838075942558163,0
O035917,C00551,P01822,2025-11-23 20:15:01.822545,0,0.07479437703494658,0
O035918,C01685,P00304,2025-11-23 20:28:08.082202,0,0.1597713914074301,0
O035919,C01224,P00302,2025-11-23 20:41:14.341858,0,0.4170849200933528,0
O035920,C03106,P00729,2025-11-23 20:54:20.601515,1,0.24771544993491953,0
O035921,C05149,P00508,2025-11-23 21:07:26.861171,0,0.2136868112710876,0
O035922,C05833,P02441,2025-11-23 21:20:33.120828,0,0.10238319088890364,0
O035923,C02890,P00547,2025-11-23 21:33:39.380484,0,0.3734367450983074,0
O035924,C03871,P01962,2025-11-23 21:46:45.640141,0,0.22871069586432186,0
O035925,C00145,P02343,2025-11-23 21:59:51.899797,0,0.2390378231361738,0
O035926,C06466,P00300,2025-11-23 22:12:58.159453,1,0.37510785849915756,0
O035927,C01595,P00913,2025-11-23 22:26:04.419110,0,0.14130471789301988,0
O035928,C06451,P02376,2025-11-23 22:39:10.678766,0,0.08941653570154248,0
O035929,C01979,P02397,2025-11-23 22:52:16.938423,0,0.12772726426606143,0
O035930,C01257,P01887,2025-11-23 23:05:23.198079,0,0.1180974221797142,0
O035931,C04452,P00962,2025-11-23 23:18:29.457736,1,0.22964936484601206,0
O035932,C00480,P00420,2025-11-23 23:31:35.717392,0,0.19177099144803814,0
O035933,C02330,P01720,2025-11-23 23:44:41.977049,0,0.07463284506513271,0
O035934,C02382,P02293,2025-11-23 23:57:48.236705,0,0.10208376912315362,0
O035935,C03709,P00161,2025-11-24 00:10:54.496362,0,0.09657915068594493,0
O035936,C04223,P01408,2025-11-24 00:24:00.756018,1,0.15378644602039526,0
O035937,C05553,P01489,2025-11-24 00:37:07.015675,0,0.10857431023724565,0
O035938,C02500,P02493,2025-11-24 00:50:13.275331,0,0.127791094218465,0
O035939,C01779,P00554,2025-11-24 01:03:19.534988,0,0.12611156447371,0
O035940,C00344,P02347,2025-11-24 01:16:25.794644,0,0.14358772144495488,0
O035941,C06873,P02152,2025-11-24 01:29:32.054301,0,0.1909690870102262,0
O035942,C04184,P00835,2025-11-24 01:42:38.313957,1,0.2849069211367153,0
O035943,C04063,P00363,2025-11-24 01:55:44.573614,1,0.21771027364096326,0
O035944,C03927,P02290,2025-11-24 02:08:50.833270,0,0.2836220185352262,0
O035945,C03964,P01739,2025-11-24 02:21:57.092927,0,0.1542564581885339,0
O035946,C05774,P01436,2025-11-24 02:35:03.352583,0,0.15701459862545997,0
O035947,C05337,P02486,2025-11-24 02:48:09.612240,1,0.21027074995728492,0
O035948,C01983,P00645,2025-11-24 03:01:15.871896,0,0.13154763752094872,0
O035949,C01573,P00976,2025-11-24 03:14:22.131553,0,0.4381617884737628,0
O035950,C00523,P02467,2025-11-24 03:27:28.391209,0,0.19359792974066065,0
O035951,C06987,P01699,2025-11-24 03:40:34.650866,1,0.4792568787019302,0
O035952,C05492,P00122,2025-11-24 03:53:40.910522,0,0.12342388827355895,0
O035953,C06996,P01510,2025-11-24 04:06:47.170179,0,0.28420791150125163,0
O035954,C05582,P02145,2025-11-24 04:19:53.429835,1,0.105499202364384,0
O035955,C04281,P02122,2025-11-24 04:32:59.689492,0,0.22203995372353733,0
O035956,C00003,P00112,2025-11-24 04:46:05.949148,0,0.1186929510350825,0
O035957,C06597,P02022,2025-11-24 04:59:12.208805,0,0.20119517424117586,0
O035958,C03078,P01457,2025-11-24 05:12:18.468461,1,0.08045772605028363,0
O035959,C01256,P00869,2025-11-24 05:25:24.728118,0,0.2464041491926974,0
O035960,C02055,P01412,2025-11-24 05:38:30.987774,0,0.1605169730772298,0
O035961,C03714,P00926,2025-11-24 05:51:37.247431,0,0.08327432690659692,0
O035962,C07901,P00042,2025-11-24 06:04:43.507087,0,0.45731337781610704,0
O035963,C03419,P02300,2025-11-24 06:17:49.766744,0,0.09461802667950703,0
O035964,C04499,P00088,2025-11-24 06:30:56.026400,0,0.22998880981550648,0
O035965,C00003,P01954,2025-11-24 06:44:02.286057,0,0.08291619882740037,0
O035966,C01582,P01205,2025-11-24 06:57:08.545713,0,0.33333207821743527,0
O035967,C04806,P00560,2025-11-24 07:10:14.805370,0,0.11905892107150254,0
O035968,C04699,P00896,2025-11-24 07:23:21.065026,1,0.2858755309251758,0
O035969,C05611,P02088,2025-11-24 07:36:27.324683,0,0.07956176044816077,0
O035970,C01356,P02342,2025-11-24 07:49:33.584339,0,0.33779629652315746,0
O035971,C00514,P01130,2025-11-24 08:02:39.843996,0,0.15056475684697776,0
O035972,C04817,P01809,2025-11-24 08:15:46.103652,1,0.4367335327449847,0
O035973,C07866,P02347,2025-11-24 08:28:52.363309,1,0.15485678801694944,0
O035974,C07042,P00575,2025-11-24 08:41:58.622965,0,0.07832587360669861,0
O035975,C05149,P01759,2025-11-24 08:55:04.882622,1,0.2974188724323559,0
O035976,C04299,P00705,2025-11-24 09:08:11.142278,0,0.25213121587745985,0
O035977,C00990,P00710,2025-11-24 09:21:17.401935,0,0.18700395559339533,0
O035978,C04194,P02031,2025-11-24 09:34:23.661591,0,0.17588466158252608,0
O035979,C03982,P00775,2025-11-24 09:47:29.921248,0,0.2950019678648426,0
O035980,C00307,P02466,2025-11-24 10:00:36.180904,1,0.10761429665266342,0
O035981,C07090,P00365,2025-11-24 10:13:42.440561,0,0.16247456705997762,0
O035982,C04963,P01118,2025-11-24 10:26:48.700217,0,0.08147871125088908,0
O035983,C03420,P01356,2025-11-24 10:39:54.959873,1,0.11034317902333703,0
O035984,C00538,P00589,2025-11-24 10:53:01.219530,1,0.19745095705885662,0
O035985,C02659,P01118,2025-11-24 11:06:07.479186,0,0.12100557193790475,0
O035986,C04581,P01643,2025-11-24 11:19:13.738843,0,0.10188019165666308,0
O035987,C07527,P00858,2025-11-24 11:32:19.998499,0,0.18294976575931102,0
O035988,C04483,P00248,2025-11-24 11:45:26.258156,0,0.29415940883829206,0
O035989,C02669,P00776,2025-11-24 11:58:32.517812,1,0.07461625071045959,0
O035990,C02129,P01671,2025-11-24 12:11:38.777469,0,0.08989788903375762,0
O035991,C01456,P00157,2025-11-24 12:24:45.037125,0,0.14630108093325145,0
O035992,C07659,P00042,2025-11-24 12:37:51.296782,0,0.2981825196029194,0
O035993,C05953,P01412,2025-11-24 12:50:57.556438,0,0.23505423005086618,0
O035994,C01362,P02403,2025-11-24 13:04:03.816095,0,0.06900221303728393,0
O035995,C05568,P00497,2025-11-24 13:17:10.075751,0,0.07323319489333673,0
O035996,C02419,P00090,2025-11-24 13:30:16.335408,0,0.30258542792242155,0
O035997,C03193,P00865,2025-11-24 13:43:22.595064,0,0.3328324481569649,0
O035998,C06830,P01125,2025-11-24 13:56:28.854721,0,0.07417962080711077,0
O035999,C05988,P00640,2025-11-24 14:09:35.114377,0,0.1411376851912686,0
O036000,C07634,P01475,2025-11-24 14:22:41.374034,0,0.23355361132474264,0
O036001,C05271,P00434,2025-11-24 14:35:47.633690,1,0.12054100419817002,0
O036002,C07459,P02016,2025-11-24 14:48:53.893347,0,0.12268536154958035,0
O036003,C00999,P00922,2025-11-24 15:02:00.153003,0,0.21641368458149857,0
O036004,C06312,P00421,2025-11-24 15:15:06.412660,1,0.2799339459236234,0
O036005,C03702,P01974,2025-11-24 15:28:12.672316,1,0.31165583807382746,0
O036006,C00987,P01542,2025-11-24 15:41:18.931973,0,0.4766764485829898,0
O036007,C04736,P01033,2025-11-24 15:54:25.191629,0,0.2983404178262935,0
O036008,C00248,P00484,2025-11-24 16:07:31.451286,1,0.0760158369640181,0
O036009,C04617,P01315,2025-11-24 16:20:37.710942,1,0.4593452932237358,0
O036010,C03069,P00729,2025-11-24 16:33:43.970599,0,0.2067602291281945,0
O036011,C07149,P01511,2025-11-24 16:46:50.230255,1,0.3530617220877405,0
O036012,C05992,P01606,2025-11-24 16:59:56.489912,0,0.25040976032740336,0
O036013,C05189,P01525,2025-11-24 17:13:02.749568,1,0.08558382791660016,0
O036014,C07977,P00083,2025-11-24 17:26:09.009225,0,0.10960384205932208,0
O036015,C03809,P01060,2025-11-24 17:39:15.268881,0,0.1567626486275414,0
O036016,C06688,P00566,2025-11-24 17:52:21.528538,0,0.11234619007324868,0
O036017,C03602,P00186,2025-11-24 18:05:27.788194,1,0.0638994698526877,0
O036018,C07097,P00310,2025-11-24 18:18:34.047851,0,0.339020961545585,0
O036019,C05678,P01363,2025-11-24 18:31:40.307507,0,0.23054912667060257,0
O036020,C03195,P00260,2025-11-24 18:44:46.567164,0,0.11956614635048786,0
O036021,C01329,P00193,2025-11-24 18:57:52.826820,0,0.25275801820953137,0
O036022,C02178,P02262,2025-11-24 19:10:59.086477,0,0.16577408500314988,0
O036023,C06717,P00519,2025-11-24 19:24:05.346133,1,0.11782919304636147,0
O036024,C03574,P01825,2025-11-24 19:37:11.605790,0,0.1629916148472668,0
O036025,C04631,P01092,2025-11-24 19:50:17.865446,0,0.21116662930606475,0
O036026,C03583,P00320,2025-11-24 20:03:24.125103,0,0.12120736418389366,0
O036027,C02114,P00076,2025-11-24 20:16:30.384759,0,0.11018826416616141,0
O036028,C04826,P02352,2025-11-24 20:29:36.644416,0,0.3654927255309299,0
O036029,C01611,P02249,2025-11-24 20:42:42.904072,0,0.1468754068456555,0
O036030,C00315,P01274,2025-11-24 20:55:49.163729,0,0.10678384821321579,0
O036031,C06131,P01840,2025-11-24 21:08:55.423385,0,0.11845586193964791,0
O036032,C04525,P01767,2025-11-24 21:22:01.683042,0,0.12463525913110032,0
O036033,C07665,P02421,2025-11-24 21:35:07.942698,1,0.2696145246816425,0
O036034,C01274,P01360,2025-11-24 21:48:14.202355,0,0.26108808561098423,0
O036035,C00113,P00602,2025-11-24 22:01:20.462011,0,0.13492712556608724,0
O036036,C00880,P02418,2025-11-24 22:14:26.721668,0,0.11505780954764691,0
O036037,C05242,P01762,2025-11-24 22:27:32.981324,0,0.06517706607654382,0
O036038,C03755,P00901,2025-11-24 22:40:39.240981,0,0.2553870782663808,0
O036039,C00812,P01835,2025-11-24 22:53:45.500637,0,0.30539468496308175,0
O036040,C04537,P00199,2025-11-24 23:06:51.760294,1,0.36840128811080053,0
O036041,C00586,P01966,2025-11-24 23:19:58.019950,0,0.2517642738236577,0
O036042,C05574,P01891,2025-11-24 23:33:04.279606,0,0.07916654007251897,0
O036043,C00981,P00613,2025-11-24 23:46:10.539263,1,0.05979955267617746,0
O036044,C02635,P01766,2025-11-24 23:59:16.798919,0,0.10014710215066594,0
O036045,C06994,P01299,2025-11-25 00:12:23.058576,1,0.2612478060542269,0
O036046,C07415,P00237,2025-11-25 00:25:29.318232,0,0.10756027689476098,0
O036047,C06879,P00708,2025-11-25 00:38:35.577889,1,0.12330141142068395,0
O036048,C00537,P00331,2025-11-25 00:51:41.837545,0,0.16062559838850246,0
O036049,C06312,P00460,2025-11-25 01:04:48.097202,0,0.36767845437798163,0
O036050,C07608,P02241,2025-11-25 01:17:54.356858,1,0.43064493415162747,0
O036051,C04167,P00880,2025-11-25 01:31:00.616515,1,0.3274679073166048,0
O036052,C05678,P00137,2025-11-25 01:44:06.876171,0,0.2859662542647775,0
O036053,C01203,P01889,2025-11-25 01:57:13.135828,0,0.2029607804868413,0
O036054,C03082,P00906,2025-11-25 02:10:19.395484,1,0.34548387550650006,0
O036055,C02553,P00895,2025-11-25 02:23:25.655141,0,0.1466139869941918,0
O036056,C06358,P01776,2025-11-25 02:36:31.914797,1,0.1329144080277656,0
O036057,C00202,P01543,2025-11-25 02:49:38.174454,0,0.2576261527523382,0
O036058,C04443,P01669,2025-11-25 03:02:44.434110,0,0.07484578045442195,0
O036059,C04892,P02119,2025-11-25 03:15:50.693767,0,0.17083835401064795,0
O036060,C05747,P00287,2025-11-25 03:28:56.953423,0,0.13190239632120881,0
O036061,C01217,P00006,2025-11-25 03:42:03.213080,0,0.15811205912688195,0
O036062,C00607,P00642,2025-11-25 03:55:09.472736,0,0.23989142064274904,0
O036063,C02159,P00451,2025-11-25 04:08:15.732393,0,0.14917348930606694,0
O036064,C02733,P02397,2025-11-25 04:21:21.992049,0,0.07304950953181576,0
O036065,C05113,P00062,2025-11-25 04:34:28.251706,0,0.2636447426089087,0
O036066,C02606,P01324,2025-11-25 04:47:34.511362,1,0.09196614402553112,0
O036067,C04281,P01910,2025-11-25 05:00:40.771019,1,0.31759336619202255,0
O036068,C04636,P01513,2025-11-25 05:13:47.030675,0,0.1099632948094238,0
O036069,C01385,P02039,2025-11-25 05:26:53.290332,1,0.12836412578389797,0
O036070,C05983,P01437,2025-11-25 05:39:59.549988,0,0.22871354093311794,0
O036071,C07792,P02102,2025-11-25 05:53:05.809645,0,0.12479810250931664,0
O036072,C01543,P00322,2025-11-25 06:06:12.069301,1,0.29034257627624843,0
O036073,C06446,P00886,2025-11-25 06:19:18.328958,0,0.11025904208473661,0
O036074,C05951,P00822,2025-11-25 06:32:24.588614,0,0.18867451702218271,0
O036075,C05910,P00637,2025-11-25 06:45:30.848271,0,0.3313459741397293,0
O036076,C04855,P02214,2025-11-25 06:58:37.107927,0,0.2454721589548841,0
O036077,C07477,P01158,2025-11-25 07:11:43.367584,0,0.1804296559878462,0
O036078,C05368,P01528,2025-11-25 07:24:49.627240,0,0.08063424572176275,0
O036079,C04990,P00440,2025-11-25 07:37:55.886897,0,0.10900594452557667,0
O036080,C03245,P00610,2025-11-25 07:51:02.146553,1,0.40347372723176633,0
O036081,C05162,P01255,2025-11-25 08:04:08.406210,0,0.12208848610061908,0
O036082,C01428,P01062,2025-11-25 08:17:14.665866,0,0.14973131408676846,0
O036083,C01588,P01827,2025-11-25 08:30:20.925523,0,0.29945483307016785,0
O036084,C03590,P00245,2025-11-25 08:43:27.185179,0,0.26201370276399594,0
O036085,C07513,P00568,2025-11-25 08:56:33.444836,0,0.4422450864620369,0
O036086,C02532,P01616,2025-11-25 09:09:39.704492,0,0.34336862551357766,0
O036087,C02187,P01730,2025-11-25 09:22:45.964149,0,0.23506246620503402,0
O036088,C03546,P00422,2025-11-25 09:35:52.223805,0,0.16316385195356217,0
O036089,C01777,P00528,2025-11-25 09:48:58.483462,0,0.2925286114408754,0
O036090,C05262,P00074,2025-11-25 10:02:04.743118,1,0.36743827321619055,0
O036091,C07867,P00456,2025-11-25 10:15:11.002775,0,0.1056354593902377,0
O036092,C01029,P01484,2025-11-25 10:28:17.262431,1,0.3487122410659975,0
O036093,C06600,P01982,2025-11-25 10:41:23.522088,0,0.24078794083533125,0
O036094,C07759,P01683,2025-11-25 10:54:29.781744,0,0.08290887547605184,0
O036095,C06147,P02111,2025-11-25 11:07:36.041401,0,0.23181130634437283,0
O036096,C02245,P00209,2025-11-25 11:20:42.301057,0,0.2483429568673081,0
O036097,C02911,P00369,2025-11-25 11:33:48.560714,0,0.2346835080563407,0
O036098,C07192,P00736,2025-11-25 11:46:54.820370,0,0.38517423975914217,0
O036099,C05222,P01253,2025-11-25 12:00:01.080027,0,0.09024497988814317,0
O036100,C03770,P02283,2025-11-25 12:13:07.339683,1,0.09834403925215675,0
O036101,C03986,P00691,2025-11-25 12:26:13.599339,1,0.08068035773213998,0
O036102,C05060,P02306,2025-11-25 12:39:19.858996,0,0.08504809925119447,0
O036103,C04916,P00832,2025-11-25 12:52:26.118652,0,0.3210939219036131,0
O036104,C04292,P02206,2025-11-25 13:05:32.378309,0,0.18508082983895435,0
O036105,C00589,P00228,2025-11-25 13:18:38.637965,0,0.15360068903769927,0
O036106,C06034,P02255,2025-11-25 13:31:44.897622,1,0.17811360000892137,0
O036107,C04612,P02154,2025-11-25 13:44:51.157278,0,0.34293222418137265,0
O036108,C01660,P00648,2025-11-25 13:57:57.416935,0,0.1881572072139087,0
O036109,C03190,P01084,2025-11-25 14:11:03.676591,0,0.20568555608134906,0
O036110,C07049,P01154,2025-11-25 14:24:09.936248,0,0.2568155966939571,0
O036111,C00546,P02237,2025-11-25 14:37:16.195904,0,0.09703790163506561,0
O036112,C02866,P02437,2025-11-25 14:50:22.455561,0,0.2394806672320253,0
O036113,C02367,P01154,2025-11-25 15:03:28.715217,0,0.1676715905069906,0
O036114,C03473,P01018,2025-11-25 15:16:34.974874,0,0.14265580662929458,0
O036115,C03206,P02037,2025-11-25 15:29:41.234530,0,0.16041292677774338,0
O036116,C05491,P00781,2025-11-25 15:42:47.494187,0,0.5247994288554858,1
O036117,C01817,P01048,2025-11-25 15:55:53.753843,1,0.16376617669089266,0
O036118,C01750,P01945,2025-11-25 16:09:00.013500,0,0.17955593007521695,0
O036119,C05702,P01219,2025-11-25 16:22:06.273156,0,0.2688745875254247,0
O036120,C06851,P01506,2025-11-25 16:35:12.532813,1,0.4578436252143278,0
O036121,C07414,P00730,2025-11-25 16:48:18.792469,0,0.18096849863454198,0
O036122,C07912,P00585,2025-11-25 17:01:25.052126,0,0.1896783690834429,0
O036123,C03970,P02320,2025-11-25 17:14:31.311782,0,0.08175289883709848,0
O036124,C01693,P01341,2025-11-25 17:27:37.571439,1,0.33827563388635623,0
O036125,C00812,P01095,2025-11-25 17:40:43.831095,0,0.2981827525382164,0
O036126,C03186,P00924,2025-11-25 17:53:50.090752,1,0.14290877018491058,0
O036127,C00458,P01871,2025-11-25 18:06:56.350408,0,0.1789066964551535,0
O036128,C07294,P00586,2025-11-25 18:20:02.610065,0,0.10744463817946497,0
O036129,C02714,P00002,2025-11-25 18:33:08.869721,0,0.2105363089152759,0
O036130,C07056,P02240,2025-11-25 18:46:15.129378,1,0.34658035542675586,0
O036131,C05525,P01946,2025-11-25 18:59:21.389034,0,0.46629573812826813,0
O036132,C06164,P01304,2025-11-25 19:12:27.648691,0,0.10356118594338196,0
O036133,C05611,P00774,2025-11-25 19:25:33.908347,0,0.0813188856724725,0
O036134,C02511,P01794,2025-11-25 19:38:40.168004,0,0.09239636022915595,0
O036135,C01268,P01276,2025-11-25 19:51:46.427660,0,0.08980179682874287,0
O036136,C05078,P01152,2025-11-25 20:04:52.687317,0,0.2562007966863394,0
O036137,C00878,P00021,2025-11-25 20:17:58.946973,1,0.5189323769213522,1
O036138,C04915,P00742,2025-11-25 20:31:05.206630,0,0.105459118758558,0
O036139,C05220,P00488,2025-11-25 20:44:11.466286,0,0.5071844573198075,1
O036140,C06212,P02090,2025-11-25 20:57:17.725943,1,0.5758790749349146,1
O036141,C05339,P01828,2025-11-25 21:10:23.985599,0,0.6377841278339474,1
O036142,C05686,P02064,2025-11-25 21:23:30.245256,0,0.1093830644645487,0
O036143,C05477,P01399,2025-11-25 21:36:36.504912,0,0.3151415563808705,0
O036144,C06961,P00469,2025-11-25 21:49:42.764569,0,0.09317567616054667,0
O036145,C05860,P02255,2025-11-25 22:02:49.024225,1,0.17078218370900028,0
O036146,C06076,P00260,2025-11-25 22:15:55.283882,0,0.25280536143712956,0
O036147,C07074,P01184,2025-11-25 22:29:01.543538,0,0.09303337330090826,0
O036148,C05554,P01368,2025-11-25 22:42:07.803195,1,0.3292829120784453,0
O036149,C04139,P00851,2025-11-25 22:55:14.062851,0,0.2990879507021588,0
O036150,C03301,P01289,2025-11-25 23:08:20.322508,0,0.25945229258129837,0
O036151,C03739,P00583,2025-11-25 23:21:26.582164,0,0.37607773564112634,0
O036152,C01684,P00307,2025-11-25 23:34:32.841821,1,0.14272080257916883,0
O036153,C03413,P02247,2025-11-25 23:47:39.101477,1,0.1866541256042187,0
O036154,C01106,P01495,2025-11-26 00:00:45.361134,0,0.23434261817181787,0
O036155,C07167,P00502,2025-11-26 00:13:51.620790,1,0.09563717495659693,0
O036156,C00649,P02209,2025-11-26 00:26:57.880447,1,0.1058955800385367,0
O036157,C03688,P01819,2025-11-26 00:40:04.140103,1,0.27744169882761127,0
O036158,C01181,P02030,2025-11-26 00:53:10.399759,0,0.09982781855585325,0
O036159,C07129,P00847,2025-11-26 01:06:16.659416,1,0.4119490782680219,0
O036160,C02306,P01907,2025-11-26 01:19:22.919072,1,0.2480451805209305,0
O036161,C03228,P01497,2025-11-26 01:32:29.178729,0,0.09182687832431045,0
O036162,C07001,P02132,2025-11-26 01:45:35.438385,1,0.3922075432001844,0
O036163,C04542,P01422,2025-11-26 01:58:41.698042,0,0.3949184858405027,0
O036164,C02208,P00295,2025-11-26 02:11:47.957698,0,0.3285284501557889,0
O036165,C06972,P01511,2025-11-26 02:24:54.217355,0,0.5442842444331901,1
O036166,C01328,P01052,2025-11-26 02:38:00.477011,0,0.25483036336491066,0
O036167,C07737,P02324,2025-11-26 02:51:06.736668,0,0.13300075156928692,0
O036168,C05864,P00499,2025-11-26 03:04:12.996324,0,0.13003856566941868,0
O036169,C01944,P01043,2025-11-26 03:17:19.255981,1,0.282015919818005,0
O036170,C05086,P02109,2025-11-26 03:30:25.515637,0,0.3861661640724305,0
O036171,C01546,P00657,2025-11-26 03:43:31.775294,0,0.19520200202007812,0
O036172,C07034,P00337,2025-11-26 03:56:38.034950,0,0.19040078390139742,0
O036173,C05269,P01114,2025-11-26 04:09:44.294607,1,0.1710396954123127,0
O036174,C04342,P02220,2025-11-26 04:22:50.554263,0,0.07778534973354688,0
O036175,C05031,P00188,2025-11-26 04:35:56.813920,0,0.0599552874783193,0
O036176,C04644,P02444,2025-11-26 04:49:03.073576,0,0.11033873515451238,0
O036177,C05620,P00243,2025-11-26 05:02:09.333233,0,0.1452872504491945,0
O036178,C01236,P01456,2025-11-26 05:15:15.592889,1,0.34124807647005423,0
O036179,C07872,P01952,2025-11-26 05:28:21.852546,0,0.3929695382119644,0
O036180,C06349,P01801,2025-11-26 05:41:28.112202,0,0.09810069887063616,0
O036181,C04623,P01131,2025-11-26 05:54:34.371859,0,0.09491175698650438,0
O036182,C03263,P00166,2025-11-26 06:07:40.631515,1,0.09973837675056162,0
O036183,C05037,P01794,2025-11-26 06:20:46.891172,1,0.10270890028444775,0
O036184,C04861,P00717,2025-11-26 06:33:53.150828,0,0.2768367547719177,0
O036185,C02234,P01575,2025-11-26 06:46:59.410485,0,0.1994454820089499,0
O036186,C06912,P02058,2025-11-26 07:00:05.670141,0,0.10431228712650337,0
O036187,C01936,P02085,2025-11-26 07:13:11.929798,0,0.24348302382505105,0
O036188,C04168,P02146,2025-11-26 07:26:18.189454,0,0.0853088792649102,0
O036189,C02461,P01020,2025-11-26 07:39:24.449111,0,0.27894974517802434,0
O036190,C07294,P01587,2025-11-26 07:52:30.708767,0,0.14885575627397074,0
O036191,C03128,P00448,2025-11-26 08:05:36.968424,0,0.14846301294664385,0
O036192,C04853,P02316,2025-11-26 08:18:43.228080,0,0.13515301617235712,0
O036193,C00902,P02275,2025-11-26 08:31:49.487737,0,0.26773646322449973,0
O036194,C04762,P00088,2025-11-26 08:44:55.747393,0,0.13578509316145637,0
O036195,C02460,P00285,2025-11-26 08:58:02.007050,0,0.08009746700448961,0
O036196,C02175,P02167,2025-11-26 09:11:08.266706,0,0.4789229666107809,0
O036197,C01601,P01704,2025-11-26 09:24:14.526363,0,0.08609159347101575,0
O036198,C00840,P02420,2025-11-26 09:37:20.786019,0,0.29942029153853345,0
O036199,C00040,P02088,2025-11-26 09:50:27.045676,0,0.0956279223068942,0
O036200,C05545,P01915,2025-11-26 10:03:33.305332,0,0.10325865278064626,0
O036201,C05881,P01061,2025-11-26 10:16:39.564989,1,0.3613888957096545,0
O036202,C03419,P02215,2025-11-26 10:29:45.824645,0,0.11423539050934643,0
O036203,C06738,P02499,2025-11-26 10:42:52.084302,0,0.11325603798646647,0
O036204,C02363,P01003,2025-11-26 10:55:58.343958,0,0.24530017357204473,0
O036205,C04302,P01927,2025-11-26 11:09:04.603615,0,0.12408409990585942,0
O036206,C06542,P01896,2025-11-26 11:22:10.863271,0,0.5018705509556992,1
O036207,C04442,P02099,2025-11-26 11:35:17.122928,0,0.08123541284759378,0
O036208,C05285,P00806,2025-11-26 11:48:23.382584,0,0.35350032247686447,0
O036209,C01502,P00794,2025-11-26 12:01:29.642241,0,0.20147107521792215,0
O036210,C03775,P01395,2025-11-26 12:14:35.901897,1,0.26829450255702364,0
O036211,C06829,P00069,2025-11-26 12:27:42.161554,0,0.1294338908380587,0
O036212,C06744,P01858,2025-11-26 12:40:48.421210,0,0.32289220972514543,0
O036213,C07981,P02021,2025-11-26 12:53:54.680867,1,0.18088317461182396,0
O036214,C05190,P00275,2025-11-26 13:07:00.940523,0,0.07312190367568742,0
O036215,C07488,P01991,2025-11-26 13:20:07.200180,0,0.3823212960895161,0
O036216,C00074,P00794,2025-11-26 13:33:13.459836,1,0.09320530565620425,0
O036217,C05738,P00674,2025-11-26 13:46:19.719492,0,0.07538962920822405,0
O036218,C07776,P00379,2025-11-26 13:59:25.979149,0,0.12488637639743348,0
O036219,C04854,P00833,2025-11-26 14:12:32.238805,0,0.20231825469551595,0
O036220,C03844,P01489,2025-11-26 14:25:38.498462,0,0.07656546760026177,0
O036221,C03057,P00213,2025-11-26 14:38:44.758118,0,0.2662770859638217,0
O036222,C05496,P01871,2025-11-26 14:51:51.017775,0,0.0805112857515262,0
O036223,C07732,P01995,2025-11-26 15:04:57.277431,0,0.11400624338574608,0
O036224,C02301,P00358,2025-11-26 15:18:03.537088,0,0.22040800209457598,0
O036225,C07742,P01977,2025-11-26 15:31:09.796744,0,0.34698700190923915,0
O036226,C00586,P01469,2025-11-26 15:44:16.056401,0,0.2848545598196355,0
O036227,C04567,P00599,2025-11-26 15:57:22.316057,0,0.27278175269644145,0
O036228,C00195,P00129,2025-11-26 16:10:28.575714,0,0.17198854860725968,0
O036229,C07371,P00314,2025-11-26 16:23:34.835370,0,0.33224955918526866,0
O036230,C04701,P00536,2025-11-26 16:36:41.095027,0,0.11243534638118723,0
O036231,C03161,P01840,2025-11-26 16:49:47.354683,0,0.11079191128674007,0
O036232,C02872,P02287,2025-11-26 17:02:53.614340,0,0.18079476998118918,0
O036233,C02572,P02438,2025-11-26 17:15:59.873996,1,0.4119039308865547,0
O036234,C00294,P00565,2025-11-26 17:29:06.133653,0,0.06741247425261201,0
O036235,C00095,P00988,2025-11-26 17:42:12.393309,0,0.11958704501087347,0
O036236,C06189,P01978,2025-11-26 17:55:18.652966,0,0.14682150485072504,0
O036237,C00122,P00113,2025-11-26 18:08:24.912622,0,0.23753666883948704,0
O036238,C04503,P01178,2025-11-26 18:21:31.172279,0,0.05579528228588064,0
O036239,C06499,P00824,2025-11-26 18:34:37.431935,0,0.06244331889542012,0
O036240,C05000,P02208,2025-11-26 18:47:43.691592,0,0.11601805036187997,0
O036241,C04994,P00933,2025-11-26 19:00:49.951248,1,0.09338788416301001,0
O036242,C01133,P01898,2025-11-26 19:13:56.210905,0,0.06719595663503808,0
O036243,C05445,P02339,2025-11-26 19:27:02.470561,0,0.14900776501014162,0
O036244,C03676,P00568,2025-11-26 19:40:08.730218,1,0.46545740214911635,0
O036245,C04595,P00614,2025-11-26 19:53:14.989874,1,0.1939952931087886,0
O036246,C03833,P00043,2025-11-26 20:06:21.249531,1,0.31813082308887697,0
O036247,C04735,P01233,2025-11-26 20:19:27.509187,0,0.17628450701286041,0
O036248,C02160,P02268,2025-11-26 20:32:33.768844,0,0.3933503579527759,0
O036249,C05334,P02396,2025-11-26 20:45:40.028500,0,0.059129874667635605,0
O036250,C07687,P00735,2025-11-26 20:58:46.288157,0,0.3844383200707546,0
O036251,C03522,P01896,2025-11-26 21:11:52.547813,0,0.3106946756399736,0
O036252,C06525,P01623,2025-11-26 21:24:58.807470,0,0.13249258683829576,0
O036253,C01821,P01897,2025-11-26 21:38:05.067126,1,0.34529720120878526,0
O036254,C04458,P00599,2025-11-26 21:51:11.326783,0,0.48957942495767603,0
O036255,C02243,P01529,2025-11-26 22:04:17.586439,1,0.29279144686031133,0
O036256,C01595,P00437,2025-11-26 22:17:23.846096,0,0.10117498078251347,0
O036257,C06882,P00179,2025-11-26 22:30:30.105752,0,0.1322661298683339,0
O036258,C00291,P01618,2025-11-26 22:43:36.365409,0,0.10892593514700463,0
O036259,C04553,P00075,2025-11-26 22:56:42.625065,0,0.1649483031799106,0
O036260,C06796,P01417,2025-11-26 23:09:48.884722,0,0.38482547775341786,0
O036261,C05744,P00995,2025-11-26 23:22:55.144378,0,0.28617995434673876,0
O036262,C01077,P00887,2025-11-26 23:36:01.404035,0,0.10084171861411502,0
O036263,C02255,P01606,2025-11-26 23:49:07.663691,0,0.3520118155343588,0
O036264,C07031,P00045,2025-11-27 00:02:13.923348,0,0.1760238030924776,0
O036265,C01399,P01511,2025-11-27 00:15:20.183004,1,0.36186944879021465,0
O036266,C01938,P01222,2025-11-27 00:28:26.442661,1,0.2858291576997783,0
O036267,C06672,P00535,2025-11-27 00:41:32.702317,0,0.47975898846557696,0
O036268,C04189,P02432,2025-11-27 00:54:38.961974,0,0.24110425932585955,0
O036269,C04501,P01923,2025-11-27 01:07:45.221630,1,0.1855523797193442,0
O036270,C03542,P00748,2025-11-27 01:20:51.481287,0,0.14173639672229343,0
O036271,C05192,P00056,2025-11-27 01:33:57.740943,0,0.2587304353468966,0
O036272,C00127,P01745,2025-11-27 01:47:04.000600,1,0.15878283986084024,0
O036273,C02241,P00410,2025-11-27 02:00:10.260256,0,0.32002236165390446,0
O036274,C07951,P00214,2025-11-27 02:13:16.519912,0,0.1448159911460701,0
O036275,C05794,P01277,2025-11-27 02:26:22.779569,0,0.12556143293606686,0
O036276,C07593,P02294,2025-11-27 02:39:29.039225,1,0.13679586635885585,0
O036277,C01434,P00552,2025-11-27 02:52:35.298882,1,0.24495945537787087,0
O036278,C04111,P00640,2025-11-27 03:05:41.558538,0,0.11174279615034781,0
O036279,C03421,P00068,2025-11-27 03:18:47.818195,1,0.17715278025416353,0
O036280,C04545,P00502,2025-11-27 03:31:54.077851,0,0.09157670066621286,0
O036281,C04305,P01880,2025-11-27 03:45:00.337508,0,0.20385872678218972,0
O036282,C06797,P00309,2025-11-27 03:58:06.597164,1,0.2167954125616625,0
O036283,C02269,P00722,2025-11-27 04:11:12.856821,0,0.13324900272036347,0
O036284,C07857,P02299,2025-11-27 04:24:19.116477,0,0.4423954123399616,0
O036285,C04205,P01782,2025-11-27 04:37:25.376134,0,0.10870459297790999,0
O036286,C07010,P00433,2025-11-27 04:50:31.635790,1,0.48243665466953056,0
O036287,C07020,P02321,2025-11-27 05:03:37.895447,0,0.1422861530812124,0
O036288,C00425,P00534,2025-11-27 05:16:44.155103,0,0.27349618557400973,0
O036289,C03596,P02317,2025-11-27 05:29:50.414760,1,0.3265866255895726,0
O036290,C03354,P02371,2025-11-27 05:42:56.674416,0,0.07762659325381298,0
O036291,C03826,P01266,2025-11-27 05:56:02.934073,0,0.0728917030541415,0
O036292,C06791,P00013,2025-11-27 06:09:09.193729,0,0.19265876676954471,0
O036293,C00712,P02328,2025-11-27 06:22:15.453386,0,0.1328857550981101,0
O036294,C05501,P02037,2025-11-27 06:35:21.713042,0,0.17170377726011707,0
O036295,C03404,P01004,2025-11-27 06:48:27.972699,0,0.5960426962947535,1
O036296,C04484,P00596,2025-11-27 07:01:34.232355,1,0.3422953216048038,0
O036297,C06050,P01802,2025-11-27 07:14:40.492012,0,0.10006771651462731,0
O036298,C04537,P00472,2025-11-27 07:27:46.751668,0,0.11059558870170859,0
O036299,C07395,P00441,2025-11-27 07:40:53.011325,0,0.4428417651491738,0
O036300,C06927,P00280,2025-11-27 07:53:59.270981,1,0.25159289929663686,0
O036301,C03663,P01356,2025-11-27 08:07:05.530638,0,0.15505933885018408,0
O036302,C07796,P01153,2025-11-27 08:20:11.790294,0,0.07930835593877102,0
O036303,C06067,P00123,2025-11-27 08:33:18.049951,0,0.06537123853878149,0
O036304,C07280,P00808,2025-11-27 08:46:24.309607,0,0.3647123011864634,0
O036305,C01841,P00911,2025-11-27 08:59:30.569264,0,0.21787385646032698,0
O036306,C02560,P00571,2025-11-27 09:12:36.828920,0,0.08101451419362506,0
O036307,C05954,P01306,2025-11-27 09:25:43.088577,1,0.2953119807087914,0
O036308,C03208,P00526,2025-11-27 09:38:49.348233,0,0.10857167239028585,0
O036309,C05838,P00650,2025-11-27 09:51:55.607890,0,0.15878328214173967,0
O036310,C07059,P00988,2025-11-27 10:05:01.867546,0,0.08450044475906553,0
O036311,C07429,P00466,2025-11-27 10:18:08.127203,0,0.11911915917802088,0
O036312,C05362,P02156,2025-11-27 10:31:14.386859,0,0.34309279526039066,0
O036313,C00866,P01783,2025-11-27 10:44:20.646516,0,0.3401303572987618,0
O036314,C00041,P02393,2025-11-27 10:57:26.906172,0,0.25319417812301676,0
O036315,C02465,P01577,2025-11-27 11:10:33.165829,0,0.12132658283758979,0
O036316,C05563,P00257,2025-11-27 11:23:39.425485,1,0.32905051849438566,0
O036317,C02900,P01041,2025-11-27 11:36:45.685142,0,0.1825837232382913,0
O036318,C05466,P00698,2025-11-27 11:49:51.944798,0,0.11951497077272637,0
O036319,C05012,P00435,2025-11-27 12:02:58.204455,0,0.06768190196093515,0
O036320,C02752,P00267,2025-11-27 12:16:04.464111,0,0.13962674708956596,0
O036321,C01946,P02297,2025-11-27 12:29:10.723768,0,0.25029051426387816,0
O036322,C03908,P01671,2025-11-27 12:42:16.983424,0,0.15990068525492884,0
O036323,C02132,P01049,2025-11-27 12:55:23.243081,0,0.10987236196655505,0
O036324,C00333,P02114,2025-11-27 13:08:29.502737,0,0.21356022999004423,0
O036325,C04535,P00657,2025-11-27 13:21:35.762394,0,0.320477913281855,0
O036326,C01998,P00026,2025-11-27 13:34:42.022050,0,0.12657085486577838,0
O036327,C01870,P00445,2025-11-27 13:47:48.281707,1,0.2088796371930229,0
O036328,C04556,P01238,2025-11-27 14:00:54.541363,1,0.35251874503885705,0
O036329,C01719,P00659,2025-11-27 14:14:00.801020,1,0.16315434155082512,0
O036330,C00752,P00160,2025-11-27 14:27:07.060676,0,0.15573177898735932,0
O036331,C00011,P01000,2025-11-27 14:40:13.320333,1,0.3668372320075147,0
O036332,C01500,P02341,2025-11-27 14:53:19.579989,0,0.07493569556005908,0
O036333,C02408,P00974,2025-11-27 15:06:25.839645,0,0.1674138477579451,0
O036334,C06389,P00513,2025-11-27 15:19:32.099302,0,0.08742110877711258,0
O036335,C04709,P01066,2025-11-27 15:32:38.358958,0,0.23433669411164276,0
O036336,C01068,P01596,2025-11-27 15:45:44.618615,0,0.0653425427455101,0
O036337,C00381,P00543,2025-11-27 15:58:50.878271,0,0.11261095956482023,0
O036338,C01569,P00925,2025-11-27 16:11:57.137928,0,0.13312175696095327,0
O036339,C03794,P01570,2025-11-27 16:25:03.397584,0,0.06406912495364747,0
O036340,C04651,P00989,2025-11-27 16:38:09.657241,0,0.2938367312527446,0
O036341,C02641,P02351,2025-11-27 16:51:15.916897,0,0.14091556581429868,0
O036342,C00585,P00844,2025-11-27 17:04:22.176554,0,0.1160706341715014,0
O036343,C06757,P01898,2025-11-27 17:17:28.436210,0,0.11965537250630912,0
O036344,C03121,P00979,2025-11-27 17:30:34.695867,1,0.17059285443028666,0
O036345,C00490,P01938,2025-11-27 17:43:40.955523,0,0.3861339465599615,0
O036346,C06495,P01251,2025-11-27 17:56:47.215180,1,0.17917484637957456,0
O036347,C00507,P01780,2025-11-27 18:09:53.474836,1,0.16179534928935785,0
O036348,C03726,P01362,2025-11-27 18:22:59.734493,0,0.1316069215526034,0
O036349,C04346,P01223,2025-11-27 18:36:05.994149,0,0.19330003815356456,0
O036350,C00355,P01997,2025-11-27 18:49:12.253806,0,0.08691634243108534,0
O036351,C01800,P00109,2025-11-27 19:02:18.513462,0,0.08921980663413763,0
O036352,C04910,P01677,2025-11-27 19:15:24.773119,0,0.09646923087910192,0
O036353,C01308,P00191,2025-11-27 19:28:31.032775,0,0.13342402364484002,0
O036354,C02398,P01704,2025-11-27 19:41:37.292432,0,0.08305701341802944,0
O036355,C05198,P00718,2025-11-27 19:54:43.552088,0,0.13945744747977742,0
O036356,C00562,P02063,2025-11-27 20:07:49.811745,0,0.10638745885793931,0
O036357,C07640,P01435,2025-11-27 20:20:56.071401,0,0.1021574376284868,0
O036358,C07252,P00902,2025-11-27 20:34:02.331058,0,0.11724576094799714,0
O036359,C07310,P02080,2025-11-27 20:47:08.590714,0,0.2251242026659059,0
O036360,C01367,P02380,2025-11-27 21:00:14.850371,0,0.38658606196862294,0
O036361,C05724,P00793,2025-11-27 21:13:21.110027,0,0.2575682996513595,0
O036362,C03222,P01289,2025-11-27 21:26:27.369684,0,0.20819166073936934,0
O036363,C02062,P01976,2025-11-27 21:39:33.629340,0,0.22644979077778024,0
O036364,C02994,P00610,2025-11-27 21:52:39.888997,0,0.23187348608547206,0
O036365,C03660,P00559,2025-11-27 22:05:46.148653,0,0.08005789693987199,0
O036366,C03010,P00132,2025-11-27 22:18:52.408310,1,0.33979684960802603,0
O036367,C01167,P00251,2025-11-27 22:31:58.667966,0,0.12352720483743491,0
O036368,C02819,P02159,2025-11-27 22:45:04.927623,0,0.16579011412581846,0
O036369,C07536,P02369,2025-11-27 22:58:11.187279,1,0.5335078292860335,1
O036370,C01713,P01094,2025-11-27 23:11:17.446936,0,0.11807811765226711,0
O036371,C05808,P00929,2025-11-27 23:24:23.706592,0,0.29899419913411673,0
O036372,C03073,P01266,2025-11-27 23:37:29.966249,0,0.0678180575398633,0
O036373,C03072,P02372,2025-11-27 23:50:36.225905,0,0.12959406803536683,0
O036374,C00959,P00492,2025-11-28 00:03:42.485562,0,0.23323579405268416,0
O036375,C05805,P00399,2025-11-28 00:16:48.745218,0,0.13161574611833932,0
O036376,C07087,P01428,2025-11-28 00:29:55.004875,0,0.11553859454224558,0
O036377,C03245,P00271,2025-11-28 00:43:01.264531,0,0.2411955168653103,0
O036378,C06220,P00999,2025-11-28 00:56:07.524188,0,0.22396659596901247,0
O036379,C03575,P00750,2025-11-28 01:09:13.783844,0,0.16764999000799785,0
O036380,C05176,P00815,2025-11-28 01:22:20.043501,1,0.29580845100700925,0
O036381,C07973,P01681,2025-11-28 01:35:26.303157,0,0.1375185096481076,0
O036382,C07672,P01797,2025-11-28 01:48:32.562814,0,0.07621683578143047,0
O036383,C02673,P01810,2025-11-28 02:01:38.822470,0,0.11559140480782189,0
O036384,C07045,P01048,2025-11-28 02:14:45.082127,0,0.15516093575432588,0
O036385,C02179,P00875,2025-11-28 02:27:51.341783,0,0.1433764620137569,0
O036386,C03962,P01601,2025-11-28 02:40:57.601440,0,0.3028602850076616,0
O036387,C02890,P01752,2025-11-28 02:54:03.861096,0,0.3552706966303578,0
O036388,C06001,P01139,2025-11-28 03:07:10.120753,1,0.09095562758634035,0
O036389,C01476,P00979,2025-11-28 03:20:16.380409,0,0.11399229956930401,0
O036390,C00705,P02035,2025-11-28 03:33:22.640066,0,0.34261533210527856,0
O036391,C03877,P01923,2025-11-28 03:46:28.899722,0,0.2378992463861182,0
O036392,C07018,P01526,2025-11-28 03:59:35.159378,0,0.3321877602828207,0
O036393,C01271,P00995,2025-11-28 04:12:41.419035,0,0.2270796739254124,0
O036394,C07894,P01097,2025-11-28 04:25:47.678691,0,0.15563129440983828,0
O036395,C05967,P00705,2025-11-28 04:38:53.938348,1,0.36473822172000575,0
O036396,C05033,P00728,2025-11-28 04:52:00.198004,0,0.19481078737046953,0
O036397,C06366,P01303,2025-11-28 05:05:06.457661,0,0.10723698846170474,0
O036398,C03565,P01092,2025-11-28 05:18:12.717317,0,0.33867976687319795,0
O036399,C02241,P02048,2025-11-28 05:31:18.976974,0,0.35422976557000774,0
O036400,C06816,P02484,2025-11-28 05:44:25.236630,0,0.17043704774866822,0
O036401,C01594,P01611,2025-11-28 05:57:31.496287,0,0.10909278850379417,0
O036402,C01172,P00852,2025-11-28 06:10:37.755943,1,0.15780667822287342,0
O036403,C02696,P02379,2025-11-28 06:23:44.015600,0,0.160596844795843,0
O036404,C05836,P00063,2025-11-28 06:36:50.275256,0,0.14518897729964705,0
O036405,C03564,P00609,2025-11-28 06:49:56.534913,0,0.25052383974194514,0
O036406,C00923,P00048,2025-11-28 07:03:02.794569,0,0.12651409942266342,0
O036407,C07759,P01266,2025-11-28 07:16:09.054226,0,0.06912408592495482,0
O036408,C01346,P01574,2025-11-28 07:29:15.313882,0,0.19457084282191978,0
O036409,C04227,P01692,2025-11-28 07:42:21.573539,0,0.08949219025101866,0
O036410,C03824,P00074,2025-11-28 07:55:27.833195,0,0.24295675715284465,0
O036411,C02085,P00517,2025-11-28 08:08:34.092852,0,0.08324047947925228,0
O036412,C01354,P00117,2025-11-28 08:21:40.352508,0,0.05963390584889144,0
O036413,C00444,P01351,2025-11-28 08:34:46.612165,1,0.3542329607281749,0
O036414,C06253,P01686,2025-11-28 08:47:52.871821,0,0.10262687749904623,0
O036415,C05157,P02126,2025-11-28 09:00:59.131478,0,0.20304312932896507,0
O036416,C04616,P01582,2025-11-28 09:14:05.391134,0,0.25907676257395484,0
O036417,C03028,P02428,2025-11-28 09:27:11.650791,0,0.12533687321239906,0
O036418,C05538,P01812,2025-11-28 09:40:17.910447,0,0.14492164504342184,0
O036419,C07930,P02443,2025-11-28 09:53:24.170104,0,0.40292113799352236,0
O036420,C03650,P02311,2025-11-28 10:06:30.429760,0,0.10855509842882585,0
O036421,C03431,P01359,2025-11-28 10:19:36.689417,0,0.13614213389515498,0
O036422,C05828,P01194,2025-11-28 10:32:42.949073,0,0.09989483585109173,0
O036423,C07898,P00821,2025-11-28 10:45:49.208730,1,0.34576927563140564,0
O036424,C06084,P02233,2025-11-28 10:58:55.468386,0,0.1262827227815048,0
O036425,C07818,P01231,2025-11-28 11:12:01.728043,0,0.1359915338715366,0
O036426,C06111,P01461,2025-11-28 11:25:07.987699,0,0.19984753328947755,0
O036427,C07480,P01883,2025-11-28 11:38:14.247356,0,0.12557042040682737,0
O036428,C07854,P02200,2025-11-28 11:51:20.507012,0,0.19318359124218135,0
O036429,C02711,P01830,2025-11-28 12:04:26.766669,0,0.13539892467026562,0
O036430,C03969,P02475,2025-11-28 12:17:33.026325,0,0.18291822788648868,0
O036431,C01850,P00874,2025-11-28 12:30:39.285982,0,0.3100410806325983,0
O036432,C04003,P00579,2025-11-28 12:43:45.545638,0,0.11138681389465395,0
O036433,C05602,P01339,2025-11-28 12:56:51.805295,0,0.2652131004076028,0
O036434,C05144,P01817,2025-11-28 13:09:58.064951,1,0.06811293731707332,0
O036435,C07362,P00184,2025-11-28 13:23:04.324608,0,0.2813320359991804,0
O036436,C02696,P02205,2025-11-28 13:36:10.584264,0,0.33456351919105,0
O036437,C07758,P00985,2025-11-28 13:49:16.843921,0,0.44868224852248834,0
O036438,C04531,P00070,2025-11-28 14:02:23.103577,0,0.197679993588454,0
O036439,C00884,P01170,2025-11-28 14:15:29.363234,0,0.0893801187018049,0
O036440,C00334,P00034,2025-11-28 14:28:35.622890,0,0.17260292660660023,0
O036441,C05853,P01816,2025-11-28 14:41:41.882547,0,0.10561536138098375,0
O036442,C05984,P00532,2025-11-28 14:54:48.142203,1,0.11971320191433982,0
O036443,C04051,P01206,2025-11-28 15:07:54.401860,0,0.2606893568971025,0
O036444,C00967,P00410,2025-11-28 15:21:00.661516,0,0.29893501068619,0
O036445,C02852,P00119,2025-11-28 15:34:06.921173,0,0.23964390739462993,0
O036446,C05085,P01133,2025-11-28 15:47:13.180829,1,0.5496634512532177,1
O036447,C05044,P00708,2025-11-28 16:00:19.440486,0,0.29389018766123726,0
O036448,C06512,P02255,2025-11-28 16:13:25.700142,1,0.13517179023289205,0
O036449,C04418,P01482,2025-11-28 16:26:31.959798,1,0.29491168800473927,0
O036450,C04828,P02228,2025-11-28 16:39:38.219455,0,0.18742008903973004,0
O036451,C03482,P01546,2025-11-28 16:52:44.479111,0,0.10535520711664817,0
O036452,C01049,P00285,2025-11-28 17:05:50.738768,0,0.27546648516578814,0
O036453,C06069,P01999,2025-11-28 17:18:56.998424,0,0.12876473305717112,0
O036454,C03740,P02157,2025-11-28 17:32:03.258081,0,0.09437063463570035,0
O036455,C00325,P00134,2025-11-28 17:45:09.517737,0,0.39462898644360733,0
O036456,C03999,P00387,2025-11-28 17:58:15.777394,0,0.1351911030169672,0
O036457,C04927,P01972,2025-11-28 18:11:22.037050,0,0.07691198045020481,0
O036458,C04077,P00873,2025-11-28 18:24:28.296707,0,0.16465875856054515,0
O036459,C01566,P00133,2025-11-28 18:37:34.556363,0,0.10874696188242704,0
O036460,C02754,P01528,2025-11-28 18:50:40.816020,0,0.11872495964253613,0
O036461,C06029,P01832,2025-11-28 19:03:47.075676,0,0.15206834044896583,0
O036462,C07724,P00700,2025-11-28 19:16:53.335333,1,0.2494700628938752,0
O036463,C00599,P02004,2025-11-28 19:29:59.594989,0,0.3066778674258581,0
O036464,C02522,P00714,2025-11-28 19:43:05.854646,0,0.15461213674204913,0
O036465,C01974,P01245,2025-11-28 19:56:12.114302,0,0.1949802911988301,0
O036466,C00605,P00728,2025-11-28 20:09:18.373959,0,0.3759226668531891,0
O036467,C06431,P00854,2025-11-28 20:22:24.633615,0,0.1177302191995097,0
O036468,C06413,P01122,2025-11-28 20:35:30.893272,1,0.40363401448969205,0
O036469,C06890,P01387,2025-11-28 20:48:37.152928,1,0.1618451645801938,0
O036470,C02659,P00115,2025-11-28 21:01:43.412585,0,0.15896048398572465,0
O036471,C01752,P01133,2025-11-28 21:14:49.672241,0,0.40985797821227016,0
O036472,C00801,P01530,2025-11-28 21:27:55.931898,1,0.22115542127293925,0
O036473,C04829,P02112,2025-11-28 21:41:02.191554,0,0.36064659841964947,0
O036474,C00155,P00943,2025-11-28 21:54:08.451211,0,0.10274342876650468,0
O036475,C06178,P00003,2025-11-28 22:07:14.710867,0,0.16556546652174356,0
O036476,C00382,P01544,2025-11-28 22:20:20.970524,0,0.2404139891793246,0
O036477,C02194,P00378,2025-11-28 22:33:27.230180,0,0.2020486184240464,0
O036478,C03546,P00357,2025-11-28 22:46:33.489837,0,0.3527059684407356,0
O036479,C03476,P02434,2025-11-28 22:59:39.749493,0,0.1409024268744431,0
O036480,C06904,P01807,2025-11-28 23:12:46.009150,0,0.2204154110996109,0
O036481,C05269,P00788,2025-11-28 23:25:52.268806,0,0.4069120759237253,0
O036482,C02069,P01201,2025-11-28 23:38:58.528463,1,0.21351060911607989,0
O036483,C03667,P02312,2025-11-28 23:52:04.788119,0,0.29843399283749056,0
O036484,C04434,P00263,2025-11-29 00:05:11.047776,0,0.2910673626154587,0
O036485,C04721,P01733,2025-11-29 00:18:17.307432,0,0.1495889341752737,0
O036486,C01445,P01656,2025-11-29 00:31:23.567089,1,0.4384610242658257,0
O036487,C01139,P00085,2025-11-29 00:44:29.826745,0,0.12071074247485633,0
O036488,C04522,P01571,2025-11-29 00:57:36.086402,0,0.26261518628087605,0
O036489,C05053,P00853,2025-11-29 01:10:42.346058,0,0.11139039276368738,0
O036490,C06730,P02025,2025-11-29 01:23:48.605715,0,0.1903154389501065,0
O036491,C04012,P01914,2025-11-29 01:36:54.865371,0,0.36170703824346084,0
O036492,C05373,P02262,2025-11-29 01:50:01.125028,1,0.12612050174433653,0
O036493,C00695,P01502,2025-11-29 02:03:07.384684,0,0.322496913801936,0
O036494,C03624,P01571,2025-11-29 02:16:13.644341,0,0.29279722313053447,0
O036495,C07082,P02209,2025-11-29 02:29:19.903997,0,0.32648092505410997,0
O036496,C05684,P01040,2025-11-29 02:42:26.163654,0,0.09882168140467233,0
O036497,C06554,P00457,2025-11-29 02:55:32.423310,0,0.10044410687157809,0
O036498,C05059,P01939,2025-11-29 03:08:38.682967,0,0.3505993954460303,0
O036499,C00527,P01214,2025-11-29 03:21:44.942623,0,0.22458073615528198,0
O036500,C03949,P01898,2025-11-29 03:34:51.202280,0,0.06953994439178526,0
O036501,C03221,P01820,2025-11-29 03:47:57.461936,0,0.1201554131559794,0
O036502,C00921,P02232,2025-11-29 04:01:03.721593,1,0.28220273598948276,0
O036503,C04272,P02144,2025-11-29 04:14:09.981249,0,0.29360026323312166,0
O036504,C04474,P01914,2025-11-29 04:27:16.240906,1,0.43043856547285164,0
O036505,C01539,P02318,2025-11-29 04:40:22.500562,0,0.10931485514970556,0
O036506,C00425,P01519,2025-11-29 04:53:28.760219,0,0.15909408980769912,0
O036507,C00149,P01042,2025-11-29 05:06:35.019875,0,0.34108341691675437,0
O036508,C00506,P01425,2025-11-29 05:19:41.279531,0,0.15418408260869165,0
O036509,C04196,P02367,2025-11-29 05:32:47.539188,0,0.1911349893700463,0
O036510,C01832,P01441,2025-11-29 05:45:53.798844,0,0.3354262944757422,0
O036511,C06583,P00898,2025-11-29 05:59:00.058501,0,0.1552651583225914,0
O036512,C00551,P01185,2025-11-29 06:12:06.318157,0,0.2095716425773851,0
O036513,C05092,P00414,2025-11-29 06:25:12.577814,0,0.3658439374315531,0
O036514,C01330,P01726,2025-11-29 06:38:18.837470,1,0.14233743986420463,0
O036515,C05953,P01869,2025-11-29 06:51:25.097127,0,0.13044026765663938,0
O036516,C04479,P02170,2025-11-29 07:04:31.356783,0,0.21113515615978848,0
O036517,C01912,P02459,2025-11-29 07:17:37.616440,0,0.08705952315702921,0
O036518,C03141,P00530,2025-11-29 07:30:43.876096,0,0.2121765977740248,0
O036519,C04228,P01293,2025-11-29 07:43:50.135753,0,0.4425417808347803,0
O036520,C04851,P01551,2025-11-29 07:56:56.395409,0,0.08784368335314743,0
O036521,C07583,P01739,2025-11-29 08:10:02.655066,1,0.11497216212818857,0
O036522,C00820,P01598,2025-11-29 08:23:08.914722,0,0.29558322048863767,0
O036523,C07238,P01795,2025-11-29 08:36:15.174379,0,0.16737687798747758,0
O036524,C05982,P01888,2025-11-29 08:49:21.434035,0,0.13158829762203794,0
O036525,C01755,P00649,2025-11-29 09:02:27.693692,1,0.4185824223710084,0
O036526,C01691,P01550,2025-11-29 09:15:33.953348,0,0.12326973434786075,0
O036527,C06560,P01707,2025-11-29 09:28:40.213005,0,0.327073564908762,0
O036528,C06236,P00764,2025-11-29 09:41:46.472661,1,0.2026644192477142,0
O036529,C03289,P00305,2025-11-29 09:54:52.732318,0,0.38378430080060877,0
O036530,C05325,P00161,2025-11-29 10:07:58.991974,0,0.09066552004902338,0
O036531,C04293,P00011,2025-11-29 10:21:05.251631,0,0.10629746445118571,0
O036532,C06631,P00857,2025-11-29 10:34:11.511287,0,0.08265826331393576,0
O036533,C03215,P01529,2025-11-29 10:47:17.770944,1,0.1671506150583352,0
O036534,C05810,P00877,2025-11-29 11:00:24.030600,0,0.12073584999073751,0
O036535,C02163,P02036,2025-11-29 11:13:30.290257,1,0.2883500870722135,0
O036536,C00558,P01484,2025-11-29 11:26:36.549913,0,0.21480107879416907,0
O036537,C00462,P00094,2025-11-29 11:39:42.809570,0,0.11767728729831155,0
O036538,C06350,P01804,2025-11-29 11:52:49.069226,1,0.22258099819087665,0
O036539,C01313,P01144,2025-11-29 12:05:55.328883,0,0.08724539159507787,0
O036540,C05380,P02191,2025-11-29 12:19:01.588539,1,0.3416892161960039,0
O036541,C00380,P02174,2025-11-29 12:32:07.848196,0,0.11617201782302991,0
O036542,C05349,P00737,2025-11-29 12:45:14.107852,0,0.1708268250260445,0
O036543,C01858,P01775,2025-11-29 12:58:20.367509,1,0.07386840789343975,0
O036544,C04085,P01685,2025-11-29 13:11:26.627165,0,0.08938512416081795,0
O036545,C07014,P01088,2025-11-29 13:24:32.886822,0,0.13432828125597326,0
O036546,C05193,P00503,2025-11-29 13:37:39.146478,1,0.19836389085505896,0
O036547,C01626,P01469,2025-11-29 13:50:45.406135,1,0.320831385745104,0
O036548,C05347,P00039,2025-11-29 14:03:51.665791,0,0.12263382112471019,0
O036549,C04623,P01618,2025-11-29 14:16:57.925448,0,0.09976263104390067,0
O036550,C06738,P01745,2025-11-29 14:30:04.185104,1,0.11646337114828767,0
O036551,C00319,P00723,2025-11-29 14:43:10.444761,0,0.14285104967887208,0
O036552,C02063,P01404,2025-11-29 14:56:16.704417,0,0.46393778096462934,0
O036553,C04271,P00993,2025-11-29 15:09:22.964074,0,0.09129589495025331,0
O036554,C06761,P02258,2025-11-29 15:22:29.223730,1,0.45693150129219523,0
O036555,C03140,P00181,2025-11-29 15:35:35.483387,0,0.09105731185623873,0
O036556,C04332,P01530,2025-11-29 15:48:41.743043,0,0.27988856591400385,0
O036557,C02728,P01121,2025-11-29 16:01:48.002700,0,0.3747118148532296,0
O036558,C06417,P02140,2025-11-29 16:14:54.262356,0,0.4563139718965547,0
O036559,C06597,P02477,2025-11-29 16:28:00.522013,0,0.32586836710989336,0
O036560,C02891,P02486,2025-11-29 16:41:06.781669,1,0.26583475478128116,0
O036561,C01016,P01012,2025-11-29 16:54:13.041326,0,0.10019237124644444,0
O036562,C00824,P01088,2025-11-29 17:07:19.300982,0,0.09000365022712437,0
O036563,C02538,P01887,2025-11-29 17:20:25.560639,1,0.24492479575883166,0
O036564,C00763,P00926,2025-11-29 17:33:31.820295,0,0.11277042431972667,0
O036565,C03680,P01198,2025-11-29 17:46:38.079952,0,0.1104715103921109,0
O036566,C06991,P00217,2025-11-29 17:59:44.339608,0,0.2476356979876219,0
O036567,C02628,P02233,2025-11-29 18:12:50.599264,0,0.10389223279973506,0
O036568,C04626,P02218,2025-11-29 18:25:56.858921,0,0.24598140352671435,0
O036569,C06945,P02471,2025-11-29 18:39:03.118577,1,0.15405963202602435,0
O036570,C07766,P02403,2025-11-29 18:52:09.378234,0,0.11523567617572834,0
O036571,C01230,P00903,2025-11-29 19:05:15.637890,0,0.12595929037038575,0
O036572,C07742,P02498,2025-11-29 19:18:21.897547,0,0.16356976221971878,0
O036573,C02652,P01692,2025-11-29 19:31:28.157203,0,0.10732297863301071,0
O036574,C05457,P00834,2025-11-29 19:44:34.416860,0,0.20898025477743243,0
O036575,C02766,P02180,2025-11-29 19:57:40.676516,0,0.1488128827011693,0
O036576,C06026,P01137,2025-11-29 20:10:46.936173,0,0.11238807838795639,0
O036577,C05434,P01001,2025-11-29 20:23:53.195829,0,0.10796928362947895,0
O036578,C01075,P00442,2025-11-29 20:36:59.455486,0,0.4476465582335318,0
O036579,C06407,P00233,2025-11-29 20:50:05.715142,1,0.351636051427462,0
O036580,C00622,P01337,2025-11-29 21:03:11.974799,0,0.34515728787950345,0
O036581,C06187,P01433,2025-11-29 21:16:18.234455,1,0.2968401434004104,0
O036582,C04890,P00514,2025-11-29 21:29:24.494112,0,0.21682060034952547,0
O036583,C04603,P00047,2025-11-29 21:42:30.753768,0,0.201948578844517,0
O036584,C03663,P00279,2025-11-29 21:55:37.013425,0,0.07511111092595911,0
O036585,C01097,P00859,2025-11-29 22:08:43.273081,0,0.059073484655661826,0
O036586,C03976,P00224,2025-11-29 22:21:49.532738,1,0.276064656609744,0
O036587,C02975,P01567,2025-11-29 22:34:55.792394,0,0.28110185385661884,0
O036588,C06948,P00394,2025-11-29 22:48:02.052051,1,0.3163971736530844,0
O036589,C07847,P01288,2025-11-29 23:01:08.311707,0,0.14322522808114052,0
O036590,C00144,P01152,2025-11-29 23:14:14.571364,0,0.21791089760702975,0
O036591,C03238,P00714,2025-11-29 23:27:20.831020,0,0.07067633090852528,0
O036592,C06735,P00771,2025-11-29 23:40:27.090677,0,0.2359880545388304,0
O036593,C01666,P00209,2025-11-29 23:53:33.350333,0,0.2411224962912348,0
O036594,C07201,P01435,2025-11-30 00:06:39.609990,0,0.07163695760216535,0
O036595,C00862,P00946,2025-11-30 00:19:45.869646,1,0.40410890239977704,0
O036596,C00525,P01220,2025-11-30 00:32:52.129303,0,0.06179715222957365,0
O036597,C02064,P02130,2025-11-30 00:45:58.388959,0,0.35018606632948474,0
O036598,C02637,P01393,2025-11-30 00:59:04.648616,0,0.09193152985119236,0
O036599,C02562,P00205,2025-11-30 01:12:10.908272,0,0.09972331968749805,0
O036600,C07331,P00993,2025-11-30 01:25:17.167929,0,0.13426556508834192,0
O036601,C05680,P01255,2025-11-30 01:38:23.427585,0,0.16729636205801462,0
O036602,C03136,P00122,2025-11-30 01:51:29.687242,0,0.1553031475672214,0
O036603,C02148,P00133,2025-11-30 02:04:35.946898,0,0.10789563291147389,0
O036604,C05360,P00877,2025-11-30 02:17:42.206555,0,0.0759837129191509,0
O036605,C05034,P00789,2025-11-30 02:30:48.466211,1,0.2989723062064027,0
O036606,C03054,P01456,2025-11-30 02:43:54.725868,0,0.10810337436701911,0
O036607,C00640,P00783,2025-11-30 02:57:00.985524,1,0.4001375498128704,0
O036608,C01326,P00953,2025-11-30 03:10:07.245181,0,0.10844271386019011,0
O036609,C06243,P01639,2025-11-30 03:23:13.504837,0,0.34720953020774087,0
O036610,C07786,P00376,2025-11-30 03:36:19.764494,0,0.3572214543385664,0
O036611,C07580,P00036,2025-11-30 03:49:26.024150,0,0.13159489717469147,0
O036612,C04467,P00856,2025-11-30 04:02:32.283807,0,0.28977025662574524,0
O036613,C02587,P02081,2025-11-30 04:15:38.543463,0,0.13832467924560726,0
O036614,C06356,P00350,2025-11-30 04:28:44.803120,0,0.14132520034493107,0
O036615,C00612,P01825,2025-11-30 04:41:51.062776,0,0.21281284845914036,0
O036616,C01940,P02456,2025-11-30 04:54:57.322433,0,0.1645209421069609,0
O036617,C06080,P01462,2025-11-30 05:08:03.582089,0,0.21169898349327898,0
O036618,C02297,P01198,2025-11-30 05:21:09.841746,0,0.16411613859491433,0
O036619,C05972,P02204,2025-11-30 05:34:16.101402,0,0.09181501999382209,0
O036620,C04625,P02276,2025-11-30 05:47:22.361059,0,0.10069407074027605,0
O036621,C05835,P00141,2025-11-30 06:00:28.620715,0,0.1171370341402734,0
O036622,C06737,P00391,2025-11-30 06:13:34.880372,0,0.11480644068390894,0
O036623,C02457,P01314,2025-11-30 06:26:41.140028,0,0.11855520875092221,0
O036624,C02321,P01048,2025-11-30 06:39:47.399684,0,0.2000670279697405,0
O036625,C04162,P01753,2025-11-30 06:52:53.659341,0,0.11026468524556676,0
O036626,C01837,P01159,2025-11-30 07:05:59.918997,0,0.31679479527223803,0
O036627,C04584,P00019,2025-11-30 07:19:06.178654,1,0.3062021949135019,0
O036628,C06928,P00959,2025-11-30 07:32:12.438310,0,0.19576396271384494,0
O036629,C07434,P00656,2025-11-30 07:45:18.697967,0,0.25969652961960926,0
O036630,C07442,P00764,2025-11-30 07:58:24.957623,0,0.23429369507062706,0
O036631,C05831,P02175,2025-11-30 08:11:31.217280,0,0.18986617943841813,0
O036632,C07094,P01566,2025-11-30 08:24:37.476936,0,0.11257991728966642,0
O036633,C07346,P01999,2025-11-30 08:37:43.736593,0,0.2034573804138308,0
O036634,C06695,P02363,2025-11-30 08:50:49.996249,0,0.09401033218047608,0
O036635,C03747,P00721,2025-11-30 09:03:56.255906,0,0.1540521137308109,0
O036636,C01526,P02175,2025-11-30 09:17:02.515562,0,0.12360335552002656,0
O036637,C00941,P01254,2025-11-30 09:30:08.775219,0,0.19420752622479356,0
O036638,C06124,P01725,2025-11-30 09:43:15.034875,0,0.30198861631642837,0
O036639,C02438,P01254,2025-11-30 09:56:21.294532,0,0.13519438805665202,0
O036640,C02730,P01507,2025-11-30 10:09:27.554188,1,0.10924000155656396,0
O036641,C00346,P02173,2025-11-30 10:22:33.813845,1,0.09193197828445089,0
O036642,C03759,P00924,2025-11-30 10:35:40.073501,0,0.08786685177641698,0
O036643,C07408,P00265,2025-11-30 10:48:46.333158,0,0.22279057850728015,0
O036644,C06837,P01397,2025-11-30 11:01:52.592814,1,0.4130955227117349,0
O036645,C03290,P00731,2025-11-30 11:14:58.852471,0,0.23367679846589337,0
O036646,C03825,P02193,2025-11-30 11:28:05.112127,0,0.24356618063876298,0
O036647,C06950,P01456,2025-11-30 11:41:11.371784,0,0.16336911507673316,0
O036648,C02156,P02290,2025-11-30 11:54:17.631440,1,0.16095134466213779,0
O036649,C06266,P02298,2025-11-30 12:07:23.891097,0,0.17367514404398646,0
O036650,C05881,P01241,2025-11-30 12:20:30.150753,0,0.4555677556028096,0
O036651,C04272,P00593,2025-11-30 12:33:36.410410,0,0.26703582109814794,0
O036652,C00524,P01744,2025-11-30 12:46:42.670066,0,0.08422271341437237,0
O036653,C00048,P02257,2025-11-30 12:59:48.929723,1,0.1709428546185732,0
O036654,C01011,P01414,2025-11-30 13:12:55.189379,0,0.09097622708363204,0
O036655,C00832,P02479,2025-11-30 13:26:01.449036,0,0.23367148959920783,0
O036656,C02171,P00006,2025-11-30 13:39:07.708692,0,0.11070260736492284,0
O036657,C05417,P02201,2025-11-30 13:52:13.968349,0,0.09663588232063706,0
O036658,C06212,P01643,2025-11-30 14:05:20.228005,1,0.220602052117429,0
O036659,C07324,P00351,2025-11-30 14:18:26.487662,0,0.09520146815330016,0
O036660,C01348,P00286,2025-11-30 14:31:32.747318,0,0.12520522815892887,0
O036661,C07836,P01899,2025-11-30 14:44:39.006975,0,0.1674202246688417,0
O036662,C00117,P00339,2025-11-30 14:57:45.266631,0,0.2309314584752718,0
O036663,C04904,P02321,2025-11-30 15:10:51.526288,0,0.13255876085815774,0
O036664,C06590,P01042,2025-11-30 15:23:57.785944,0,0.31370835954354925,0
O036665,C02825,P00011,2025-11-30 15:37:04.045601,0,0.09246674877089175,0
O036666,C05103,P02035,2025-11-30 15:50:10.305257,1,0.2859208806045065,0
O036667,C06006,P02190,2025-11-30 16:03:16.564914,0,0.12580813124979498,0
O036668,C07639,P00863,2025-11-30 16:16:22.824570,0,0.18533198886191926,0
O036669,C07162,P02101,2025-11-30 16:29:29.084227,0,0.3229010697545733,0
O036670,C00945,P01599,2025-11-30 16:42:35.343883,1,0.34568054490684286,0
O036671,C03511,P02466,2025-11-30 16:55:41.603540,0,0.2319217535426215,0
O036672,C05985,P00410,2025-11-30 17:08:47.863196,0,0.36684506240120707,0
O036673,C01393,P01305,2025-11-30 17:21:54.122853,0,0.1016147230269469,0
O036674,C03699,P02408,2025-11-30 17:35:00.382509,0,0.36237562104730275,0
O036675,C07836,P00061,2025-11-30 17:48:06.642166,0,0.19000774477141208,0
O036676,C07369,P00228,2025-11-30 18:01:12.901822,0,0.07126390638417347,0
O036677,C01694,P00682,2025-11-30 18:14:19.161479,0,0.10136852242052434,0
O036678,C06783,P00507,2025-11-30 18:27:25.421135,1,0.29343245347639146,0
O036679,C05018,P01973,2025-11-30 18:40:31.680792,0,0.08090565606211036,0
O036680,C00331,P01191,2025-11-30 18:53:37.940448,0,0.055738203491652115,0
O036681,C07311,P00999,2025-11-30 19:06:44.200105,0,0.16012298799039476,0
O036682,C03615,P02495,2025-11-30 19:19:50.459761,0,0.18439381863039012,0
O036683,C01817,P01238,2025-11-30 19:32:56.719417,0,0.260001944779673,0
O036684,C05119,P00170,2025-11-30 19:46:02.979074,0,0.08533068130322105,0
O036685,C02147,P00601,2025-11-30 19:59:09.238730,1,0.19751386730030435,0
O036686,C07699,P01031,2025-11-30 20:12:15.498387,0,0.22113203378169313,0
O036687,C02418,P00663,2025-11-30 20:25:21.758043,0,0.14306102175129842,0
O036688,C05086,P01582,2025-11-30 20:38:28.017700,0,0.20492389296762023,0
O036689,C06299,P00317,2025-11-30 20:51:34.277356,0,0.1686407225747594,0
O036690,C04194,P00057,2025-11-30 21:04:40.537013,0,0.13984483458888122,0
O036691,C03526,P01835,2025-11-30 21:17:46.796669,0,0.40241455750445915,0
O036692,C03137,P01515,2025-11-30 21:30:53.056326,0,0.4258093929042651,0
O036693,C05342,P02196,2025-11-30 21:43:59.315982,0,0.39266994995603816,0
O036694,C03009,P00280,2025-11-30 21:57:05.575639,0,0.22881639858258992,0
O036695,C04596,P01047,2025-11-30 22:10:11.835295,0,0.12048797750713655,0
O036696,C02096,P01137,2025-11-30 22:23:18.094952,0,0.15364227901961067,0
O036697,C07225,P00816,2025-11-30 22:36:24.354608,0,0.09181763169756824,0
O036698,C00599,P00708,2025-11-30 22:49:30.614265,0,0.07409212494177318,0
O036699,C07193,P02262,2025-11-30 23:02:36.873921,0,0.0916516763508036,0
O036700,C00618,P01999,2025-11-30 23:15:43.133578,1,0.15049883640856168,0
O036701,C07968,P00766,2025-11-30 23:28:49.393234,0,0.26541103751815937,0
O036702,C07127,P01308,2025-11-30 23:41:55.652891,0,0.161786681425109,0
O036703,C06149,P00422,2025-11-30 23:55:01.912547,0,0.11610475303464318,0
O036704,C02900,P01510,2025-12-01 00:08:08.172204,1,0.19349404836757195,0
O036705,C05650,P02047,2025-12-01 00:21:14.431860,0,0.14262350390211803,0
O036706,C03034,P00818,2025-12-01 00:34:20.691517,0,0.24250958422593302,0
O036707,C03416,P00039,2025-12-01 00:47:26.951173,0,0.08687480856642378,0
O036708,C02515,P00537,2025-12-01 01:00:33.210830,0,0.12285768092370643,0
O036709,C02275,P00252,2025-12-01 01:13:39.470486,0,0.1097047990796529,0
O036710,C05936,P01627,2025-12-01 01:26:45.730143,0,0.6300417858468407,1
O036711,C03155,P01450,2025-12-01 01:39:51.989799,0,0.17764619656532946,0
O036712,C06967,P00658,2025-12-01 01:52:58.249456,1,0.2884726650783893,0
O036713,C02763,P01437,2025-12-01 02:06:04.509112,1,0.2586591281679804,0
O036714,C02764,P00265,2025-12-01 02:19:10.768769,0,0.22690784604305891,0
O036715,C04572,P01370,2025-12-01 02:32:17.028425,0,0.149790041111983,0
O036716,C01603,P00322,2025-12-01 02:45:23.288082,0,0.10207192021218861,0
O036717,C00058,P00634,2025-12-01 02:58:29.547738,1,0.37158263439483297,0
O036718,C05106,P00994,2025-12-01 03:11:35.807395,1,0.1349392681248234,0
O036719,C05822,P01637,2025-12-01 03:24:42.067051,0,0.10342331054154683,0
O036720,C06438,P01945,2025-12-01 03:37:48.326708,0,0.16590222397905482,0
O036721,C01231,P00514,2025-12-01 03:50:54.586364,0,0.2027574776449286,0
O036722,C05173,P01185,2025-12-01 04:04:00.846021,0,0.25442455947252207,0
O036723,C03575,P01669,2025-12-01 04:17:07.105677,0,0.10422591631632389,0
O036724,C04391,P02475,2025-12-01 04:30:13.365334,1,0.13815261889041586,0
O036725,C07748,P00523,2025-12-01 04:43:19.624990,0,0.23315441121356445,0
O036726,C06146,P00194,2025-12-01 04:56:25.884647,1,0.32302251289947903,0
O036727,C03977,P00559,2025-12-01 05:09:32.144303,0,0.07623403217658276,0
O036728,C06575,P00419,2025-12-01 05:22:38.403960,0,0.06881236647861119,0
O036729,C07922,P00267,2025-12-01 05:35:44.663616,0,0.1301789914136436,0
O036730,C04282,P00227,2025-12-01 05:48:50.923273,0,0.13650053680748836,0
O036731,C00701,P01087,2025-12-01 06:01:57.182929,0,0.09590961772412633,0
O036732,C04196,P00926,2025-12-01 06:15:03.442586,0,0.13833858288043469,0
O036733,C01291,P01572,2025-12-01 06:28:09.702242,1,0.18307135434174682,0
O036734,C03183,P00335,2025-12-01 06:41:15.961899,0,0.27101579890831945,0
O036735,C05043,P00770,2025-12-01 06:54:22.221555,0,0.13821338061434416,0
O036736,C00940,P02053,2025-12-01 07:07:28.481212,1,0.15761724615773506,0
O036737,C06833,P00151,2025-12-01 07:20:34.740868,0,0.09274895111864606,0
O036738,C01366,P00656,2025-12-01 07:33:41.000525,1,0.3876803596047465,0
O036739,C02759,P01496,2025-12-01 07:46:47.260181,0,0.0847966386520061,0
O036740,C01961,P00282,2025-12-01 07:59:53.519837,0,0.30666510842031286,0
O036741,C05765,P00879,2025-12-01 08:12:59.779494,1,0.2807649406985252,0
O036742,C05004,P00688,2025-12-01 08:26:06.039150,0,0.1991562029540904,0
O036743,C05936,P00600,2025-12-01 08:39:12.298807,1,0.3132894664918746,0
O036744,C03071,P02444,2025-12-01 08:52:18.558463,0,0.09897324883530878,0
O036745,C04902,P02006,2025-12-01 09:05:24.818120,0,0.12636367389248657,0
O036746,C03620,P01835,2025-12-01 09:18:31.077776,0,0.209293388161721,0
O036747,C06933,P01669,2025-12-01 09:31:37.337433,0,0.19685419225795056,0
O036748,C01774,P02005,2025-12-01 09:44:43.597089,1,0.41582870823515816,0
O036749,C01969,P01937,2025-12-01 09:57:49.856746,0,0.2537452716310582,0
O036750,C01910,P00293,2025-12-01 10:10:56.116402,0,0.3045995402387334,0
O036751,C05557,P01044,2025-12-01 10:24:02.376059,1,0.09391475025801747,0
O036752,C05102,P02120,2025-12-01 10:37:08.635715,0,0.12288692101638687,0
O036753,C03278,P01180,2025-12-01 10:50:14.895372,0,0.5976633314453406,1
O036754,C07751,P01735,2025-12-01 11:03:21.155028,0,0.42817090373317074,0
O036755,C06061,P01516,2025-12-01 11:16:27.414685,0,0.11974818611789455,0
O036756,C00323,P00447,2025-12-01 11:29:33.674341,0,0.09434894339427144,0
O036757,C05015,P01052,2025-12-01 11:42:39.933998,0,0.28933259762974395,0
O036758,C03111,P01350,2025-12-01 11:55:46.193654,1,0.18608743004550524,0
O036759,C00571,P01494,2025-12-01 12:08:52.453311,0,0.18546505310208333,0
O036760,C04365,P01560,2025-12-01 12:21:58.712967,0,0.10515378118825405,0
O036761,C06741,P00247,2025-12-01 12:35:04.972624,0,0.32776278120696767,0
O036762,C06222,P01156,2025-12-01 12:48:11.232280,0,0.05778768526601355,0
O036763,C04735,P00252,2025-12-01 13:01:17.491937,0,0.2017106169515928,0
O036764,C04622,P00235,2025-12-01 13:14:23.751593,0,0.13590001741462954,0
O036765,C00844,P01406,2025-12-01 13:27:30.011250,0,0.15782351505637834,0
O036766,C04546,P01165,2025-12-01 13:40:36.270906,1,0.18587814342794298,0
O036767,C04978,P00504,2025-12-01 13:53:42.530563,0,0.19232249938967055,0
O036768,C01301,P01278,2025-12-01 14:06:48.790219,0,0.26287154662350765,0
O036769,C03575,P00471,2025-12-01 14:19:55.049876,1,0.3008344812636554,0
O036770,C01488,P01879,2025-12-01 14:33:01.309532,1,0.31380022226163184,0
O036771,C00625,P01859,2025-12-01 14:46:07.569189,0,0.26915362332669324,0
O036772,C00873,P01190,2025-12-01 14:59:13.828845,1,0.27576370353295093,0
O036773,C06382,P00132,2025-12-01 15:12:20.088502,0,0.40754645704939724,0
O036774,C07854,P01208,2025-12-01 15:25:26.348158,0,0.2435755848841683,0
O036775,C06468,P01213,2025-12-01 15:38:32.607815,0,0.21778989583634706,0
O036776,C00762,P00793,2025-12-01 15:51:38.867471,1,0.19561891736430143,0
O036777,C07274,P01353,2025-12-01 16:04:45.127128,1,0.16737319200320167,0
O036778,C02503,P02068,2025-12-01 16:17:51.386784,0,0.09697973206943646,0
O036779,C05181,P02088,2025-12-01 16:30:57.646441,0,0.22730758344050797,0
O036780,C03282,P00903,2025-12-01 16:44:03.906097,0,0.24262874355808528,0
O036781,C07543,P00114,2025-12-01 16:57:10.165754,0,0.11564899430129268,0
O036782,C01928,P01538,2025-12-01 17:10:16.425410,0,0.13672323217059254,0
O036783,C03176,P00316,2025-12-01 17:23:22.685067,0,0.1955560345508085,0
O036784,C04255,P02476,2025-12-01 17:36:28.944723,0,0.21651646461182628,0
O036785,C01962,P00199,2025-12-01 17:49:35.204380,1,0.3960204777532791,0
O036786,C06174,P01186,2025-12-01 18:02:41.464036,1,0.11623552675950685,0
O036787,C02005,P00920,2025-12-01 18:15:47.723693,0,0.07437631954864701,0
O036788,C07635,P01880,2025-12-01 18:28:53.983349,0,0.15177938182420692,0
O036789,C00547,P00437,2025-12-01 18:42:00.243006,0,0.10065446575560462,0
O036790,C00996,P01368,2025-12-01 18:55:06.502662,0,0.25176303823437796,0
O036791,C05315,P02112,2025-12-01 19:08:12.762319,0,0.14480313720459645,0
O036792,C05600,P02262,2025-12-01 19:21:19.021975,1,0.15697847909240217,0
O036793,C00693,P01519,2025-12-01 19:34:25.281632,0,0.22518461553470662,0
O036794,C01908,P01884,2025-12-01 19:47:31.541288,0,0.32322625401026095,0
O036795,C01512,P00726,2025-12-01 20:00:37.800945,0,0.14438096344140222,0
O036796,C07423,P00594,2025-12-01 20:13:44.060601,0,0.1464025069632651,0
O036797,C05633,P01471,2025-12-01 20:26:50.320258,0,0.09605132436695007,0
O036798,C04475,P02213,2025-12-01 20:39:56.579914,0,0.15237951426918087,0
O036799,C04192,P02468,2025-12-01 20:53:02.839570,1,0.22752871867089447,0
O036800,C03042,P00762,2025-12-01 21:06:09.099227,0,0.1253474087731927,0
O036801,C06929,P02033,2025-12-01 21:19:15.358883,0,0.10713455865513814,0
O036802,C00476,P00001,2025-12-01 21:32:21.618540,0,0.14520677590676928,0
O036803,C07703,P00148,2025-12-01 21:45:27.878196,1,0.5402023363916735,1
O036804,C07950,P00704,2025-12-01 21:58:34.137853,1,0.09993911597208259,0
O036805,C07610,P00333,2025-12-01 22:11:40.397509,0,0.3284426488906231,0
O036806,C06238,P02247,2025-12-01 22:24:46.657166,0,0.26937549417999473,0
O036807,C05845,P01789,2025-12-01 22:37:52.916822,0,0.08876758230641511,0
O036808,C05149,P00967,2025-12-01 22:50:59.176479,0,0.4486334271708729,0
O036809,C06304,P01410,2025-12-01 23:04:05.436135,0,0.14259570047326423,0
O036810,C01597,P00278,2025-12-01 23:17:11.695792,0,0.24218247225796113,0
O036811,C03284,P01617,2025-12-01 23:30:17.955448,1,0.19439537673381566,0
O036812,C04978,P00156,2025-12-01 23:43:24.215105,0,0.13155862906461188,0
O036813,C02445,P00852,2025-12-01 23:56:30.474761,0,0.13132406842616134,0
O036814,C00279,P00372,2025-12-02 00:09:36.734418,1,0.4731114297803278,0
O036815,C05808,P01053,2025-12-02 00:22:42.994074,0,0.4088479301514652,0
O036816,C02335,P01402,2025-12-02 00:35:49.253731,0,0.15076349475786496,0
O036817,C05029,P00148,2025-12-02 00:48:55.513387,0,0.3663200682224508,0
O036818,C07680,P00143,2025-12-02 01:02:01.773044,0,0.15504952643181452,0
O036819,C04593,P01561,2025-12-02 01:15:08.032700,0,0.19696795741008327,0
O036820,C07521,P00851,2025-12-02 01:28:14.292357,0,0.614786516255647,1
O036821,C06841,P02313,2025-12-02 01:41:20.552013,0,0.18312450186768392,0
O036822,C03470,P01352,2025-12-02 01:54:26.811670,0,0.19268686209601565,0
O036823,C06094,P00687,2025-12-02 02:07:33.071326,0,0.13075362871058163,0
O036824,C06633,P02165,2025-12-02 02:20:39.330983,0,0.21484214022570156,0
O036825,C05911,P00390,2025-12-02 02:33:45.590639,0,0.11519171069493662,0
O036826,C01806,P00982,2025-12-02 02:46:51.850296,0,0.1720159341416721,0
O036827,C03756,P00311,2025-12-02 02:59:58.109952,1,0.19410471281049949,0
O036828,C05104,P01476,2025-12-02 03:13:04.369609,0,0.18036995113189364,0
O036829,C03314,P01586,2025-12-02 03:26:10.629265,1,0.4029898334783718,0
O036830,C01306,P01230,2025-12-02 03:39:16.888922,0,0.1792612469623074,0
O036831,C06250,P02024,2025-12-02 03:52:23.148578,1,0.4242786569479766,0
O036832,C01205,P00652,2025-12-02 04:05:29.408235,0,0.24717258784118287,0
O036833,C00498,P00269,2025-12-02 04:18:35.667891,0,0.19293146799392688,0
O036834,C06875,P01970,2025-12-02 04:31:41.927548,0,0.18604755216732813,0
O036835,C06773,P02276,2025-12-02 04:44:48.187204,0,0.07141109646274549,0
O036836,C05478,P01345,2025-12-02 04:57:54.446861,0,0.17881929671069177,0
O036837,C04456,P02430,2025-12-02 05:11:00.706517,0,0.19513861716603031,0
O036838,C04861,P00191,2025-12-02 05:24:06.966174,0,0.09776322936289054,0
O036839,C04769,P00682,2025-12-02 05:37:13.225830,1,0.16234890305624988,0
O036840,C07613,P00418,2025-12-02 05:50:19.485487,0,0.3888348464135755,0
O036841,C04770,P00556,2025-12-02 06:03:25.745143,0,0.07948666023326169,0
O036842,C03448,P01061,2025-12-02 06:16:32.004800,1,0.22400520387141745,0
O036843,C05539,P01176,2025-12-02 06:29:38.264456,0,0.06654220200546841,0
O036844,C00645,P00810,2025-12-02 06:42:44.524113,0,0.0940523873101221,0
O036845,C01251,P00717,2025-12-02 06:55:50.783769,1,0.2957441651543667,0
O036846,C00215,P01598,2025-12-02 07:08:57.043426,0,0.47271233113324074,0
O036847,C05820,P02118,2025-12-02 07:22:03.303082,0,0.06761652150102544,0
O036848,C01985,P01734,2025-12-02 07:35:09.562739,0,0.2921527452564985,0
O036849,C00459,P02443,2025-12-02 07:48:15.822395,0,0.26347654041178825,0
O036850,C01822,P00973,2025-12-02 08:01:22.082052,0,0.20973052491611374,0
O036851,C02780,P01780,2025-12-02 08:14:28.341708,0,0.13189777738118375,0
O036852,C01766,P00522,2025-12-02 08:27:34.601365,0,0.2996296616681375,0
O036853,C07911,P00720,2025-12-02 08:40:40.861021,0,0.19790675706328867,0
O036854,C04807,P00112,2025-12-02 08:53:47.120678,0,0.12198500477028835,0
O036855,C01967,P01963,2025-12-02 09:06:53.380334,0,0.08585728204022819,0
O036856,C05499,P01840,2025-12-02 09:19:59.639991,0,0.0863636045175544,0
O036857,C05905,P00192,2025-12-02 09:33:05.899647,0,0.112316003132891,0
O036858,C06413,P00362,2025-12-02 09:46:12.159303,1,0.27123246738484946,0
O036859,C04543,P01798,2025-12-02 09:59:18.418960,0,0.17508759159091095,0
O036860,C00768,P02287,2025-12-02 10:12:24.678616,0,0.3157140378801342,0
O036861,C01391,P01604,2025-12-02 10:25:30.938273,0,0.4563258730960063,0
O036862,C07049,P01265,2025-12-02 10:38:37.197929,0,0.2974136483775218,0
O036863,C07798,P00479,2025-12-02 10:51:43.457586,1,0.4472412637615114,0
O036864,C04375,P00474,2025-12-02 11:04:49.717242,0,0.09730622489469397,0
O036865,C01747,P00064,2025-12-02 11:17:55.976899,0,0.13475981259606604,0
O036866,C05743,P02415,2025-12-02 11:31:02.236555,0,0.1671070724170795,0
O036867,C06268,P02413,2025-12-02 11:44:08.496212,0,0.06954288061219215,0
O036868,C05278,P00604,2025-12-02 11:57:14.755868,0,0.18098391492873664,0
O036869,C02332,P00374,2025-12-02 12:10:21.015525,0,0.08118143294676577,0
O036870,C04238,P02137,2025-12-02 12:23:27.275181,0,0.0717240566703026,0
O036871,C00982,P00343,2025-12-02 12:36:33.534838,0,0.12555718311630248,0
O036872,C01404,P01693,2025-12-02 12:49:39.794494,0,0.13837528184251166,0
O036873,C06426,P00155,2025-12-02 13:02:46.054151,0,0.09710088555577741,0
O036874,C07412,P00342,2025-12-02 13:15:52.313807,1,0.3787275273883566,0
O036875,C01823,P00751,2025-12-02 13:28:58.573464,1,0.259411238119089,0
O036876,C02082,P02069,2025-12-02 13:42:04.833120,0,0.15264818259082336,0
O036877,C06185,P01849,2025-12-02 13:55:11.092777,0,0.4502781254264301,0
O036878,C05925,P02136,2025-12-02 14:08:17.352433,0,0.37015806749008573,0
O036879,C02171,P02054,2025-12-02 14:21:23.612090,0,0.08458249331137753,0
O036880,C03829,P02247,2025-12-02 14:34:29.871746,0,0.21310672779162654,0
O036881,C02956,P02016,2025-12-02 14:47:36.131403,0,0.17487065235831223,0
O036882,C04298,P00068,2025-12-02 15:00:42.391059,1,0.10219673367647437,0
O036883,C00049,P02266,2025-12-02 15:13:48.650716,0,0.15036873978886844,0
O036884,C00332,P01719,2025-12-02 15:26:54.910372,0,0.22474917148555038,0
O036885,C04555,P00333,2025-12-02 15:40:01.170029,0,0.2539339486816518,0
O036886,C04968,P01922,2025-12-02 15:53:07.429685,0,0.13849684702509002,0
O036887,C02351,P01685,2025-12-02 16:06:13.689342,0,0.07599616147868041,0
O036888,C00218,P01592,2025-12-02 16:19:19.948998,0,0.277681961682065,0
O036889,C00218,P00542,2025-12-02 16:32:26.208655,0,0.21594179787189416,0
O036890,C05960,P02108,2025-12-02 16:45:32.468311,0,0.16993308609955166,0
O036891,C06745,P02242,2025-12-02 16:58:38.727968,0,0.07574292970113401,0
O036892,C05210,P01263,2025-12-02 17:11:44.987624,0,0.09673235732556354,0
O036893,C00332,P01370,2025-12-02 17:24:51.247281,1,0.16750427095041964,0
O036894,C02609,P01567,2025-12-02 17:37:57.506937,0,0.493044995071309,0
O036895,C05845,P00420,2025-12-02 17:51:03.766594,0,0.23332347604587403,0
O036896,C06061,P01468,2025-12-02 18:04:10.026250,0,0.10384869148790213,0
O036897,C03730,P01892,2025-12-02 18:17:16.285907,0,0.3879219456121742,0
O036898,C06882,P01899,2025-12-02 18:30:22.545563,0,0.11606369834365109,0
O036899,C02836,P02042,2025-12-02 18:43:28.805220,1,0.1211265274616797,0
O036900,C00621,P00066,2025-12-02 18:56:35.064876,0,0.23614138324109749,0
O036901,C06552,P00062,2025-12-02 19:09:41.324533,0,0.3287645896466579,0
O036902,C06466,P00929,2025-12-02 19:22:47.584189,0,0.3252667192160206,0
O036903,C05458,P00104,2025-12-02 19:35:53.843846,0,0.23679896243531226,0
O036904,C07335,P00604,2025-12-02 19:49:00.103502,1,0.16510115236797537,0
O036905,C00130,P00859,2025-12-02 20:02:06.363159,0,0.07029025414564181,0
O036906,C05769,P00910,2025-12-02 20:15:12.622815,0,0.13745205502601404,0
O036907,C06135,P01685,2025-12-02 20:28:18.882472,0,0.07799000478836146,0
O036908,C03219,P01864,2025-12-02 20:41:25.142128,0,0.09027754507743288,0
O036909,C03076,P00863,2025-12-02 20:54:31.401785,1,0.27994156938103054,0
O036910,C01622,P02483,2025-12-02 21:07:37.661441,0,0.060062596133396796,0
O036911,C03398,P00445,2025-12-02 21:20:43.921098,1,0.19067844375223655,0
O036912,C04738,P01927,2025-12-02 21:33:50.180754,0,0.12837292290888574,0
O036913,C05442,P00353,2025-12-02 21:46:56.440411,0,0.31689692709622763,0
O036914,C00925,P00559,2025-12-02 22:00:02.700067,0,0.184785041046161,0
O036915,C00474,P02131,2025-12-02 22:13:08.959723,0,0.10235882407436457,0
O036916,C07270,P00324,2025-12-02 22:26:15.219380,0,0.10708436612740507,0
O036917,C03716,P02104,2025-12-02 22:39:21.479036,0,0.26686225878501124,0
O036918,C02168,P00451,2025-12-02 22:52:27.738693,0,0.1786185223870751,0
O036919,C05564,P00718,2025-12-02 23:05:33.998349,0,0.12300044670777958,0
O036920,C02082,P00479,2025-12-02 23:18:40.258006,0,0.2167320308821778,0
O036921,C06610,P00264,2025-12-02 23:31:46.517662,0,0.1903630588594659,0
O036922,C02124,P01889,2025-12-02 23:44:52.777319,0,0.22703171450594695,0
O036923,C02154,P01064,2025-12-02 23:57:59.036975,0,0.274284116460143,0
O036924,C02437,P00049,2025-12-03 00:11:05.296632,0,0.38485086569279064,0
O036925,C06434,P02471,2025-12-03 00:24:11.556288,0,0.2179660834686025,0
O036926,C06349,P01831,2025-12-03 00:37:17.815945,0,0.1314072297898305,0
O036927,C05296,P01472,2025-12-03 00:50:24.075601,0,0.16920803834026849,0
O036928,C02287,P00224,2025-12-03 01:03:30.335258,0,0.2492435333484104,0
O036929,C05617,P02397,2025-12-03 01:16:36.594914,0,0.10583837263923417,0
O036930,C07707,P01137,2025-12-03 01:29:42.854571,0,0.11094373507880022,0
O036931,C01848,P00276,2025-12-03 01:42:49.114227,0,0.19118918006883678,0
O036932,C06417,P01930,2025-12-03 01:55:55.373884,0,0.17286783946163617,0
O036933,C05558,P02115,2025-12-03 02:09:01.633540,0,0.2544143436277521,0
O036934,C01929,P02064,2025-12-03 02:22:07.893197,0,0.06742260679304089,0
O036935,C02196,P01121,2025-12-03 02:35:14.152853,1,0.23617718123631196,0
O036936,C05525,P02442,2025-12-03 02:48:20.412510,1,0.18754077572807215,0
O036937,C01043,P01938,2025-12-03 03:01:26.672166,0,0.23872941908387543,0
O036938,C07943,P00692,2025-12-03 03:14:32.931823,0,0.24716804846736612,0
O036939,C01056,P01740,2025-12-03 03:27:39.191479,0,0.3570647249259008,0
O036940,C04372,P01012,2025-12-03 03:40:45.451136,0,0.15572270315432657,0
O036941,C03367,P01560,2025-12-03 03:53:51.710792,0,0.15071349686554944,0
O036942,C06522,P01898,2025-12-03 04:06:57.970449,1,0.06305314955825188,0
O036943,C05198,P00178,2025-12-03 04:20:04.230105,0,0.10224965467014108,0
O036944,C01965,P01953,2025-12-03 04:33:10.489762,0,0.1725940503448997,0
O036945,C07457,P01037,2025-12-03 04:46:16.749418,0,0.22923168548298345,0
O036946,C06562,P01960,2025-12-03 04:59:23.009075,0,0.23497516801051962,0
O036947,C02811,P02028,2025-12-03 05:12:29.268731,0,0.16253996389300018,0
O036948,C06514,P01346,2025-12-03 05:25:35.528388,0,0.1255155788902208,0
O036949,C06760,P00467,2025-12-03 05:38:41.788044,0,0.31820453749919064,0
O036950,C04470,P02282,2025-12-03 05:51:48.047701,0,0.13552046513498256,0
O036951,C02053,P01847,2025-12-03 06:04:54.307357,0,0.21825466477661354,0
O036952,C01528,P01306,2025-12-03 06:18:00.567014,0,0.2687554215747202,0
O036953,C01288,P01176,2025-12-03 06:31:06.826670,0,0.08995313998223964,0
O036954,C02704,P00768,2025-12-03 06:44:13.086327,1,0.14864567576739834,0
O036955,C03215,P01502,2025-12-03 06:57:19.345983,0,0.31727055262058473,0
O036956,C07600,P00243,2025-12-03 07:10:25.605640,0,0.15609859602088633,0
O036957,C05518,P01497,2025-12-03 07:23:31.865296,0,0.07543699090175746,0
O036958,C04365,P02367,2025-12-03 07:36:38.124953,0,0.07816088003267695,0
O036959,C02322,P00429,2025-12-03 07:49:44.384609,1,0.14856457115594743,0
O036960,C05827,P00827,2025-12-03 08:02:50.644266,0,0.14010769567057058,0
O036961,C02705,P00574,2025-12-03 08:15:56.903922,0,0.110474186008173,0
O036962,C00202,P02221,2025-12-03 08:29:03.163579,0,0.1792267659982175,0
O036963,C07964,P02388,2025-12-03 08:42:09.423235,0,0.37835912623445894,0
O036964,C05694,P01575,2025-12-03 08:55:15.682892,0,0.33441125838520813,0
O036965,C03085,P00058,2025-12-03 09:08:21.942548,0,0.252393467895558,0
O036966,C03957,P00655,2025-12-03 09:21:28.202205,1,0.4242367124420006,0
O036967,C03362,P01172,2025-12-03 09:34:34.461861,0,0.25360914521322675,0
O036968,C00744,P01902,2025-12-03 09:47:40.721518,0,0.2052296888597806,0
O036969,C05858,P01245,2025-12-03 10:00:46.981174,0,0.11457366530480782,0
O036970,C01254,P01710,2025-12-03 10:13:53.240831,1,0.39179459321866855,0
O036971,C01374,P01735,2025-12-03 10:26:59.500487,1,0.5145805217610412,1
O036972,C04119,P02315,2025-12-03 10:40:05.760144,1,0.6515657049362178,1
O036973,C02030,P02080,2025-12-03 10:53:12.019800,0,0.13841034655710727,0
O036974,C01768,P00492,2025-12-03 11:06:18.279456,0,0.11836361238025635,0
O036975,C03629,P01605,2025-12-03 11:19:24.539113,0,0.11701501300362868,0
O036976,C03795,P01061,2025-12-03 11:32:30.798769,1,0.37098399736858556,0
O036977,C00001,P01903,2025-12-03 11:45:37.058426,0,0.10459394046441267,0
O036978,C06292,P00450,2025-12-03 11:58:43.318082,0,0.09155204626714272,0
O036979,C01773,P02362,2025-12-03 12:11:49.577739,1,0.08367371828967558,0
O036980,C02163,P01559,2025-12-03 12:24:55.837395,0,0.12031830718495229,0
O036981,C06495,P00169,2025-12-03 12:38:02.097052,0,0.15893270977704,0
O036982,C06091,P02024,2025-12-03 12:51:08.356708,0,0.39538225318030823,0
O036983,C01515,P00411,2025-12-03 13:04:14.616365,0,0.18360671414780896,0
O036984,C00457,P00587,2025-12-03 13:17:20.876021,0,0.3910985629697981,0
O036985,C04555,P02085,2025-12-03 13:30:27.135678,0,0.1596756338530824,0
O036986,C05737,P01439,2025-12-03 13:43:33.395334,0,0.09449951173175403,0
O036987,C01933,P01520,2025-12-03 13:56:39.654991,1,0.14525572636442588,0
O036988,C00845,P00721,2025-12-03 14:09:45.914647,1,0.12015631829402605,0
O036989,C00240,P01572,2025-12-03 14:22:52.174304,1,0.09691712668751494,0
O036990,C06608,P01338,2025-12-03 14:35:58.433960,0,0.07130016524995164,0
O036991,C00448,P01842,2025-12-03 14:49:04.693617,1,0.2025041649101817,0
O036992,C05455,P02341,2025-12-03 15:02:10.953273,0,0.12143387537893832,0
O036993,C05548,P01749,2025-12-03 15:15:17.212930,0,0.1326583440151326,0
O036994,C07808,P01922,2025-12-03 15:28:23.472586,0,0.12279112656433312,0
O036995,C02634,P01013,2025-12-03 15:41:29.732243,1,0.39548249913012395,0
O036996,C07125,P01362,2025-12-03 15:54:35.991899,0,0.13018404946194728,0
O036997,C06364,P01728,2025-12-03 16:07:42.251556,1,0.4079969418582448,0
O036998,C06433,P01317,2025-12-03 16:20:48.511212,0,0.17670569488245974,0
O036999,C07294,P00056,2025-12-03 16:33:54.770869,0,0.26256333716024544,0
O037000,C07550,P00065,2025-12-03 16:47:01.030525,0,0.2337974280860537,0
O037001,C03777,P01833,2025-12-03 17:00:07.290182,1,0.20050913741885498,0
O037002,C02306,P02230,2025-12-03 17:13:13.549838,0,0.12373395929466999,0
O037003,C02193,P01771,2025-12-03 17:26:19.809495,0,0.25138217970972104,0
O037004,C04264,P02277,2025-12-03 17:39:26.069151,0,0.10133950436461214,0
O037005,C01799,P01660,2025-12-03 17:52:32.328808,1,0.5967271158454864,1
O037006,C02271,P00955,2025-12-03 18:05:38.588464,1,0.09393416355743407,0
O037007,C00446,P00249,2025-12-03 18:18:44.848121,0,0.33884042232076894,0
O037008,C01933,P01958,2025-12-03 18:31:51.107777,0,0.19754752583268073,0
O037009,C00580,P01758,2025-12-03 18:44:57.367434,0,0.08058689390110677,0
O037010,C06878,P02329,2025-12-03 18:58:03.627090,0,0.16414731611095318,0
O037011,C06240,P00789,2025-12-03 19:11:09.886747,0,0.5364146311243134,1
O037012,C04120,P02456,2025-12-03 19:24:16.146403,0,0.08257683954902688,0
O037013,C06188,P02454,2025-12-03 19:37:22.406060,1,0.13431632598279936,0
O037014,C07461,P01764,2025-12-03 19:50:28.665716,0,0.12541610244931067,0
O037015,C03754,P01045,2025-12-03 20:03:34.925373,1,0.2646429246242638,0
O037016,C04128,P00834,2025-12-03 20:16:41.185029,0,0.15229916761478915,0
O037017,C06009,P02277,2025-12-03 20:29:47.444686,0,0.1341893560455003,0
O037018,C04599,P00115,2025-12-03 20:42:53.704342,1,0.11455428398699753,0
O037019,C05744,P00883,2025-12-03 20:55:59.963999,1,0.28807373233967376,0
O037020,C06600,P00255,2025-12-03 21:09:06.223655,0,0.35252364272036346,0
O037021,C05312,P00363,2025-12-03 21:22:12.483312,0,0.3907190282274018,0
O037022,C01592,P01500,2025-12-03 21:35:18.742968,0,0.10679457212087473,0
O037023,C02516,P01566,2025-12-03 21:48:25.002625,0,0.08240033141341238,0
O037024,C04407,P00097,2025-12-03 22:01:31.262281,0,0.10371812382617698,0
O037025,C05588,P01716,2025-12-03 22:14:37.521938,0,0.21888942732045866,0
O037026,C04809,P02164,2025-12-03 22:27:43.781594,0,0.2225523852719057,0
O037027,C01500,P01893,2025-12-03 22:40:50.041251,0,0.09413856755400468,0
O037028,C00534,P00669,2025-12-03 22:53:56.300907,0,0.08151379101252447,0
O037029,C04233,P02321,2025-12-03 23:07:02.560564,1,0.22383114640209756,0
O037030,C06604,P01820,2025-12-03 23:20:08.820220,1,0.2170072490441318,0
O037031,C07325,P01038,2025-12-03 23:33:15.079876,0,0.17990819041289918,0
O037032,C00646,P02059,2025-12-03 23:46:21.339533,0,0.2065230538935516,0
O037033,C07563,P00018,2025-12-03 23:59:27.599189,1,0.5304213051545108,1
O037034,C06909,P01603,2025-12-04 00:12:33.858846,0,0.07974426019173515,0
O037035,C04723,P01022,2025-12-04 00:25:40.118502,0,0.10688607063264206,0
O037036,C02183,P00603,2025-12-04 00:38:46.378159,1,0.13223102781504667,0
O037037,C03765,P01142,2025-12-04 00:51:52.637815,0,0.12536943572492532,0
O037038,C02072,P01438,2025-12-04 01:04:58.897472,1,0.18552105741593228,0
O037039,C04221,P00826,2025-12-04 01:18:05.157128,0,0.19817813755630323,0
O037040,C03188,P00504,2025-12-04 01:31:11.416785,1,0.4319057011685743,0
O037041,C06736,P00154,2025-12-04 01:44:17.676441,0,0.09762295240874887,0
O037042,C04891,P01568,2025-12-04 01:57:23.936098,0,0.08899310499717993,0
O037043,C03944,P01690,2025-12-04 02:10:30.195754,1,0.22595612857559974,0
O037044,C00746,P00184,2025-12-04 02:23:36.455411,1,0.3964494175742978,0
O037045,C05414,P02051,2025-12-04 02:36:42.715067,0,0.0873171815132029,0
O037046,C04232,P00547,2025-12-04 02:49:48.974724,0,0.33516987172154245,0
O037047,C05151,P01555,2025-12-04 03:02:55.234380,0,0.2808326606191972,0
O037048,C04160,P02337,2025-12-04 03:16:01.494037,0,0.056890666833016384,0
O037049,C01933,P01515,2025-12-04 03:29:07.753693,0,0.34123933834756615,0
O037050,C05773,P00557,2025-12-04 03:42:14.013350,0,0.1086737519326662,0
O037051,C00314,P00290,2025-12-04 03:55:20.273006,0,0.07307941610123463,0
O037052,C06386,P02123,2025-12-04 04:08:26.532663,0,0.08015479054467982,0
O037053,C03373,P01281,2025-12-04 04:21:32.792319,1,0.20734122057831833,0
O037054,C04224,P02015,2025-12-04 04:34:39.051976,0,0.1450116644457817,0
O037055,C07459,P00350,2025-12-04 04:47:45.311632,0,0.15236206747610864,0
O037056,C04565,P00290,2025-12-04 05:00:51.571289,0,0.08618196729588895,0
O037057,C02229,P00008,2025-12-04 05:13:57.830945,0,0.31904602278887,0
O037058,C03799,P02238,2025-12-04 05:27:04.090602,0,0.2569249170044193,0
O037059,C06685,P01533,2025-12-04 05:40:10.350258,0,0.13857432955801946,0
O037060,C03164,P01084,2025-12-04 05:53:16.609915,0,0.10955796546198898,0
O037061,C02026,P01983,2025-12-04 06:06:22.869571,0,0.3956047339290937,0
O037062,C04861,P01892,2025-12-04 06:19:29.129228,1,0.334240940879519,0
O037063,C00982,P00492,2025-12-04 06:32:35.388884,0,0.14219168119602646,0
O037064,C01809,P01153,2025-12-04 06:45:41.648541,0,0.11219502134015595,0
O037065,C03005,P01481,2025-12-04 06:58:47.908197,0,0.09366012790278044,0
O037066,C05837,P00065,2025-12-04 07:11:54.167854,1,0.39350694404036296,0
O037067,C07017,P00220,2025-12-04 07:25:00.427510,0,0.31264562409430663,0
O037068,C04557,P02470,2025-12-04 07:38:06.687167,0,0.11121454905899764,0
O037069,C02148,P00692,2025-12-04 07:51:12.946823,0,0.3157858528170491,0
O037070,C03572,P00384,2025-12-04 08:04:19.206480,0,0.11738423190383905,0
O037071,C00523,P01347,2025-12-04 08:17:25.466136,0,0.2524509673771049,0
O037072,C01271,P00255,2025-12-04 08:30:31.725793,1,0.3122126647600161,0
O037073,C06121,P01280,2025-12-04 08:43:37.985449,0,0.1490779671737451,0
O037074,C07240,P00190,2025-12-04 08:56:44.245106,0,0.22940875883756198,0
O037075,C03987,P01006,2025-12-04 09:09:50.504762,0,0.10448009297347514,0
O037076,C05820,P01925,2025-12-04 09:22:56.764419,1,0.22018571669848735,0
O037077,C02596,P00021,2025-12-04 09:36:03.024075,0,0.2936401132917836,0
O037078,C05954,P00522,2025-12-04 09:49:09.283732,1,0.3046426795250076,0
O037079,C02376,P01593,2025-12-04 10:02:15.543388,1,0.3429994211441856,0
O037080,C05350,P00234,2025-12-04 10:15:21.803045,0,0.11145051197393645,0
O037081,C02988,P00376,2025-12-04 10:28:28.062701,0,0.162835432703202,0
O037082,C07130,P00740,2025-12-04 10:41:34.322358,1,0.3253500694116446,0
O037083,C00987,P00461,2025-12-04 10:54:40.582014,1,0.1932211949115585,0
O037084,C05574,P02379,2025-12-04 11:07:46.841671,0,0.18504249736740241,0
O037085,C02393,P01546,2025-12-04 11:20:53.101327,0,0.20255639983009519,0
O037086,C05732,P01004,2025-12-04 11:33:59.360984,1,0.21874739783599884,0
O037087,C01711,P02314,2025-12-04 11:47:05.620640,0,0.2120606781124547,0
O037088,C05268,P01617,2025-12-04 12:00:11.880297,1,0.11516385282213777,0
O037089,C07380,P01707,2025-12-04 12:13:18.139953,1,0.3660352647672906,0
O037090,C07435,P01007,2025-12-04 12:26:24.399609,1,0.37891109429494085,0
O037091,C03388,P01033,2025-12-04 12:39:30.659266,0,0.23702308876099507,0
O037092,C05685,P00958,2025-12-04 12:52:36.918922,0,0.31998562796090607,0
O037093,C06592,P02068,2025-12-04 13:05:43.178579,0,0.10861215663406652,0
O037094,C05411,P02210,2025-12-04 13:18:49.438235,0,0.19056343169075585,0
O037095,C07460,P01084,2025-12-04 13:31:55.697892,0,0.16149946625300796,0
O037096,C03119,P00425,2025-12-04 13:45:01.957548,0,0.16413226269381498,0
O037097,C02763,P01349,2025-12-04 13:58:08.217205,0,0.06216755072601388,0
O037098,C01796,P01421,2025-12-04 14:11:14.476861,0,0.1453881982525421,0
O037099,C07959,P01203,2025-12-04 14:24:20.736518,0,0.2799993054237882,0
O037100,C03270,P02284,2025-12-04 14:37:26.996174,0,0.09742036793470737,0
O037101,C00927,P01975,2025-12-04 14:50:33.255831,0,0.22953952231194338,0
O037102,C01042,P00278,2025-12-04 15:03:39.515487,1,0.14985476901374872,0
O037103,C07348,P00990,2025-12-04 15:16:45.775144,0,0.11346459557194986,0
O037104,C01975,P02145,2025-12-04 15:29:52.034800,0,0.12377845277759775,0
O037105,C03096,P01029,2025-12-04 15:42:58.294457,0,0.31850347873372026,0
O037106,C07139,P01128,2025-12-04 15:56:04.554113,0,0.31565449731142753,0
O037107,C03807,P01319,2025-12-04 16:09:10.813770,0,0.15387060783248693,0
O037108,C05623,P01935,2025-12-04 16:22:17.073426,1,0.35379216559558724,0
O037109,C00269,P01394,2025-12-04 16:35:23.333083,1,0.2701879154825538,0
O037110,C04270,P01243,2025-12-04 16:48:29.592739,1,0.1616580392993068,0
O037111,C04254,P01732,2025-12-04 17:01:35.852396,1,0.19303925362953855,0
O037112,C01294,P00739,2025-12-04 17:14:42.112052,0,0.14306046789876956,0
O037113,C00060,P01469,2025-12-04 17:27:48.371709,0,0.26729142858148053,0
O037114,C00552,P00499,2025-12-04 17:40:54.631365,1,0.2088636487291987,0
O037115,C04473,P00803,2025-12-04 17:54:00.891022,1,0.13771787964585425,0
O037116,C07674,P00125,2025-12-04 18:07:07.150678,0,0.1011302585037042,0
O037117,C05196,P00339,2025-12-04 18:20:13.410335,0,0.30634711748867904,0
O037118,C03811,P02058,2025-12-04 18:33:19.669991,1,0.19796469142083636,0
O037119,C02505,P00422,2025-12-04 18:46:25.929648,0,0.2428360485638827,0
O037120,C06799,P01870,2025-12-04 18:59:32.189304,0,0.30208091316202146,0
O037121,C03534,P01717,2025-12-04 19:12:38.448961,0,0.2377274855399686,0
O037122,C04719,P00957,2025-12-04 19:25:44.708617,0,0.11147828065802964,0
O037123,C00534,P00863,2025-12-04 19:38:50.968274,0,0.278815870664664,0
O037124,C03552,P00906,2025-12-04 19:51:57.227930,0,0.302144256380352,0
O037125,C02125,P01002,2025-12-04 20:05:03.487587,0,0.058238651728199364,0
O037126,C02721,P01616,2025-12-04 20:18:09.747243,0,0.27085826936577084,0
O037127,C07967,P00360,2025-12-04 20:31:16.006900,1,0.24204846082004458,0
O037128,C01647,P01978,2025-12-04 20:44:22.266556,0,0.14567754749079964,0
O037129,C04668,P00672,2025-12-04 20:57:28.526213,0,0.14945426315399843,0
O037130,C04046,P00173,2025-12-04 21:10:34.785869,0,0.24584483055983508,0
O037131,C01576,P01259,2025-12-04 21:23:41.045526,1,0.2206702019706053,0
O037132,C01281,P02077,2025-12-04 21:36:47.305182,0,0.14387543124250324,0
O037133,C05474,P02043,2025-12-04 21:49:53.564839,1,0.5044372356964686,1
O037134,C05484,P00414,2025-12-04 22:02:59.824495,1,0.23692953047611076,0
O037135,C05434,P00961,2025-12-04 22:16:06.084152,0,0.22282323950072444,0
O037136,C07954,P00401,2025-12-04 22:29:12.343808,0,0.1714000599485521,0
O037137,C04945,P02122,2025-12-04 22:42:18.603465,0,0.14951926079894903,0
O037138,C05406,P01868,2025-12-04 22:55:24.863121,0,0.08979569083960522,0
O037139,C04627,P00762,2025-12-04 23:08:31.122778,1,0.12807113337354156,0
O037140,C01734,P02306,2025-12-04 23:21:37.382434,0,0.12854497750797875,0
O037141,C01144,P00263,2025-12-04 23:34:43.642091,0,0.2071489293417482,0
O037142,C07220,P01139,2025-12-04 23:47:49.901747,0,0.32787248957369475,0
O037143,C00644,P00646,2025-12-05 00:00:56.161404,1,0.33025626885583503,0
O037144,C03607,P01284,2025-12-05 00:14:02.421060,1,0.17222773794547702,0
O037145,C04865,P00713,2025-12-05 00:27:08.680717,1,0.29081098890654383,0
O037146,C06946,P00662,2025-12-05 00:40:14.940373,0,0.10749406561234547,0
O037147,C05813,P00607,2025-12-05 00:53:21.200030,0,0.3175504100671223,0
O037148,C02781,P00702,2025-12-05 01:06:27.459686,0,0.08899709756722557,0
O037149,C02957,P01468,2025-12-05 01:19:33.719342,0,0.1748358738467278,0
O037150,C03402,P01138,2025-12-05 01:32:39.978999,0,0.09775820530034271,0
O037151,C01830,P01883,2025-12-05 01:45:46.238655,0,0.14855003841797162,0
O037152,C01000,P01123,2025-12-05 01:58:52.498312,0,0.19116032918000972,0
O037153,C05766,P01268,2025-12-05 02:11:58.757968,0,0.17287004741335557,0
O037154,C00777,P00059,2025-12-05 02:25:05.017625,0,0.07802945417954513,0
O037155,C01181,P00899,2025-12-05 02:38:11.277281,0,0.2338488699464122,0
O037156,C01246,P00130,2025-12-05 02:51:17.536938,0,0.2080271843374447,0
O037157,C04482,P00722,2025-12-05 03:04:23.796594,0,0.10267231675976445,0
O037158,C06941,P01245,2025-12-05 03:17:30.056251,1,0.2640829878008886,0
O037159,C05095,P01379,2025-12-05 03:30:36.315907,0,0.09569982959481958,0
O037160,C02080,P00915,2025-12-05 03:43:42.575564,0,0.2269375140580118,0
O037161,C06672,P01660,2025-12-05 03:56:48.835220,0,0.4429622248561024,0
O037162,C06184,P01805,2025-12-05 04:09:55.094877,0,0.14859910357670064,0
O037163,C06940,P02279,2025-12-05 04:23:01.354533,1,0.2746227396205187,0
O037164,C03208,P00717,2025-12-05 04:36:07.614190,1,0.3045028333969671,0
O037165,C04696,P02051,2025-12-05 04:49:13.873846,0,0.14031301159798643,0
O037166,C02134,P01266,2025-12-05 05:02:20.133503,0,0.1503969912607456,0
O037167,C01907,P01503,2025-12-05 05:15:26.393159,1,0.16074018672470047,0
O037168,C04447,P00875,2025-12-05 05:28:32.652816,0,0.13485802853874496,0
O037169,C06926,P01230,2025-12-05 05:41:38.912472,1,0.12177067831918835,0
O037170,C07810,P00349,2025-12-05 05:54:45.172129,0,0.16291000397286806,0
O037171,C03843,P02253,2025-12-05 06:07:51.431785,0,0.2141700783025713,0
O037172,C04652,P01330,2025-12-05 06:20:57.691442,0,0.4033626325954253,0
O037173,C02045,P01724,2025-12-05 06:34:03.951098,1,0.3508334447859001,0
O037174,C06803,P01999,2025-12-05 06:47:10.210755,0,0.17991352430149665,0
O037175,C03726,P00774,2025-12-05 07:00:16.470411,0,0.06732250498679142,0
O037176,C03880,P02251,2025-12-05 07:13:22.730068,1,0.17419581601603884,0
O037177,C02853,P00910,2025-12-05 07:26:28.989724,0,0.0837018052398358,0
O037178,C03558,P01716,2025-12-05 07:39:35.249381,0,0.18273275216792065,0
O037179,C02689,P00193,2025-12-05 07:52:41.509037,0,0.16024734010291744,0
O037180,C05644,P00010,2025-12-05 08:05:47.768694,0,0.16987041377023226,0
O037181,C02896,P00522,2025-12-05 08:18:54.028350,0,0.2091298624778308,0
O037182,C02903,P00588,2025-12-05 08:32:00.288007,1,0.6179127232018333,1
O037183,C03228,P00822,2025-12-05 08:45:06.547663,0,0.08432463620144036,0
O037184,C07350,P00623,2025-12-05 08:58:12.807320,0,0.19080563354241062,0
O037185,C04473,P00766,2025-12-05 09:11:19.066976,0,0.20271892818302747,0
O037186,C07071,P02161,2025-12-05 09:24:25.326633,0,0.12040728381435414,0
O037187,C03939,P00305,2025-12-05 09:37:31.586289,1,0.41364602588130767,0
O037188,C04150,P02071,2025-12-05 09:50:37.845946,0,0.09176713011810218,0
O037189,C02943,P00151,2025-12-05 10:03:44.105602,1,0.26282744751000503,0
O037190,C03362,P01736,2025-12-05 10:16:50.365259,0,0.12463923712726721,0
O037191,C04023,P00238,2025-12-05 10:29:56.624915,0,0.4094474208902927,0
O037192,C00187,P00458,2025-12-05 10:43:02.884572,1,0.12439787093990497,0
O037193,C06955,P00211,2025-12-05 10:56:09.144228,0,0.24422452035109643,0
O037194,C02051,P02362,2025-12-05 11:09:15.403885,0,0.1202156664343148,0
O037195,C01431,P01766,2025-12-05 11:22:21.663541,0,0.14026605625947108,0
O037196,C01788,P02103,2025-12-05 11:35:27.923198,0,0.11755229961949798,0
O037197,C05937,P00491,2025-12-05 11:48:34.182854,0,0.12725499486154937,0
O037198,C07574,P01869,2025-12-05 12:01:40.442511,0,0.10327128652696453,0
O037199,C05617,P01197,2025-12-05 12:14:46.702167,0,0.17918132628082828,0
O037200,C02510,P02056,2025-12-05 12:27:52.961824,1,0.25384491336967546,0
O037201,C06691,P00505,2025-12-05 12:40:59.221480,1,0.18561013126579962,0
O037202,C01911,P00766,2025-12-05 12:54:05.481137,0,0.20295954446984743,0
O037203,C05356,P01263,2025-12-05 13:07:11.740793,0,0.09356867974967543,0
O037204,C07930,P02217,2025-12-05 13:20:18.000450,0,0.3647610783675184,0
O037205,C05490,P01182,2025-12-05 13:33:24.260106,0,0.23297380897021772,0
O037206,C05457,P00535,2025-12-05 13:46:30.519762,0,0.28961094366805273,0
O037207,C06829,P00913,2025-12-05 13:59:36.779419,0,0.16109280844156795,0
O037208,C00644,P01327,2025-12-05 14:12:43.039075,1,0.3379122028247885,0
O037209,C03964,P00272,2025-12-05 14:25:49.298732,0,0.27235884736836385,0
O037210,C03939,P02187,2025-12-05 14:38:55.558388,1,0.37117025168794204,0
O037211,C03707,P00209,2025-12-05 14:52:01.818045,0,0.2742341631304002,0
O037212,C06366,P00752,2025-12-05 15:05:08.077701,1,0.12497351760949701,0
O037213,C06122,P00852,2025-12-05 15:18:14.337358,0,0.16518870355309442,0
O037214,C01963,P01727,2025-12-05 15:31:20.597014,0,0.26878907093694554,0
O037215,C00134,P01021,2025-12-05 15:44:26.856671,0,0.24031577841596335,0
O037216,C06177,P00563,2025-12-05 15:57:33.116327,1,0.27795314857038556,0
O037217,C01871,P01349,2025-12-05 16:10:39.375984,0,0.09243895383068833,0
O037218,C02111,P00407,2025-12-05 16:23:45.635640,0,0.27075868881977616,0
O037219,C03803,P01858,2025-12-05 16:36:51.895297,0,0.27617836799543244,0
O037220,C06100,P00340,2025-12-05 16:49:58.154953,1,0.11634934078997529,0
O037221,C03520,P00078,2025-12-05 17:03:04.414610,0,0.08935393682580864,0
O037222,C06409,P00187,2025-12-05 17:16:10.674266,0,0.17899362131102806,0
O037223,C01138,P02411,2025-12-05 17:29:16.933923,1,0.38035085803906105,0
O037224,C00653,P01865,2025-12-05 17:42:23.193579,0,0.17863268907914184,0
O037225,C02856,P02432,2025-12-05 17:55:29.453236,0,0.16683917138423915,0
O037226,C00053,P01776,2025-12-05 18:08:35.712892,0,0.08097007421989547,0
O037227,C00314,P01625,2025-12-05 18:21:41.972549,1,0.09696919688883197,0
O037228,C06682,P00681,2025-12-05 18:34:48.232205,0,0.0824280835006373,0
O037229,C04116,P00630,2025-12-05 18:47:54.491862,0,0.24260049465864286,0
O037230,C04534,P01039,2025-12-05 19:01:00.751518,0,0.18451337315951793,0
O037231,C02825,P01170,2025-12-05 19:14:07.011175,0,0.0805273980019285,0
O037232,C06829,P02179,2025-12-05 19:27:13.270831,0,0.19003593771485444,0
O037233,C00016,P01209,2025-12-05 19:40:19.530488,0,0.1570709607071824,0
O037234,C06752,P00033,2025-12-05 19:53:25.790144,0,0.11776096063763138,0
O037235,C06725,P00971,2025-12-05 20:06:32.049801,1,0.2510476219598341,0
O037236,C07560,P00852,2025-12-05 20:19:38.309457,0,0.08210303372591585,0
O037237,C04678,P01382,2025-12-05 20:32:44.569114,0,0.10611435258547074,0
O037238,C03740,P02302,2025-12-05 20:45:50.828770,1,0.27400608956191735,0
O037239,C07689,P01198,2025-12-05 20:58:57.088427,0,0.10795140418889122,0
O037240,C07205,P01745,2025-12-05 21:12:03.348083,0,0.12451347067324353,0
O037241,C02142,P01832,2025-12-05 21:25:09.607740,0,0.06327224089611697,0
O037242,C03456,P01209,2025-12-05 21:38:15.867396,0,0.3738979534153825,0
O037243,C00491,P00372,2025-12-05 21:51:22.127053,0,0.20568454567164518,0
O037244,C02179,P01734,2025-12-05 22:04:28.386709,0,0.34063000107540015,0
O037245,C05804,P00861,2025-12-05 22:17:34.646366,0,0.3618925086507838,0
O037246,C06053,P01345,2025-12-05 22:30:40.906022,0,0.11044547212646653,0
O037247,C03967,P02324,2025-12-05 22:43:47.165679,0,0.2282124241447131,0
O037248,C07120,P00190,2025-12-05 22:56:53.425335,0,0.290140966262431,0
O037249,C04498,P00881,2025-12-05 23:09:59.684992,1,0.217184966437962,0
O037250,C06583,P00490,2025-12-05 23:23:05.944648,0,0.31052064378639754,0
O037251,C00347,P00780,2025-12-05 23:36:12.204305,1,0.17620605129604305,0
O037252,C07546,P00885,2025-12-05 23:49:18.463961,0,0.19595104995451787,0
O037253,C04919,P01653,2025-12-06 00:02:24.723618,0,0.491689211944672,0
O037254,C05379,P00291,2025-12-06 00:15:30.983274,0,0.13104501312514613,0
O037255,C06603,P01576,2025-12-06 00:28:37.242931,0,0.13575479270860805,0
O037256,C06967,P00544,2025-12-06 00:41:43.502587,0,0.19463433108672437,0
O037257,C04229,P02074,2025-12-06 00:54:49.762244,0,0.20024065216772502,0
O037258,C02885,P02191,2025-12-06 01:07:56.021900,0,0.12463533442554006,0
O037259,C07301,P01550,2025-12-06 01:21:02.281557,0,0.1595104129396977,0
O037260,C00703,P01057,2025-12-06 01:34:08.541213,0,0.15369479264296343,0
O037261,C03833,P01843,2025-12-06 01:47:14.800870,0,0.10728312358422083,0
O037262,C07935,P00630,2025-12-06 02:00:21.060526,1,0.29402966722196044,0
O037263,C02928,P00205,2025-12-06 02:13:27.320183,0,0.08537537951055824,0
O037264,C07706,P00814,2025-12-06 02:26:33.579839,0,0.09816741355947023,0
O037265,C01383,P01526,2025-12-06 02:39:39.839495,1,0.3264541390432705,0
O037266,C03616,P01575,2025-12-06 02:52:46.099152,0,0.26443438670473046,0
O037267,C04758,P02014,2025-12-06 03:05:52.358808,1,0.20179567751331537,0
O037268,C05782,P00097,2025-12-06 03:18:58.618465,0,0.1908572480460241,0
O037269,C03878,P00535,2025-12-06 03:32:04.878121,1,0.5878206664225469,1
O037270,C05305,P01597,2025-12-06 03:45:11.137778,0,0.12171828272007278,0
O037271,C01254,P01244,2025-12-06 03:58:17.397434,1,0.3050233571308535,0
O037272,C02279,P00025,2025-12-06 04:11:23.657091,0,0.23236105049312045,0
O037273,C05703,P00525,2025-12-06 04:24:29.916747,0,0.32822950315058924,0
O037274,C00422,P00118,2025-12-06 04:37:36.176404,1,0.1484759276526458,0
O037275,C01885,P02032,2025-12-06 04:50:42.436060,0,0.1775585176723388,0
O037276,C01826,P00164,2025-12-06 05:03:48.695717,0,0.11941938046629998,0
O037277,C00943,P00424,2025-12-06 05:16:54.955373,0,0.2521058144313548,0
O037278,C06056,P00169,2025-12-06 05:30:01.215030,0,0.16177818781256384,0
O037279,C02703,P01704,2025-12-06 05:43:07.474686,0,0.14064283067817296,0
O037280,C02104,P00545,2025-12-06 05:56:13.734343,0,0.15631389309723404,0
O037281,C04135,P01126,2025-12-06 06:09:19.993999,0,0.17256324067581894,0
O037282,C01920,P00207,2025-12-06 06:22:26.253656,1,0.14627153892684977,0
O037283,C05040,P00253,2025-12-06 06:35:32.513312,1,0.33892497812094996,0
O037284,C04640,P01473,2025-12-06 06:48:38.772969,0,0.20281329188751127,0
O037285,C06038,P00452,2025-12-06 07:01:45.032625,1,0.14705571712689675,0
O037286,C02347,P01764,2025-12-06 07:14:51.292282,1,0.521489841300233,1
O037287,C04072,P02381,2025-12-06 07:27:57.551938,0,0.08559658688809961,0
O037288,C04808,P00483,2025-12-06 07:41:03.811595,0,0.08586186564041533,0
O037289,C06940,P00826,2025-12-06 07:54:10.071251,0,0.37234593638297286,0
O037290,C07671,P02478,2025-12-06 08:07:16.330908,0,0.3589194905045732,0
O037291,C04339,P00395,2025-12-06 08:20:22.590564,0,0.345866452493423,0
O037292,C02309,P02364,2025-12-06 08:33:28.850221,0,0.06765914016228837,0
O037293,C01498,P00902,2025-12-06 08:46:35.109877,0,0.1203419574384154,0
O037294,C01382,P01008,2025-12-06 08:59:41.369534,0,0.44982881659751667,0
O037295,C03936,P01762,2025-12-06 09:12:47.629190,0,0.11709345634475674,0
O037296,C01547,P02416,2025-12-06 09:25:53.888847,1,0.0913776057012176,0
O037297,C03190,P01697,2025-12-06 09:39:00.148503,1,0.13514418411770496,0
O037298,C03629,P00689,2025-12-06 09:52:06.408160,0,0.10736784171562289,0
O037299,C06156,P00205,2025-12-06 10:05:12.667816,1,0.15027355098310702,0
O037300,C01062,P01221,2025-12-06 10:18:18.927473,0,0.2953857716548972,0
O037301,C03581,P01118,2025-12-06 10:31:25.187129,0,0.1837211871353746,0
O037302,C06159,P02484,2025-12-06 10:44:31.446786,1,0.3371034068148019,0
O037303,C06882,P01013,2025-12-06 10:57:37.706442,0,0.3242150297557975,0
O037304,C02159,P01718,2025-12-06 11:10:43.966099,0,0.19835910383496624,0
O037305,C07443,P00633,2025-12-06 11:23:50.225755,0,0.1762223873316679,0
O037306,C03749,P02309,2025-12-06 11:36:56.485412,0,0.12152728426722277,0
O037307,C05669,P01099,2025-12-06 11:50:02.745068,0,0.06970555114323154,0
O037308,C02692,P01275,2025-12-06 12:03:09.004725,0,0.10842851156101696,0
O037309,C00057,P00792,2025-12-06 12:16:15.264381,0,0.12510339381634025,0
O037310,C02806,P00601,2025-12-06 12:29:21.524038,0,0.13537208833356504,0
O037311,C04635,P00864,2025-12-06 12:42:27.783694,0,0.3636263708604899,0
O037312,C06663,P00875,2025-12-06 12:55:34.043351,0,0.09131764349504128,0
O037313,C04580,P01868,2025-12-06 13:08:40.303007,0,0.1324561056390465,0
O037314,C03594,P02469,2025-12-06 13:21:46.562664,1,0.3709912339574122,0
O037315,C01466,P00352,2025-12-06 13:34:52.822320,0,0.12804208436685358,0
O037316,C03147,P00191,2025-12-06 13:47:59.081977,0,0.17498694608887788,0
O037317,C03454,P00439,2025-12-06 14:01:05.341633,1,0.24981281250629442,0
O037318,C07054,P01705,2025-12-06 14:14:11.601290,1,0.2248991898502218,0
O037319,C01290,P01665,2025-12-06 14:27:17.860946,0,0.19896721123185213,0
O037320,C05429,P02404,2025-12-06 14:40:24.120603,1,0.37550996175417645,0
O037321,C06059,P02431,2025-12-06 14:53:30.380259,0,0.10656238635646477,0
O037322,C02133,P02247,2025-12-06 15:06:36.639915,0,0.2137319567456335,0
O037323,C05756,P01279,2025-12-06 15:19:42.899572,0,0.4951577695442515,0
O037324,C04177,P02135,2025-12-06 15:32:49.159228,0,0.10872606389329935,0
O037325,C03420,P01681,2025-12-06 15:45:55.418885,1,0.07231785165763499,0
O037326,C06541,P00265,2025-12-06 15:59:01.678541,1,0.5620099734682757,1
O037327,C06312,P01756,2025-12-06 16:12:07.938198,0,0.11544517054436611,0
O037328,C01642,P02397,2025-12-06 16:25:14.197854,0,0.08331196644755458,0
O037329,C02282,P00044,2025-12-06 16:38:20.457511,1,0.14809012643116912,0
O037330,C07272,P00083,2025-12-06 16:51:26.717167,1,0.13304150125136838,0
O037331,C03534,P02014,2025-12-06 17:04:32.976824,0,0.10799428346535084,0
O037332,C04108,P00774,2025-12-06 17:17:39.236480,0,0.11491607577726255,0
O037333,C03412,P00079,2025-12-06 17:30:45.496137,0,0.13950885494796436,0
O037334,C03321,P02382,2025-12-06 17:43:51.755793,0,0.1480015212226621,0
O037335,C07084,P00672,2025-12-06 17:56:58.015450,0,0.15512080442020817,0
O037336,C02986,P01917,2025-12-06 18:10:04.275106,0,0.09104264429837486,0
O037337,C03561,P01868,2025-12-06 18:23:10.534763,0,0.08886174066089694,0
O037338,C06494,P02402,2025-12-06 18:36:16.794419,0,0.18788207722682826,0
O037339,C04611,P00668,2025-12-06 18:49:23.054076,0,0.12845999836127225,0
O037340,C01817,P00600,2025-12-06 19:02:29.313732,0,0.179655292318674,0
O037341,C01311,P02392,2025-12-06 19:15:35.573389,0,0.09967328982698961,0
O037342,C00547,P01799,2025-12-06 19:28:41.833045,0,0.09422122167972118,0
O037343,C04865,P00057,2025-12-06 19:41:48.092702,0,0.27467920698992776,0
O037344,C04601,P01909,2025-12-06 19:54:54.352358,0,0.11587992494149803,0
O037345,C03505,P01248,2025-12-06 20:08:00.612015,0,0.04641591877891846,0
O037346,C01824,P02089,2025-12-06 20:21:06.871671,0,0.6102025337042387,1
O037347,C06574,P01182,2025-12-06 20:34:13.131328,0,0.1502424229780502,0
O037348,C04275,P01976,2025-12-06 20:47:19.390984,0,0.16826825309871962,0
O037349,C06329,P00957,2025-12-06 21:00:25.650641,0,0.061713108418536215,0
O037350,C02124,P01253,2025-12-06 21:13:31.910297,0,0.07653879741083727,0
O037351,C00521,P00184,2025-12-06 21:26:38.169954,1,0.45103941082216037,0
O037352,C04995,P00039,2025-12-06 21:39:44.429610,0,0.06146832670688774,0
O037353,C01123,P00551,2025-12-06 21:52:50.689267,0,0.17074788033860475,0
O037354,C07960,P01441,2025-12-06 22:05:56.948923,1,0.3179453254684997,0
O037355,C04994,P01605,2025-12-06 22:19:03.208580,0,0.06589871473800066,0
O037356,C03068,P02081,2025-12-06 22:32:09.468236,0,0.09658180474268244,0
O037357,C07977,P00880,2025-12-06 22:45:15.727893,0,0.27337282620397607,0
O037358,C04992,P01051,2025-12-06 22:58:21.987549,0,0.18942979365796736,0
O037359,C03283,P01943,2025-12-06 23:11:28.247206,0,0.1786862852793825,0
O037360,C01174,P00799,2025-12-06 23:24:34.506862,0,0.15581883562402343,0
O037361,C03587,P01395,2025-12-06 23:37:40.766519,0,0.0974895570505295,0
O037362,C05973,P00887,2025-12-06 23:50:47.026175,0,0.15691185842783079,0
O037363,C03640,P01939,2025-12-07 00:03:53.285832,0,0.46942220590017625,0
O037364,C06290,P01629,2025-12-07 00:16:59.545488,0,0.40891410830050823,0
O037365,C02638,P02171,2025-12-07 00:30:05.805145,1,0.3096944430650351,0
O037366,C04332,P01022,2025-12-07 00:43:12.064801,0,0.1666053371168632,0
O037367,C02184,P02461,2025-12-07 00:56:18.324458,0,0.6720153611455993,1
O037368,C06289,P01149,2025-12-07 01:09:24.584114,1,0.1527778817351341,0
O037369,C07797,P01177,2025-12-07 01:22:30.843771,1,0.4369023669685106,0
O037370,C02761,P01849,2025-12-07 01:35:37.103427,0,0.2201752157896349,0
O037371,C04583,P00176,2025-12-07 01:48:43.363084,0,0.13037584373514238,0
O037372,C07194,P01452,2025-12-07 02:01:49.622740,0,0.06708163372878335,0
O037373,C04194,P01461,2025-12-07 02:14:55.882397,0,0.24342137796063876,0
O037374,C06826,P01479,2025-12-07 02:28:02.142053,0,0.2852868077892102,0
O037375,C05577,P01174,2025-12-07 02:41:08.401710,0,0.06702513722005393,0
O037376,C04478,P01744,2025-12-07 02:54:14.661366,0,0.09475663804322135,0
O037377,C02421,P00682,2025-12-07 03:07:20.921023,1,0.2591882944954798,0
O037378,C05237,P02218,2025-12-07 03:20:27.180679,0,0.08951273669763903,0
O037379,C04461,P00634,2025-12-07 03:33:33.440336,1,0.4667820879235284,0
O037380,C07855,P01153,2025-12-07 03:46:39.699992,0,0.1935029718972069,0
O037381,C03997,P02476,2025-12-07 03:59:45.959648,0,0.18859758910640684,0
O037382,C07763,P00340,2025-12-07 04:12:52.219305,0,0.08172590215230874,0
O037383,C05852,P00240,2025-12-07 04:25:58.478961,0,0.05357481879515708,0
O037384,C05667,P02126,2025-12-07 04:39:04.738618,0,0.07421110807332916,0
O037385,C05513,P00118,2025-12-07 04:52:10.998274,0,0.14732534473694084,0
O037386,C03678,P01138,2025-12-07 05:05:17.257931,0,0.18485395091918627,0
O037387,C02203,P01954,2025-12-07 05:18:23.517587,0,0.1049228397525709,0
O037388,C01288,P01996,2025-12-07 05:31:29.777244,0,0.07233010787434045,0
O037389,C00976,P00744,2025-12-07 05:44:36.036900,0,0.12453236213143327,0
O037390,C07665,P01919,2025-12-07 05:57:42.296557,0,0.26667082177180956,0
O037391,C03596,P00646,2025-12-07 06:10:48.556213,0,0.27268199410530375,0
O037392,C06017,P00819,2025-12-07 06:23:54.815870,0,0.2793219312703839,0
O037393,C05664,P02100,2025-12-07 06:37:01.075526,0,0.18964077253683403,0
O037394,C00927,P01099,2025-12-07 06:50:07.335183,1,0.09890204444614135,0
O037395,C05545,P00687,2025-12-07 07:03:13.594839,0,0.05661663438193975,0
O037396,C03316,P02467,2025-12-07 07:16:19.854496,0,0.11129575837405428,0
O037397,C06834,P00910,2025-12-07 07:29:26.114152,0,0.12717243113936422,0
O037398,C02932,P01389,2025-12-07 07:42:32.373809,0,0.08511271755526076,0
O037399,C04514,P01537,2025-12-07 07:55:38.633465,0,0.07760856783165487,0
O037400,C02840,P00902,2025-12-07 08:08:44.893122,0,0.2466999693393053,0
O037401,C02828,P00566,2025-12-07 08:21:51.152778,0,0.09058733810370467,0
O037402,C04835,P02471,2025-12-07 08:34:57.412435,0,0.21116069943813126,0
O037403,C01237,P01014,2025-12-07 08:48:03.672091,0,0.0698145895987263,0
O037404,C04353,P01962,2025-12-07 09:01:09.931748,1,0.4140763116739454,0
O037405,C06307,P00084,2025-12-07 09:14:16.191404,1,0.346871503232327,0
O037406,C01967,P00091,2025-12-07 09:27:22.451061,0,0.06548538988450331,0
O037407,C07240,P01822,2025-12-07 09:40:28.710717,0,0.06768853930482018,0
O037408,C04061,P00794,2025-12-07 09:53:34.970374,0,0.09194366306948054,0
O037409,C00605,P01393,2025-12-07 10:06:41.230030,0,0.1475017926246767,0
O037410,C07376,P01759,2025-12-07 10:19:47.489687,0,0.19647483365849053,0
O037411,C07620,P00685,2025-12-07 10:32:53.749343,1,0.11079348686150402,0
O037412,C05361,P01394,2025-12-07 10:46:00.009000,1,0.37883534515185796,0
O037413,C07863,P00609,2025-12-07 10:59:06.268656,0,0.329823857568756,0
O037414,C06521,P01940,2025-12-07 11:12:12.528313,0,0.11408858446944463,0
O037415,C01100,P00283,2025-12-07 11:25:18.787969,0,0.10374964832966908,0
O037416,C00162,P01774,2025-12-07 11:38:25.047626,0,0.4348705371808715,0
O037417,C02124,P00701,2025-12-07 11:51:31.307282,1,0.09624177235457494,0
O037418,C06414,P01589,2025-12-07 12:04:37.566939,0,0.26556005441397057,0
O037419,C05242,P02035,2025-12-07 12:17:43.826595,0,0.29869927223652026,0
O037420,C06289,P02242,2025-12-07 12:30:50.086252,0,0.12439710568387755,0
O037421,C02189,P01615,2025-12-07 12:43:56.345908,0,0.18233519892775862,0
O037422,C05330,P01678,2025-12-07 12:57:02.605565,0,0.14271355104997663,0
O037423,C07914,P02263,2025-12-07 13:10:08.865221,0,0.17460074986947371,0
O037424,C05722,P01728,2025-12-07 13:23:15.124878,0,0.1732092326527765,0
O037425,C04167,P02374,2025-12-07 13:36:21.384534,0,0.37268338344258295,0
O037426,C05979,P00507,2025-12-07 13:49:27.644191,0,0.34336210338221385,0
O037427,C03282,P02076,2025-12-07 14:02:33.903847,0,0.26166508901402735,0
O037428,C03305,P00769,2025-12-07 14:15:40.163504,1,0.19142557156987167,0
O037429,C06531,P00035,2025-12-07 14:28:46.423160,0,0.2041559152503992,0
O037430,C00278,P00736,2025-12-07 14:41:52.682817,0,0.26996273757051054,0
O037431,C02231,P02254,2025-12-07 14:54:58.942473,0,0.21459411094178368,0
O037432,C05361,P01516,2025-12-07 15:08:05.202130,0,0.16633371776749215,0
O037433,C03577,P00029,2025-12-07 15:21:11.461786,0,0.28334477030716393,0
O037434,C00483,P00427,2025-12-07 15:34:17.721443,0,0.12353440027932404,0
O037435,C03721,P01789,2025-12-07 15:47:23.981099,1,0.2240076030609024,0
O037436,C05265,P00442,2025-12-07 16:00:30.240756,1,0.29893043118286367,0
O037437,C03070,P01834,2025-12-07 16:13:36.500412,0,0.10464520642612651,0
O037438,C06386,P01687,2025-12-07 16:26:42.760069,1,0.10996105090746673,0
O037439,C05031,P00553,2025-12-07 16:39:49.019725,0,0.1057527736131487,0
O037440,C06210,P00133,2025-12-07 16:52:55.279381,0,0.16145453867309775,0
O037441,C01823,P02314,2025-12-07 17:06:01.539038,0,0.23561485952342923,0
O037442,C04637,P00519,2025-12-07 17:19:07.798694,1,0.12687619719327836,0
O037443,C06228,P01926,2025-12-07 17:32:14.058351,0,0.12428086489687082,0
O037444,C06975,P00334,2025-12-07 17:45:20.318007,0,0.11230488568619543,0
O037445,C06294,P01284,2025-12-07 17:58:26.577664,0,0.09084613162642924,0
O037446,C07059,P01938,2025-12-07 18:11:32.837320,1,0.2115431978919584,0
O037447,C00179,P00951,2025-12-07 18:24:39.096977,0,0.16324897305220795,0
O037448,C02501,P00519,2025-12-07 18:37:45.356633,0,0.14860960393214273,0
O037449,C07066,P00821,2025-12-07 18:50:51.616290,1,0.26231358226821655,0
O037450,C06136,P01447,2025-12-07 19:03:57.875946,0,0.26893507820638735,0
O037451,C07715,P02085,2025-12-07 19:17:04.135603,1,0.17702115222440434,0
O037452,C02751,P00546,2025-12-07 19:30:10.395259,0,0.08187665250431832,0
O037453,C04298,P00477,2025-12-07 19:43:16.654916,1,0.2157009841223049,0
O037454,C07225,P01474,2025-12-07 19:56:22.914572,0,0.09443836133531887,0
O037455,C03205,P01525,2025-12-07 20:09:29.174229,0,0.111758273473339,0
O037456,C01477,P00960,2025-12-07 20:22:35.433885,0,0.2888931790575724,0
O037457,C02872,P00764,2025-12-07 20:35:41.693542,0,0.08643392155137108,0
O037458,C07461,P01177,2025-12-07 20:48:47.953198,0,0.1842560560947243,0
O037459,C03153,P01322,2025-12-07 21:01:54.212855,0,0.2702943223088997,0
O037460,C01249,P01046,2025-12-07 21:15:00.472511,0,0.2439320369230226,0
O037461,C05765,P01142,2025-12-07 21:28:06.732168,0,0.336537028922952,0
O037462,C07004,P01139,2025-12-07 21:41:12.991824,0,0.1101268956205386,0
O037463,C01635,P02170,2025-12-07 21:54:19.251481,0,0.15054971634474265,0
O037464,C02769,P00733,2025-12-07 22:07:25.511137,0,0.10330753647322459,0
O037465,C07729,P02382,2025-12-07 22:20:31.770794,0,0.13792476569837453,0
O037466,C01575,P02411,2025-12-07 22:33:38.030450,0,0.26750331070053446,0
O037467,C00825,P00542,2025-12-07 22:46:44.290107,0,0.3076593273495106,0
O037468,C03373,P01210,2025-12-07 22:59:50.549763,0,0.19199842514644685,0
O037469,C00294,P02477,2025-12-07 23:12:56.809420,0,0.2060534514819714,0
O037470,C03232,P00867,2025-12-07 23:26:03.069076,1,0.29137323230429163,0
O037471,C02352,P00674,2025-12-07 23:39:09.328733,0,0.20989612873751629,0
O037472,C01401,P00257,2025-12-07 23:52:15.588389,0,0.2273410371979255,0
O037473,C02470,P01385,2025-12-08 00:05:21.848046,0,0.1344314551397029,0
O037474,C05183,P00427,2025-12-08 00:18:28.107702,0,0.09932305225871761,0
O037475,C01342,P00709,2025-12-08 00:31:34.367359,1,0.2199457437015315,0
O037476,C07881,P00733,2025-12-08 00:44:40.627015,1,0.11386278842739847,0
O037477,C02461,P02296,2025-12-08 00:57:46.886672,0,0.2835145998234635,0
O037478,C00077,P01888,2025-12-08 01:10:53.146328,1,0.12709605643781352,0
O037479,C00027,P00964,2025-12-08 01:23:59.405985,1,0.19879823073636385,0
O037480,C06874,P00240,2025-12-08 01:37:05.665641,0,0.1431618194389855,0
O037481,C01101,P01770,2025-12-08 01:50:11.925298,1,0.17096896411241633,0
O037482,C02090,P00177,2025-12-08 02:03:18.184954,0,0.07296203092655598,0
O037483,C00933,P00192,2025-12-08 02:16:24.444611,1,0.14187691145812972,0
O037484,C05215,P02355,2025-12-08 02:29:30.704267,0,0.05641434631933005,0
O037485,C04151,P02329,2025-12-08 02:42:36.963924,0,0.14296295736467476,0
O037486,C05233,P01495,2025-12-08 02:55:43.223580,1,0.46811294634880357,0
O037487,C06171,P00653,2025-12-08 03:08:49.483237,0,0.23709781516763384,0
O037488,C00013,P01904,2025-12-08 03:21:55.742893,0,0.09087425470006545,0
O037489,C01179,P00382,2025-12-08 03:35:02.002550,0,0.12381287263757718,0
O037490,C01162,P01031,2025-12-08 03:48:08.262206,0,0.12537228338284176,0
O037491,C03268,P00352,2025-12-08 04:01:14.521863,0,0.08334536261398197,0
O037492,C00621,P01714,2025-12-08 04:14:20.781519,0,0.10493710270438206,0
O037493,C05982,P01130,2025-12-08 04:27:27.041176,0,0.1814181148182152,0
O037494,C05134,P02469,2025-12-08 04:40:33.300832,1,0.3158786595534358,0
O037495,C07716,P00067,2025-12-08 04:53:39.560489,1,0.11777576407163172,0
O037496,C04653,P01825,2025-12-08 05:06:45.820145,0,0.24308456788944244,0
O037497,C02281,P01771,2025-12-08 05:19:52.079801,0,0.44417442344570984,0
O037498,C03598,P00075,2025-12-08 05:32:58.339458,0,0.0935972667404245,0
O037499,C07080,P02003,2025-12-08 05:46:04.599114,0,0.11987455938770464,0
O037500,C05551,P01862,2025-12-08 05:59:10.858771,1,0.22541308463589793,0
O037501,C02922,P01047,2025-12-08 06:12:17.118427,0,0.10725734316052499,0
O037502,C05592,P00116,2025-12-08 06:25:23.378084,0,0.26312052690994187,0
O037503,C04749,P01350,2025-12-08 06:38:29.637740,0,0.12187415167868385,0
O037504,C02260,P02045,2025-12-08 06:51:35.897397,1,0.2593304923866295,0
O037505,C07589,P00593,2025-12-08 07:04:42.157053,0,0.24875721443604026,0
O037506,C02895,P01343,2025-12-08 07:17:48.416710,0,0.09678893167932968,0
O037507,C04120,P02317,2025-12-08 07:30:54.676366,0,0.29404737849831886,0
O037508,C06320,P00039,2025-12-08 07:44:00.936023,1,0.24483953622438995,0
O037509,C06780,P00505,2025-12-08 07:57:07.195679,0,0.06908099814412653,0
O037510,C04574,P01524,2025-12-08 08:10:13.455336,1,0.20616554030049744,0
O037511,C03446,P01511,2025-12-08 08:23:19.714992,0,0.4020741608894729,0
O037512,C02349,P00924,2025-12-08 08:36:25.974649,0,0.06913121914781375,0
O037513,C05979,P01862,2025-12-08 08:49:32.234305,1,0.3380983703916965,0
O037514,C03967,P01744,2025-12-08 09:02:38.493962,0,0.2740624376757291,0
O037515,C02894,P01426,2025-12-08 09:15:44.753618,0,0.20119801813484742,0
O037516,C03503,P00983,2025-12-08 09:28:51.013275,1,0.20083667863386875,0
O037517,C00637,P01516,2025-12-08 09:41:57.272931,0,0.12492935200744373,0
O037518,C07498,P01612,2025-12-08 09:55:03.532588,1,0.3846535698234041,0
O037519,C03753,P02314,2025-12-08 10:08:09.792244,0,0.21408163925335086,0
O037520,C04863,P00388,2025-12-08 10:21:16.051901,0,0.2305192550106038,0
O037521,C06203,P02312,2025-12-08 10:34:22.311557,0,0.3718644535005089,0
O037522,C07201,P00047,2025-12-08 10:47:28.571214,0,0.11037887552014217,0
O037523,C06726,P02175,2025-12-08 11:00:34.830870,0,0.06046336845817043,0
O037524,C01677,P02282,2025-12-08 11:13:41.090527,0,0.05172738545014817,0
O037525,C01915,P00341,2025-12-08 11:26:47.350183,0,0.11054826779442033,0
O037526,C06735,P01887,2025-12-08 11:39:53.609840,0,0.07822263151657122,0
O037527,C07815,P02352,2025-12-08 11:52:59.869496,0,0.2941824854634458,0
O037528,C01116,P00325,2025-12-08 12:06:06.129153,0,0.16337902665491352,0
O037529,C03010,P00793,2025-12-08 12:19:12.388809,1,0.4530916595182013,0
O037530,C04324,P01100,2025-12-08 12:32:18.648466,1,0.2976056524089662,0
O037531,C03250,P00628,2025-12-08 12:45:24.908122,0,0.08892161678837976,0
O037532,C06731,P00081,2025-12-08 12:58:31.167779,0,0.18091062292737833,0
O037533,C04506,P02355,2025-12-08 13:11:37.427435,0,0.06510069280386084,0
O037534,C07559,P02499,2025-12-08 13:24:43.687092,1,0.14180812255660064,0
O037535,C01467,P02402,2025-12-08 13:37:49.946748,0,0.14277341443016345,0
O037536,C00805,P02121,2025-12-08 13:50:56.206405,0,0.06700763754933024,0
O037537,C02621,P00161,2025-12-08 14:04:02.466061,0,0.11165162689181322,0
O037538,C04383,P01160,2025-12-08 14:17:08.725718,0,0.11586537278250092,0
O037539,C02370,P02256,2025-12-08 14:30:14.985374,0,0.24806888276303415,0
O037540,C02043,P00022,2025-12-08 14:43:21.245031,0,0.21831474014109092,0
O037541,C00789,P00341,2025-12-08 14:56:27.504687,1,0.07890144024004292,0
O037542,C06173,P01929,2025-12-08 15:09:33.764344,0,0.11650217114003408,0
O037543,C01724,P00994,2025-12-08 15:22:40.024000,0,0.08583586647474672,0
O037544,C05982,P00445,2025-12-08 15:35:46.283657,1,0.2950935589599298,0
O037545,C02103,P00196,2025-12-08 15:48:52.543313,1,0.2119642525223084,0
O037546,C07778,P01581,2025-12-08 16:01:58.802970,1,0.15849503354540986,0
O037547,C02000,P00262,2025-12-08 16:15:05.062626,0,0.24059061054770758,0
O037548,C00076,P01416,2025-12-08 16:28:11.322283,0,0.1387787975129904,0
O037549,C02276,P01613,2025-12-08 16:41:17.581939,0,0.21916724127101742,0
O037550,C05501,P01306,2025-12-08 16:54:23.841596,1,0.4737374237089858,0
O037551,C01236,P00902,2025-12-08 17:07:30.101252,0,0.27213980473020294,0
O037552,C00962,P00992,2025-12-08 17:20:36.360909,1,0.21811497090154122,0
O037553,C04545,P02043,2025-12-08 17:33:42.620565,1,0.13280834506008932,0
O037554,C07070,P01926,2025-12-08 17:46:48.880222,0,0.10442877718796933,0
O037555,C04135,P00640,2025-12-08 17:59:55.139878,0,0.12307131173277719,0
O037556,C03223,P01616,2025-12-08 18:13:01.399534,0,0.39475069746795144,0
O037557,C03553,P01797,2025-12-08 18:26:07.659191,0,0.10710407069295601,0
O037558,C01908,P00264,2025-12-08 18:39:13.918847,0,0.20574219847212483,0
O037559,C06345,P00973,2025-12-08 18:52:20.178504,0,0.17646880504975046,0
O037560,C07509,P01470,2025-12-08 19:05:26.438160,0,0.24976222227255243,0
O037561,C04898,P01141,2025-12-08 19:18:32.697817,0,0.13102313125063447,0
O037562,C00776,P01061,2025-12-08 19:31:38.957473,0,0.4873970836013494,0
O037563,C07605,P01535,2025-12-08 19:44:45.217130,0,0.12011612419737938,0
O037564,C07905,P00928,2025-12-08 19:57:51.476786,0,0.29615848183713583,0
O037565,C07874,P00077,2025-12-08 20:10:57.736443,0,0.09680815306839358,0
O037566,C05264,P00896,2025-12-08 20:24:03.996099,0,0.19883348050653835,0
O037567,C02890,P00894,2025-12-08 20:37:10.255756,0,0.3642121078497053,0
O037568,C03137,P01093,2025-12-08 20:50:16.515412,0,0.3549576115796358,0
O037569,C07763,P00687,2025-12-08 21:03:22.775069,0,0.0628208538153352,0
O037570,C00748,P00691,2025-12-08 21:16:29.034725,1,0.1221571745346897,0
O037571,C06299,P01972,2025-12-08 21:29:35.294382,1,0.1369521679825238,0
O037572,C02552,P00989,2025-12-08 21:42:41.554038,0,0.2280431790383029,0
O037573,C02594,P02259,2025-12-08 21:55:47.813695,0,0.24514099449170404,0
O037574,C06433,P00685,2025-12-08 22:08:54.073351,0,0.17908821452684107,0
O037575,C07758,P01793,2025-12-08 22:22:00.333008,0,0.26156329819360125,0
O037576,C03332,P01986,2025-12-08 22:35:06.592664,0,0.0574205041006985,0
O037577,C00229,P00530,2025-12-08 22:48:12.852321,0,0.1504567874796165,0
O037578,C01885,P00214,2025-12-08 23:01:19.111977,1,0.2732588627247042,0
O037579,C07182,P01924,2025-12-08 23:14:25.371634,0,0.15590892668648035,0
O037580,C00865,P01625,2025-12-08 23:27:31.631290,0,0.1489196685788077,0
O037581,C05320,P00546,2025-12-08 23:40:37.890947,0,0.21861653350620894,0
O037582,C00941,P01452,2025-12-08 23:53:44.150603,0,0.17100698296335395,0
O037583,C00705,P01379,2025-12-09 00:06:50.410260,0,0.2129712148774332,0
O037584,C07068,P02342,2025-12-09 00:19:56.669916,0,0.18765382302891886,0
O037585,C04053,P01841,2025-12-09 00:33:02.929573,0,0.31919621097916634,0
O037586,C00741,P01557,2025-12-09 00:46:09.189229,1,0.11051318725316502,0
O037587,C07910,P00323,2025-12-09 00:59:15.448886,1,0.09809582551663022,0
O037588,C04878,P02366,2025-12-09 01:12:21.708542,0,0.3393426403750903,0
O037589,C00621,P02347,2025-12-09 01:25:27.968199,0,0.13299376113137434,0
O037590,C05026,P01617,2025-12-09 01:38:34.227855,0,0.08022774619465196,0
O037591,C07898,P00833,2025-12-09 01:51:40.487512,1,0.21920344962627392,0
O037592,C01876,P02361,2025-12-09 02:04:46.747168,0,0.14597651366424938,0
O037593,C05709,P01009,2025-12-09 02:17:53.006825,0,0.2553506874547282,0
O037594,C03942,P00137,2025-12-09 02:30:59.266481,0,0.4276237404730637,0
O037595,C01823,P01187,2025-12-09 02:44:05.526138,0,0.1041712130662959,0
O037596,C04174,P01834,2025-12-09 02:57:11.785794,1,0.17903542842683257,0
O037597,C01222,P00382,2025-12-09 03:10:18.045451,0,0.1943275535217117,0
O037598,C01928,P01136,2025-12-09 03:23:24.305107,1,0.1731829814973422,0
O037599,C03047,P00074,2025-12-09 03:36:30.564764,1,0.36469980979308064,0
O037600,C01317,P00840,2025-12-09 03:49:36.824420,0,0.5085484011840469,1
O037601,C06438,P00995,2025-12-09 04:02:43.084077,1,0.2965252847880381,0
O037602,C03295,P01928,2025-12-09 04:15:49.343733,0,0.24722721624970942,0
O037603,C07723,P00102,2025-12-09 04:28:55.603390,0,0.09013905846753223,0
O037604,C02553,P00192,2025-12-09 04:42:01.863046,0,0.14713756250189916,0
O037605,C04529,P00371,2025-12-09 04:55:08.122703,0,0.10830991285062433,0
O037606,C02312,P01594,2025-12-09 05:08:14.382359,0,0.23179033586784684,0
O037607,C04742,P02052,2025-12-09 05:21:20.642016,1,0.1045256456380315,0
O037608,C04705,P02407,2025-12-09 05:34:26.901672,1,0.1897168263378103,0
O037609,C04591,P00363,2025-12-09 05:47:33.161329,0,0.539260937590384,1
O037610,C01795,P00307,2025-12-09 06:00:39.420985,0,0.15144947151913424,0
O037611,C03883,P00477,2025-12-09 06:13:45.680642,1,0.39974985585702477,0
O037612,C02249,P01633,2025-12-09 06:26:51.940298,1,0.13904470671933766,0
O037613,C05698,P01781,2025-12-09 06:39:58.199955,1,0.4458678875183107,0
O037614,C01972,P01638,2025-12-09 06:53:04.459611,0,0.4057828982965928,0
O037615,C01107,P01357,2025-12-09 07:06:10.719267,0,0.29999493132084604,0
O037616,C05544,P00968,2025-12-09 07:19:16.978924,0,0.2665241817822419,0
O037617,C00453,P01993,2025-12-09 07:32:23.238580,0,0.06949029094847697,0
O037618,C02768,P01771,2025-12-09 07:45:29.498237,0,0.24274047105819094,0
O037619,C01314,P01875,2025-12-09 07:58:35.757893,0,0.17072688170007627,0
O037620,C01855,P01094,2025-12-09 08:11:42.017550,0,0.29500085014363703,0
O037621,C03860,P00843,2025-12-09 08:24:48.277206,1,0.21163888073207957,0
O037622,C04930,P00869,2025-12-09 08:37:54.536863,0,0.13102063001720168,0
O037623,C04602,P01144,2025-12-09 08:51:00.796519,0,0.08088965551572877,0
O037624,C02164,P02112,2025-12-09 09:04:07.056176,0,0.12636551358494338,0
O037625,C06827,P01284,2025-12-09 09:17:13.315832,0,0.15249116907687754,0
O037626,C05101,P00689,2025-12-09 09:30:19.575489,0,0.09282906999122989,0
O037627,C00813,P01353,2025-12-09 09:43:25.835145,0,0.2699229338631803,0
O037628,C02910,P02147,2025-12-09 09:56:32.094802,0,0.36621321544272356,0
O037629,C04122,P00671,2025-12-09 10:09:38.354458,1,0.21404733474140533,0
O037630,C02829,P01271,2025-12-09 10:22:44.614115,0,0.29666140435888727,0
O037631,C04319,P01322,2025-12-09 10:35:50.873771,0,0.3215765570130727,0
O037632,C01527,P00639,2025-12-09 10:48:57.133428,0,0.23393082771351006,0
O037633,C02854,P01767,2025-12-09 11:02:03.393084,0,0.07432226254845761,0
O037634,C02476,P00976,2025-12-09 11:15:09.652741,0,0.5178627184495043,1
O037635,C02205,P00713,2025-12-09 11:28:15.912397,0,0.24385417521186736,0
O037636,C04252,P00097,2025-12-09 11:41:22.172054,0,0.11806107540398496,0
O037637,C07551,P01037,2025-12-09 11:54:28.431710,1,0.26108499594340784,0
O037638,C02427,P00568,2025-12-09 12:07:34.691367,0,0.3423117356105715,0
O037639,C00025,P01793,2025-12-09 12:20:40.951023,0,0.1398468049374483,0
O037640,C06246,P01995,2025-12-09 12:33:47.210680,0,0.10939028486605872,0
O037641,C03156,P01156,2025-12-09 12:46:53.470336,0,0.07201092151105018,0
O037642,C00096,P00743,2025-12-09 12:59:59.729993,0,0.2610210950061508,0
O037643,C00320,P02004,2025-12-09 13:13:05.989649,0,0.366011283552035,0
O037644,C01112,P01270,2025-12-09 13:26:12.249306,1,0.3185310382619825,0
O037645,C03559,P00797,2025-12-09 13:39:18.508962,0,0.12065786363428788,0
O037646,C02246,P01651,2025-12-09 13:52:24.768619,0,0.3364832893399697,0
O037647,C02237,P00517,2025-12-09 14:05:31.028275,0,0.22789858233406768,0
O037648,C06880,P01921,2025-12-09 14:18:37.287932,0,0.0751931090285165,0
O037649,C04808,P00849,2025-12-09 14:31:43.547588,1,0.11183679102019173,0
O037650,C05581,P00017,2025-12-09 14:44:49.807245,1,0.22259080042072554,0
O037651,C01003,P01780,2025-12-09 14:57:56.066901,0,0.15739575155534916,0
O037652,C06700,P02325,2025-12-09 15:11:02.326558,1,0.5357889324797773,1
O037653,C01090,P01379,2025-12-09 15:24:08.586214,0,0.1358198155777019,0
O037654,C03808,P00940,2025-12-09 15:37:14.845871,0,0.0793727821224327,0
O037655,C03161,P00454,2025-12-09 15:50:21.105527,0,0.08471488499174314,0
O037656,C07050,P00975,2025-12-09 16:03:27.365184,0,0.0855107249153471,0
O037657,C02401,P01542,2025-12-09 16:16:33.624840,1,0.26631378425135566,0
O037658,C07504,P02247,2025-12-09 16:29:39.884497,0,0.11993982729798439,0
O037659,C01871,P01200,2025-12-09 16:42:46.144153,0,0.23338633807799508,0
O037660,C01037,P02356,2025-12-09 16:55:52.403810,0,0.1771417356672429,0
O037661,C03467,P02294,2025-12-09 17:08:58.663466,0,0.2500904478951226,0
O037662,C02787,P00834,2025-12-09 17:22:04.923123,1,0.3298545630897428,0
O037663,C02526,P00365,2025-12-09 17:35:11.182779,0,0.09902010634166941,0
O037664,C03397,P00809,2025-12-09 17:48:17.442436,0,0.11779024638924322,0
O037665,C03899,P01130,2025-12-09 18:01:23.702092,0,0.15181826342919635,0
O037666,C04337,P00455,2025-12-09 18:14:29.961749,0,0.13023086882461252,0
O037667,C00320,P00803,2025-12-09 18:27:36.221405,0,0.09975519498318618,0
O037668,C02609,P01937,2025-12-09 18:40:42.481062,1,0.4771159966271382,0
O037669,C05709,P00058,2025-12-09 18:53:48.740718,0,0.26073377215828125,0
O037670,C06552,P00203,2025-12-09 19:06:55.000375,0,0.12181681550830677,0
O037671,C04569,P00390,2025-12-09 19:20:01.260031,0,0.26635505147056676,0
O037672,C07171,P02234,2025-12-09 19:33:07.519687,0,0.3817663240542783,0
O037673,C03934,P01828,2025-12-09 19:46:13.779344,0,0.3720537022082754,0
O037674,C00488,P01355,2025-12-09 19:59:20.039000,0,0.16012955075969834,0
O037675,C05424,P01894,2025-12-09 20:12:26.298657,0,0.11832059131271476,0
O037676,C04835,P01631,2025-12-09 20:25:32.558313,0,0.21822093378687277,0
O037677,C05122,P01449,2025-12-09 20:38:38.817970,1,0.3055713441853281,0
O037678,C04569,P02103,2025-12-09 20:51:45.077626,0,0.3217267631503205,0
O037679,C02034,P00084,2025-12-09 21:04:51.337283,0,0.4378866340517849,0
O037680,C07117,P01054,2025-12-09 21:17:57.596939,0,0.06652807580039952,0
O037681,C06371,P00724,2025-12-09 21:31:03.856596,0,0.2385959925156766,0
O037682,C05385,P00173,2025-12-09 21:44:10.116252,0,0.14810494435115948,0
O037683,C01810,P02366,2025-12-09 21:57:16.375909,0,0.23641374233459397,0
O037684,C02701,P01997,2025-12-09 22:10:22.635565,0,0.1254621203547557,0
O037685,C04450,P00878,2025-12-09 22:23:28.895222,0,0.09213348282993332,0
O037686,C04321,P00289,2025-12-09 22:36:35.154878,0,0.08964365642418938,0
O037687,C04378,P01804,2025-12-09 22:49:41.414535,0,0.4798259387072916,0
O037688,C05497,P02481,2025-12-09 23:02:47.674191,0,0.1981318895953621,0
O037689,C07518,P00703,2025-12-09 23:15:53.933848,0,0.21648261409245123,0
O037690,C02536,P00915,2025-12-09 23:29:00.193504,1,0.4670235018399852,0
O037691,C02851,P00485,2025-12-09 23:42:06.453161,0,0.3649004419413259,0
O037692,C00668,P01183,2025-12-09 23:55:12.712817,0,0.17069287616330717,0
O037693,C04864,P00659,2025-12-10 00:08:18.972474,1,0.1938719740176271,0
O037694,C05321,P01751,2025-12-10 00:21:25.232130,0,0.1995291650844282,0
O037695,C04664,P00127,2025-12-10 00:34:31.491787,0,0.1963079801046559,0
O037696,C04407,P01342,2025-12-10 00:47:37.751443,0,0.06563521962787006,0
O037697,C00568,P02167,2025-12-10 01:00:44.011100,0,0.2717671369623402,0
O037698,C06520,P01005,2025-12-10 01:13:50.270756,0,0.12756838337134968,0
O037699,C01711,P01675,2025-12-10 01:26:56.530413,0,0.113857107033404,0
O037700,C00652,P00595,2025-12-10 01:40:02.790069,0,0.18557254583031313,0
O037701,C01110,P02431,2025-12-10 01:53:09.049726,0,0.09969498830308852,0
O037702,C07351,P02343,2025-12-10 02:06:15.309382,0,0.24927809255956296,0
O037703,C05875,P01696,2025-12-10 02:19:21.569039,1,0.2823211453511624,0
O037704,C02087,P00774,2025-12-10 02:32:27.828695,0,0.18737941105528852,0
O037705,C02387,P01935,2025-12-10 02:45:34.088352,0,0.43800619167962607,0
O037706,C04649,P01938,2025-12-10 02:58:40.348008,1,0.5145814024212784,1
O037707,C05044,P01371,2025-12-10 03:11:46.607665,1,0.5013929660831726,1
O037708,C03129,P01641,2025-12-10 03:24:52.867321,0,0.1842146356489362,0
O037709,C02955,P01900,2025-12-10 03:37:59.126978,0,0.18661342060679273,0
O037710,C01605,P00140,2025-12-10 03:51:05.386634,0,0.2540270887166693,0
O037711,C00885,P00562,2025-12-10 04:04:11.646291,0,0.17811218773074416,0
O037712,C04680,P00105,2025-12-10 04:17:17.905947,0,0.16557720999662023,0
O037713,C05324,P01288,2025-12-10 04:30:24.165604,0,0.0964736808272115,0
O037714,C04542,P01101,2025-12-10 04:43:30.425260,0,0.2340231145462642,0
O037715,C03669,P02157,2025-12-10 04:56:36.684917,1,0.3487691803284354,0
O037716,C01017,P01603,2025-12-10 05:09:42.944573,0,0.21176965770952932,0
O037717,C03686,P02239,2025-12-10 05:22:49.204230,0,0.12427118958142211,0
O037718,C01504,P01979,2025-12-10 05:35:55.463886,0,0.15006852868646972,0
O037719,C06733,P00232,2025-12-10 05:49:01.723543,0,0.24214048533658653,0
O037720,C03995,P01467,2025-12-10 06:02:07.983199,0,0.15320745140897607,0
O037721,C00861,P01474,2025-12-10 06:15:14.242856,0,0.12539942556755906,0
O037722,C01274,P00500,2025-12-10 06:28:20.502512,0,0.15727998446744915,0
O037723,C01218,P00683,2025-12-10 06:41:26.762169,1,0.21219161905654388,0
O037724,C00483,P01102,2025-12-10 06:54:33.021825,0,0.33599699887639006,0
O037725,C03745,P02343,2025-12-10 07:07:39.281482,1,0.23710028480824147,0
O037726,C04403,P00261,2025-12-10 07:20:45.541138,1,0.5348005527645129,1
O037727,C04099,P00030,2025-12-10 07:33:51.800795,0,0.17067739983341315,0
O037728,C01160,P00540,2025-12-10 07:46:58.060451,1,0.2476022717897969,0
O037729,C05621,P00189,2025-12-10 08:00:04.320108,1,0.08037440871925876,0
O037730,C03410,P01129,2025-12-10 08:13:10.579764,0,0.22490248408891078,0
O037731,C05736,P00886,2025-12-10 08:26:16.839420,0,0.1304813401180446,0
O037732,C00622,P00999,2025-12-10 08:39:23.099077,0,0.32105267227409445,0
O037733,C02820,P00881,2025-12-10 08:52:29.358733,0,0.35780063966067294,0
O037734,C04774,P02304,2025-12-10 09:05:35.618390,0,0.10869928331992998,0
O037735,C02160,P00689,2025-12-10 09:18:41.878046,0,0.15629199988977396,0
O037736,C06837,P00050,2025-12-10 09:31:48.137703,0,0.14720305463225364,0
O037737,C06884,P02426,2025-12-10 09:44:54.397359,0,0.11779952951192442,0
O037738,C00752,P00239,2025-12-10 09:58:00.657016,0,0.11758307966479505,0
O037739,C00881,P01164,2025-12-10 10:11:06.916672,0,0.18610087846773551,0
O037740,C07358,P02356,2025-12-10 10:24:13.176329,0,0.18371425624803506,0
O037741,C03419,P01426,2025-12-10 10:37:19.435985,0,0.1837887398218357,0
O037742,C05982,P00809,2025-12-10 10:50:25.695642,0,0.12136169137537783,0
O037743,C05132,P02307,2025-12-10 11:03:31.955298,0,0.6239403378539973,1
O037744,C06807,P00717,2025-12-10 11:16:38.214955,0,0.33290591443275486,0
O037745,C01251,P02136,2025-12-10 11:29:44.474611,1,0.3148970098715249,0
O037746,C06912,P02456,2025-12-10 11:42:50.734268,0,0.08820875086167526,0
O037747,C01503,P02473,2025-12-10 11:55:56.993924,0,0.30861885566874936,0
O037748,C02157,P00658,2025-12-10 12:09:03.253581,0,0.2855471496529316,0
O037749,C04502,P02484,2025-12-10 12:22:09.513237,0,0.5648143959525275,1
O037750,C00384,P00565,2025-12-10 12:35:15.772894,0,0.08734214416969265,0
O037751,C02208,P01935,2025-12-10 12:48:22.032550,0,0.22980441305126814,0
O037752,C06519,P00442,2025-12-10 13:01:28.292207,0,0.3404669089872451,0
O037753,C01500,P00739,2025-12-10 13:14:34.551863,0,0.13918876873377592,0
O037754,C00166,P01546,2025-12-10 13:27:40.811520,0,0.12190794560700574,0
O037755,C05326,P01086,2025-12-10 13:40:47.071176,0,0.09920748965724115,0
O037756,C05679,P01501,2025-12-10 13:53:53.330833,0,0.08801799151872966,0
O037757,C05630,P02003,2025-12-10 14:06:59.590489,0,0.15853016944992013,0
O037758,C03437,P00859,2025-12-10 14:20:05.850146,0,0.10096105253202137,0
O037759,C04856,P00382,2025-12-10 14:33:12.109802,0,0.06796929996241875,0
O037760,C05050,P01200,2025-12-10 14:46:18.369459,0,0.46462921433088333,0
O037761,C02635,P02053,2025-12-10 14:59:24.629115,0,0.12302567878341,0
O037762,C01323,P01772,2025-12-10 15:12:30.888772,1,0.09043278409510956,0
O037763,C06318,P01104,2025-12-10 15:25:37.148428,0,0.08740378580958165,0
O037764,C07835,P01203,2025-12-10 15:38:43.408085,1,0.31673233634060194,0
O037765,C05737,P01799,2025-12-10 15:51:49.667741,1,0.11329571719727147,0
O037766,C07139,P02009,2025-12-10 16:04:55.927398,0,0.2038976848372998,0
O037767,C01921,P02259,2025-12-10 16:18:02.187054,0,0.4046616190924254,0
O037768,C02463,P00829,2025-12-10 16:31:08.446711,1,0.08964462377409539,0
O037769,C04008,P02412,2025-12-10 16:44:14.706367,1,0.46158266243491863,0
O037770,C04977,P00038,2025-12-10 16:57:20.966024,1,0.10214666630358173,0
O037771,C06408,P02105,2025-12-10 17:10:27.225680,1,0.38053521391147127,0
O037772,C01178,P00356,2025-12-10 17:23:33.485337,1,0.06775797337421245,0
O037773,C02462,P01868,2025-12-10 17:36:39.744993,0,0.2477183510747479,0
O037774,C00065,P01541,2025-12-10 17:49:46.004650,1,0.1040144083898225,0
O037775,C03763,P02387,2025-12-10 18:02:52.264306,0,0.2934883299788445,0
O037776,C07237,P01119,2025-12-10 18:15:58.523963,0,0.16047216866235844,0
O037777,C06068,P00223,2025-12-10 18:29:04.783619,1,0.1850121021206992,0
O037778,C00705,P02322,2025-12-10 18:42:11.043276,1,0.386168874698534,0
O037779,C03853,P01984,2025-12-10 18:55:17.302932,0,0.18321194928934195,0
O037780,C02018,P00497,2025-12-10 19:08:23.562589,0,0.0987260642544826,0
O037781,C02012,P00299,2025-12-10 19:21:29.822245,0,0.10697279423262213,0
O037782,C06291,P00375,2025-12-10 19:34:36.081902,0,0.16466890010575985,0
O037783,C05232,P01162,2025-12-10 19:47:42.341558,0,0.1410976686655751,0
O037784,C00341,P01507,2025-12-10 20:00:48.601215,0,0.1317900123008827,0
O037785,C05168,P02152,2025-12-10 20:13:54.860871,0,0.3321081348951802,0
O037786,C06874,P01985,2025-12-10 20:27:01.120528,1,0.35830643927608075,0
O037787,C00761,P02340,2025-12-10 20:40:07.380184,0,0.1166612212995945,0
O037788,C07399,P01344,2025-12-10 20:53:13.639840,0,0.10807133360187075,0
O037789,C02883,P01349,2025-12-10 21:06:19.899497,0,0.22854320102661765,0
O037790,C05950,P00899,2025-12-10 21:19:26.159153,1,0.14866902483847053,0
O037791,C04502,P00924,2025-12-10 21:32:32.418810,0,0.27809474262464157,0
O037792,C01902,P01001,2025-12-10 21:45:38.678466,0,0.07134785963888501,0
O037793,C06360,P01923,2025-12-10 21:58:44.938123,1,0.198861186234854,0
O037794,C05906,P01158,2025-12-10 22:11:51.197779,0,0.0739601243958706,0
O037795,C03351,P01308,2025-12-10 22:24:57.457436,0,0.11080663742498074,0
O037796,C00951,P02363,2025-12-10 22:38:03.717092,1,0.07605324410684236,0
O037797,C05063,P01878,2025-12-10 22:51:09.976749,1,0.2429049830761972,0
O037798,C01479,P00552,2025-12-10 23:04:16.236405,0,0.21967510714015268,0
O037799,C06123,P02139,2025-12-10 23:17:22.496062,0,0.37969888435994087,0
O037800,C07052,P00274,2025-12-10 23:30:28.755718,0,0.16001952814368217,0
O037801,C01515,P01246,2025-12-10 23:43:35.015375,0,0.4579530135810596,0
O037802,C07926,P01353,2025-12-10 23:56:41.275031,1,0.24843928484121436,0
O037803,C00885,P00742,2025-12-11 00:09:47.534688,0,0.18406857193441234,0
O037804,C00155,P01509,2025-12-11 00:22:53.794344,0,0.26448330995856933,0
O037805,C03293,P01736,2025-12-11 00:36:00.054001,0,0.08231745300610835,0
O037806,C01131,P02021,2025-12-11 00:49:06.313657,0,0.14235073557089808,0
O037807,C07015,P00852,2025-12-11 01:02:12.573314,1,0.21468708629225172,0
O037808,C02824,P02020,2025-12-11 01:15:18.832970,0,0.2870787619146959,0
O037809,C01756,P01566,2025-12-11 01:28:25.092627,0,0.07287417748569998,0
O037810,C01245,P00857,2025-12-11 01:41:31.352283,0,0.20161240580702475,0
O037811,C00649,P02435,2025-12-11 01:54:37.611940,0,0.21840158876090973,0
O037812,C03286,P01781,2025-12-11 02:07:43.871596,0,0.2261833413328365,0
O037813,C01331,P02042,2025-12-11 02:20:50.131253,0,0.08860054025048789,0
O037814,C02510,P01507,2025-12-11 02:33:56.390909,0,0.1785170979426264,0
O037815,C04054,P01628,2025-12-11 02:47:02.650566,1,0.08272063814701076,0
O037816,C07443,P02423,2025-12-11 03:00:08.910222,0,0.2661016609573837,0
O037817,C02193,P02286,2025-12-11 03:13:15.169879,0,0.12480326828852115,0
O037818,C07293,P00784,2025-12-11 03:26:21.429535,0,0.15757400726876594,0
O037819,C05683,P02336,2025-12-11 03:39:27.689192,1,0.6739950604963246,1
O037820,C03536,P02485,2025-12-11 03:52:33.948848,0,0.2392571263259992,0
O037821,C02884,P02037,2025-12-11 04:05:40.208505,1,0.2476239429663524,0
O037822,C02307,P00878,2025-12-11 04:18:46.468161,0,0.1455721424687076,0
O037823,C04162,P00030,2025-12-11 04:31:52.727818,1,0.11413543162135695,0
O037824,C05090,P01117,2025-12-11 04:44:58.987474,0,0.12978855105853498,0
O037825,C04950,P02478,2025-12-11 04:58:05.247131,1,0.4115301587094529,0
O037826,C00854,P00222,2025-12-11 05:11:11.506787,0,0.06180010151394405,0
O037827,C06892,P01875,2025-12-11 05:24:17.766444,1,0.16337179194464432,0
O037828,C05119,P01088,2025-12-11 05:37:24.026100,0,0.07298273845904443,0
O037829,C06122,P02076,2025-12-11 05:50:30.285757,0,0.12333203265923605,0
O037830,C02064,P00043,2025-12-11 06:03:36.545413,0,0.3383017214452933,0
O037831,C00353,P01974,2025-12-11 06:16:42.805070,1,0.5551669543517707,1
O037832,C04768,P01135,2025-12-11 06:29:49.064726,1,0.13592533415158434,0
O037833,C04878,P00617,2025-12-11 06:42:55.324383,1,0.13952639857220336,0
O037834,C03211,P00294,2025-12-11 06:56:01.584039,0,0.0851195036821519,0
O037835,C05472,P01984,2025-12-11 07:09:07.843696,0,0.16277328476881794,0
O037836,C03640,P00903,2025-12-11 07:22:14.103352,0,0.23038295986055518,0
O037837,C01493,P00228,2025-12-11 07:35:20.363009,0,0.1090145911755736,0
O037838,C02008,P01003,2025-12-11 07:48:26.622665,0,0.4982469323698541,0
O037839,C03391,P00926,2025-12-11 08:01:32.882322,0,0.16551021527035348,0
O037840,C07322,P02198,2025-12-11 08:14:39.141978,0,0.284996760564533,0
O037841,C02196,P02051,2025-12-11 08:27:45.401635,0,0.08504947324744375,0
O037842,C05232,P02221,2025-12-11 08:40:51.661291,0,0.1884415684908576,0
O037843,C01928,P00937,2025-12-11 08:53:57.920948,1,0.16498608744521004,0
O037844,C01772,P00003,2025-12-11 09:07:04.180604,0,0.23970614890152897,0
O037845,C02593,P02335,2025-12-11 09:20:10.440261,1,0.1430578240970091,0
O037846,C01478,P01001,2025-12-11 09:33:16.699917,0,0.19249283541852627,0
O037847,C05914,P01206,2025-12-11 09:46:22.959573,0,0.11190808624052562,0
O037848,C01445,P01162,2025-12-11 09:59:29.219230,0,0.35100332249763455,0
O037849,C07496,P02414,2025-12-11 10:12:35.478886,0,0.1845788214968188,0
O037850,C02472,P02154,2025-12-11 10:25:41.738543,0,0.310831280504627,0
O037851,C01161,P02065,2025-12-11 10:38:47.998199,1,0.26506468883792195,0
O037852,C03630,P01623,2025-12-11 10:51:54.257856,0,0.14892491078742254,0
O037853,C05750,P01386,2025-12-11 11:05:00.517512,0,0.09329722724425668,0
O037854,C06962,P01204,2025-12-11 11:18:06.777169,0,0.2195916860748027,0
O037855,C01747,P01891,2025-12-11 11:31:13.036825,1,0.11314035962673802,0
O037856,C07491,P00986,2025-12-11 11:44:19.296482,1,0.13755905468969068,0
O037857,C07153,P02160,2025-12-11 11:57:25.556138,0,0.23956881184470863,0
O037858,C01950,P01454,2025-12-11 12:10:31.815795,0,0.10949247360651815,0
O037859,C05346,P00336,2025-12-11 12:23:38.075451,1,0.10137951223169718,0
O037860,C04818,P01179,2025-12-11 12:36:44.335108,0,0.3494693504225809,0
O037861,C03295,P00331,2025-12-11 12:49:50.594764,0,0.3963961089519321,0
O037862,C01677,P01142,2025-12-11 13:02:56.854421,0,0.11988284644133926,0
O037863,C02371,P00725,2025-12-11 13:16:03.114077,0,0.140801554206602,0
O037864,C01811,P01061,2025-12-11 13:29:09.373734,0,0.5108607892491093,1
O037865,C00203,P01686,2025-12-11 13:42:15.633390,0,0.07328772192970213,0
O037866,C01480,P02070,2025-12-11 13:55:21.893047,0,0.13223383915900744,0
O037867,C06931,P02432,2025-12-11 14:08:28.152703,0,0.22588084229090977,0
O037868,C05454,P00307,2025-12-11 14:21:34.412360,0,0.1214854842729667,0
O037869,C05176,P00427,2025-12-11 14:34:40.672016,0,0.13848815064901093,0
O037870,C04798,P00909,2025-12-11 14:47:46.931673,0,0.12643056604233294,0
O037871,C01349,P01888,2025-12-11 15:00:53.191329,0,0.06936801011654697,0
O037872,C07381,P02280,2025-12-11 15:13:59.450986,0,0.21674450788000504,0
O037873,C02150,P00788,2025-12-11 15:27:05.710642,0,0.5092322039242496,1
O037874,C04841,P02397,2025-12-11 15:40:11.970299,0,0.1239014071859972,0
O037875,C05467,P00314,2025-12-11 15:53:18.229955,0,0.2564418672411961,0
O037876,C02108,P01872,2025-12-11 16:06:24.489612,0,0.32583231909441884,0
O037877,C04514,P00884,2025-12-11 16:19:30.749268,0,0.2927638617866454,0
O037878,C01710,P00387,2025-12-11 16:32:37.008925,1,0.23366863316095815,0
O037879,C07925,P00158,2025-12-11 16:45:43.268581,0,0.1424460001709126,0
O037880,C05838,P00037,2025-12-11 16:58:49.528238,1,0.15613603753185798,0
O037881,C07438,P00070,2025-12-11 17:11:55.787894,0,0.1471030016457212,0
O037882,C02378,P02395,2025-12-11 17:25:02.047551,0,0.4193133291489625,0
O037883,C07900,P00301,2025-12-11 17:38:08.307207,0,0.08588228499354308,0
O037884,C00683,P01482,2025-12-11 17:51:14.566864,0,0.4052069425254746,0
O037885,C00852,P01573,2025-12-11 18:04:20.826520,0,0.09795878485804367,0
O037886,C01537,P02048,2025-12-11 18:17:27.086177,0,0.28197877976737806,0
O037887,C00176,P00011,2025-12-11 18:30:33.345833,0,0.07765960776420211,0
O037888,C00572,P01797,2025-12-11 18:43:39.605490,1,0.34368035600242425,0
O037889,C06224,P00176,2025-12-11 18:56:45.865146,0,0.09492847469507704,0
O037890,C02674,P02325,2025-12-11 19:09:52.124803,1,0.33698217662132457,0
O037891,C01533,P01642,2025-12-11 19:22:58.384459,0,0.09318051985757073,0
O037892,C03390,P02473,2025-12-11 19:36:04.644116,1,0.26365640072817836,0
O037893,C06164,P02268,2025-12-11 19:49:10.903772,0,0.2955499041468596,0
O037894,C04894,P00691,2025-12-11 20:02:17.163429,0,0.16935606864037123,0
O037895,C06709,P00542,2025-12-11 20:15:23.423085,0,0.15106753466895376,0
O037896,C00082,P02260,2025-12-11 20:28:29.682742,0,0.5234173454705547,1
O037897,C06752,P00760,2025-12-11 20:41:35.942398,0,0.07962110693460807,0
O037898,C04425,P00666,2025-12-11 20:54:42.202055,0,0.14382905917780198,0
O037899,C04034,P00428,2025-12-11 21:07:48.461711,0,0.06330135866181132,0
O037900,C02444,P01766,2025-12-11 21:20:54.721368,1,0.11755521156932447,0
O037901,C06575,P00396,2025-12-11 21:34:00.981024,0,0.07561016602830402,0
O037902,C07098,P01407,2025-12-11 21:47:07.240681,0,0.0898987893652433,0
O037903,C01708,P01460,2025-12-11 22:00:13.500337,0,0.21423169389038424,0
O037904,C05247,P00692,2025-12-11 22:13:19.759994,0,0.3081269674707622,0
O037905,C06221,P00458,2025-12-11 22:26:26.019650,0,0.19004320042292522,0
O037906,C04442,P00037,2025-12-11 22:39:32.279306,0,0.07060716643710707,0
O037907,C00692,P02096,2025-12-11 22:52:38.538963,0,0.1097883055399777,0
O037908,C03023,P00748,2025-12-11 23:05:44.798619,0,0.10133545546545945,0
O037909,C02721,P01954,2025-12-11 23:18:51.058276,0,0.12132704387970666,0
O037910,C03840,P01607,2025-12-11 23:31:57.317932,0,0.058592291197771436,0
O037911,C05130,P01049,2025-12-11 23:45:03.577589,0,0.1056097080632628,0
O037912,C00023,P01328,2025-12-11 23:58:09.837245,0,0.09595138839562409,0
O037913,C01037,P00178,2025-12-12 00:11:16.096902,0,0.10463767390113815,0
O037914,C05467,P01843,2025-12-12 00:24:22.356558,0,0.0893962786735827,0
O037915,C01878,P02208,2025-12-12 00:37:28.616215,0,0.11387511981937619,0
O037916,C07611,P01314,2025-12-12 00:50:34.875871,1,0.10856711160705276,0
O037917,C04117,P02051,2025-12-12 01:03:41.135528,0,0.12017640250293155,0
O037918,C07758,P01039,2025-12-12 01:16:47.395184,0,0.3448119496817115,0
O037919,C00306,P01751,2025-12-12 01:29:53.654841,1,0.15294706277072048,0
O037920,C03237,P02171,2025-12-12 01:42:59.914497,1,0.19087656395395602,0
O037921,C05492,P02157,2025-12-12 01:56:06.174154,0,0.10395781210654145,0
O037922,C05850,P02090,2025-12-12 02:09:12.433810,1,0.24995992680213366,0
O037923,C00093,P01213,2025-12-12 02:22:18.693467,0,0.09274256682015228,0
O037924,C03713,P01074,2025-12-12 02:35:24.953123,0,0.1018049724603737,0
O037925,C01584,P00002,2025-12-12 02:48:31.212780,0,0.07060897127633613,0
O037926,C03626,P01858,2025-12-12 03:01:37.472436,1,0.47801352533810093,0
O037927,C03781,P00649,2025-12-12 03:14:43.732093,0,0.2032188152122338,0
O037928,C02212,P01517,2025-12-12 03:27:49.991749,0,0.09229498646549796,0
O037929,C07566,P00987,2025-12-12 03:40:56.251406,0,0.15591792780286862,0
O037930,C05846,P01737,2025-12-12 03:54:02.511062,0,0.2890080193062953,0
O037931,C03279,P01206,2025-12-12 04:07:08.770719,0,0.13346781874499636,0
O037932,C05749,P00955,2025-12-12 04:20:15.030375,0,0.08783713210635181,0
O037933,C06992,P00798,2025-12-12 04:33:21.290032,1,0.15694343978189676,0
O037934,C04946,P01950,2025-12-12 04:46:27.549688,0,0.3488985894255228,0
O037935,C05175,P00881,2025-12-12 04:59:33.809345,0,0.36165196464269556,0
O037936,C05233,P01319,2025-12-12 05:12:40.069001,0,0.22161569049744936,0
O037937,C06727,P01085,2025-12-12 05:25:46.328658,1,0.40920831415865594,0
O037938,C01513,P02363,2025-12-12 05:38:52.588314,0,0.11412434536375522,0
O037939,C01601,P01835,2025-12-12 05:51:58.847971,0,0.1752445856094613,0
O037940,C04510,P00377,2025-12-12 06:05:05.107627,0,0.160700536898952,0
O037941,C06075,P00165,2025-12-12 06:18:11.367284,0,0.09684094125504754,0
O037942,C07777,P00029,2025-12-12 06:31:17.626940,1,0.4801304344533151,0
O037943,C03145,P00164,2025-12-12 06:44:23.886597,1,0.2147253418195087,0
O037944,C07452,P02324,2025-12-12 06:57:30.146253,0,0.08123945953029,0
O037945,C04104,P01609,2025-12-12 07:10:36.405910,0,0.11661888468525358,0
O037946,C02894,P01862,2025-12-12 07:23:42.665566,0,0.16851432563519947,0
O037947,C04856,P00949,2025-12-12 07:36:48.925223,0,0.24404969799770368,0
O037948,C01595,P02176,2025-12-12 07:49:55.184879,0,0.1575756216940638,0
O037949,C01543,P00975,2025-12-12 08:03:01.444536,1,0.270953936008978,0
O037950,C00338,P00366,2025-12-12 08:16:07.704192,0,0.36636250951440563,0
O037951,C00213,P01432,2025-12-12 08:29:13.963849,0,0.2729730907962961,0
O037952,C01997,P01451,2025-12-12 08:42:20.223505,0,0.13406671770046877,0
O037953,C07322,P01897,2025-12-12 08:55:26.483162,0,0.24751953918284797,0
O037954,C03922,P02155,2025-12-12 09:08:32.742818,0,0.22374196921177172,0
O037955,C05375,P01263,2025-12-12 09:21:39.002475,0,0.130323473087994,0
O037956,C01433,P01685,2025-12-12 09:34:45.262131,0,0.15222888348260366,0
O037957,C03574,P02171,2025-12-12 09:47:51.521788,0,0.2159562012969271,0
O037958,C02850,P02480,2025-12-12 10:00:57.781444,0,0.31235215225588303,0
O037959,C01159,P02273,2025-12-12 10:14:04.041101,1,0.14869547470205283,0
O037960,C04967,P02216,2025-12-12 10:27:10.300757,0,0.11441045280513713,0
O037961,C04233,P02324,2025-12-12 10:40:16.560414,0,0.1669687000818437,0
O037962,C03876,P02452,2025-12-12 10:53:22.820070,0,0.2699825207910813,0
O037963,C03457,P01053,2025-12-12 11:06:29.079726,0,0.3302696909232247,0
O037964,C02266,P01937,2025-12-12 11:19:35.339383,0,0.18731020010589186,0
O037965,C05188,P01526,2025-12-12 11:32:41.599039,1,0.5894453203379533,1
O037966,C02434,P00094,2025-12-12 11:45:47.858696,1,0.17065112165857943,0
O037967,C00546,P01725,2025-12-12 11:58:54.118352,0,0.22180281380404632,0
O037968,C04668,P00600,2025-12-12 12:12:00.378009,0,0.11612418567340968,0
O037969,C03767,P00170,2025-12-12 12:25:06.637665,0,0.1923311838280152,0
O037970,C05220,P01490,2025-12-12 12:38:12.897322,1,0.46758306612725786,0
O037971,C04512,P01003,2025-12-12 12:51:19.156978,0,0.20021122560918475,0
O037972,C06120,P00951,2025-12-12 13:04:25.416635,0,0.14414329603993406,0
O037973,C00552,P00993,2025-12-12 13:17:31.676291,0,0.16783370339443188,0
O037974,C06846,P01736,2025-12-12 13:30:37.935948,0,0.10777380505299737,0
O037975,C05758,P00061,2025-12-12 13:43:44.195604,0,0.26328858645448894,0
O037976,C05523,P02240,2025-12-12 13:56:50.455261,1,0.6102288526668035,1
O037977,C02962,P02317,2025-12-12 14:09:56.714917,0,0.47402589535793516,0
O037978,C03967,P00053,2025-12-12 14:23:02.974574,0,0.23167622390834947,0
O037979,C02975,P01456,2025-12-12 14:36:09.234230,1,0.24590968076314954,0
O037980,C01587,P00276,2025-12-12 14:49:15.493887,0,0.07951954771758096,0
O037981,C00330,P00005,2025-12-12 15:02:21.753543,0,0.23986504616972026,0
O037982,C07729,P00597,2025-12-12 15:15:28.013200,0,0.1408381498101239,0
O037983,C00968,P01931,2025-12-12 15:28:34.272856,0,0.2675674775118895,0
O037984,C04194,P00199,2025-12-12 15:41:40.532513,0,0.2990351242243473,0
O037985,C05784,P01631,2025-12-12 15:54:46.792169,1,0.1702026298710938,0
O037986,C01502,P00592,2025-12-12 16:07:53.051826,0,0.12594393710690857,0
O037987,C01833,P01597,2025-12-12 16:20:59.311482,0,0.19089865756928553,0
O037988,C05303,P00475,2025-12-12 16:34:05.571139,0,0.3051753977140578,0
O037989,C07038,P02382,2025-12-12 16:47:11.830795,0,0.18289393940974044,0
O037990,C01844,P01756,2025-12-12 17:00:18.090452,0,0.11705250653553083,0
O037991,C04740,P00131,2025-12-12 17:13:24.350108,0,0.2740386124338874,0
O037992,C02860,P00597,2025-12-12 17:26:30.609765,0,0.2057396081783465,0
O037993,C06277,P00782,2025-12-12 17:39:36.869421,0,0.10465458070129761,0
O037994,C07759,P01458,2025-12-12 17:52:43.129078,0,0.130321001822595,0
O037995,C07480,P00698,2025-12-12 18:05:49.388734,1,0.16986147167852117,0
O037996,C01965,P01951,2025-12-12 18:18:55.648391,1,0.26417175329549114,0
O037997,C04818,P01239,2025-12-12 18:32:01.908047,0,0.08661800919570205,0
O037998,C06572,P00721,2025-12-12 18:45:08.167704,0,0.22867095082640182,0
O037999,C06884,P02201,2025-12-12 18:58:14.427360,0,0.19860857691761338,0
O038000,C00923,P02483,2025-12-12 19:11:20.687017,0,0.1268691434985034,0
O038001,C01225,P00167,2025-12-12 19:24:26.946673,1,0.26966204636595154,0
O038002,C06307,P00579,2025-12-12 19:37:33.206330,0,0.13927897188886523,0
O038003,C02399,P00996,2025-12-12 19:50:39.465986,0,0.15059775608585188,0
O038004,C03099,P00973,2025-12-12 20:03:45.725643,1,0.3868913874338725,0
O038005,C00594,P01068,2025-12-12 20:16:51.985299,1,0.14835430912332193,0
O038006,C03851,P01708,2025-12-12 20:29:58.244956,1,0.2945255424957437,0
O038007,C01275,P02138,2025-12-12 20:43:04.504612,0,0.14923532523855873,0
O038008,C06764,P00413,2025-12-12 20:56:10.764269,1,0.3496996756767648,0
O038009,C06959,P02139,2025-12-12 21:09:17.023925,1,0.41188097411828895,0
O038010,C05244,P00813,2025-12-12 21:22:23.283582,0,0.22350075406687026,0
O038011,C04128,P00372,2025-12-12 21:35:29.543238,0,0.2576084074615379,0
O038012,C04367,P01607,2025-12-12 21:48:35.802895,0,0.11802395461674678,0
O038013,C01444,P00208,2025-12-12 22:01:42.062551,0,0.31746634783211963,0
O038014,C04955,P01979,2025-12-12 22:14:48.322208,1,0.060057176945306885,0
O038015,C01773,P02041,2025-12-12 22:27:54.581864,0,0.22050189448683136,0
O038016,C07070,P02189,2025-12-12 22:41:00.841521,0,0.13952473515145006,0
O038017,C07104,P00361,2025-12-12 22:54:07.101177,1,0.22827819135878955,0
O038018,C07003,P00654,2025-12-12 23:07:13.360834,1,0.12177227473254948,0
O038019,C07905,P01878,2025-12-12 23:20:19.620490,0,0.5617265516511999,1
O038020,C02155,P00214,2025-12-12 23:33:25.880147,0,0.13509999300889808,0
O038021,C07427,P00594,2025-12-12 23:46:32.139803,0,0.2082739749772243,0
O038022,C07022,P02027,2025-12-12 23:59:38.399459,0,0.06058824006558814,0
O038023,C04259,P02435,2025-12-13 00:12:44.659116,0,0.4524429724615188,0
O038024,C00001,P01544,2025-12-13 00:25:50.918772,0,0.34610177272665765,0
O038025,C00509,P00256,2025-12-13 00:38:57.178429,0,0.16907432370699524,0
O038026,C03595,P01858,2025-12-13 00:52:03.438085,1,0.2974175348270454,0
O038027,C04019,P01952,2025-12-13 01:05:09.697742,1,0.2906544717005797,0
O038028,C06128,P00096,2025-12-13 01:18:15.957398,0,0.18247906141079603,0
O038029,C04429,P01104,2025-12-13 01:31:22.217055,1,0.09116839865007909,0
O038030,C07159,P01950,2025-12-13 01:44:28.476711,0,0.496301819929477,0
O038031,C00813,P00747,2025-12-13 01:57:34.736368,1,0.14820687555847653,0
O038032,C06676,P02396,2025-12-13 02:10:40.996024,0,0.15319721503676845,0
O038033,C05583,P02208,2025-12-13 02:23:47.255681,0,0.1290290477912846,0
O038034,C01689,P02357,2025-12-13 02:36:53.515337,0,0.4419611650037375,0
O038035,C01108,P01185,2025-12-13 02:49:59.774994,0,0.4616027512470908,0
O038036,C04761,P00478,2025-12-13 03:03:06.034650,0,0.14820550501021296,0
O038037,C04824,P02337,2025-12-13 03:16:12.294307,0,0.19801833063967772,0
O038038,C04174,P02459,2025-12-13 03:29:18.553963,0,0.22546426212319154,0
O038039,C00947,P00316,2025-12-13 03:42:24.813620,0,0.290611656729307,0
O038040,C07307,P00909,2025-12-13 03:55:31.073276,0,0.11729652462998885,0
O038041,C04748,P00826,2025-12-13 04:08:37.332933,0,0.2914541745573938,0
O038042,C02559,P01861,2025-12-13 04:21:43.592589,0,0.3117345201484743,0
O038043,C03986,P01075,2025-12-13 04:34:49.852246,0,0.0613656992025658,0
O038044,C07432,P01771,2025-12-13 04:47:56.111902,0,0.21379297980907225,0
O038045,C06438,P01438,2025-12-13 05:01:02.371559,0,0.07570935428148791,0
O038046,C05654,P00747,2025-12-13 05:14:08.631215,0,0.1551176683414016,0
O038047,C01444,P01007,2025-12-13 05:27:14.890872,0,0.18057647453807668,0
O038048,C01876,P01775,2025-12-13 05:40:21.150528,0,0.08071939088632171,0
O038049,C06151,P01684,2025-12-13 05:53:27.410185,0,0.35039940368732847,0
O038050,C03975,P01867,2025-12-13 06:06:33.669841,0,0.10048884336828943,0
O038051,C00143,P01448,2025-12-13 06:19:39.929498,0,0.37345616086838135,0
O038052,C04871,P02497,2025-12-13 06:32:46.189154,0,0.06243376430732586,0
O038053,C07898,P01231,2025-12-13 06:45:52.448811,0,0.30128186561830705,0
O038054,C03029,P00494,2025-12-13 06:58:58.708467,1,0.6027096881237889,1
O038055,C03263,P02149,2025-12-13 07:12:04.968124,0,0.11686801023622485,0
O038056,C03694,P02345,2025-12-13 07:25:11.227780,0,0.2662404876133152,0
O038057,C01931,P00411,2025-12-13 07:38:17.487437,0,0.07535144610889201,0
O038058,C00193,P01932,2025-12-13 07:51:23.747093,0,0.15425648016976104,0
O038059,C00789,P00855,2025-12-13 08:04:30.006750,0,0.1273195787917457,0
O038060,C05351,P00097,2025-12-13 08:17:36.266406,1,0.27546814979721174,0
O038061,C02841,P01353,2025-12-13 08:30:42.526063,1,0.3077797709789664,0
O038062,C05635,P01607,2025-12-13 08:43:48.785719,0,0.1087205342525017,0
O038063,C02304,P00719,2025-12-13 08:56:55.045376,1,0.15641528846362251,0
O038064,C07976,P01491,2025-12-13 09:10:01.305032,0,0.2414586926321039,0
O038065,C01170,P02260,2025-12-13 09:23:07.564689,0,0.29718912620164833,0
O038066,C01869,P00479,2025-12-13 09:36:13.824345,0,0.3185829305891745,0
O038067,C06688,P01501,2025-12-13 09:49:20.084002,0,0.07321709657892572,0
O038068,C00926,P02441,2025-12-13 10:02:26.343658,0,0.24640798268774586,0
O038069,C00950,P01148,2025-12-13 10:15:32.603315,0,0.22291762112889693,0
O038070,C03593,P02142,2025-12-13 10:28:38.862971,0,0.2759312086864709,0
O038071,C06244,P00933,2025-12-13 10:41:45.122628,0,0.12618826284047013,0
O038072,C00106,P00936,2025-12-13 10:54:51.382284,0,0.29319741616351436,0
O038073,C05245,P00362,2025-12-13 11:07:57.641941,1,0.35625601181149097,0
O038074,C02818,P02127,2025-12-13 11:21:03.901597,0,0.09771416686861095,0
O038075,C07385,P01225,2025-12-13 11:34:10.161254,0,0.28844833447948204,0
O038076,C02766,P01173,2025-12-13 11:47:16.420910,0,0.3074867481258897,0
O038077,C01907,P01301,2025-12-13 12:00:22.680567,1,0.14139876586108813,0
O038078,C04543,P00884,2025-12-13 12:13:28.940223,0,0.311473867243819,0
O038079,C05828,P02307,2025-12-13 12:26:35.199879,0,0.22973423771449603,0
O038080,C04204,P00124,2025-12-13 12:39:41.459536,0,0.09913267670114755,0
O038081,C01911,P02341,2025-12-13 12:52:47.719192,0,0.09158786396277238,0
O038082,C06985,P01677,2025-12-13 13:05:53.978849,0,0.181220231170836,0
O038083,C05106,P01552,2025-12-13 13:19:00.238505,0,0.18046646485147547,0
O038084,C05568,P01574,2025-12-13 13:32:06.498162,0,0.25243838319969497,0
O038085,C00959,P01143,2025-12-13 13:45:12.757818,1,0.5408437671197894,1
O038086,C07548,P02223,2025-12-13 13:58:19.017475,0,0.3437326332135813,0
O038087,C03715,P01126,2025-12-13 14:11:25.277131,0,0.27868831825361906,0
O038088,C03400,P00931,2025-12-13 14:24:31.536788,0,0.07758406294477672,0
O038089,C03801,P00615,2025-12-13 14:37:37.796444,0,0.14622318564890233,0
O038090,C06122,P01208,2025-12-13 14:50:44.056101,0,0.21670721458797948,0
O038091,C02749,P01792,2025-12-13 15:03:50.315757,1,0.3778968986225436,0
O038092,C04279,P01053,2025-12-13 15:16:56.575414,1,0.6550136223585262,1
O038093,C00193,P01937,2025-12-13 15:30:02.835070,0,0.28734425347537584,0
O038094,C02751,P01495,2025-12-13 15:43:09.094727,1,0.35501381554533945,0
O038095,C06645,P00141,2025-12-13 15:56:15.354383,0,0.12253483350729691,0
O038096,C03610,P01367,2025-12-13 16:09:21.614040,1,0.32447022197041475,0
O038097,C07894,P00340,2025-12-13 16:22:27.873696,0,0.15672517781319928,0
O038098,C05573,P01149,2025-12-13 16:35:34.133353,0,0.14306769850670642,0
O038099,C01987,P00820,2025-12-13 16:48:40.393009,0,0.2734666517273281,0
O038100,C01977,P00910,2025-12-13 17:01:46.652666,0,0.12155754772973545,0
O038101,C07303,P00406,2025-12-13 17:14:52.912322,0,0.2440706248688786,0
O038102,C04494,P00883,2025-12-13 17:27:59.171979,0,0.28166556581763047,0
O038103,C02745,P02242,2025-12-13 17:41:05.431635,0,0.06731217959441103,0
O038104,C07268,P00612,2025-12-13 17:54:11.691292,0,0.23615345026243872,0
O038105,C03381,P01902,2025-12-13 18:07:17.950948,0,0.4216431571987226,0
O038106,C00443,P00878,2025-12-13 18:20:24.210605,0,0.08060927033201963,0
O038107,C05931,P01823,2025-12-13 18:33:30.470261,0,0.21162160795993806,0
O038108,C05230,P01722,2025-12-13 18:46:36.729918,1,0.2742037588297806,0
O038109,C05563,P01034,2025-12-13 18:59:42.989574,0,0.3884761951717502,0
O038110,C04786,P01415,2025-12-13 19:12:49.249231,0,0.07156359325416481,0
O038111,C07557,P00178,2025-12-13 19:25:55.508887,0,0.18006265647137895,0
O038112,C07645,P00250,2025-12-13 19:39:01.768544,0,0.1169042109777372,0
O038113,C05200,P00425,2025-12-13 19:52:08.028200,0,0.10646457411182271,0
O038114,C06639,P02448,2025-12-13 20:05:14.287857,1,0.24889628540072548,0
O038115,C05309,P00356,2025-12-13 20:18:20.547513,0,0.08053902691287852,0
O038116,C07289,P01698,2025-12-13 20:31:26.807170,0,0.2192527291278355,0
O038117,C01558,P00511,2025-12-13 20:44:33.066826,0,0.06602313307840992,0
O038118,C06959,P01365,2025-12-13 20:57:39.326483,0,0.25335313158987405,0
O038119,C04326,P02073,2025-12-13 21:10:45.586139,0,0.07418075521369913,0
O038120,C01020,P00190,2025-12-13 21:23:51.845796,0,0.38881151090852534,0
O038121,C07590,P00116,2025-12-13 21:36:58.105452,0,0.10700753177529776,0
O038122,C02492,P02242,2025-12-13 21:50:04.365109,0,0.11596180840640512,0
O038123,C03807,P01638,2025-12-13 22:03:10.624765,0,0.4039923115058926,0
O038124,C07235,P01762,2025-12-13 22:16:16.884422,0,0.06825766121050338,0
O038125,C06162,P00186,2025-12-13 22:29:23.144078,0,0.05892860488288557,0
O038126,C03088,P01998,2025-12-13 22:42:29.403735,0,0.16718978126056638,0
O038127,C07019,P00934,2025-12-13 22:55:35.663391,0,0.44103218998705845,0
O038128,C05901,P00564,2025-12-13 23:08:41.923048,0,0.0913807969835763,0
O038129,C06651,P00059,2025-12-13 23:21:48.182704,0,0.192438845318768,0
O038130,C03898,P00354,2025-12-13 23:34:54.442361,0,0.38451912046760994,0
O038131,C02565,P00558,2025-12-13 23:48:00.702017,1,0.2709977590137665,0
O038132,C02520,P02013,2025-12-14 00:01:06.961674,0,0.08506093382489767,0
O038133,C00485,P01505,2025-12-14 00:14:13.221330,0,0.27349807776335994,0
O038134,C02563,P00632,2025-12-14 00:27:19.480987,0,0.08558544123450808,0
O038135,C02568,P00728,2025-12-14 00:40:25.740643,1,0.3111309384629914,0
O038136,C02554,P00606,2025-12-14 00:53:32.000300,0,0.09167833874821968,0
O038137,C03902,P00117,2025-12-14 01:06:38.259956,0,0.11336679161999398,0
O038138,C00772,P01428,2025-12-14 01:19:44.519612,0,0.12155861503097173,0
O038139,C06148,P01682,2025-12-14 01:32:50.779269,0,0.17507901495781084,0
O038140,C05443,P01562,2025-12-14 01:45:57.038925,0,0.1226576400326272,0
O038141,C01200,P02279,2025-12-14 01:59:03.298582,0,0.5905927597813612,1
O038142,C05177,P01514,2025-12-14 02:12:09.558238,0,0.20308569089703862,0
O038143,C06131,P01708,2025-12-14 02:25:15.817895,0,0.3842629373579923,0
O038144,C02808,P02139,2025-12-14 02:38:22.077551,0,0.1965673500597076,0
O038145,C05903,P00358,2025-12-14 02:51:28.337208,0,0.07713992389169032,0
O038146,C02585,P02064,2025-12-14 03:04:34.596864,0,0.10653107310385695,0
O038147,C06308,P00327,2025-12-14 03:17:40.856521,0,0.2205475529971229,0
O038148,C03068,P02496,2025-12-14 03:30:47.116177,0,0.155325571366545,0
O038149,C07349,P01879,2025-12-14 03:43:53.375834,1,0.2694490994019101,0
O038150,C06990,P01562,2025-12-14 03:56:59.635490,1,0.13379542720244367,0
O038151,C04415,P00803,2025-12-14 04:10:05.895147,0,0.16075887199712743,0
O038152,C00948,P01224,2025-12-14 04:23:12.154803,0,0.17766365986169694,0
O038153,C03449,P01436,2025-12-14 04:36:18.414460,0,0.2632427985750522,0
O038154,C05139,P00597,2025-12-14 04:49:24.674116,0,0.21394570560680518,0
O038155,C03076,P00092,2025-12-14 05:02:30.933773,0,0.22638507876423314,0
O038156,C00705,P01486,2025-12-14 05:15:37.193429,0,0.20010403557146914,0
O038157,C03035,P01258,2025-12-14 05:28:43.453086,0,0.05587059509138317,0
O038158,C07476,P01123,2025-12-14 05:41:49.712742,0,0.33422827125720805,0
O038159,C06258,P00676,2025-12-14 05:54:55.972399,1,0.5292780949653016,1
O038160,C02291,P00064,2025-12-14 06:08:02.232055,1,0.13441667772517735,0
O038161,C06893,P01228,2025-12-14 06:21:08.491712,1,0.27206624010620273,0
O038162,C07504,P00271,2025-12-14 06:34:14.751368,0,0.11022504830766931,0
O038163,C03745,P00914,2025-12-14 06:47:21.011025,1,0.08829628604455171,0
O038164,C00353,P01008,2025-12-14 07:00:27.270681,0,0.4531332640781945,0
O038165,C06284,P00658,2025-12-14 07:13:33.530338,0,0.2181251721165435,0
O038166,C07084,P01910,2025-12-14 07:26:39.789994,0,0.2585988260610823,0
O038167,C00376,P02273,2025-12-14 07:39:46.049651,0,0.1959027323188398,0
O038168,C00080,P01158,2025-12-14 07:52:52.309307,0,0.21761832398160677,0
O038169,C04226,P01592,2025-12-14 08:05:58.568964,1,0.4056983657835849,0
O038170,C03446,P00300,2025-12-14 08:19:04.828620,0,0.346685826342403,0
O038171,C07619,P00753,2025-12-14 08:32:11.088277,0,0.19684661504912782,0
O038172,C04094,P02173,2025-12-14 08:45:17.347933,0,0.09118872250775326,0
O038173,C00596,P00333,2025-12-14 08:58:23.607590,0,0.40498508644992937,0
O038174,C07817,P02138,2025-12-14 09:11:29.867246,0,0.11268650660631799,0
O038175,C05242,P01332,2025-12-14 09:24:36.126903,1,0.09218854799072006,0
O038176,C05998,P01943,2025-12-14 09:37:42.386559,0,0.08251621163718353,0
O038177,C01237,P01844,2025-12-14 09:50:48.646216,0,0.06652468640986142,0
O038178,C06161,P01870,2025-12-14 10:03:54.905872,0,0.4371973806663854,0
O038179,C01303,P00848,2025-12-14 10:17:01.165529,0,0.1897247601833331,0
O038180,C02677,P02304,2025-12-14 10:30:07.425185,0,0.08305657426566464,0
O038181,C02684,P00890,2025-12-14 10:43:13.684842,0,0.20130429985731113,0
O038182,C05189,P01533,2025-12-14 10:56:19.944498,1,0.12314568085866115,0
O038183,C01186,P00778,2025-12-14 11:09:26.204155,0,0.154581895359045,0
O038184,C03163,P00987,2025-12-14 11:22:32.463811,1,0.14507477467994295,0
O038185,C04799,P00396,2025-12-14 11:35:38.723468,0,0.08292718880340066,0
O038186,C05348,P02285,2025-12-14 11:48:44.983124,0,0.2524909733632566,0
O038187,C03070,P00379,2025-12-14 12:01:51.242781,0,0.19950221285922162,0
O038188,C04182,P00802,2025-12-14 12:14:57.502437,0,0.05085257909079473,0
O038189,C04827,P00763,2025-12-14 12:28:03.762094,0,0.11237234631021188,0
O038190,C07568,P00991,2025-12-14 12:41:10.021750,0,0.07886464051519586,0
O038191,C02069,P00785,2025-12-14 12:54:16.281407,0,0.09465109198307847,0
O038192,C01392,P01855,2025-12-14 13:07:22.541063,0,0.09828437359216333,0
O038193,C07551,P00609,2025-12-14 13:20:28.800720,1,0.31620730398025165,0
O038194,C01418,P01708,2025-12-14 13:33:35.060376,0,0.22277408141976834,0
O038195,C04646,P00308,2025-12-14 13:46:41.320033,0,0.09437352518021075,0
O038196,C01980,P00237,2025-12-14 13:59:47.579689,0,0.0976088731097749,0
O038197,C06665,P00442,2025-12-14 14:12:53.839345,0,0.5055304004088144,1
O038198,C01601,P00853,2025-12-14 14:26:00.099002,0,0.13094393457617048,0
O038199,C07089,P00317,2025-12-14 14:39:06.358658,0,0.1501149536467131,0
O038200,C02858,P01968,2025-12-14 14:52:12.618315,0,0.2833301982699807,0
O038201,C03260,P01904,2025-12-14 15:05:18.877971,0,0.09031405564388027,0
O038202,C07360,P01358,2025-12-14 15:18:25.137628,0,0.34262474848315316,0
O038203,C00077,P02249,2025-12-14 15:31:31.397284,0,0.12618091324799813,0
O038204,C02344,P00576,2025-12-14 15:44:37.656941,0,0.0806273176082743,0
O038205,C04389,P00042,2025-12-14 15:57:43.916597,0,0.3458727813934621,0
O038206,C00572,P01751,2025-12-14 16:10:50.176254,1,0.49945593499497376,0
O038207,C06549,P01830,2025-12-14 16:23:56.435910,0,0.1810225493748794,0
O038208,C03854,P00127,2025-12-14 16:37:02.695567,0,0.11503080482603056,0
O038209,C05581,P02434,2025-12-14 16:50:08.955223,1,0.09995902326429809,0
O038210,C00439,P01491,2025-12-14 17:03:15.214880,0,0.08785527297887416,0
O038211,C02840,P00800,2025-12-14 17:16:21.474536,0,0.15077321864099766,0
O038212,C01894,P01041,2025-12-14 17:29:27.734193,0,0.12224192892664226,0
O038213,C00014,P00946,2025-12-14 17:42:33.993849,0,0.2931332326783367,0
O038214,C00771,P01938,2025-12-14 17:55:40.253506,0,0.3624949231619256,0
O038215,C04644,P00673,2025-12-14 18:08:46.513162,0,0.2457767583443169,0
O038216,C05155,P02242,2025-12-14 18:21:52.772819,0,0.08144013740207559,0
O038217,C07781,P01857,2025-12-14 18:34:59.032475,0,0.08174682186759058,0
O038218,C06546,P01130,2025-12-14 18:48:05.292132,0,0.10281714053319285,0
O038219,C00022,P00007,2025-12-14 19:01:11.551788,0,0.12350177554495223,0
O038220,C01746,P00064,2025-12-14 19:14:17.811445,0,0.12325353257520387,0
O038221,C05504,P01578,2025-12-14 19:27:24.071101,1,0.2143711227751156,0
O038222,C03643,P01000,2025-12-14 19:40:30.330758,1,0.5604350453943826,1
O038223,C00132,P01134,2025-12-14 19:53:36.590414,0,0.055999147812346085,0
O038224,C02655,P01210,2025-12-14 20:06:42.850071,1,0.2777971743458326,0
O038225,C03647,P01934,2025-12-14 20:19:49.109727,0,0.0772296466354633,0
O038226,C01458,P00738,2025-12-14 20:32:55.369384,0,0.4004398353596853,0
O038227,C04202,P01284,2025-12-14 20:46:01.629040,0,0.19329723759031903,0
O038228,C00262,P02192,2025-12-14 20:59:07.888697,1,0.12999506710128308,0
O038229,C07986,P01686,2025-12-14 21:12:14.148353,0,0.22490237115836645,0
O038230,C05309,P01203,2025-12-14 21:25:20.408010,1,0.19839275065821127,0
O038231,C05012,P01197,2025-12-14 21:38:26.667666,1,0.12393631607319679,0
O038232,C01943,P00771,2025-12-14 21:51:32.927323,0,0.24077577262267585,0
O038233,C01939,P01172,2025-12-14 22:04:39.186979,0,0.27934848478294666,0
O038234,C02012,P00980,2025-12-14 22:17:45.446636,0,0.18289596723661614,0
O038235,C07501,P01411,2025-12-14 22:30:51.706292,0,0.10562292751296162,0
O038236,C07069,P00318,2025-12-14 22:43:57.965949,0,0.2869043768922054,0
O038237,C05281,P02171,2025-12-14 22:57:04.225605,1,0.26061616040851215,0
O038238,C03208,P01021,2025-12-14 23:10:10.485262,0,0.32858885021206913,0
O038239,C00547,P01573,2025-12-14 23:23:16.744918,0,0.10060481039197963,0
O038240,C03347,P00254,2025-12-14 23:36:23.004575,1,0.38487500442163,0
O038241,C07890,P01171,2025-12-14 23:49:29.264231,0,0.11850692523980554,0
O038242,C06068,P00995,2025-12-15 00:02:35.523888,1,0.3684577152161039,0
O038243,C05077,P01896,2025-12-15 00:15:41.783544,0,0.2718098843594056,0
O038244,C06581,P01701,2025-12-15 00:28:48.043201,1,0.4679411481337071,0
O038245,C04443,P02488,2025-12-15 00:41:54.302857,0,0.11502422818648801,0
O038246,C05184,P00294,2025-12-15 00:55:00.562514,0,0.11753366063404537,0
O038247,C03079,P00685,2025-12-15 01:08:06.822170,0,0.10382090385611797,0
O038248,C00305,P01094,2025-12-15 01:21:13.081827,0,0.13144956635537397,0
O038249,C04375,P00317,2025-12-15 01:34:19.341483,0,0.09824080671180158,0
O038250,C01141,P01896,2025-12-15 01:47:25.601140,1,0.3507401749278034,0
O038251,C02933,P00725,2025-12-15 02:00:31.860796,0,0.08356648228788627,0
O038252,C04699,P00369,2025-12-15 02:13:38.120453,0,0.13737520538218734,0
O038253,C05016,P01172,2025-12-15 02:26:44.380109,1,0.3226869230924683,0
O038254,C02589,P02191,2025-12-15 02:39:50.639765,0,0.13093924243920815,0
O038255,C07118,P02158,2025-12-15 02:52:56.899422,0,0.09162244962166645,0
O038256,C05912,P02125,2025-12-15 03:06:03.159078,0,0.08571503179999132,0
O038257,C01952,P01770,2025-12-15 03:19:09.418735,1,0.2807782039802565,0
O038258,C04546,P02090,2025-12-15 03:32:15.678391,0,0.48558803991189936,0
O038259,C05891,P01587,2025-12-15 03:45:21.938048,0,0.1307500695679547,0
O038260,C03249,P02296,2025-12-15 03:58:28.197704,0,0.2871492781462922,0
O038261,C07402,P01664,2025-12-15 04:11:34.457361,1,0.26866786548557703,0
O038262,C06756,P02083,2025-12-15 04:24:40.717017,0,0.14058809296740102,0
O038263,C01114,P02095,2025-12-15 04:37:46.976674,0,0.1470336566425082,0
O038264,C03908,P01430,2025-12-15 04:50:53.236330,0,0.3855189999051691,0
O038265,C01459,P00995,2025-12-15 05:03:59.495987,1,0.2417694247453158,0
O038266,C05049,P00391,2025-12-15 05:17:05.755643,0,0.2604198200287498,0
O038267,C07484,P00117,2025-12-15 05:30:12.015300,0,0.09508174037029227,0
O038268,C01589,P02340,2025-12-15 05:43:18.274956,0,0.29217689618371623,0
O038269,C07210,P00943,2025-12-15 05:56:24.534613,0,0.098528422779434,0
O038270,C02369,P00153,2025-12-15 06:09:30.794269,0,0.19925936006790995,0
O038271,C01221,P01621,2025-12-15 06:22:37.053926,0,0.2608549941193327,0
O038272,C03821,P00901,2025-12-15 06:35:43.313582,1,0.2177221514980956,0
O038273,C06188,P00574,2025-12-15 06:48:49.573239,0,0.19235744856750414,0
O038274,C02644,P02351,2025-12-15 07:01:55.832895,0,0.11990639796107364,0
O038275,C07629,P00759,2025-12-15 07:15:02.092552,0,0.1371397026974981,0
O038276,C06884,P02066,2025-12-15 07:28:08.352208,0,0.35364721460078,0
O038277,C01269,P01617,2025-12-15 07:41:14.611865,0,0.06599539081147322,0
O038278,C01808,P01205,2025-12-15 07:54:20.871521,0,0.16986255874878797,0
O038279,C03038,P01374,2025-12-15 08:07:27.131178,0,0.24168824963768637,0
O038280,C07096,P00509,2025-12-15 08:20:33.390834,0,0.23773829261425072,0
O038281,C07493,P02181,2025-12-15 08:33:39.650491,0,0.21421656119391258,0
O038282,C01894,P01806,2025-12-15 08:46:45.910147,1,0.2805620541372776,0
O038283,C06325,P01457,2025-12-15 08:59:52.169804,0,0.10374831757536472,0
O038284,C02621,P02247,2025-12-15 09:12:58.429460,0,0.2466780988327527,0
O038285,C06261,P01899,2025-12-15 09:26:04.689117,0,0.06872803006672891,0
O038286,C05613,P00918,2025-12-15 09:39:10.948773,0,0.21837253797850611,0
O038287,C02332,P02432,2025-12-15 09:52:17.208430,0,0.1453465694088738,0
O038288,C01901,P01857,2025-12-15 10:05:23.468086,1,0.13219901506042106,0
O038289,C05916,P00581,2025-12-15 10:18:29.727743,1,0.16871844842040915,0
O038290,C03684,P00043,2025-12-15 10:31:35.987399,0,0.45157688560881376,0
O038291,C05291,P01823,2025-12-15 10:44:42.247056,0,0.16666849209811294,0
O038292,C02285,P01069,2025-12-15 10:57:48.506712,0,0.16708878481777992,0
O038293,C07687,P01686,2025-12-15 11:10:54.766369,0,0.08375420891822628,0
O038294,C06336,P01498,2025-12-15 11:24:01.026025,0,0.14120305280028497,0
O038295,C00752,P02198,2025-12-15 11:37:07.285682,0,0.31412522607623933,0
O038296,C00564,P00811,2025-12-15 11:50:13.545338,0,0.27710420148005904,0
O038297,C01654,P00589,2025-12-15 12:03:19.804995,0,0.1952236519153572,0
O038298,C00749,P00919,2025-12-15 12:16:26.064651,0,0.14688332311238234,0
O038299,C00686,P01316,2025-12-15 12:29:32.324308,0,0.19070978167410801,0
O038300,C04888,P01283,2025-12-15 12:42:38.583964,0,0.22684020781376588,0
O038301,C05126,P01033,2025-12-15 12:55:44.843621,0,0.21213189716370653,0
O038302,C04766,P02085,2025-12-15 13:08:51.103277,0,0.15995476182985024,0
O038303,C03740,P01787,2025-12-15 13:21:57.362934,1,0.4028113038587269,0
O038304,C03459,P02152,2025-12-15 13:35:03.622590,0,0.11940986795194555,0
O038305,C04649,P02103,2025-12-15 13:48:09.882247,0,0.21089987991769155,0
O038306,C02955,P00766,2025-12-15 14:01:16.141903,1,0.40424917577276787,0
O038307,C02552,P00069,2025-12-15 14:14:22.401560,0,0.12470427070864945,0
O038308,C06872,P01419,2025-12-15 14:27:28.661216,0,0.20948077595100523,0
O038309,C00414,P01797,2025-12-15 14:40:34.920873,0,0.08764760170328438,0
O038310,C04202,P02450,2025-12-15 14:53:41.180529,0,0.5189111663861395,1
O038311,C02981,P01212,2025-12-15 15:06:47.440186,1,0.14158473702347735,0
O038312,C05331,P01926,2025-12-15 15:19:53.699842,0,0.23781492314197036,0
O038313,C05571,P01928,2025-12-15 15:32:59.959498,0,0.08458525527729151,0
O038314,C06702,P00203,2025-12-15 15:46:06.219155,0,0.12750167301929996,0
O038315,C03365,P01189,2025-12-15 15:59:12.478811,0,0.0810328916171905,0
O038316,C05581,P00343,2025-12-15 16:12:18.738468,0,0.06881704920152541,0
O038317,C03462,P02249,2025-12-15 16:25:24.998124,0,0.13664953838425098,0
O038318,C05630,P01673,2025-12-15 16:38:31.257781,0,0.10704983126078597,0
O038319,C03433,P01304,2025-12-15 16:51:37.517437,0,0.13199493125688372,0
O038320,C00875,P00058,2025-12-15 17:04:43.777094,0,0.17260155386606196,0
O038321,C05591,P01165,2025-12-15 17:17:50.036750,0,0.11139613084874972,0
O038322,C01345,P01311,2025-12-15 17:30:56.296407,1,0.4307337539499325,0
O038323,C04297,P00960,2025-12-15 17:44:02.556063,0,0.2881717212822794,0
O038324,C00318,P01569,2025-12-15 17:57:08.815720,0,0.302057956539266,0
O038325,C06599,P00799,2025-12-15 18:10:15.075376,0,0.14858295599918128,0
O038326,C03195,P00437,2025-12-15 18:23:21.335033,0,0.10928897410107363,0
O038327,C00578,P02260,2025-12-15 18:36:27.594689,0,0.32669384003316854,0
O038328,C01596,P02493,2025-12-15 18:49:33.854346,1,0.4106150716968707,0
O038329,C03505,P02006,2025-12-15 19:02:40.114002,0,0.06175260050325116,0
O038330,C04592,P02318,2025-12-15 19:15:46.373659,0,0.14252404804273947,0
O038331,C04116,P01203,2025-12-15 19:28:52.633315,0,0.2257021604325704,0
O038332,C02441,P01257,2025-12-15 19:41:58.892972,0,0.20795338144437683,0
O038333,C02104,P00452,2025-12-15 19:55:05.152628,0,0.20013750244081327,0
O038334,C00221,P02080,2025-12-15 20:08:11.412285,0,0.15627725274621435,0
O038335,C01378,P02137,2025-12-15 20:21:17.671941,0,0.20969430854284488,0
O038336,C07382,P01661,2025-12-15 20:34:23.931598,0,0.18506181883126507,0
O038337,C05836,P00655,2025-12-15 20:47:30.191254,1,0.3678374344352066,0
O038338,C01000,P00862,2025-12-15 21:00:36.450911,0,0.10461243640227633,0
O038339,C06311,P01799,2025-12-15 21:13:42.710567,0,0.08520494142181557,0
O038340,C06389,P00535,2025-12-15 21:26:48.970224,0,0.23814260421250188,0
O038341,C00742,P01950,2025-12-15 21:39:55.229880,0,0.32636071662694816,0
O038342,C03219,P00171,2025-12-15 21:53:01.489537,0,0.1557492061965723,0
O038343,C07948,P00173,2025-12-15 22:06:07.749193,0,0.09038228169673598,0
O038344,C00320,P01652,2025-12-15 22:19:14.008850,0,0.13236290024470895,0
O038345,C00018,P02046,2025-12-15 22:32:20.268506,0,0.13199435108719026,0
O038346,C01458,P01574,2025-12-15 22:45:26.528163,0,0.42590489697266315,0
O038347,C05582,P00292,2025-12-15 22:58:32.787819,0,0.0866543775588472,0
O038348,C03025,P02090,2025-12-15 23:11:39.047476,1,0.2587603995090853,0
O038349,C05558,P02200,2025-12-15 23:24:45.307132,0,0.11566932949518438,0
O038350,C05182,P01256,2025-12-15 23:37:51.566789,0,0.540539736678139,1
O038351,C07294,P00499,2025-12-15 23:50:57.826445,0,0.1007740453631312,0
O038352,C02519,P01252,2025-12-16 00:04:04.086102,0,0.2338665392183897,0
O038353,C00528,P02143,2025-12-16 00:17:10.345758,1,0.18031934348461312,0
O038354,C06108,P01942,2025-12-16 00:30:16.605415,1,0.20175440210133494,0
O038355,C05982,P00153,2025-12-16 00:43:22.865071,0,0.18376578022572648,0
O038356,C01460,P00566,2025-12-16 00:56:29.124728,0,0.15440993388126736,0
O038357,C07890,P02353,2025-12-16 01:09:35.384384,1,0.20454505041976637,0
O038358,C07916,P02289,2025-12-16 01:22:41.644041,0,0.16957038354298556,0
O038359,C02196,P01064,2025-12-16 01:35:47.903697,0,0.22940828477685804,0
O038360,C05678,P00509,2025-12-16 01:48:54.163354,0,0.3206244922455532,0
O038361,C00388,P01110,2025-12-16 02:02:00.423010,0,0.07944137146616398,0
O038362,C05266,P02124,2025-12-16 02:15:06.682667,0,0.10060573603399176,0
O038363,C02665,P01089,2025-12-16 02:28:12.942323,0,0.16068954055282236,0
O038364,C01164,P01892,2025-12-16 02:41:19.201980,0,0.4726943081437369,0
O038365,C01449,P02024,2025-12-16 02:54:25.461636,0,0.4299698199526297,0
O038366,C03575,P00369,2025-12-16 03:07:31.721293,0,0.19641607294384564,0
O038367,C05763,P02045,2025-12-16 03:20:37.980949,1,0.21542567587305386,0
O038368,C04106,P01808,2025-12-16 03:33:44.240606,0,0.07159168509746765,0
O038369,C00196,P00412,2025-12-16 03:46:50.500262,0,0.22245131044085825,0
O038370,C06060,P00180,2025-12-16 03:59:56.759918,0,0.1555716062759257,0
O038371,C02525,P00910,2025-12-16 04:13:03.019575,0,0.14822631074607354,0
O038372,C05913,P01531,2025-12-16 04:26:09.279231,0,0.2886427522005156,0
O038373,C05346,P02080,2025-12-16 04:39:15.538888,0,0.1203675671166126,0
O038374,C07187,P01124,2025-12-16 04:52:21.798544,0,0.13824495132550213,0
O038375,C05905,P00866,2025-12-16 05:05:28.058201,0,0.2905927093600543,0
O038376,C06183,P02050,2025-12-16 05:18:34.317857,0,0.07063647862438573,0
O038377,C02110,P00230,2025-12-16 05:31:40.577514,0,0.1460544478346073,0
O038378,C04344,P02256,2025-12-16 05:44:46.837170,1,0.2741232861545069,0
O038379,C00722,P00677,2025-12-16 05:57:53.096827,0,0.23581031228888835,0
O038380,C01629,P00924,2025-12-16 06:10:59.356483,0,0.18939890953825012,0
O038381,C03444,P01957,2025-12-16 06:24:05.616140,0,0.5815643366484748,1
O038382,C03391,P02355,2025-12-16 06:37:11.875796,0,0.1547633078057583,0
O038383,C07322,P01401,2025-12-16 06:50:18.135453,0,0.2722572590457259,0
O038384,C06893,P02120,2025-12-16 07:03:24.395109,0,0.09760586806937821,0
O038385,C03146,P00648,2025-12-16 07:16:30.654766,0,0.1951311922956027,0
O038386,C06337,P01955,2025-12-16 07:29:36.914422,1,0.26522099571292296,0
O038387,C05939,P00980,2025-12-16 07:42:43.174079,0,0.18188677986566784,0
O038388,C02698,P00297,2025-12-16 07:55:49.433735,0,0.1525188934727282,0
O038389,C06730,P00469,2025-12-16 08:08:55.693392,0,0.09578594339075798,0
O038390,C00380,P01140,2025-12-16 08:22:01.953048,0,0.08635851841353077,0
O038391,C05052,P02282,2025-12-16 08:35:08.212705,0,0.12455302027637231,0
O038392,C07412,P02012,2025-12-16 08:48:14.472361,0,0.4205443386814225,0
O038393,C04214,P00378,2025-12-16 09:01:20.732018,1,0.4354878104142044,0
O038394,C00355,P01071,2025-12-16 09:14:26.991674,0,0.06765881943255529,0
O038395,C00810,P02360,2025-12-16 09:27:33.251331,0,0.09600598300439465,0
O038396,C03488,P02139,2025-12-16 09:40:39.510987,1,0.42724335156443377,0
O038397,C07171,P01670,2025-12-16 09:53:45.770644,1,0.4418784752821966,0
O038398,C04260,P02263,2025-12-16 10:06:52.030300,0,0.15795199663615142,0
O038399,C01429,P00576,2025-12-16 10:19:58.289957,0,0.13220912556475817,0
O038400,C03248,P01530,2025-12-16 10:33:04.549613,1,0.19565106547637082,0
O038401,C00255,P01445,2025-12-16 10:46:10.809270,0,0.30835142030156937,0
O038402,C01645,P00092,2025-12-16 10:59:17.068926,1,0.4020651508085169,0
O038403,C07270,P00647,2025-12-16 11:12:23.328583,0,0.08847004215688947,0
O038404,C05506,P01164,2025-12-16 11:25:29.588239,0,0.12234749997946615,0
O038405,C02540,P01354,2025-12-16 11:38:35.847896,0,0.0991914351437213,0
O038406,C03408,P00638,2025-12-16 11:51:42.107552,0,0.08154410357433414,0
O038407,C03863,P02332,2025-12-16 12:04:48.367209,0,0.053799575598137805,0
O038408,C07890,P01317,2025-12-16 12:17:54.626865,0,0.11639053673530797,0
O038409,C01044,P00318,2025-12-16 12:31:00.886522,1,0.3850686227468419,0
O038410,C03377,P01255,2025-12-16 12:44:07.146178,0,0.08805773807335454,0
O038411,C03225,P00947,2025-12-16 12:57:13.405835,0,0.12429692412022775,0
O038412,C07459,P01973,2025-12-16 13:10:19.665491,0,0.10062977527086009,0
O038413,C02365,P00062,2025-12-16 13:23:25.925148,0,0.31126296247161345,0
O038414,C01175,P00121,2025-12-16 13:36:32.184804,0,0.32914169322529624,0
O038415,C04283,P00373,2025-12-16 13:49:38.444461,0,0.5037741937899578,1
O038416,C03802,P00030,2025-12-16 14:02:44.704117,0,0.2859847999425059,0
O038417,C00394,P00437,2025-12-16 14:15:50.963774,1,0.2667652582647645,0
O038418,C00300,P01906,2025-12-16 14:28:57.223430,1,0.27485070278268536,0
O038419,C01002,P02069,2025-12-16 14:42:03.483087,0,0.16085911260291844,0
O038420,C07300,P02271,2025-12-16 14:55:09.742743,0,0.24006122737677635,0
O038421,C02161,P01570,2025-12-16 15:08:16.002400,0,0.1587968093321296,0
O038422,C02034,P00566,2025-12-16 15:21:22.262056,0,0.22868329096152037,0
O038423,C03156,P02403,2025-12-16 15:34:28.521713,0,0.07956336735036436,0
O038424,C00909,P00861,2025-12-16 15:47:34.781369,0,0.23765525462950154,0
O038425,C07842,P02239,2025-12-16 16:00:41.041026,0,0.15338282415670726,0
O038426,C07432,P01917,2025-12-16 16:13:47.300682,0,0.11905232981444998,0
O038427,C04510,P01809,2025-12-16 16:26:53.560339,0,0.3927960965651606,0
O038428,C06624,P01271,2025-12-16 16:39:59.819995,0,0.11471856271929101,0
O038429,C00787,P00693,2025-12-16 16:53:06.079651,0,0.27147364247918176,0
O038430,C05887,P01524,2025-12-16 17:06:12.339308,1,0.36336883094148237,0
O038431,C05915,P00382,2025-12-16 17:19:18.598964,0,0.09137806191311894,0
O038432,C01455,P00072,2025-12-16 17:32:24.858621,0,0.10340823729791358,0
O038433,C07195,P02090,2025-12-16 17:45:31.118277,0,0.28913341993299724,0
O038434,C03496,P02186,2025-12-16 17:58:37.377934,0,0.05164080892683129,0
O038435,C05953,P02066,2025-12-16 18:11:43.637590,1,0.26763848310418786,0
O038436,C06767,P00398,2025-12-16 18:24:49.897247,0,0.5578207257643483,1
O038437,C07081,P00034,2025-12-16 18:37:56.156903,0,0.19813085824734716,0
O038438,C05918,P01842,2025-12-16 18:51:02.416560,0,0.11910692533856516,0
O038439,C07021,P01785,2025-12-16 19:04:08.676216,0,0.16612049221676867,0
O038440,C00768,P00163,2025-12-16 19:17:14.935873,0,0.10170373735763873,0
O038441,C00532,P00897,2025-12-16 19:30:21.195529,0,0.21714084784047852,0
O038442,C05310,P02489,2025-12-16 19:43:27.455186,1,0.2477059376755228,0
O038443,C02236,P00170,2025-12-16 19:56:33.714842,0,0.18570228543909628,0
O038444,C06471,P02258,2025-12-16 20:09:39.974499,1,0.39508857489234983,0
O038445,C07131,P00850,2025-12-16 20:22:46.234155,1,0.21918259525942235,0
O038446,C00333,P02232,2025-12-16 20:35:52.493812,0,0.4151326909160347,0
O038447,C01686,P00736,2025-12-16 20:48:58.753468,1,0.3364561936850268,0
O038448,C05735,P00069,2025-12-16 21:02:05.013125,0,0.060876964413987815,0
O038449,C05669,P01349,2025-12-16 21:15:11.272781,0,0.0727261484944061,0
O038450,C07234,P00636,2025-12-16 21:28:17.532438,0,0.4851934425100614,0
O038451,C00878,P01166,2025-12-16 21:41:23.792094,0,0.27482191822701185,0
O038452,C03718,P02471,2025-12-16 21:54:30.051751,0,0.19466212718950324,0
O038453,C04014,P01870,2025-12-16 22:07:36.311407,1,0.2492405308208185,0
O038454,C05990,P01572,2025-12-16 22:20:42.571064,0,0.16193060909084792,0
O038455,C00171,P02462,2025-12-16 22:33:48.830720,0,0.06082895379775007,0
O038456,C02207,P00351,2025-12-16 22:46:55.090377,0,0.0798644964196038,0
O038457,C04216,P01167,2025-12-16 23:00:01.350033,0,0.20374944368852843,0
O038458,C04908,P01392,2025-12-16 23:13:07.609690,0,0.05240775810075053,0
O038459,C06628,P02046,2025-12-16 23:26:13.869346,0,0.1399597623057202,0
O038460,C05868,P02323,2025-12-16 23:39:20.129003,0,0.07567111836426045,0
O038461,C06654,P01673,2025-12-16 23:52:26.388659,0,0.15029898953898652,0
O038462,C05036,P02318,2025-12-17 00:05:32.648316,0,0.23617692287250797,0
O038463,C07281,P01341,2025-12-17 00:18:38.907972,0,0.24168152779336577,0
O038464,C01187,P00531,2025-12-17 00:31:45.167629,0,0.15306371344304318,0
O038465,C07467,P01145,2025-12-17 00:44:51.427285,0,0.20699371666540115,0
O038466,C05649,P01036,2025-12-17 00:57:57.686942,0,0.12542595290184808,0
O038467,C01438,P01538,2025-12-17 01:11:03.946598,1,0.10165346647535994,0
O038468,C05816,P00754,2025-12-17 01:24:10.206255,0,0.07773641681044863,0
O038469,C00557,P00677,2025-12-17 01:37:16.465911,0,0.19514002285524593,0
O038470,C06901,P00134,2025-12-17 01:50:22.725568,0,0.26010533759999294,0
O038471,C07627,P01935,2025-12-17 02:03:28.985224,1,0.5337191276410955,1
O038472,C07382,P02354,2025-12-17 02:16:35.244881,1,0.37990660408443894,0
O038473,C05283,P00511,2025-12-17 02:29:41.504537,0,0.19292498049444645,0
O038474,C00885,P01706,2025-12-17 02:42:47.764194,1,0.41170961633810194,0
O038475,C05790,P02426,2025-12-17 02:55:54.023850,0,0.13024068337232492,0
O038476,C04850,P01817,2025-12-17 03:09:00.283507,0,0.0688294174825522,0
O038477,C02753,P01271,2025-12-17 03:22:06.543163,0,0.18492891294332833,0
O038478,C02935,P00304,2025-12-17 03:35:12.802820,0,0.32642638609130575,0
O038479,C06764,P00136,2025-12-17 03:48:19.062476,0,0.31877967752699027,0
O038480,C03633,P00767,2025-12-17 04:01:25.322133,0,0.1800454086007865,0
O038481,C06882,P01393,2025-12-17 04:14:31.581789,1,0.12634275101577355,0
O038482,C03509,P01365,2025-12-17 04:27:37.841446,0,0.2434858599072775,0
O038483,C01186,P00678,2025-12-17 04:40:44.101102,0,0.45200784888755124,0
O038484,C02751,P00975,2025-12-17 04:53:50.360759,0,0.09879006236698046,0
O038485,C06284,P02194,2025-12-17 05:06:56.620415,0,0.21661998936365706,0
O038486,C05888,P02355,2025-12-17 05:20:02.880072,0,0.06695979379117936,0
O038487,C03908,P00523,2025-12-17 05:33:09.139728,0,0.3122260405019584,0
O038488,C06833,P01934,2025-12-17 05:46:15.399384,0,0.10638385911062667,0
O038489,C06950,P01644,2025-12-17 05:59:21.659041,0,0.07177174534893778,0
O038490,C05310,P00957,2025-12-17 06:12:27.918697,0,0.1742122390536537,0
O038491,C06811,P02248,2025-12-17 06:25:34.178354,1,0.2276357865226046,0
O038492,C00870,P02012,2025-12-17 06:38:40.438010,0,0.2984097441521007,0
O038493,C07545,P01703,2025-12-17 06:51:46.697667,0,0.20235365536490518,0
O038494,C00919,P01586,2025-12-17 07:04:52.957323,0,0.2462191655523897,0
O038495,C03354,P01595,2025-12-17 07:17:59.216980,0,0.08572370293941406,0
O038496,C03457,P02342,2025-12-17 07:31:05.476636,0,0.12617309791223,0
O038497,C07682,P00880,2025-12-17 07:44:11.736293,0,0.24395050807636576,0
O038498,C00315,P01088,2025-12-17 07:57:17.995949,0,0.11831693621035323,0
O038499,C00719,P02414,2025-12-17 08:10:24.255606,0,0.07852211704437002,0
O038500,C06662,P01630,2025-12-17 08:23:30.515262,0,0.07913873698697106,0
O038501,C03357,P02127,2025-12-17 08:36:36.774919,0,0.09102521651690593,0
O038502,C02184,P02304,2025-12-17 08:49:43.034575,1,0.28223570911677787,0
O038503,C01415,P01571,2025-12-17 09:02:49.294232,1,0.4974788736150444,0
O038504,C04341,P02218,2025-12-17 09:15:55.553888,0,0.13199035457257344,0
O038505,C04651,P02353,2025-12-17 09:29:01.813545,0,0.19403032142056945,0
O038506,C07909,P01704,2025-12-17 09:42:08.073201,0,0.10977045424910936,0
O038507,C02403,P00376,2025-12-17 09:55:14.332858,0,0.15150916567229675,0
O038508,C02500,P02315,2025-12-17 10:08:20.592514,0,0.21458858594086275,0
O038509,C07289,P00255,2025-12-17 10:21:26.852171,1,0.2084652302830165,0
O038510,C05877,P01588,2025-12-17 10:34:33.111827,0,0.11820530643882157,0
O038511,C06020,P00257,2025-12-17 10:47:39.371484,0,0.18878006142335113,0
O038512,C07200,P00506,2025-12-17 11:00:45.631140,0,0.11831249482451894,0
O038513,C03793,P01002,2025-12-17 11:13:51.890797,0,0.2118987239641439,0
O038514,C03071,P00183,2025-12-17 11:26:58.150453,0,0.2806026440645483,0
O038515,C07484,P02400,2025-12-17 11:40:04.410110,0,0.11120723939408238,0
O038516,C02557,P00276,2025-12-17 11:53:10.669766,1,0.15017160607348448,0
O038517,C04572,P01036,2025-12-17 12:06:16.929423,0,0.14030111026053393,0
O038518,C05900,P00458,2025-12-17 12:19:23.189079,0,0.09113087964734795,0
O038519,C05655,P00979,2025-12-17 12:32:29.448736,0,0.11475439157826751,0
O038520,C00534,P01698,2025-12-17 12:45:35.708392,0,0.21384632179016286,0
O038521,C05751,P00293,2025-12-17 12:58:41.968049,0,0.20742266439365878,0
O038522,C00151,P00594,2025-12-17 13:11:48.227705,1,0.16225578633921411,0
O038523,C01331,P01861,2025-12-17 13:24:54.487362,1,0.34871960495236903,0
O038524,C04484,P00129,2025-12-17 13:38:00.747018,0,0.24296120363888113,0
O038525,C01633,P00118,2025-12-17 13:51:07.006675,0,0.17267050540684442,0
O038526,C00129,P00240,2025-12-17 14:04:13.266331,0,0.09897723386662173,0
O038527,C04905,P00350,2025-12-17 14:17:19.525988,0,0.13427539325435886,0
O038528,C03217,P01500,2025-12-17 14:30:25.785644,0,0.30409724164290197,0
O038529,C07020,P02436,2025-12-17 14:43:32.045301,0,0.37280271734554105,0
O038530,C07585,P01385,2025-12-17 14:56:38.304957,0,0.12183055840970504,0
O038531,C03107,P00124,2025-12-17 15:09:44.564614,0,0.11856277657213107,0
O038532,C00962,P00860,2025-12-17 15:22:50.824270,0,0.17267020038794323,0
O038533,C07842,P01632,2025-12-17 15:35:57.083927,0,0.11786176840225097,0
O038534,C04633,P02209,2025-12-17 15:49:03.343583,0,0.09331398584044624,0
O038535,C04922,P00981,2025-12-17 16:02:09.603240,0,0.24857508148051632,0
O038536,C00295,P00970,2025-12-17 16:15:15.862896,1,0.3257024069479231,0
O038537,C04695,P01531,2025-12-17 16:28:22.122553,1,0.1565985257345568,0
O038538,C01375,P02110,2025-12-17 16:41:28.382209,0,0.07808746293805417,0
O038539,C05902,P01534,2025-12-17 16:54:34.641866,1,0.10670439211083844,0
O038540,C04780,P02411,2025-12-17 17:07:40.901522,0,0.5663679620657215,1
O038541,C07110,P02212,2025-12-17 17:20:47.161179,0,0.3473109796237619,0
O038542,C04132,P01975,2025-12-17 17:33:53.420835,1,0.37185481690065914,0
O038543,C03896,P01336,2025-12-17 17:46:59.680492,1,0.22688645368802396,0
O038544,C04861,P02416,2025-12-17 18:00:05.940148,0,0.1079275571845807,0
O038545,C06146,P00280,2025-12-17 18:13:12.199804,1,0.2510195524885791,0
O038546,C02279,P01426,2025-12-17 18:26:18.459461,0,0.2959631223445568,0
O038547,C02787,P02143,2025-12-17 18:39:24.719117,0,0.35468714333456375,0
O038548,C02761,P02255,2025-12-17 18:52:30.978774,0,0.13395947972478495,0
O038549,C00195,P00449,2025-12-17 19:05:37.238430,0,0.09413643632715006,0
O038550,C06986,P00275,2025-12-17 19:18:43.498087,1,0.1444519774348937,0
O038551,C03467,P01990,2025-12-17 19:31:49.757743,1,0.3395160064041151,0
O038552,C02102,P01017,2025-12-17 19:44:56.017400,0,0.31205980629948576,0
O038553,C06385,P00678,2025-12-17 19:58:02.277056,1,0.6929717707002684,1
O038554,C05167,P01824,2025-12-17 20:11:08.536713,0,0.0958612351559802,0
O038555,C04310,P00977,2025-12-17 20:24:14.796369,1,0.13726715757489596,0
O038556,C01973,P01725,2025-12-17 20:37:21.056026,0,0.41706876299064144,0
O038557,C04904,P01143,2025-12-17 20:50:27.315682,0,0.20547630258092014,0
O038558,C06298,P00573,2025-12-17 21:03:33.575339,1,0.4856686012472159,0
O038559,C00103,P01919,2025-12-17 21:16:39.834995,1,0.40465943892379536,0
O038560,C06047,P02266,2025-12-17 21:29:46.094652,1,0.07608595233635451,0
O038561,C04652,P00742,2025-12-17 21:42:52.354308,0,0.3637350554925642,0
O038562,C07182,P00771,2025-12-17 21:55:58.613965,1,0.42805675782882957,0
O038563,C05390,P01991,2025-12-17 22:09:04.873621,0,0.2956798579504293,0
O038564,C01659,P00613,2025-12-17 22:22:11.133278,0,0.07714523684054647,0
O038565,C03464,P02223,2025-12-17 22:35:17.392934,1,0.3050645418519265,0
O038566,C04047,P02236,2025-12-17 22:48:23.652591,0,0.42697188335506225,0
O038567,C07062,P02344,2025-12-17 23:01:29.912247,0,0.2865525198197714,0
O038568,C01270,P02336,2025-12-17 23:14:36.171904,0,0.19420877861240224,0
O038569,C07673,P02095,2025-12-17 23:27:42.431560,0,0.10558486563369986,0
O038570,C03640,P00634,2025-12-17 23:40:48.691217,1,0.39671592936698563,0
O038571,C00637,P00118,2025-12-17 23:53:54.950873,0,0.13162118745096216,0
O038572,C05432,P01724,2025-12-18 00:07:01.210530,0,0.2509607870961309,0
O038573,C06233,P01178,2025-12-18 00:20:07.470186,0,0.07556397800935327,0
O038574,C01589,P01757,2025-12-18 00:33:13.729843,1,0.5675610024584721,1
O038575,C04818,P00378,2025-12-18 00:46:19.989499,0,0.2544438765666782,0
O038576,C03997,P00555,2025-12-18 00:59:26.249156,0,0.1972536496634178,0
O038577,C07256,P01088,2025-12-18 01:12:32.508812,0,0.17946243934422781,0
O038578,C07817,P01275,2025-12-18 01:25:38.768469,0,0.15711474701623265,0
O038579,C01603,P02217,2025-12-18 01:38:45.028125,0,0.24351498883404848,0
O038580,C01457,P02403,2025-12-18 01:51:51.287782,0,0.1651031947001838,0
O038581,C05895,P02338,2025-12-18 02:04:57.547438,0,0.25028082893953735,0
O038582,C02263,P00647,2025-12-18 02:18:03.807095,1,0.11892641228038242,0
O038583,C06356,P00483,2025-12-18 02:31:10.066751,0,0.09693134841075733,0
O038584,C02098,P01993,2025-12-18 02:44:16.326408,0,0.08563963337629757,0
O038585,C00398,P00423,2025-12-18 02:57:22.586064,0,0.21112718098330896,0
O038586,C06222,P02500,2025-12-18 03:10:28.845721,1,0.20740681798297292,0
O038587,C02484,P02029,2025-12-18 03:23:35.105377,0,0.16177179701019773,0
O038588,C07329,P01990,2025-12-18 03:36:41.365034,0,0.2785574339295861,0
O038589,C04362,P01706,2025-12-18 03:49:47.624690,0,0.2560863353475695,0
O038590,C06343,P00889,2025-12-18 04:02:53.884347,0,0.24559727860003722,0
O038591,C06275,P01908,2025-12-18 04:16:00.144003,0,0.14740353651770552,0
O038592,C04436,P00496,2025-12-18 04:29:06.403660,0,0.07918064299939141,0
O038593,C00094,P02049,2025-12-18 04:42:12.663316,1,0.40745462929482235,0
O038594,C00597,P00474,2025-12-18 04:55:18.922973,0,0.16371630477977323,0
O038595,C00668,P00232,2025-12-18 05:08:25.182629,0,0.367907495884331,0
O038596,C02811,P02411,2025-12-18 05:21:31.442286,1,0.34408662167799287,0
O038597,C01753,P01994,2025-12-18 05:34:37.701942,0,0.1226005947273194,0
O038598,C01649,P02178,2025-12-18 05:47:43.961599,1,0.21105496301991583,0
O038599,C04690,P00080,2025-12-18 06:00:50.221255,0,0.09152478047853614,0
O038600,C03369,P00620,2025-12-18 06:13:56.480912,0,0.06281555273623793,0
O038601,C01504,P01574,2025-12-18 06:27:02.740568,0,0.5282368270176735,1
O038602,C03120,P01157,2025-12-18 06:40:09.000225,0,0.22029203765079908,0
O038603,C00030,P00433,2025-12-18 06:53:15.259881,0,0.401789447885327,0
O038604,C06510,P01826,2025-12-18 07:06:21.519537,0,0.2704821175024613,0
O038605,C05332,P01077,2025-12-18 07:19:27.779194,0,0.051308777810686775,0
O038606,C05594,P02115,2025-12-18 07:32:34.038850,0,0.25911538139388773,0
O038607,C00969,P01295,2025-12-18 07:45:40.298507,0,0.07364455626447626,0
O038608,C05935,P02282,2025-12-18 07:58:46.558163,0,0.12399081478831128,0
O038609,C04120,P01631,2025-12-18 08:11:52.817820,0,0.0756813385124165,0
O038610,C07779,P02174,2025-12-18 08:24:59.077476,1,0.15466350778243054,0
O038611,C01341,P02187,2025-12-18 08:38:05.337133,0,0.4044574771411356,0
O038612,C04669,P02127,2025-12-18 08:51:11.596789,0,0.10892807124352691,0
O038613,C02758,P01581,2025-12-18 09:04:17.856446,0,0.18422775011259224,0
O038614,C06009,P00783,2025-12-18 09:17:24.116102,0,0.12896552649963933,0
O038615,C06231,P01752,2025-12-18 09:30:30.375759,0,0.4261413818606759,0
O038616,C00879,P02456,2025-12-18 09:43:36.635415,1,0.08960845036499461,0
O038617,C05929,P01787,2025-12-18 09:56:42.895072,1,0.309855670635663,0
O038618,C00774,P01073,2025-12-18 10:09:49.154728,0,0.1580668014624438,0
O038619,C05871,P00422,2025-12-18 10:22:55.414385,0,0.1426611755967905,0
O038620,C01889,P01796,2025-12-18 10:36:01.674041,0,0.2220157328743617,0
O038621,C07260,P00798,2025-12-18 10:49:07.933698,0,0.07050620205397022,0
O038622,C05311,P00316,2025-12-18 11:02:14.193354,0,0.20741784333484425,0
O038623,C01063,P00901,2025-12-18 11:15:20.453011,0,0.13009649550224528,0
O038624,C02770,P00048,2025-12-18 11:28:26.712667,0,0.12585016350194622,0
O038625,C02781,P00419,2025-12-18 11:41:32.972324,0,0.10034270104952937,0
O038626,C07312,P00389,2025-12-18 11:54:39.231980,1,0.3218577732484576,0
O038627,C02689,P01047,2025-12-18 12:07:45.491637,0,0.15472924094073698,0
O038628,C00851,P01225,2025-12-18 12:20:51.751293,0,0.20753143535240068,0
O038629,C02717,P01584,2025-12-18 12:33:58.010950,0,0.21959359236616136,0
O038630,C03559,P00141,2025-12-18 12:47:04.270606,0,0.10181079751044349,0
O038631,C07180,P00248,2025-12-18 13:00:10.530263,1,0.26173846427017855,0
O038632,C02513,P01724,2025-12-18 13:13:16.789919,1,0.3656090780716235,0
O038633,C07402,P01856,2025-12-18 13:26:23.049576,0,0.2707976661161747,0
O038634,C02807,P01535,2025-12-18 13:39:29.309232,1,0.22810462180034088,0
O038635,C05199,P00188,2025-12-18 13:52:35.568889,0,0.13912583922093047,0
O038636,C05892,P01119,2025-12-18 14:05:41.828545,0,0.12774752777754073,0
O038637,C02961,P00484,2025-12-18 14:18:48.088202,0,0.12986175145694087,0
O038638,C04184,P00993,2025-12-18 14:31:54.347858,1,0.13054219729943636,0
O038639,C00459,P01820,2025-12-18 14:45:00.607515,0,0.15242030850601085,0
O038640,C01316,P01608,2025-12-18 14:58:06.867171,1,0.2751365355760013,0
O038641,C01771,P00840,2025-12-18 15:11:13.126828,0,0.5623084118771685,1
O038642,C00719,P00079,2025-12-18 15:24:19.386484,1,0.09481338026130093,0
O038643,C03379,P02177,2025-12-18 15:37:25.646141,0,0.11576617533579792,0
O038644,C02721,P00250,2025-12-18 15:50:31.905797,0,0.13589957773898997,0
O038645,C07516,P02154,2025-12-18 16:03:38.165454,1,0.31248489037940697,0
O038646,C02914,P00108,2025-12-18 16:16:44.425110,0,0.11621093753752394,0
O038647,C05821,P01333,2025-12-18 16:29:50.684767,0,0.09574578030207981,0
O038648,C07634,P02445,2025-12-18 16:42:56.944423,0,0.2260396514061871,0
O038649,C06596,P00653,2025-12-18 16:56:03.204080,0,0.05885802179701124,0
O038650,C02943,P02441,2025-12-18 17:09:09.463736,1,0.2841446923425932,0
O038651,C05072,P01563,2025-12-18 17:22:15.723393,1,0.14613551568752456,0
O038652,C02341,P00804,2025-12-18 17:35:21.983049,0,0.16893248283963502,0
O038653,C03090,P02253,2025-12-18 17:48:28.242706,1,0.24003697404438823,0
O038654,C00556,P00362,2025-12-18 18:01:34.502362,0,0.21862927866996776,0
O038655,C00183,P02384,2025-12-18 18:14:40.762019,1,0.2775824452274292,0
O038656,C04162,P01490,2025-12-18 18:27:47.021675,1,0.23240019097051653,0
O038657,C03337,P01211,2025-12-18 18:40:53.281332,0,0.12563496116223538,0
O038658,C02334,P01539,2025-12-18 18:53:59.540988,0,0.2519027156254564,0
O038659,C05126,P00650,2025-12-18 19:07:05.800645,0,0.10790821003096339,0
O038660,C05363,P01818,2025-12-18 19:20:12.060301,0,0.2853245700714344,0
O038661,C02220,P02041,2025-12-18 19:33:18.319958,0,0.47417696841709095,0
O038662,C01146,P01024,2025-12-18 19:46:24.579614,1,0.2864763481558676,0
O038663,C07077,P00448,2025-12-18 19:59:30.839270,0,0.38662436295556507,0
O038664,C06278,P01467,2025-12-18 20:12:37.098927,0,0.07641263009223051,0
O038665,C06541,P01141,2025-12-18 20:25:43.358583,0,0.3807355762279702,0
O038666,C04930,P00823,2025-12-18 20:38:49.618240,0,0.1832348048153116,0
O038667,C04725,P01706,2025-12-18 20:51:55.877896,0,0.3085616209372602,0
O038668,C02366,P00090,2025-12-18 21:05:02.137553,0,0.12443958791760636,0
O038669,C02396,P00273,2025-12-18 21:18:08.397209,1,0.47229038338823026,0
O038670,C05813,P00434,2025-12-18 21:31:14.656866,0,0.20547328936749612,0
O038671,C06524,P00943,2025-12-18 21:44:20.916522,0,0.06990639317269862,0
O038672,C06537,P00094,2025-12-18 21:57:27.176179,0,0.1701132892841473,0
O038673,C02889,P02098,2025-12-18 22:10:33.435835,0,0.1509200208428273,0
O038674,C06274,P00221,2025-12-18 22:23:39.695492,1,0.24175757288145439,0
O038675,C02054,P00630,2025-12-18 22:36:45.955148,0,0.4335417414390477,0
O038676,C07871,P00473,2025-12-18 22:49:52.214805,0,0.10921727755202411,0
O038677,C04737,P00883,2025-12-18 23:02:58.474461,1,0.320264699863171,0
O038678,C05745,P00408,2025-12-18 23:16:04.734118,0,0.09758017562090321,0
O038679,C01644,P00614,2025-12-18 23:29:10.993774,1,0.06932447555846069,0
O038680,C02929,P00456,2025-12-18 23:42:17.253431,0,0.10971189601917948,0
O038681,C04131,P01354,2025-12-18 23:55:23.513087,1,0.16523453810461297,0
O038682,C00629,P01855,2025-12-19 00:08:29.772744,0,0.22954289792007895,0
O038683,C02147,P01154,2025-12-19 00:21:36.032400,1,0.2450189996326242,0
O038684,C05441,P02497,2025-12-19 00:34:42.292057,0,0.16606543958146616,0
O038685,C05682,P01288,2025-12-19 00:47:48.551713,1,0.0709905575788715,0
O038686,C05798,P02423,2025-12-19 01:00:54.811370,0,0.2420900558523913,0
O038687,C01061,P01548,2025-12-19 01:14:01.071026,1,0.12083631841320173,0
O038688,C03905,P00430,2025-12-19 01:27:07.330683,0,0.10013193535849661,0
O038689,C06953,P02415,2025-12-19 01:40:13.590339,0,0.21008778674821066,0
O038690,C02519,P02168,2025-12-19 01:53:19.849996,0,0.21402810267490008,0
O038691,C00955,P00961,2025-12-19 02:06:26.109652,1,0.46038779466422447,0
O038692,C05965,P01979,2025-12-19 02:19:32.369309,0,0.0905475232921216,0
O038693,C01830,P00638,2025-12-19 02:32:38.628965,0,0.129913225332816,0
O038694,C02310,P00904,2025-12-19 02:45:44.888622,0,0.3104196668862059,0
O038695,C02493,P01399,2025-12-19 02:58:51.148278,1,0.2894396367790868,0
O038696,C00766,P01812,2025-12-19 03:11:57.407935,1,0.11583570464965173,0
O038697,C07188,P02173,2025-12-19 03:25:03.667591,1,0.08571932203627522,0
O038698,C02159,P00142,2025-12-19 03:38:09.927248,1,0.23303456614686743,0
O038699,C01422,P01662,2025-12-19 03:51:16.186904,0,0.3279088807430692,0
O038700,C05879,P00405,2025-12-19 04:04:22.446561,0,0.07765583813050098,0
O038701,C06823,P00561,2025-12-19 04:17:28.706217,0,0.12258285066076999,0
O038702,C02802,P00342,2025-12-19 04:30:34.965874,1,0.25930857283672737,0
O038703,C01977,P01850,2025-12-19 04:43:41.225530,0,0.15550518167688063,0
O038704,C01850,P00567,2025-12-19 04:56:47.485187,0,0.4017165684913439,0
O038705,C00981,P00271,2025-12-19 05:09:53.744843,0,0.09023035257034645,0
O038706,C03888,P01644,2025-12-19 05:23:00.004500,1,0.11545518559416171,0
O038707,C06481,P01081,2025-12-19 05:36:06.264156,0,0.18326558405329757,0
O038708,C06611,P01389,2025-12-19 05:49:12.523813,0,0.08075285225876187,0
O038709,C03730,P01775,2025-12-19 06:02:18.783469,1,0.1905150169274637,0
O038710,C03533,P01126,2025-12-19 06:15:25.043126,0,0.2300253586445175,0
O038711,C07970,P00736,2025-12-19 06:28:31.302782,1,0.2928101746329071,0
O038712,C04779,P01206,2025-12-19 06:41:37.562439,0,0.09862419712360826,0
O038713,C01562,P01210,2025-12-19 06:54:43.822095,1,0.23048259309843339,0
O038714,C03813,P02136,2025-12-19 07:07:50.081752,0,0.4870332748535377,0
O038715,C05163,P00680,2025-12-19 07:20:56.341408,0,0.06060986747703248,0
O038716,C04527,P00383,2025-12-19 07:34:02.601065,0,0.16501617970938542,0
O038717,C01383,P02002,2025-12-19 07:47:08.860721,0,0.2331977567703455,0
O038718,C05601,P01734,2025-12-19 08:00:15.120378,1,0.2654903547358255,0
O038719,C00332,P00112,2025-12-19 08:13:21.380034,0,0.22291329519302816,0
O038720,C07075,P00425,2025-12-19 08:26:27.639690,0,0.12977818613947795,0
O038721,C02847,P02028,2025-12-19 08:39:33.899347,1,0.19021281040890978,0
O038722,C02840,P01376,2025-12-19 08:52:40.159003,0,0.22575939919345464,0
O038723,C05708,P01375,2025-12-19 09:05:46.418660,1,0.33505811508638456,0
O038724,C07442,P00461,2025-12-19 09:18:52.678316,1,0.13249638353590618,0
O038725,C03925,P00148,2025-12-19 09:31:58.937973,0,0.31715196641153615,0
O038726,C02293,P01280,2025-12-19 09:45:05.197629,1,0.23202359228199163,0
O038727,C04096,P00316,2025-12-19 09:58:11.457286,1,0.20042421215394635,0
O038728,C07546,P00107,2025-12-19 10:11:17.716942,0,0.43092747196846776,0
O038729,C05709,P01490,2025-12-19 10:24:23.976599,0,0.2966072071421966,0
O038730,C01825,P01654,2025-12-19 10:37:30.236255,0,0.08806285292274885,0
O038731,C03650,P01822,2025-12-19 10:50:36.495912,0,0.15618565819777325,0
O038732,C01047,P01277,2025-12-19 11:03:42.755568,0,0.17820859991790874,0
O038733,C02000,P00269,2025-12-19 11:16:49.015225,0,0.07818563500612322,0
O038734,C04812,P00152,2025-12-19 11:29:55.274881,0,0.26988368641271815,0
O038735,C02323,P02048,2025-12-19 11:43:01.534538,0,0.39424393150130493,0
O038736,C06877,P00118,2025-12-19 11:56:07.794194,1,0.2645329966636127,0
O038737,C04286,P00385,2025-12-19 12:09:14.053851,0,0.1396169082953386,0
O038738,C07356,P01662,2025-12-19 12:22:20.313507,0,0.25440001222054576,0
O038739,C02864,P02363,2025-12-19 12:35:26.573164,0,0.15886309951826166,0
O038740,C06657,P00394,2025-12-19 12:48:32.832820,0,0.2308778908845264,0
O038741,C00490,P01090,2025-12-19 13:01:39.092477,1,0.5499092638718821,1
O038742,C01683,P00719,2025-12-19 13:14:45.352133,0,0.08670750427358032,0
O038743,C00641,P00702,2025-12-19 13:27:51.611790,1,0.29401472683408153,0
O038744,C07432,P02165,2025-12-19 13:40:57.871446,0,0.10832651920341829,0
O038745,C03165,P02321,2025-12-19 13:54:04.131103,0,0.09077978954118253,0
O038746,C07316,P01940,2025-12-19 14:07:10.390759,1,0.09306760224375414,0
O038747,C06375,P01574,2025-12-19 14:20:16.650416,1,0.3128159393239128,0
O038748,C00012,P01529,2025-12-19 14:33:22.910072,1,0.09044572517793427,0
O038749,C01685,P01950,2025-12-19 14:46:29.169729,0,0.28704292476856286,0
O038750,C01839,P02287,2025-12-19 14:59:35.429385,0,0.38246062030801936,0
O038751,C03756,P01597,2025-12-19 15:12:41.689042,0,0.13698973004637488,0
O038752,C01241,P01460,2025-12-19 15:25:47.948698,0,0.08862605584940086,0
O038753,C04910,P00733,2025-12-19 15:38:54.208355,1,0.17233418116638297,0
O038754,C06786,P00299,2025-12-19 15:52:00.468011,1,0.14469239564557318,0
O038755,C00700,P01583,2025-12-19 16:05:06.727668,0,0.15154774870901624,0
O038756,C04536,P01247,2025-12-19 16:18:12.987324,0,0.17048484285537518,0
O038757,C01441,P00097,2025-12-19 16:31:19.246981,0,0.0689782374113029,0
O038758,C00408,P00281,2025-12-19 16:44:25.506637,0,0.2899418652701482,0
O038759,C01064,P00376,2025-12-19 16:57:31.766294,0,0.13087102811437296,0
O038760,C02147,P02154,2025-12-19 17:10:38.025950,0,0.4820455161465191,0
O038761,C00729,P01053,2025-12-19 17:23:44.285607,0,0.3261056311091452,0
O038762,C02906,P02461,2025-12-19 17:36:50.545263,0,0.3117696728876904,0
O038763,C02548,P01828,2025-12-19 17:49:56.804920,0,0.34306578617596756,0
O038764,C02535,P01189,2025-12-19 18:03:03.064576,0,0.062329479810003884,0
O038765,C07389,P02018,2025-12-19 18:16:09.324233,0,0.14480004384320028,0
O038766,C06975,P02382,2025-12-19 18:29:15.583889,0,0.2238309607386245,0
O038767,C04784,P01026,2025-12-19 18:42:21.843546,0,0.10675575415896518,0
O038768,C03761,P02434,2025-12-19 18:55:28.103202,1,0.24304046937354176,0
O038769,C04351,P02175,2025-12-19 19:08:34.362859,0,0.06154841066437743,0
O038770,C01888,P00760,2025-12-19 19:21:40.622515,0,0.1372542438956448,0
O038771,C05917,P01126,2025-12-19 19:34:46.882172,0,0.2790868720556032,0
O038772,C02871,P01230,2025-12-19 19:47:53.141828,1,0.4159310652575489,0
O038773,C03174,P01021,2025-12-19 20:00:59.401485,1,0.27396943703810844,0
O038774,C01976,P00546,2025-12-19 20:14:05.661141,0,0.23317953643982453,0
O038775,C00940,P02192,2025-12-19 20:27:11.920798,0,0.07793845523067981,0
O038776,C05562,P02265,2025-12-19 20:40:18.180454,0,0.20663684194721463,0
O038777,C04463,P01858,2025-12-19 20:53:24.440111,0,0.48982349708526457,0
O038778,C02012,P01929,2025-12-19 21:06:30.699767,0,0.11437343711885957,0
O038779,C03851,P01299,2025-12-19 21:19:36.959423,0,0.1663199241919661,0
O038780,C00038,P01116,2025-12-19 21:32:43.219080,0,0.22414145329771354,0
O038781,C00351,P00110,2025-12-19 21:45:49.478736,0,0.22439372606947894,0
O038782,C04126,P02127,2025-12-19 21:58:55.738393,1,0.13134650195005915,0
O038783,C06862,P02230,2025-12-19 22:12:01.998049,0,0.12379648366990556,0
O038784,C03898,P01624,2025-12-19 22:25:08.257706,0,0.14486176100848072,0
O038785,C07695,P01426,2025-12-19 22:38:14.517362,0,0.22491640326916615,0
O038786,C03448,P00179,2025-12-19 22:51:20.777019,0,0.09082992462991754,0
O038787,C02187,P00937,2025-12-19 23:04:27.036675,0,0.1374521678305703,0
O038788,C04855,P01069,2025-12-19 23:17:33.296332,0,0.062340655907564345,0
O038789,C07612,P00801,2025-12-19 23:30:39.555988,0,0.18612389492241116,0
O038790,C03923,P00882,2025-12-19 23:43:45.815645,0,0.2625290149921265,0
O038791,C00912,P01821,2025-12-19 23:56:52.075301,0,0.09081420531203914,0
O038792,C05838,P00737,2025-12-20 00:09:58.334958,0,0.22837906067507568,0
O038793,C06977,P01148,2025-12-20 00:23:04.594614,0,0.12236769797110157,0
O038794,C04705,P01864,2025-12-20 00:36:10.854271,0,0.14836154439746901,0
O038795,C00387,P01507,2025-12-20 00:49:17.113927,0,0.21536690373150144,0
O038796,C01099,P02224,2025-12-20 01:02:23.373584,0,0.16664640616788315,0
O038797,C07681,P00232,2025-12-20 01:15:29.633240,1,0.2228953365909474,0
O038798,C03521,P01136,2025-12-20 01:28:35.892897,1,0.22500180621971771,0
O038799,C05572,P01836,2025-12-20 01:41:42.152553,0,0.1580657099479992,0
O038800,C04153,P01506,2025-12-20 01:54:48.412210,0,0.396198408133666,0
O038801,C04663,P00057,2025-12-20 02:07:54.671866,0,0.11850878895798636,0
O038802,C05871,P00110,2025-12-20 02:21:00.931523,1,0.1851167153731956,0
O038803,C07221,P01050,2025-12-20 02:34:07.191179,1,0.21143568336831423,0
O038804,C02343,P00272,2025-12-20 02:47:13.450836,0,0.2983899241141089,0
O038805,C05895,P00923,2025-12-20 03:00:19.710492,0,0.08112385302578828,0
O038806,C00525,P01335,2025-12-20 03:13:25.970149,1,0.13069040503126095,0
O038807,C04211,P00372,2025-12-20 03:26:32.229805,0,0.2435724425639587,0
O038808,C02181,P01070,2025-12-20 03:39:38.489462,1,0.2106664201387657,0
O038809,C02200,P02149,2025-12-20 03:52:44.749118,0,0.34351514187547455,0
O038810,C06539,P00742,2025-12-20 04:05:51.008775,0,0.10541701434370408,0
O038811,C00307,P01852,2025-12-20 04:18:57.268431,0,0.1760294918881585,0
O038812,C06369,P01671,2025-12-20 04:32:03.528088,0,0.0670403427070463,0
O038813,C04133,P02025,2025-12-20 04:45:09.787744,0,0.14101856142824448,0
O038814,C00607,P00267,2025-12-20 04:58:16.047401,0,0.11022176651281568,0
O038815,C02170,P00165,2025-12-20 05:11:22.307057,0,0.12731685359998055,0
O038816,C00485,P02089,2025-12-20 05:24:28.566714,1,0.4756081121849336,0
O038817,C07410,P02151,2025-12-20 05:37:34.826370,0,0.17704033135051828,0
O038818,C02506,P02289,2025-12-20 05:50:41.086027,0,0.08486972191308373,0
O038819,C02713,P00750,2025-12-20 06:03:47.345683,1,0.14680658771438077,0
O038820,C02951,P01230,2025-12-20 06:16:53.605340,0,0.12419828967312745,0
O038821,C06689,P02217,2025-12-20 06:29:59.864996,0,0.25002302959986084,0
O038822,C04674,P01487,2025-12-20 06:43:06.124653,0,0.1610644711064628,0
O038823,C06392,P00837,2025-12-20 06:56:12.384309,0,0.28982148308812195,0
O038824,C07694,P01601,2025-12-20 07:09:18.643966,0,0.26339525266404445,0
O038825,C05169,P01146,2025-12-20 07:22:24.903622,0,0.24090600858425656,0
O038826,C06940,P02312,2025-12-20 07:35:31.163279,0,0.21593530703247926,0
O038827,C02831,P00017,2025-12-20 07:48:37.422935,1,0.2155489477993918,0
O038828,C07359,P00491,2025-12-20 08:01:43.682592,0,0.09112180255947491,0
O038829,C02490,P01632,2025-12-20 08:14:49.942248,0,0.12678925756529585,0
O038830,C00641,P00835,2025-12-20 08:27:56.201905,0,0.5442560665492611,1
O038831,C07268,P02349,2025-12-20 08:41:02.461561,0,0.21305568495670252,0
O038832,C05239,P01957,2025-12-20 08:54:08.721218,0,0.2974579648682422,0
O038833,C01473,P00203,2025-12-20 09:07:14.980874,0,0.23198010778091901,0
O038834,C04890,P00668,2025-12-20 09:20:21.240531,1,0.1794387532023131,0
O038835,C05619,P00451,2025-12-20 09:33:27.500187,0,0.14563478929210766,0
O038836,C07657,P02217,2025-12-20 09:46:33.759843,0,0.2577517400350142,0
O038837,C01622,P02338,2025-12-20 09:59:40.019500,1,0.2643333092808082,0
O038838,C07336,P02428,2025-12-20 10:12:46.279156,0,0.2129152406821608,0
O038839,C02279,P00620,2025-12-20 10:25:52.538813,1,0.0805153997650813,0
O038840,C07802,P02070,2025-12-20 10:38:58.798469,0,0.17523916296559958,0
O038841,C01707,P00801,2025-12-20 10:52:05.058126,0,0.3188532991133111,0
O038842,C02983,P02153,2025-12-20 11:05:11.317782,0,0.12715758843499395,0
O038843,C07026,P01470,2025-12-20 11:18:17.577439,1,0.21247525219144853,0
O038844,C07411,P02246,2025-12-20 11:31:23.837095,0,0.11934526534591522,0
O038845,C00414,P01647,2025-12-20 11:44:30.096752,1,0.0920468289831481,0
O038846,C00901,P01492,2025-12-20 11:57:36.356408,0,0.16267220649975303,0
O038847,C05648,P00411,2025-12-20 12:10:42.616065,0,0.06477268754731463,0
O038848,C04756,P01063,2025-12-20 12:23:48.875721,0,0.08389319044950962,0
O038849,C00138,P01304,2025-12-20 12:36:55.135378,0,0.2822080031435888,0
O038850,C03251,P00456,2025-12-20 12:50:01.395034,1,0.2330399725468499,0
O038851,C00147,P00543,2025-12-20 13:03:07.654691,0,0.17612762155722952,0
O038852,C05590,P01852,2025-12-20 13:16:13.914347,0,0.228109822582937,0
O038853,C06112,P01101,2025-12-20 13:29:20.174004,0,0.2305722091366282,0
O038854,C07400,P02018,2025-12-20 13:42:26.433660,0,0.19352989750146118,0
O038855,C07604,P00009,2025-12-20 13:55:32.693317,0,0.09650946108568713,0
O038856,C01011,P00552,2025-12-20 14:08:38.952973,0,0.2281006872984441,0
O038857,C03981,P02281,2025-12-20 14:21:45.212630,0,0.09573465035150182,0
O038858,C05161,P00915,2025-12-20 14:34:51.472286,0,0.21357477146775097,0
O038859,C05452,P02234,2025-12-20 14:47:57.731943,1,0.37407551670722405,0
O038860,C07326,P00888,2025-12-20 15:01:03.991599,0,0.17638355183751497,0
O038861,C07052,P00315,2025-12-20 15:14:10.251256,0,0.1518007932492077,0
O038862,C02530,P00395,2025-12-20 15:27:16.510912,0,0.21884657077995584,0
O038863,C07974,P02154,2025-12-20 15:40:22.770569,0,0.3701361018431574,0
O038864,C04135,P01194,2025-12-20 15:53:29.030225,0,0.09702338553016084,0
O038865,C00330,P00046,2025-12-20 16:06:35.289882,0,0.1679129254279332,0
O038866,C03112,P02457,2025-12-20 16:19:41.549538,0,0.09743027116486734,0
O038867,C05150,P00270,2025-12-20 16:32:47.809195,0,0.15149772151455224,0
O038868,C02631,P02119,2025-12-20 16:45:54.068851,0,0.29378376874221607,0
O038869,C05901,P01157,2025-12-20 16:59:00.328508,0,0.1546987625920646,0
O038870,C04837,P00211,2025-12-20 17:12:06.588164,1,0.3666893356357759,0
O038871,C06331,P01416,2025-12-20 17:25:12.847821,0,0.08801176044002369,0
O038872,C07732,P01006,2025-12-20 17:38:19.107477,0,0.09271687186073842,0
O038873,C03096,P01219,2025-12-20 17:51:25.367134,1,0.3372306168712783,0
O038874,C01443,P02275,2025-12-20 18:04:31.626790,0,0.3105581011768712,0
O038875,C00267,P01041,2025-12-20 18:17:37.886447,0,0.1443045481871188,0
O038876,C00267,P00271,2025-12-20 18:30:44.146103,1,0.18351641200761834,0
O038877,C00946,P01945,2025-12-20 18:43:50.405760,0,0.10138631846459494,0
O038878,C03715,P00021,2025-12-20 18:56:56.665416,1,0.284526661869733,0
O038879,C03360,P02271,2025-12-20 19:10:02.925073,0,0.1795606584412741,0
O038880,C06182,P01673,2025-12-20 19:23:09.184729,0,0.1691862700038473,0
O038881,C05625,P00187,2025-12-20 19:36:15.444386,0,0.1657734287543385,0
O038882,C07079,P01833,2025-12-20 19:49:21.704042,1,0.2063316646696786,0
O038883,C05596,P01731,2025-12-20 20:02:27.963699,1,0.2657865218832675,0
O038884,C07902,P01656,2025-12-20 20:15:34.223355,0,0.055379054749246426,0
O038885,C04431,P01668,2025-12-20 20:28:40.483012,0,0.148898958415189,0
O038886,C07364,P01895,2025-12-20 20:41:46.742668,1,0.09660926803320874,0
O038887,C03843,P00882,2025-12-20 20:54:53.002325,1,0.2567094704100626,0
O038888,C00273,P01285,2025-12-20 21:07:59.261981,0,0.13209770663622433,0
O038889,C05730,P01467,2025-12-20 21:21:05.521638,0,0.06107672337361002,0
O038890,C01418,P00682,2025-12-20 21:34:11.781294,0,0.09507308860149888,0
O038891,C01818,P00795,2025-12-20 21:47:18.040951,0,0.1614375803691954,0
O038892,C06516,P00730,2025-12-20 22:00:24.300607,0,0.17931905327486372,0
O038893,C01889,P00832,2025-12-20 22:13:30.560264,1,0.3295408726459253,0
O038894,C00138,P00705,2025-12-20 22:26:36.819920,1,0.6014945988430181,1
O038895,C06679,P01809,2025-12-20 22:39:43.079576,0,0.2506899311647159,0
O038896,C04824,P00993,2025-12-20 22:52:49.339233,0,0.14300790048362327,0
O038897,C06352,P00465,2025-12-20 23:05:55.598889,0,0.39247465223895206,0
O038898,C03928,P00561,2025-12-20 23:19:01.858546,0,0.14960273725783257,0
O038899,C06650,P01136,2025-12-20 23:32:08.118202,0,0.0786070449063794,0
O038900,C02013,P00825,2025-12-20 23:45:14.377859,0,0.1759195272664715,0
O038901,C01974,P02397,2025-12-20 23:58:20.637515,0,0.09384813602121143,0
O038902,C03386,P00845,2025-12-21 00:11:26.897172,0,0.15024110301831084,0
O038903,C04737,P02344,2025-12-21 00:24:33.156828,1,0.4891634576629863,0
O038904,C06301,P01760,2025-12-21 00:37:39.416485,1,0.3118271479749467,0
O038905,C03997,P01278,2025-12-21 00:50:45.676141,1,0.26094722029685824,0
O038906,C03092,P00623,2025-12-21 01:03:51.935798,0,0.06491795289472237,0
O038907,C06301,P02101,2025-12-21 01:16:58.195454,1,0.2450441363611884,0
O038908,C01924,P02320,2025-12-21 01:30:04.455111,0,0.0696810704410608,0
O038909,C05628,P01879,2025-12-21 01:43:10.714767,0,0.43911676484768425,0
O038910,C01656,P02435,2025-12-21 01:56:16.974424,0,0.3349698172924882,0
O038911,C04074,P00889,2025-12-21 02:09:23.234080,0,0.4920812905239875,0
O038912,C02333,P02149,2025-12-21 02:22:29.493737,1,0.15751533464387837,0
O038913,C04339,P01975,2025-12-21 02:35:35.753393,0,0.3766155850429306,0
O038914,C01785,P01312,2025-12-21 02:48:42.013050,0,0.3813142645151898,0
O038915,C02923,P02477,2025-12-21 03:01:48.272706,0,0.29547568862215734,0
O038916,C00499,P01249,2025-12-21 03:14:54.532363,0,0.24917054221552043,0
O038917,C05704,P01059,2025-12-21 03:28:00.792019,0,0.08922496043199712,0
O038918,C05489,P00791,2025-12-21 03:41:07.051676,1,0.16547896359400707,0
O038919,C01899,P01026,2025-12-21 03:54:13.311332,0,0.10987541797196204,0
O038920,C03367,P01422,2025-12-21 04:07:19.570989,0,0.19299950225490073,0
O038921,C01442,P02275,2025-12-21 04:20:25.830645,0,0.40290866105408035,0
O038922,C07102,P00759,2025-12-21 04:33:32.090302,0,0.1353793852420786,0
O038923,C02238,P01545,2025-12-21 04:46:38.349958,0,0.10813864271798516,0
O038924,C04468,P01308,2025-12-21 04:59:44.609615,0,0.0908280407749248,0
O038925,C00479,P00098,2025-12-21 05:12:50.869271,0,0.0764147054627313,0
O038926,C02746,P01567,2025-12-21 05:25:57.128928,1,0.1906281834530701,0
O038927,C03258,P01131,2025-12-21 05:39:03.388584,1,0.10407639885256861,0
O038928,C07796,P02200,2025-12-21 05:52:09.648241,1,0.08623097877938808,0
O038929,C03034,P00784,2025-12-21 06:05:15.907897,0,0.08621252402336388,0
O038930,C06338,P02082,2025-12-21 06:18:22.167554,0,0.10545969966134054,0
O038931,C00005,P00289,2025-12-21 06:31:28.427210,0,0.1709337871378344,0
O038932,C02146,P02038,2025-12-21 06:44:34.686867,1,0.14352533712376178,0
O038933,C06954,P02330,2025-12-21 06:57:40.946523,0,0.4628026658544119,0
O038934,C02254,P02366,2025-12-21 07:10:47.206180,1,0.32588786060366076,0
O038935,C02618,P00275,2025-12-21 07:23:53.465836,0,0.0916320465207574,0
O038936,C07991,P01673,2025-12-21 07:36:59.725493,0,0.07687456506657953,0
O038937,C03432,P02304,2025-12-21 07:50:05.985149,0,0.07290805459334185,0
O038938,C00471,P01766,2025-12-21 08:03:12.244806,0,0.15355528478496994,0
O038939,C05874,P00848,2025-12-21 08:16:18.504462,0,0.2508327963174658,0
O038940,C06334,P01610,2025-12-21 08:29:24.764119,0,0.3273831699188893,0
O038941,C02948,P01903,2025-12-21 08:42:31.023775,1,0.1351361796290485,0
O038942,C01065,P01387,2025-12-21 08:55:37.283432,0,0.20355063174169563,0
O038943,C04488,P01356,2025-12-21 09:08:43.543088,0,0.25726469654919343,0
O038944,C07019,P00286,2025-12-21 09:21:49.802745,1,0.3001580905673646,0
O038945,C00662,P01059,2025-12-21 09:34:56.062401,0,0.09917442769814265,0
O038946,C05148,P00904,2025-12-21 09:48:02.322058,0,0.5611422733648375,1
O038947,C07903,P01690,2025-12-21 10:01:08.581714,0,0.14318610260377662,0
O038948,C02613,P00291,2025-12-21 10:14:14.841371,0,0.1003634560396365,0
O038949,C02384,P00570,2025-12-21 10:27:21.101027,1,0.061339378313320175,0
O038950,C00697,P01521,2025-12-21 10:40:27.360684,1,0.27959579757933467,0
O038951,C07847,P00046,2025-12-21 10:53:33.620340,0,0.12933204413674237,0
O038952,C02236,P00552,2025-12-21 11:06:39.879997,0,0.2623185442161849,0
O038953,C01414,P01531,2025-12-21 11:19:46.139653,0,0.0845277912309133,0
O038954,C01550,P01809,2025-12-21 11:32:52.399309,0,0.3057544810125538,0
O038955,C05269,P01113,2025-12-21 11:45:58.658966,0,0.5187698229108796,1
O038956,C00576,P00718,2025-12-21 11:59:04.918622,0,0.15187775040887033,0
O038957,C04893,P00678,2025-12-21 12:12:11.178279,0,0.19611545295913899,0
O038958,C05736,P00450,2025-12-21 12:25:17.437935,0,0.17191222989793584,0
O038959,C02473,P00382,2025-12-21 12:38:23.697592,0,0.13797207245100454,0
O038960,C06384,P00710,2025-12-21 12:51:29.957248,0,0.11491526698580325,0
O038961,C05090,P02011,2025-12-21 13:04:36.216905,0,0.34192892115145285,0
O038962,C00633,P01413,2025-12-21 13:17:42.476561,0,0.14980770193174991,0
O038963,C02848,P01112,2025-12-21 13:30:48.736218,1,0.16655684168275198,0
O038964,C00898,P01189,2025-12-21 13:43:54.995874,0,0.08030053686760213,0
O038965,C00513,P02375,2025-12-21 13:57:01.255531,1,0.36984960723153476,0
O038966,C01546,P02449,2025-12-21 14:10:07.515187,0,0.22136425229206755,0
O038967,C06978,P02088,2025-12-21 14:23:13.774844,0,0.17446510941066304,0
O038968,C04485,P00041,2025-12-21 14:36:20.034500,0,0.14975018360410064,0
O038969,C01074,P02478,2025-12-21 14:49:26.294157,1,0.3632936389845351,0
O038970,C02124,P02410,2025-12-21 15:02:32.553813,0,0.08520457022128966,0
O038971,C01409,P00791,2025-12-21 15:15:38.813470,0,0.19607457981287,0
O038972,C04140,P00409,2025-12-21 15:28:45.073126,0,0.10249871306961252,0
O038973,C05162,P02034,2025-12-21 15:41:51.332783,1,0.28695708165913725,0
O038974,C07904,P00493,2025-12-21 15:54:57.592439,0,0.20153526633412003,0
O038975,C06388,P01514,2025-12-21 16:08:03.852096,0,0.2050625782006455,0
O038976,C02551,P00006,2025-12-21 16:21:10.111752,1,0.11234564999816621,0
O038977,C01856,P00504,2025-12-21 16:34:16.371409,0,0.12689504067285612,0
O038978,C01125,P01194,2025-12-21 16:47:22.631065,0,0.11176673130387024,0
O038979,C01198,P02218,2025-12-21 17:00:28.890722,0,0.12059537230599934,0
O038980,C00037,P01677,2025-12-21 17:13:35.150378,0,0.09471067451446956,0
O038981,C03531,P01924,2025-12-21 17:26:41.410035,0,0.08098458985480073,0
O038982,C03294,P00428,2025-12-21 17:39:47.669691,0,0.11034603218969119,0
O038983,C01355,P00531,2025-12-21 17:52:53.929348,0,0.24618113006522896,0
O038984,C03971,P00672,2025-12-21 18:06:00.189004,0,0.08825397541471022,0
O038985,C01058,P01688,2025-12-21 18:19:06.448661,0,0.7279239798396983,1
O038986,C01368,P02011,2025-12-21 18:32:12.708317,0,0.4465483968802784,0
O038987,C06421,P01156,2025-12-21 18:45:18.967974,0,0.07995277598405688,0
O038988,C03623,P02454,2025-12-21 18:58:25.227630,0,0.10684762473623553,0
O038989,C02085,P01951,2025-12-21 19:11:31.487287,1,0.09343986671305235,0
O038990,C06725,P00378,2025-12-21 19:24:37.746943,1,0.4994887620341238,0
O038991,C07954,P00451,2025-12-21 19:37:44.006600,0,0.18898389393217266,0
O038992,C03075,P00093,2025-12-21 19:50:50.266256,1,0.18249562793604537,0
O038993,C01315,P00062,2025-12-21 20:03:56.525913,1,0.24903904119839299,0
O038994,C04834,P02077,2025-12-21 20:17:02.785569,0,0.17532755914660209,0
O038995,C01118,P00837,2025-12-21 20:30:09.045226,0,0.22577490619120286,0
O038996,C04866,P00166,2025-12-21 20:43:15.304882,1,0.1568127172102824,0
O038997,C01011,P02101,2025-12-21 20:56:21.564539,0,0.21446403190602087,0
O038998,C03312,P00218,2025-12-21 21:09:27.824195,0,0.07043212480173137,0
O038999,C06537,P01722,2025-12-21 21:22:34.083852,0,0.37980919085503273,0
O039000,C02293,P01570,2025-12-21 21:35:40.343508,0,0.16142138306522708,0
O039001,C02761,P00046,2025-12-21 21:48:46.603165,0,0.1480891319484574,0
O039002,C05346,P01562,2025-12-21 22:01:52.862821,0,0.0818178310233352,0
O039003,C04037,P00468,2025-12-21 22:14:59.122478,1,0.24260534244780352,0
O039004,C02602,P02369,2025-12-21 22:28:05.382134,0,0.21977626649229748,0
O039005,C02606,P01859,2025-12-21 22:41:11.641791,1,0.1736075619719771,0
O039006,C06826,P01476,2025-12-21 22:54:17.901447,0,0.12217673298694877,0
O039007,C01596,P00045,2025-12-21 23:07:24.161104,0,0.4045655155846275,0
O039008,C05024,P01609,2025-12-21 23:20:30.420760,0,0.11457038119548475,0
O039009,C03562,P00329,2025-12-21 23:33:36.680417,0,0.1294945983397035,0
O039010,C00161,P00068,2025-12-21 23:46:42.940073,1,0.41561267329021667,0
O039011,C03279,P02321,2025-12-21 23:59:49.199729,0,0.16339776971525385,0
O039012,C00514,P00772,2025-12-22 00:12:55.459386,0,0.20923023658087844,0
O039013,C05129,P01377,2025-12-22 00:26:01.719042,0,0.2339102664946458,0
O039014,C02378,P01471,2025-12-22 00:39:07.978699,0,0.3249450893903373,0
O039015,C02217,P00694,2025-12-22 00:52:14.238355,1,0.2771473141872562,0
O039016,C03266,P01231,2025-12-22 01:05:20.498012,0,0.4575316158135828,0
O039017,C07355,P01315,2025-12-22 01:18:26.757668,1,0.5085002388411053,1
O039018,C01670,P00353,2025-12-22 01:31:33.017325,1,0.48298823483208086,0
O039019,C05021,P00644,2025-12-22 01:44:39.276981,0,0.5005823732045936,1
O039020,C07442,P00416,2025-12-22 01:57:45.536638,0,0.21912395355392245,0
O039021,C00306,P02298,2025-12-22 02:10:51.796294,0,0.2705099905457188,0
O039022,C00841,P01044,2025-12-22 02:23:58.055951,0,0.26985992746072845,0
O039023,C00416,P00304,2025-12-22 02:37:04.315607,1,0.36980635634668163,0
O039024,C04437,P01399,2025-12-22 02:50:10.575264,0,0.3005636496889159,0
O039025,C03148,P01841,2025-12-22 03:03:16.834920,0,0.2412818129360536,0
O039026,C05678,P00340,2025-12-22 03:16:23.094577,0,0.07170931168493706,0
O039027,C00049,P00684,2025-12-22 03:29:29.354233,0,0.4471212495538694,0
O039028,C03338,P00517,2025-12-22 03:42:35.613890,0,0.07510128952839534,0
O039029,C07726,P00824,2025-12-22 03:55:41.873546,0,0.06833302689408206,0
O039030,C05430,P02408,2025-12-22 04:08:48.133203,0,0.22669264246451462,0
O039031,C04893,P00136,2025-12-22 04:21:54.392859,0,0.24086775472100314,0
O039032,C06271,P00373,2025-12-22 04:35:00.652516,0,0.5139353035834298,1
O039033,C00707,P02329,2025-12-22 04:48:06.912172,1,0.14933142041491557,0
O039034,C01098,P01404,2025-12-22 05:01:13.171829,0,0.4127078744676368,0
O039035,C04609,P00934,2025-12-22 05:14:19.431485,0,0.4369246042947988,0
O039036,C02420,P00037,2025-12-22 05:27:25.691142,0,0.13675737293203877,0
O039037,C05373,P02471,2025-12-22 05:40:31.950798,0,0.10517422290065183,0
O039038,C03079,P00006,2025-12-22 05:53:38.210455,0,0.10174108355327662,0
O039039,C05369,P01503,2025-12-22 06:06:44.470111,1,0.1623884926003467,0
O039040,C04863,P01550,2025-12-22 06:19:50.729768,0,0.14172960135117835,0
O039041,C04943,P01601,2025-12-22 06:32:56.989424,0,0.29031436152438883,0
O039042,C04823,P02006,2025-12-22 06:46:03.249081,0,0.17346085360690786,0
O039043,C05311,P00801,2025-12-22 06:59:09.508737,0,0.2564034686143823,0
O039044,C00290,P00414,2025-12-22 07:12:15.768394,0,0.31841697397361574,0
O039045,C06057,P00441,2025-12-22 07:25:22.028050,1,0.3882908639846793,0
O039046,C06863,P00817,2025-12-22 07:38:28.287707,0,0.3993321557447834,0
O039047,C02906,P00816,2025-12-22 07:51:34.547363,0,0.06308705713290477,0
O039048,C00940,P01690,2025-12-22 08:04:40.807020,0,0.12185662924707567,0
O039049,C05869,P01053,2025-12-22 08:17:47.066676,0,0.4134119141846917,0
O039050,C05731,P00279,2025-12-22 08:30:53.326333,1,0.09661894110081892,0
O039051,C02772,P00071,2025-12-22 08:43:59.585989,0,0.12509576601399047,0
O039052,C01034,P00286,2025-12-22 08:57:05.845646,1,0.29822197914087867,0
O039053,C04442,P01806,2025-12-22 09:10:12.105302,0,0.2324714973458638,0
O039054,C01916,P02065,2025-12-22 09:23:18.364959,0,0.16548631707445532,0
O039055,C06001,P01241,2025-12-22 09:36:24.624615,1,0.21523438387714203,0
O039056,C07994,P02199,2025-12-22 09:49:30.884272,1,0.15156214942359497,0
O039057,C06717,P01530,2025-12-22 10:02:37.143928,1,0.4425591003485988,0
O039058,C03612,P00506,2025-12-22 10:15:43.403585,0,0.2702141781181658,0
O039059,C00147,P00736,2025-12-22 10:28:49.663241,0,0.3689774239747678,0
O039060,C05128,P01680,2025-12-22 10:41:55.922898,0,0.12882709242019658,0
O039061,C05845,P00019,2025-12-22 10:55:02.182554,0,0.22185643744971079,0
O039062,C05507,P01589,2025-12-22 11:08:08.442211,0,0.325721422279475,0
O039063,C04496,P01503,2025-12-22 11:21:14.701867,0,0.12053337676039429,0
O039064,C00038,P02103,2025-12-22 11:34:20.961524,0,0.1785562488103145,0
O039065,C00423,P02294,2025-12-22 11:47:27.221180,0,0.09245900735701663,0
O039066,C07840,P01097,2025-12-22 12:00:33.480837,0,0.10553593968955649,0
O039067,C04449,P01138,2025-12-22 12:13:39.740493,0,0.08402752297368227,0
O039068,C00861,P01311,2025-12-22 12:26:46.000150,0,0.2127538095512142,0
O039069,C02737,P01200,2025-12-22 12:39:52.259806,1,0.3108578000919116,0
O039070,C05999,P00666,2025-12-22 12:52:58.519462,0,0.0573012699590407,0
O039071,C00454,P01620,2025-12-22 13:06:04.779119,1,0.24262682977973035,0
O039072,C05438,P01953,2025-12-22 13:19:11.038775,0,0.0636962250869892,0
O039073,C00885,P00154,2025-12-22 13:32:17.298432,0,0.2382944638580403,0
O039074,C02561,P02447,2025-12-22 13:45:23.558088,0,0.28293754806726695,0
O039075,C07847,P00859,2025-12-22 13:58:29.817745,0,0.08640972131116827,0
O039076,C07958,P00823,2025-12-22 14:11:36.077401,1,0.3018720352402341,0
O039077,C05466,P02453,2025-12-22 14:24:42.337058,1,0.44047809351595374,0
O039078,C01354,P00255,2025-12-22 14:37:48.596714,0,0.20428391581759595,0
O039079,C02384,P01496,2025-12-22 14:50:54.856371,0,0.08864027923284667,0
O039080,C05400,P01115,2025-12-22 15:04:01.116027,0,0.5787659537348757,1
O039081,C05795,P02121,2025-12-22 15:17:07.375684,0,0.13475644999652978,0
O039082,C00252,P00017,2025-12-22 15:30:13.635340,0,0.23387305618554335,0
O039083,C00792,P00987,2025-12-22 15:43:19.894997,0,0.12325482347320707,0
O039084,C03138,P01782,2025-12-22 15:56:26.154653,0,0.08211737623849757,0
O039085,C03492,P00900,2025-12-22 16:09:32.414310,0,0.09876602036627723,0
O039086,C06461,P01546,2025-12-22 16:22:38.673966,1,0.23633053183032618,0
O039087,C07793,P02229,2025-12-22 16:35:44.933623,0,0.27375994415559723,0
O039088,C06766,P00678,2025-12-22 16:48:51.193279,1,0.23650048789953682,0
O039089,C03392,P02214,2025-12-22 17:01:57.452936,0,0.22921052705776607,0
O039090,C07009,P01919,2025-12-22 17:15:03.712592,0,0.19408625885709432,0
O039091,C01046,P00605,2025-12-22 17:28:09.972249,0,0.27982940026730163,0
O039092,C02290,P01861,2025-12-22 17:41:16.231905,0,0.1995170318123983,0
O039093,C03478,P01967,2025-12-22 17:54:22.491562,0,0.25976293547803,0
O039094,C00889,P01198,2025-12-22 18:07:28.751218,0,0.15612298062442911,0
O039095,C07758,P01759,2025-12-22 18:20:35.010875,1,0.3110165354930802,0
O039096,C00311,P01232,2025-12-22 18:33:41.270531,0,0.07622432914311461,0
O039097,C00983,P00354,2025-12-22 18:46:47.530188,1,0.2812186049991059,0
O039098,C02596,P01568,2025-12-22 18:59:53.789844,1,0.09434254190191244,0
O039099,C01009,P00434,2025-12-22 19:13:00.049501,0,0.0991049156394456,0
O039100,C02378,P02347,2025-12-22 19:26:06.309157,0,0.3825776829829902,0
O039101,C07206,P01331,2025-12-22 19:39:12.568814,0,0.16212344440042767,0
O039102,C02005,P00221,2025-12-22 19:52:18.828470,0,0.22200900186445524,0
O039103,C01773,P01461,2025-12-22 20:05:25.088127,0,0.17644657181613532,0
O039104,C00066,P02100,2025-12-22 20:18:31.347783,0,0.05018632749760999,0
O039105,C01831,P02074,2025-12-22 20:31:37.607440,0,0.11378198169105884,0
O039106,C04210,P00776,2025-12-22 20:44:43.867096,0,0.13429971796484483,0
O039107,C03530,P01330,2025-12-22 20:57:50.126753,0,0.13205795129128042,0
O039108,C00390,P01396,2025-12-22 21:10:56.386409,0,0.14257596844896797,0
O039109,C05254,P00764,2025-12-22 21:24:02.646066,1,0.21180659547993305,0
O039110,C03240,P01061,2025-12-22 21:37:08.905722,0,0.2153238095236395,0
O039111,C03014,P00849,2025-12-22 21:50:15.165379,0,0.11894979351097153,0
O039112,C00526,P00001,2025-12-22 22:03:21.425035,0,0.08969126973901721,0
O039113,C05057,P00490,2025-12-22 22:16:27.684692,0,0.281457839492601,0
O039114,C00453,P00902,2025-12-22 22:29:33.944348,0,0.09938782240480182,0
O039115,C02281,P02203,2025-12-22 22:42:40.204005,0,0.1982837100527988,0
O039116,C07488,P02362,2025-12-22 22:55:46.463661,0,0.13860117596775978,0
O039117,C07579,P01592,2025-12-22 23:08:52.723318,0,0.4497648059903801,0
O039118,C05702,P00591,2025-12-22 23:21:58.982974,0,0.1812288774346845,0
O039119,C05014,P01738,2025-12-22 23:35:05.242631,0,0.11079031471341187,0
O039120,C04824,P01832,2025-12-22 23:48:11.502287,0,0.20121385459870822,0
O039121,C04547,P00256,2025-12-23 00:01:17.761944,0,0.14957664146293978,0
O039122,C04070,P00057,2025-12-23 00:14:24.021600,0,0.14744914862511874,0
O039123,C01773,P01243,2025-12-23 00:27:30.281257,0,0.07474827816019441,0
O039124,C07959,P00586,2025-12-23 00:40:36.540913,0,0.09399356121897526,0
O039125,C03800,P01612,2025-12-23 00:53:42.800570,1,0.3972727386572213,0
O039126,C07383,P01248,2025-12-23 01:06:49.060226,0,0.15232903294558364,0
O039127,C05759,P00283,2025-12-23 01:19:55.319882,0,0.2283978421218747,0
O039128,C03359,P01219,2025-12-23 01:33:01.579539,1,0.36043311145379314,0
O039129,C05147,P01215,2025-12-23 01:46:07.839195,0,0.2861972567143504,0
O039130,C01697,P02500,2025-12-23 01:59:14.098852,1,0.37702339730678386,0
O039131,C06976,P02021,2025-12-23 02:12:20.358508,0,0.0884858947998312,0
O039132,C05850,P01684,2025-12-23 02:25:26.618165,0,0.3084297334378741,0
O039133,C03426,P02313,2025-12-23 02:38:32.877821,0,0.10446686773687908,0
O039134,C06894,P01445,2025-12-23 02:51:39.137478,0,0.10669876269687706,0
O039135,C04567,P00713,2025-12-23 03:04:45.397134,0,0.10543755607616223,0
O039136,C01048,P01782,2025-12-23 03:17:51.656791,1,0.11681703627353204,0
O039137,C00818,P00445,2025-12-23 03:30:57.916447,0,0.3119764329089018,0
O039138,C00195,P02459,2025-12-23 03:44:04.176104,0,0.07797098962384037,0
O039139,C02011,P00399,2025-12-23 03:57:10.435760,0,0.11201326105757665,0
O039140,C00732,P01045,2025-12-23 04:10:16.695417,0,0.2236367184925352,0
O039141,C03617,P01087,2025-12-23 04:23:22.955073,0,0.2000254054969545,0
O039142,C05044,P01810,2025-12-23 04:36:29.214730,0,0.2737059911548951,0
O039143,C04540,P01253,2025-12-23 04:49:35.474386,0,0.08832602699246381,0
O039144,C04039,P01288,2025-12-23 05:02:41.734043,0,0.2644039286942484,0
O039145,C03827,P01616,2025-12-23 05:15:47.993699,0,0.23244536217987158,0
O039146,C07680,P01605,2025-12-23 05:28:54.253356,0,0.13408135221860606,0
O039147,C02528,P01742,2025-12-23 05:42:00.513012,0,0.24196193327189291,0
O039148,C07485,P00606,2025-12-23 05:55:06.772669,0,0.10472869113019409,0
O039149,C01751,P00275,2025-12-23 06:08:13.032325,0,0.08330939756027303,0
O039150,C03292,P02024,2025-12-23 06:21:19.291982,0,0.2132125026145535,0
O039151,C03797,P01486,2025-12-23 06:34:25.551638,0,0.16559786062551266,0
O039152,C00575,P01172,2025-12-23 06:47:31.811295,1,0.32509595253438356,0
O039153,C05176,P00062,2025-12-23 07:00:38.070951,0,0.2025775744124591,0
O039154,C02576,P01251,2025-12-23 07:13:44.330608,1,0.10023540657261375,0
O039155,C07234,P00657,2025-12-23 07:26:50.590264,1,0.36028563681505005,0
O039156,C05961,P02119,2025-12-23 07:39:56.849921,0,0.24732273781067235,0
O039157,C02333,P00643,2025-12-23 07:53:03.109577,1,0.10490291329134585,0
O039158,C01915,P00403,2025-12-23 08:06:09.369234,0,0.2168130696464255,0
O039159,C07740,P02197,2025-12-23 08:19:15.628890,0,0.0954261468408778,0
O039160,C00177,P01565,2025-12-23 08:32:21.888547,0,0.4301720415713433,0
O039161,C07591,P00137,2025-12-23 08:45:28.148203,0,0.20848008564177997,0
O039162,C01581,P00167,2025-12-23 08:58:34.407860,1,0.36147509286050106,0
O039163,C01616,P00467,2025-12-23 09:11:40.667516,1,0.2787771957282055,0
O039164,C05700,P00339,2025-12-23 09:24:46.927173,0,0.2524275274874051,0
O039165,C01558,P00440,2025-12-23 09:37:53.186829,0,0.08279108569331343,0
O039166,C05515,P00285,2025-12-23 09:50:59.446486,0,0.16768667290870043,0
O039167,C00397,P00896,2025-12-23 10:04:05.706142,0,0.41020924065971,0
O039168,C03694,P01790,2025-12-23 10:17:11.965799,0,0.07556784041931505,0
O039169,C05268,P02300,2025-12-23 10:30:18.225455,0,0.07881943804218612,0
O039170,C03464,P00870,2025-12-23 10:43:24.485112,0,0.09387323099853329,0
O039171,C03355,P01744,2025-12-23 10:56:30.744768,0,0.07694054991050528,0
O039172,C02324,P02484,2025-12-23 11:09:37.004425,0,0.506477522608201,1
O039173,C01619,P01529,2025-12-23 11:22:43.264081,0,0.2537913048472193,0
O039174,C03067,P00148,2025-12-23 11:35:49.523738,1,0.42468819074366093,0
O039175,C07926,P00510,2025-12-23 11:48:55.783394,1,0.3738315550343624,0
O039176,C02952,P00019,2025-12-23 12:02:02.043051,1,0.48351760727541654,0
O039177,C05294,P00472,2025-12-23 12:15:08.302707,0,0.20975584630637364,0
O039178,C01184,P02040,2025-12-23 12:28:14.562364,0,0.34539901510701393,0
O039179,C00284,P00315,2025-12-23 12:41:20.822020,0,0.17893403437663838,0
O039180,C03016,P01289,2025-12-23 12:54:27.081677,0,0.3662761418141206,0
O039181,C05818,P00402,2025-12-23 13:07:33.341333,0,0.10345034648301624,0
O039182,C02486,P01845,2025-12-23 13:20:39.600990,1,0.27851340827873566,0
O039183,C04714,P00118,2025-12-23 13:33:45.860646,0,0.1809036524405412,0
O039184,C05311,P02037,2025-12-23 13:46:52.120303,0,0.12823646285611282,0
O039185,C03455,P01933,2025-12-23 13:59:58.379959,0,0.1042345984602419,0
O039186,C01912,P01917,2025-12-23 14:13:04.639615,0,0.13773063249433146,0
O039187,C00869,P00274,2025-12-23 14:26:10.899272,0,0.28130456345897353,0
O039188,C03984,P01862,2025-12-23 14:39:17.158928,0,0.13434332765995277,0
O039189,C05746,P01465,2025-12-23 14:52:23.418585,1,0.6214211364648755,1
O039190,C06247,P00859,2025-12-23 15:05:29.678241,1,0.09417171253477395,0
O039191,C04907,P02107,2025-12-23 15:18:35.937898,0,0.12638650610823166,0
O039192,C00594,P01541,2025-12-23 15:31:42.197554,0,0.10033088802457661,0
O039193,C06728,P00285,2025-12-23 15:44:48.457211,1,0.09293519365345415,0
O039194,C02008,P01241,2025-12-23 15:57:54.716867,1,0.6026894605835342,1
O039195,C00068,P00511,2025-12-23 16:11:00.976524,0,0.15151066724750978,0
O039196,C05891,P02438,2025-12-23 16:24:07.236180,0,0.12042916226578158,0
O039197,C05646,P02294,2025-12-23 16:37:13.495837,0,0.13806266967153316,0
O039198,C05107,P00376,2025-12-23 16:50:19.755493,0,0.08489696289557336,0
O039199,C05722,P00358,2025-12-23 17:03:26.015150,1,0.08626396638558707,0
O039200,C00118,P00619,2025-12-23 17:16:32.274806,1,0.12026160303983541,0
O039201,C07029,P01113,2025-12-23 17:29:38.534463,0,0.3752825502844365,0
O039202,C02963,P01107,2025-12-23 17:42:44.794119,0,0.11718249626625732,0
O039203,C05243,P01861,2025-12-23 17:55:51.053776,0,0.20642915170258536,0
O039204,C03768,P00451,2025-12-23 18:08:57.313432,0,0.1961408533454758,0
O039205,C02989,P00712,2025-12-23 18:22:03.573089,1,0.10231420160074839,0
O039206,C03156,P01700,2025-12-23 18:35:09.832745,0,0.2685557421086306,0
O039207,C01927,P02058,2025-12-23 18:48:16.092402,0,0.1688707374780094,0
O039208,C04890,P00116,2025-12-23 19:01:22.352058,0,0.27199008383398315,0
O039209,C02445,P01497,2025-12-23 19:14:28.611715,1,0.13623046172221626,0
O039210,C02856,P01451,2025-12-23 19:27:34.871371,0,0.17532669195712478,0
O039211,C04519,P00395,2025-12-23 19:40:41.131028,0,0.19314565508416165,0
O039212,C00815,P01557,2025-12-23 19:53:47.390684,0,0.16630737726620365,0
O039213,C02886,P00671,2025-12-23 20:06:53.650341,0,0.253266483816214,0
O039214,C00319,P00619,2025-12-23 20:19:59.909997,0,0.10271422807021079,0
O039215,C05531,P02336,2025-12-23 20:33:06.169654,0,0.23552488418240147,0
O039216,C05910,P00469,2025-12-23 20:46:12.429310,0,0.1337382204125399,0
O039217,C07396,P00424,2025-12-23 20:59:18.688967,0,0.15092179892561133,0
O039218,C00070,P00897,2025-12-23 21:12:24.948623,0,0.14532373469720014,0
O039219,C02934,P00443,2025-12-23 21:25:31.208280,0,0.21756266665152402,0
O039220,C06472,P00376,2025-12-23 21:38:37.467936,1,0.21468952788638682,0
O039221,C05894,P00642,2025-12-23 21:51:43.727593,1,0.2750528672038764,0
O039222,C02287,P00818,2025-12-23 22:04:49.987249,0,0.18486177636771883,0
O039223,C01996,P00222,2025-12-23 22:17:56.246906,0,0.08471273907410821,0
O039224,C06877,P02463,2025-12-23 22:31:02.506562,0,0.14486631945814996,0
O039225,C02876,P00592,2025-12-23 22:44:08.766219,0,0.08300626738289064,0
O039226,C02918,P01339,2025-12-23 22:57:15.025875,0,0.16754315589562527,0
O039227,C01498,P01938,2025-12-23 23:10:21.285532,0,0.33496199797322634,0
O039228,C04015,P00503,2025-12-23 23:23:27.545188,0,0.29164818408366144,0
O039229,C05326,P00076,2025-12-23 23:36:33.804845,0,0.12527815813787505,0
O039230,C01718,P00110,2025-12-23 23:49:40.064501,0,0.09645348958713221,0
O039231,C06768,P00843,2025-12-24 00:02:46.324158,0,0.3173628268645072,0
O039232,C04969,P01044,2025-12-24 00:15:52.583814,0,0.12110887076821017,0
O039233,C02294,P00071,2025-12-24 00:28:58.843471,0,0.36717190552668655,0
O039234,C06329,P02096,2025-12-24 00:42:05.103127,0,0.13886354513953866,0
O039235,C04756,P00212,2025-12-24 00:55:11.362784,0,0.11172020524855077,0
O039236,C02468,P00486,2025-12-24 01:08:17.622440,1,0.11467872923430902,0
O039237,C07454,P02429,2025-12-24 01:21:23.882097,0,0.4151359583263621,0
O039238,C07517,P00645,2025-12-24 01:34:30.141753,0,0.09592777796550021,0
O039239,C02991,P00341,2025-12-24 01:47:36.401410,0,0.11384702402051469,0
O039240,C00567,P01151,2025-12-24 02:00:42.661066,0,0.3100590953075915,0
O039241,C04331,P02483,2025-12-24 02:13:48.920723,0,0.0954260063830853,0
O039242,C01222,P00064,2025-12-24 02:26:55.180379,0,0.2718357908677909,0
O039243,C07014,P01496,2025-12-24 02:40:01.440036,0,0.07305228711561179,0
O039244,C03090,P01605,2025-12-24 02:53:07.699692,0,0.0984064124700443,0
O039245,C01430,P02293,2025-12-24 03:06:13.959348,0,0.11157696994054796,0
O039246,C02573,P01513,2025-12-24 03:19:20.219005,1,0.09895142153631435,0
O039247,C06855,P02187,2025-12-24 03:32:26.478661,1,0.2813670035822829,0
O039248,C06106,P01161,2025-12-24 03:45:32.738318,1,0.28769026538053705,0
O039249,C00767,P00545,2025-12-24 03:58:38.997974,0,0.09038294576746324,0
O039250,C01030,P00395,2025-12-24 04:11:45.257631,0,0.3618168170095676,0
O039251,C02476,P00912,2025-12-24 04:24:51.517287,0,0.3400321875341149,0
O039252,C04480,P00988,2025-12-24 04:37:57.776944,0,0.14805113778317297,0
O039253,C00742,P00241,2025-12-24 04:51:04.036600,0,0.12996365699765874,0
O039254,C01948,P02351,2025-12-24 05:04:10.296257,1,0.21721454021775222,0
O039255,C01834,P01757,2025-12-24 05:17:16.555913,1,0.23201721646220422,0
O039256,C04005,P00228,2025-12-24 05:30:22.815570,0,0.0997357643790093,0
O039257,C02524,P02462,2025-12-24 05:43:29.075226,0,0.09140449401743819,0
O039258,C02896,P01342,2025-12-24 05:56:35.334883,0,0.09772960426832365,0
O039259,C06579,P02121,2025-12-24 06:09:41.594539,0,0.07917659274544928,0
O039260,C04230,P01532,2025-12-24 06:22:47.854196,0,0.20919431113206072,0
O039261,C03806,P01870,2025-12-24 06:35:54.113852,0,0.4014074322047612,0
O039262,C01281,P01099,2025-12-24 06:49:00.373509,1,0.09449190362561022,0
O039263,C02643,P00349,2025-12-24 07:02:06.633165,0,0.11337882123657488,0
O039264,C05146,P01225,2025-12-24 07:15:12.892822,0,0.24652918090911008,0
O039265,C05755,P01089,2025-12-24 07:28:19.152478,0,0.09831265908832325,0
O039266,C06109,P02051,2025-12-24 07:41:25.412135,0,0.10519000266975442,0
O039267,C04078,P02013,2025-12-24 07:54:31.671791,0,0.08446835219827077,0
O039268,C02661,P01026,2025-12-24 08:07:37.931448,0,0.14647382787048455,0
O039269,C00747,P01159,2025-12-24 08:20:44.191104,0,0.38531875281124106,0
O039270,C06011,P00131,2025-12-24 08:33:50.450761,0,0.30536571468028517,0
O039271,C07529,P00660,2025-12-24 08:46:56.710417,1,0.3085090357418931,0
O039272,C02225,P01952,2025-12-24 09:00:02.970074,0,0.16944753633083112,0
O039273,C01128,P01405,2025-12-24 09:13:09.229730,0,0.10809930402694053,0
O039274,C05925,P00131,2025-12-24 09:26:15.489387,0,0.37709123850061804,0
O039275,C02693,P01415,2025-12-24 09:39:21.749043,1,0.12491056516312792,0
O039276,C04862,P01248,2025-12-24 09:52:28.008700,1,0.06568576370457847,0
O039277,C03512,P00681,2025-12-24 10:05:34.268356,0,0.12358625191777729,0
O039278,C03900,P01511,2025-12-24 10:18:40.528013,0,0.2975663402643336,0
O039279,C06235,P02364,2025-12-24 10:31:46.787669,0,0.06380689143905832,0
O039280,C01612,P00047,2025-12-24 10:44:53.047326,0,0.0959690938140981,0
O039281,C06231,P02026,2025-12-24 10:57:59.306982,1,0.11540158778368838,0
O039282,C02636,P00346,2025-12-24 11:11:05.566639,1,0.46031103383059785,0
O039283,C04114,P01654,2025-12-24 11:24:11.826295,0,0.17619591666968007,0
O039284,C00391,P00624,2025-12-24 11:37:18.085952,1,0.2890836291109487,0
O039285,C02335,P02075,2025-12-24 11:50:24.345608,1,0.2665823420645329,0
O039286,C04709,P02496,2025-12-24 12:03:30.605265,0,0.16909172006107173,0
O039287,C00618,P02175,2025-12-24 12:16:36.864921,0,0.07711152119662629,0
O039288,C02537,P00389,2025-12-24 12:29:43.124578,1,0.30211412527467113,0
O039289,C03928,P02445,2025-12-24 12:42:49.384234,0,0.17301898942833444,0
O039290,C01432,P02239,2025-12-24 12:55:55.643891,0,0.07044912989108432,0
O039291,C00692,P01020,2025-12-24 13:09:01.903547,0,0.19158327863560623,0
O039292,C01073,P02254,2025-12-24 13:22:08.163204,0,0.23489895982923165,0
O039293,C04715,P01466,2025-12-24 13:35:14.422860,0,0.14343039104856342,0
O039294,C06689,P02234,2025-12-24 13:48:20.682517,0,0.3437630384189768,0
O039295,C01116,P02404,2025-12-24 14:01:26.942173,0,0.25482382410020515,0
O039296,C07401,P01067,2025-12-24 14:14:33.201830,0,0.3604980482026474,0
O039297,C05697,P02011,2025-12-24 14:27:39.461486,1,0.3642630295323524,0
O039298,C04480,P00740,2025-12-24 14:40:45.721143,1,0.21346325809422975,0
O039299,C03326,P02247,2025-12-24 14:53:51.980799,0,0.13498289177312392,0
O039300,C03602,P01472,2025-12-24 15:06:58.240456,0,0.1207821883535386,0
O039301,C07237,P00261,2025-12-24 15:20:04.500112,1,0.27693909086340307,0
O039302,C07848,P02116,2025-12-24 15:33:10.759768,0,0.10140502147785674,0
O039303,C01737,P01112,2025-12-24 15:46:17.019425,0,0.145434412438087,0
O039304,C02716,P02259,2025-12-24 15:59:23.279081,0,0.2967097324281227,0
O039305,C02508,P00292,2025-12-24 16:12:29.538738,0,0.09573346049723377,0
O039306,C07725,P01323,2025-12-24 16:25:35.798394,0,0.09144722475065672,0
O039307,C02828,P00698,2025-12-24 16:38:42.058051,0,0.10248743800430242,0
O039308,C06408,P01801,2025-12-24 16:51:48.317707,0,0.10088912742202016,0
O039309,C02243,P01445,2025-12-24 17:04:54.577364,1,0.21984406357950811,0
O039310,C01039,P02209,2025-12-24 17:18:00.837020,0,0.1460218610469292,0
O039311,C02759,P00985,2025-12-24 17:31:07.096677,1,0.2617330663485465,0
O039312,C05234,P01601,2025-12-24 17:44:13.356333,0,0.3426020694658132,0
O039313,C03133,P00983,2025-12-24 17:57:19.615990,0,0.4368771151270897,0
O039314,C07604,P01260,2025-12-24 18:10:25.875646,1,0.08342581841480587,0
O039315,C01345,P00827,2025-12-24 18:23:32.135303,1,0.2078476980406979,0
O039316,C02079,P00548,2025-12-24 18:36:38.394959,1,0.1271444734561879,0
O039317,C04279,P02015,2025-12-24 18:49:44.654616,0,0.2537443512537405,0
O039318,C02913,P01978,2025-12-24 19:02:50.914272,1,0.1328213844866909,0
O039319,C01040,P02307,2025-12-24 19:15:57.173929,0,0.4940774819620511,0
O039320,C03087,P02468,2025-12-24 19:29:03.433585,0,0.3609180498362057,0
O039321,C00754,P00449,2025-12-24 19:42:09.693242,0,0.2396302504457026,0
O039322,C01280,P02385,2025-12-24 19:55:15.952898,0,0.08433104918148775,0
O039323,C02599,P02240,2025-12-24 20:08:22.212555,0,0.48380995031100027,0
O039324,C06614,P00502,2025-12-24 20:21:28.472211,1,0.18855660426739715,0
O039325,C02822,P02478,2025-12-24 20:34:34.731868,0,0.3509820968560722,0
O039326,C05790,P01991,2025-12-24 20:47:40.991524,0,0.23734345835809487,0
O039327,C07600,P00698,2025-12-24 21:00:47.251181,0,0.11653722158533271,0
O039328,C02870,P00481,2025-12-24 21:13:53.510837,0,0.13571484245772833,0
O039329,C05348,P01745,2025-12-24 21:26:59.770494,0,0.10762634345705753,0
O039330,C04669,P02180,2025-12-24 21:40:06.030150,0,0.1431355817467696,0
O039331,C05137,P00183,2025-12-24 21:53:12.289807,1,0.49352513614241955,0
O039332,C06217,P01962,2025-12-24 22:06:18.549463,0,0.23331521624071017,0
O039333,C04664,P00325,2025-12-24 22:19:24.809120,0,0.18860870508683195,0
O039334,C02115,P02231,2025-12-24 22:32:31.068776,0,0.30253865003316965,0
O039335,C07159,P02242,2025-12-24 22:45:37.328433,0,0.10493233807641895,0
O039336,C04844,P00002,2025-12-24 22:58:43.588089,0,0.113497974781997,0
O039337,C04900,P00898,2025-12-24 23:11:49.847746,0,0.0998678868478561,0
O039338,C06346,P00752,2025-12-24 23:24:56.107402,0,0.15876453112404737,0
O039339,C02017,P01017,2025-12-24 23:38:02.367059,0,0.23469451259502924,0
O039340,C07944,P02239,2025-12-24 23:51:08.626715,0,0.14013593034332913,0
O039341,C03649,P01967,2025-12-25 00:04:14.886372,0,0.19682559112544806,0
O039342,C07218,P00655,2025-12-25 00:17:21.146028,1,0.4169892435065471,0
O039343,C07368,P01663,2025-12-25 00:30:27.405685,1,0.39788429703926215,0
O039344,C04388,P00758,2025-12-25 00:43:33.665341,1,0.32856016218691947,0
O039345,C01469,P01769,2025-12-25 00:56:39.924998,0,0.08596690814495697,0
O039346,C00363,P00597,2025-12-25 01:09:46.184654,0,0.20447009239682545,0
O039347,C00086,P00607,2025-12-25 01:22:52.444311,0,0.24600594667011408,0
O039348,C06679,P00832,2025-12-25 01:35:58.703967,1,0.3693962824519993,0
O039349,C03458,P00342,2025-12-25 01:49:04.963624,0,0.5126462833167931,1
O039350,C07716,P01729,2025-12-25 02:02:11.223280,0,0.23756718515019165,0
O039351,C03162,P02012,2025-12-25 02:15:17.482937,0,0.28292540687816414,0
O039352,C00148,P02015,2025-12-25 02:28:23.742593,1,0.09374020970641436,0
O039353,C06935,P00354,2025-12-25 02:41:30.002250,1,0.26295395045769243,0
O039354,C03424,P01667,2025-12-25 02:54:36.261906,1,0.24687101639549242,0
O039355,C06232,P00274,2025-12-25 03:07:42.521563,1,0.2114112686567021,0
O039356,C01444,P01947,2025-12-25 03:20:48.781219,0,0.3542754286869633,0
O039357,C03182,P00276,2025-12-25 03:33:55.040876,0,0.08620395116997145,0
O039358,C06278,P00437,2025-12-25 03:47:01.300532,0,0.08642150186461102,0
O039359,C06350,P02459,2025-12-25 04:00:07.560189,0,0.07621637634070849,0
O039360,C01739,P01703,2025-12-25 04:13:13.819845,0,0.17606796437169936,0
O039361,C02277,P01977,2025-12-25 04:26:20.079501,0,0.2740887171641108,0
O039362,C03735,P01002,2025-12-25 04:39:26.339158,1,0.19815299234363015,0
O039363,C07074,P01531,2025-12-25 04:52:32.598814,0,0.08066865379512425,0
O039364,C04824,P00631,2025-12-25 05:05:38.858471,1,0.23878600957706886,0
O039365,C01107,P01966,2025-12-25 05:18:45.118127,0,0.1581166300724102,0
O039366,C07855,P01905,2025-12-25 05:31:51.377784,0,0.24376136367925533,0
O039367,C05789,P02123,2025-12-25 05:44:57.637440,0,0.08658288647802942,0
O039368,C07157,P01038,2025-12-25 05:58:03.897097,1,0.35562996863722324,0
O039369,C04498,P01939,2025-12-25 06:11:10.156753,1,0.3080577741296703,0
O039370,C03626,P01660,2025-12-25 06:24:16.416410,0,0.5338080360727234,1
O039371,C05395,P00154,2025-12-25 06:37:22.676066,0,0.086121419270856,0
O039372,C04666,P00869,2025-12-25 06:50:28.935723,0,0.29947893140192816,0
O039373,C01821,P01899,2025-12-25 07:03:35.195379,0,0.07648622325654587,0
O039374,C00655,P01821,2025-12-25 07:16:41.455036,1,0.10559720718596959,0
O039375,C06169,P02179,2025-12-25 07:29:47.714692,0,0.22314332264746406,0
O039376,C00320,P01398,2025-12-25 07:42:53.974349,0,0.08971854922251835,0
O039377,C06255,P00997,2025-12-25 07:56:00.234005,0,0.0950603631287015,0
O039378,C00878,P00979,2025-12-25 08:09:06.493662,1,0.18626842244860317,0
O039379,C01039,P02014,2025-12-25 08:22:12.753318,0,0.13295759424238532,0
O039380,C05993,P00207,2025-12-25 08:35:19.012975,1,0.3394912344334572,0
O039381,C06349,P02120,2025-12-25 08:48:25.272631,0,0.10228050879031512,0
O039382,C07076,P01715,2025-12-25 09:01:31.532288,0,0.09991894644534927,0
O039383,C02712,P01283,2025-12-25 09:14:37.791944,0,0.09081972261030048,0
O039384,C04956,P01338,2025-12-25 09:27:44.051601,0,0.0903902787008745,0
O039385,C04411,P01142,2025-12-25 09:40:50.311257,0,0.15974326824531543,0
O039386,C03157,P01653,2025-12-25 09:53:56.570914,1,0.47537796012741823,0
O039387,C01796,P00365,2025-12-25 10:07:02.830570,1,0.2660758059046664,0
O039388,C03572,P02305,2025-12-25 10:20:09.090227,0,0.07512806559292563,0
O039389,C00761,P01897,2025-12-25 10:33:15.349883,0,0.3471717880178154,0
O039390,C07812,P00610,2025-12-25 10:46:21.609540,0,0.3273886383503407,0
O039391,C03993,P01413,2025-12-25 10:59:27.869196,0,0.09839647027685329,0
O039392,C04521,P01964,2025-12-25 11:12:34.128853,0,0.3039647251153517,0
O039393,C07217,P01194,2025-12-25 11:25:40.388509,0,0.1535652373501846,0
O039394,C05402,P01469,2025-12-25 11:38:46.648166,1,0.39085239444991055,0
O039395,C05176,P00816,2025-12-25 11:51:52.907822,0,0.08521353468311006,0
O039396,C02595,P01555,2025-12-25 12:04:59.167479,0,0.5739983753612978,1
O039397,C01255,P02113,2025-12-25 12:18:05.427135,1,0.33820257342812876,0
O039398,C00715,P01107,2025-12-25 12:31:11.686792,0,0.0999399391834297,0
O039399,C03090,P01754,2025-12-25 12:44:17.946448,0,0.13297136382144475,0
O039400,C07123,P01662,2025-12-25 12:57:24.206105,0,0.29269838196115533,0
O039401,C05655,P00297,2025-12-25 13:10:30.465761,0,0.11132350995745753,0
O039402,C03509,P00987,2025-12-25 13:23:36.725418,0,0.21273981065659955,0
O039403,C05975,P00906,2025-12-25 13:36:42.985074,1,0.3114513328523145,0
O039404,C00838,P01376,2025-12-25 13:49:49.244731,1,0.12357765100824088,0
O039405,C03893,P02104,2025-12-25 14:02:55.504387,1,0.2065574874163014,0
O039406,C01757,P00574,2025-12-25 14:16:01.764044,0,0.1567094076681107,0
O039407,C02834,P00027,2025-12-25 14:29:08.023700,0,0.09447636488718235,0
O039408,C00181,P00849,2025-12-25 14:42:14.283357,0,0.07496026887825395,0
O039409,C05557,P01224,2025-12-25 14:55:20.543013,0,0.1556725781257194,0
O039410,C00321,P01368,2025-12-25 15:08:26.802670,0,0.3702939791738539,0
O039411,C02077,P00761,2025-12-25 15:21:33.062326,0,0.2950763110236167,0
O039412,C02561,P00970,2025-12-25 15:34:39.321983,1,0.2669600935280088,0
O039413,C03207,P00870,2025-12-25 15:47:45.581639,0,0.21616339587953326,0
O039414,C05112,P01384,2025-12-25 16:00:51.841296,0,0.1433392211879282,0
O039415,C01936,P00730,2025-12-25 16:13:58.100952,1,0.22514799829756568,0
O039416,C00001,P00235,2025-12-25 16:27:04.360609,0,0.1468053087573824,0
O039417,C00778,P01821,2025-12-25 16:40:10.620265,0,0.07744451266157686,0
O039418,C03380,P01260,2025-12-25 16:53:16.879921,0,0.1061530639764229,0
O039419,C01359,P00474,2025-12-25 17:06:23.139578,1,0.16900863623726853,0
O039420,C03970,P01206,2025-12-25 17:19:29.399234,1,0.1273765209766369,0
O039421,C06615,P02345,2025-12-25 17:32:35.658891,0,0.15428550016695358,0
O039422,C07252,P01116,2025-12-25 17:45:41.918547,0,0.0821693509266264,0
O039423,C02636,P02175,2025-12-25 17:58:48.178204,0,0.1157677471936075,0
O039424,C01774,P01441,2025-12-25 18:11:54.437860,0,0.29417351744130615,0
O039425,C07743,P00330,2025-12-25 18:25:00.697517,0,0.09953124619822834,0
O039426,C02302,P01880,2025-12-25 18:38:06.957173,0,0.09596783240072004,0
O039427,C07642,P00143,2025-12-25 18:51:13.216830,0,0.2970066683269304,0
O039428,C05617,P02484,2025-12-25 19:04:19.476486,0,0.2813278654109269,0
O039429,C04344,P02192,2025-12-25 19:17:25.736143,0,0.09125407450680366,0
O039430,C05690,P00928,2025-12-25 19:30:31.995799,0,0.07751436985715365,0
O039431,C07415,P01301,2025-12-25 19:43:38.255456,0,0.11778670827817972,0
O039432,C03884,P02378,2025-12-25 19:56:44.515112,0,0.21700418486580558,0
O039433,C07609,P00900,2025-12-25 20:09:50.774769,0,0.07662460245331142,0
O039434,C00542,P02412,2025-12-25 20:22:57.034425,1,0.22113259905881652,0
O039435,C02140,P02060,2025-12-25 20:36:03.294082,0,0.1876762005871517,0
O039436,C04872,P00066,2025-12-25 20:49:09.553738,0,0.3698501519354764,0
O039437,C06815,P01964,2025-12-25 21:02:15.813395,0,0.18863622774522304,0
O039438,C06980,P02079,2025-12-25 21:15:22.073051,1,0.3434565570530126,0
O039439,C01926,P01630,2025-12-25 21:28:28.332708,0,0.06639593118689924,0
O039440,C00041,P00869,2025-12-25 21:41:34.592364,0,0.22439164253203941,0
O039441,C01650,P01858,2025-12-25 21:54:40.852021,0,0.37324698209484286,0
O039442,C07624,P01087,2025-12-25 22:07:47.111677,0,0.133106719489753,0
O039443,C05080,P01558,2025-12-25 22:20:53.371334,0,0.19994556048421516,0
O039444,C02979,P00615,2025-12-25 22:33:59.630990,1,0.16681751278236867,0
O039445,C01731,P00126,2025-12-25 22:47:05.890647,0,0.2631746452640599,0
O039446,C04206,P02422,2025-12-25 23:00:12.150303,1,0.20964358459450935,0
O039447,C02235,P01466,2025-12-25 23:13:18.409960,0,0.19687355820249922,0
O039448,C00027,P01136,2025-12-25 23:26:24.669616,0,0.18866452655271013,0
O039449,C00328,P01391,2025-12-25 23:39:30.929273,0,0.09332529531217748,0
O039450,C05339,P02120,2025-12-25 23:52:37.188929,0,0.3349856067170779,0
O039451,C07675,P01878,2025-12-26 00:05:43.448586,1,0.5042727670233601,1
O039452,C07261,P00596,2025-12-26 00:18:49.708242,1,0.5613154482824392,1
O039453,C05515,P02239,2025-12-26 00:31:55.967899,1,0.15144416017619391,0
O039454,C01387,P00891,2025-12-26 00:45:02.227555,0,0.10039935327982863,0
O039455,C03612,P00436,2025-12-26 00:58:08.487212,0,0.40429055966778504,0
O039456,C01116,P01317,2025-12-26 01:11:14.746868,0,0.21240342347512883,0
O039457,C06144,P02390,2025-12-26 01:24:21.006525,0,0.324676157429733,0
O039458,C02882,P02092,2025-12-26 01:37:27.266181,0,0.25874456863584233,0
O039459,C00870,P00536,2025-12-26 01:50:33.525838,0,0.09615546602140815,0
O039460,C07740,P01734,2025-12-26 02:03:39.785494,1,0.3981583898305687,0
O039461,C07222,P02092,2025-12-26 02:16:46.045151,0,0.4723206090185151,0
O039462,C06961,P01732,2025-12-26 02:29:52.304807,0,0.2358682823026105,0
O039463,C01134,P02201,2025-12-26 02:42:58.564464,0,0.13980869882830868,0
O039464,C01758,P00450,2025-12-26 02:56:04.824120,0,0.1659334981370458,0
O039465,C04989,P00657,2025-12-26 03:09:11.083777,0,0.3152372831530906,0
O039466,C05736,P00787,2025-12-26 03:22:17.343433,1,0.24914330951098207,0
O039467,C06092,P00361,2025-12-26 03:35:23.603090,0,0.34439968197943255,0
O039468,C00692,P01004,2025-12-26 03:48:29.862746,0,0.26230727998563075,0
O039469,C06598,P00467,2025-12-26 04:01:36.122403,0,0.317885481527297,0
O039470,C00880,P01748,2025-12-26 04:14:42.382059,0,0.096061824691621,0
O039471,C04055,P01511,2025-12-26 04:27:48.641716,0,0.26969989328026134,0
O039472,C02998,P01948,2025-12-26 04:40:54.901372,0,0.07816474327873518,0
O039473,C04321,P01078,2025-12-26 04:54:01.161029,0,0.20635693762196353,0
O039474,C06843,P01268,2025-12-26 05:07:07.420685,0,0.12839432106700974,0
O039475,C00217,P02298,2025-12-26 05:20:13.680342,0,0.3196148379064451,0
O039476,C01053,P01450,2025-12-26 05:33:19.939998,0,0.24475208099864756,0
O039477,C04075,P01458,2025-12-26 05:46:26.199654,1,0.1915417788702952,0
O039478,C01249,P00093,2025-12-26 05:59:32.459311,1,0.20539058867506024,0
O039479,C07034,P00414,2025-12-26 06:12:38.718967,1,0.38654028528218926,0
O039480,C06498,P02060,2025-12-26 06:25:44.978624,0,0.12986871868633904,0
O039481,C04865,P01636,2025-12-26 06:38:51.238280,0,0.20344248656839076,0
O039482,C00160,P02384,2025-12-26 06:51:57.497937,0,0.26958771642255513,0
O039483,C04272,P02086,2025-12-26 07:05:03.757593,0,0.3220228398532328,0
O039484,C06319,P01717,2025-12-26 07:18:10.017250,0,0.3201632166050882,0
O039485,C05398,P00264,2025-12-26 07:31:16.276906,0,0.16114438758669647,0
O039486,C05482,P00789,2025-12-26 07:44:22.536563,0,0.39133188661224766,0
O039487,C01375,P00495,2025-12-26 07:57:28.796219,0,0.05801706406010613,0
O039488,C04443,P01128,2025-12-26 08:10:35.055876,0,0.10051829530436927,0
O039489,C02999,P01353,2025-12-26 08:23:41.315532,1,0.3192740734428313,0
O039490,C03906,P02139,2025-12-26 08:36:47.575189,0,0.27982208750238924,0
O039491,C03939,P02067,2025-12-26 08:49:53.834845,0,0.1520129577753499,0
O039492,C03316,P00742,2025-12-26 09:03:00.094502,0,0.13008620613501806,0
O039493,C05032,P00546,2025-12-26 09:16:06.354158,0,0.11474043630117316,0
O039494,C05309,P01221,2025-12-26 09:29:12.613815,0,0.0823033199257836,0
O039495,C01446,P02466,2025-12-26 09:42:18.873471,0,0.101719164900731,0
O039496,C00847,P00497,2025-12-26 09:55:25.133128,0,0.09401457257757422,0
O039497,C01451,P00612,2025-12-26 10:08:31.392784,0,0.43323590282387947,0
O039498,C02350,P00525,2025-12-26 10:21:37.652441,0,0.2596010053329889,0
O039499,C04666,P00060,2025-12-26 10:34:43.912097,0,0.42164034094321784,0
O039500,C03385,P00015,2025-12-26 10:47:50.171754,1,0.2301348856418723,0
O039501,C07053,P00616,2025-12-26 11:00:56.431410,0,0.22653935236753636,0
O039502,C05932,P00851,2025-12-26 11:14:02.691067,0,0.2201641679383635,0
O039503,C06926,P02403,2025-12-26 11:27:08.950723,0,0.06946368268924803,0
O039504,C00795,P01959,2025-12-26 11:40:15.210380,0,0.548029441158449,1
O039505,C04633,P00318,2025-12-26 11:53:21.470036,0,0.2103838804900215,0
O039506,C07656,P01719,2025-12-26 12:06:27.729693,0,0.15181803529785087,0
O039507,C05962,P02129,2025-12-26 12:19:33.989349,0,0.41924327358245184,0
O039508,C07873,P01752,2025-12-26 12:32:40.249006,1,0.29832515166885787,0
O039509,C03953,P01843,2025-12-26 12:45:46.508662,0,0.1076912140629679,0
O039510,C03363,P00111,2025-12-26 12:58:52.768319,0,0.1580080590291364,0
O039511,C03603,P02240,2025-12-26 13:11:59.027975,0,0.3620769741274417,0
O039512,C04878,P01039,2025-12-26 13:25:05.287632,0,0.2500674682273022,0
O039513,C07526,P01990,2025-12-26 13:38:11.547288,1,0.13691550515827347,0
O039514,C04161,P01248,2025-12-26 13:51:17.806945,0,0.09778692531718032,0
O039515,C01009,P00727,2025-12-26 14:04:24.066601,0,0.1417938954028074,0
O039516,C03860,P00102,2025-12-26 14:17:30.326258,0,0.11174325360300208,0
O039517,C01838,P00610,2025-12-26 14:30:36.585914,0,0.33425639836072396,0
O039518,C01466,P01644,2025-12-26 14:43:42.845571,0,0.1507465520519912,0
O039519,C06096,P00414,2025-12-26 14:56:49.105227,0,0.20856478042012958,0
O039520,C01802,P00821,2025-12-26 15:09:55.364884,0,0.34567578125723425,0
O039521,C02451,P01145,2025-12-26 15:23:01.624540,0,0.273516131621947,0
O039522,C03545,P01295,2025-12-26 15:36:07.884197,0,0.13376230704640785,0
O039523,C00775,P01178,2025-12-26 15:49:14.143853,0,0.20681149417564712,0
O039524,C04047,P00164,2025-12-26 16:02:20.403510,1,0.22116241297278044,0
O039525,C01398,P00025,2025-12-26 16:15:26.663166,0,0.48927080877657364,0
O039526,C05968,P01622,2025-12-26 16:28:32.922823,0,0.08163495509659993,0
O039527,C05553,P01653,2025-12-26 16:41:39.182479,0,0.2914850086167897,0
O039528,C01583,P01377,2025-12-26 16:54:45.442136,0,0.3376523421391153,0
O039529,C05528,P01374,2025-12-26 17:07:51.701792,0,0.0636903068798232,0
O039530,C07074,P02090,2025-12-26 17:20:57.961449,0,0.25724630183506625,0
O039531,C00915,P00097,2025-12-26 17:34:04.221105,0,0.1310385626918728,0
O039532,C01863,P00652,2025-12-26 17:47:10.480762,1,0.23697188370704297,0
O039533,C01952,P02113,2025-12-26 18:00:16.740418,0,0.49900650371285,0
O039534,C00537,P00713,2025-12-26 18:13:23.000075,0,0.14522538268693921,0
O039535,C07525,P02382,2025-12-26 18:26:29.259731,0,0.1273706146150051,0
O039536,C02189,P02239,2025-12-26 18:39:35.519387,0,0.19329710678117257,0
O039537,C07268,P02306,2025-12-26 18:52:41.779044,0,0.11221391281082403,0
O039538,C07384,P00338,2025-12-26 19:05:48.038700,1,0.37706319096948604,0
O039539,C07605,P02384,2025-12-26 19:18:54.298357,1,0.20016145535416321,0
O039540,C03468,P00429,2025-12-26 19:32:00.558013,0,0.2986911243637823,0
O039541,C03845,P02455,2025-12-26 19:45:06.817670,0,0.09235284749644904,0
O039542,C03153,P00143,2025-12-26 19:58:13.077326,0,0.12836116299643033,0
O039543,C07504,P00649,2025-12-26 20:11:19.336983,1,0.18596872729340452,0
O039544,C00541,P00318,2025-12-26 20:24:25.596639,0,0.25775438448083415,0
O039545,C06726,P00210,2025-12-26 20:37:31.856296,0,0.08523180953864261,0
O039546,C00231,P01424,2025-12-26 20:50:38.115952,0,0.19328103687324663,0
O039547,C04810,P02086,2025-12-26 21:03:44.375609,0,0.29270260887451716,0
O039548,C01587,P01035,2025-12-26 21:16:50.635265,0,0.18271755477971313,0
O039549,C06518,P02012,2025-12-26 21:29:56.894922,0,0.24795629403041125,0
O039550,C03130,P01238,2025-12-26 21:43:03.154578,0,0.25782484138223893,0
O039551,C06167,P02344,2025-12-26 21:56:09.414235,1,0.25636181520265794,0
O039552,C07269,P00571,2025-12-26 22:09:15.673891,0,0.08327793006611067,0
O039553,C02513,P01979,2025-12-26 22:22:21.933548,0,0.1098778166835471,0
O039554,C03366,P00108,2025-12-26 22:35:28.193204,0,0.26363053280960697,0
O039555,C00655,P01128,2025-12-26 22:48:34.452861,0,0.10931457214242812,0
O039556,C00646,P00540,2025-12-26 23:01:40.712517,1,0.19779623678200078,0
O039557,C04563,P01909,2025-12-26 23:14:46.972174,0,0.10699051195250506,0
O039558,C07662,P00913,2025-12-26 23:27:53.231830,0,0.17212162347519033,0
O039559,C00787,P01126,2025-12-26 23:40:59.491487,0,0.1571682630197585,0
O039560,C04599,P01896,2025-12-26 23:54:05.751143,0,0.20523129845763027,0
O039561,C05327,P00634,2025-12-27 00:07:12.010800,1,0.2846380204341516,0
O039562,C06010,P00295,2025-12-27 00:20:18.270456,0,0.1722603893059169,0
O039563,C00657,P01721,2025-12-27 00:33:24.530113,1,0.16159365261590133,0
O039564,C02668,P00086,2025-12-27 00:46:30.789769,0,0.37412170522085014,0
O039565,C00375,P01759,2025-12-27 00:59:37.049426,0,0.08226165599626291,0
O039566,C01557,P02323,2025-12-27 01:12:43.309082,1,0.15536419315933672,0
O039567,C05570,P01756,2025-12-27 01:25:49.568739,1,0.09573609509101602,0
O039568,C01528,P00632,2025-12-27 01:38:55.828395,0,0.13174496565588922,0
O039569,C00741,P01830,2025-12-27 01:52:02.088052,0,0.18747734782527,0
O039570,C00734,P01750,2025-12-27 02:05:08.347708,0,0.461439522800126,0
O039571,C07328,P00412,2025-12-27 02:18:14.607365,0,0.09660383600034195,0
O039572,C06959,P01126,2025-12-27 02:31:20.867021,1,0.3699816728954341,0
O039573,C06704,P02154,2025-12-27 02:44:27.126678,0,0.335113613890025,0
O039574,C02337,P00981,2025-12-27 02:57:33.386334,0,0.26970630032459625,0
O039575,C06491,P00340,2025-12-27 03:10:39.645991,0,0.10050107405976538,0
O039576,C01641,P01227,2025-12-27 03:23:45.905647,0,0.14436709919152385,0
O039577,C04938,P01879,2025-12-27 03:36:52.165304,0,0.2821665448176493,0
O039578,C06876,P00210,2025-12-27 03:49:58.424960,1,0.14269882905358106,0
O039579,C07516,P01115,2025-12-27 04:03:04.684617,1,0.2587274177942415,0
O039580,C02890,P02395,2025-12-27 04:16:10.944273,0,0.16719747575397162,0
O039581,C04445,P01320,2025-12-27 04:29:17.203930,0,0.18256127616930956,0
O039582,C02309,P01053,2025-12-27 04:42:23.463586,1,0.22057256779236964,0
O039583,C03908,P01943,2025-12-27 04:55:29.723243,1,0.1963209898642417,0
O039584,C04896,P01092,2025-12-27 05:08:35.982899,1,0.17948017068943833,0
O039585,C00631,P00088,2025-12-27 05:21:42.242556,0,0.09374170203533966,0
O039586,C02469,P00077,2025-12-27 05:34:48.502212,0,0.10496459635777448,0
O039587,C01872,P01246,2025-12-27 05:47:54.761869,0,0.32972319271762596,0
O039588,C05015,P02312,2025-12-27 06:01:01.021525,0,0.1420139391765438,0
O039589,C03874,P02354,2025-12-27 06:14:07.281182,0,0.27929301138613016,0
O039590,C05897,P01764,2025-12-27 06:27:13.540838,1,0.20836014508481634,0
O039591,C03783,P01947,2025-12-27 06:40:19.800495,0,0.46011614047739,0
O039592,C06102,P00058,2025-12-27 06:53:26.060151,1,0.5098105617417131,1
O039593,C06395,P01962,2025-12-27 07:06:32.319807,0,0.3328801786185734,0
O039594,C00140,P01501,2025-12-27 07:19:38.579464,0,0.09223342378198367,0
O039595,C07762,P00626,2025-12-27 07:32:44.839120,0,0.41661803228516453,0
O039596,C02078,P01510,2025-12-27 07:45:51.098777,0,0.15610951066819723,0
O039597,C02019,P00775,2025-12-27 07:58:57.358433,0,0.37429898597403244,0
O039598,C06452,P01256,2025-12-27 08:12:03.618090,0,0.5222254341956171,1
O039599,C03043,P01018,2025-12-27 08:25:09.877746,0,0.12067753692582962,0
O039600,C06418,P00987,2025-12-27 08:38:16.137403,0,0.12209486511271372,0
O039601,C02678,P01720,2025-12-27 08:51:22.397059,0,0.052403231543054825,0
O039602,C07840,P00744,2025-12-27 09:04:28.656716,0,0.0993270708604665,0
O039603,C07712,P01075,2025-12-27 09:17:34.916372,0,0.1802005940188447,0
O039604,C02696,P01699,2025-12-27 09:30:41.176029,0,0.308333545930926,0
O039605,C03213,P01831,2025-12-27 09:43:47.435685,0,0.1356931270971625,0
O039606,C06857,P01778,2025-12-27 09:56:53.695342,0,0.04758164347237073,0
O039607,C00402,P01990,2025-12-27 10:09:59.954998,0,0.2532104113430996,0
O039608,C00292,P00050,2025-12-27 10:23:06.214655,1,0.11355810811720343,0
O039609,C05083,P01230,2025-12-27 10:36:12.474311,1,0.29397072781051414,0
O039610,C05834,P01998,2025-12-27 10:49:18.733968,1,0.24214750102861277,0
O039611,C01196,P01491,2025-12-27 11:02:24.993624,0,0.14072082763275073,0
O039612,C03813,P01480,2025-12-27 11:15:31.253281,0,0.2673564462124646,0
O039613,C05066,P01019,2025-12-27 11:28:37.512937,0,0.2838180940704223,0
O039614,C07438,P01872,2025-12-27 11:41:43.772594,1,0.30318249573477174,0
O039615,C03045,P00409,2025-12-27 11:54:50.032250,0,0.1034584425077508,0
O039616,C04950,P00954,2025-12-27 12:07:56.291907,0,0.2558713210789871,0
O039617,C00376,P00407,2025-12-27 12:21:02.551563,0,0.08190877145873586,0
O039618,C06854,P01253,2025-12-27 12:34:08.811220,0,0.08431007662041652,0
O039619,C05030,P00169,2025-12-27 12:47:15.070876,0,0.1169998681140651,0
O039620,C07834,P00610,2025-12-27 13:00:21.330533,1,0.6246312443441304,1
O039621,C01439,P01964,2025-12-27 13:13:27.590189,0,0.20468009699619216,0
O039622,C07150,P01895,2025-12-27 13:26:33.849846,0,0.09336658189737658,0
O039623,C03694,P01189,2025-12-27 13:39:40.109502,1,0.09169522568077626,0
O039624,C03226,P00818,2025-12-27 13:52:46.369159,0,0.2731935219038991,0
O039625,C02395,P00415,2025-12-27 14:05:52.628815,0,0.08152100557927422,0
O039626,C01188,P00841,2025-12-27 14:18:58.888472,0,0.07959287994412473,0
O039627,C04512,P02454,2025-12-27 14:32:05.148128,0,0.07787672993434931,0
O039628,C00886,P01640,2025-12-27 14:45:11.407785,0,0.24021358938132337,0
O039629,C07761,P02358,2025-12-27 14:58:17.667441,0,0.18953244504662226,0
O039630,C05735,P01523,2025-12-27 15:11:23.927098,0,0.06658363837586781,0
O039631,C01119,P00080,2025-12-27 15:24:30.186754,0,0.22508599919468922,0
O039632,C02588,P01083,2025-12-27 15:37:36.446411,0,0.07536646603888632,0
O039633,C04363,P00302,2025-12-27 15:50:42.706067,1,0.38819396656492605,0
O039634,C02558,P01840,2025-12-27 16:03:48.965724,0,0.12367207456091606,0
O039635,C01728,P00622,2025-12-27 16:16:55.225380,0,0.2921700295309262,0
O039636,C03043,P02142,2025-12-27 16:30:01.485037,0,0.20426164920595888,0
O039637,C05476,P01470,2025-12-27 16:43:07.744693,0,0.19340900800912786,0
O039638,C05308,P00862,2025-12-27 16:56:14.004350,0,0.08932321320457351,0
O039639,C05989,P01942,2025-12-27 17:09:20.264006,0,0.23631167201131814,0
O039640,C06036,P00684,2025-12-27 17:22:26.523663,0,0.38185167002120723,0
O039641,C06358,P01850,2025-12-27 17:35:32.783319,0,0.15176919779602557,0
O039642,C03319,P00949,2025-12-27 17:48:39.042976,0,0.3681806538795802,0
O039643,C00076,P01004,2025-12-27 18:01:45.302632,0,0.3055111479993809,0
O039644,C01644,P00874,2025-12-27 18:14:51.562289,0,0.11512674379196479,0
O039645,C04476,P01897,2025-12-27 18:27:57.821945,0,0.32664324152832885,0
O039646,C00943,P01900,2025-12-27 18:41:04.081602,1,0.3022006370483192,0
O039647,C05885,P01085,2025-12-27 18:54:10.341258,0,0.27315146241545535,0
O039648,C04294,P01162,2025-12-27 19:07:16.600915,0,0.06175138340246782,0
O039649,C01384,P01988,2025-12-27 19:20:22.860571,0,0.10708993551210876,0
O039650,C06189,P00276,2025-12-27 19:33:29.120228,1,0.10284063565316884,0
O039651,C05023,P02308,2025-12-27 19:46:35.379884,0,0.10260872008449451,0
O039652,C00208,P00306,2025-12-27 19:59:41.639540,0,0.30419787976571516,0
O039653,C03140,P02208,2025-12-27 20:12:47.899197,0,0.09878103611741298,0
O039654,C04588,P00371,2025-12-27 20:25:54.158853,0,0.09125041022090408,0
O039655,C01058,P00734,2025-12-27 20:39:00.418510,0,0.33267997664822185,0
O039656,C05062,P00743,2025-12-27 20:52:06.678166,0,0.5318701806553194,1
O039657,C02213,P02500,2025-12-27 21:05:12.937823,0,0.33837263931810174,0
O039658,C06853,P01539,2025-12-27 21:18:19.197479,0,0.1170700743782584,0
O039659,C04644,P00159,2025-12-27 21:31:25.457136,0,0.0918338335100645,0
O039660,C01878,P00915,2025-12-27 21:44:31.716792,0,0.1936560105384895,0
O039661,C00289,P02209,2025-12-27 21:57:37.976449,0,0.1942042942192155,0
O039662,C01424,P01030,2025-12-27 22:10:44.236105,0,0.20876114737017865,0
O039663,C06142,P00950,2025-12-27 22:23:50.495762,1,0.44171327657035875,0
O039664,C00276,P01509,2025-12-27 22:36:56.755418,0,0.19422363774980805,0
O039665,C03590,P02166,2025-12-27 22:50:03.015075,0,0.2491840538034585,0
O039666,C06611,P01703,2025-12-27 23:03:09.274731,0,0.09080630958163938,0
O039667,C04438,P02292,2025-12-27 23:16:15.534388,1,0.1820878938661163,0
O039668,C02556,P01328,2025-12-27 23:29:21.794044,0,0.15725263781173646,0
O039669,C01753,P00858,2025-12-27 23:42:28.053701,0,0.17449805801903573,0
O039670,C02602,P02219,2025-12-27 23:55:34.313357,0,0.20140907583322007,0
O039671,C04763,P02403,2025-12-28 00:08:40.573014,0,0.10790122414732219,0
O039672,C07730,P00789,2025-12-28 00:21:46.832670,0,0.5409575839926946,1
O039673,C01051,P01423,2025-12-28 00:34:53.092327,0,0.10590049986625562,0
O039674,C07930,P00939,2025-12-28 00:47:59.351983,0,0.22006480566005437,0
O039675,C02533,P01922,2025-12-28 01:01:05.611640,1,0.22011641028366755,0
O039676,C03315,P01354,2025-12-28 01:14:11.871296,0,0.1368018252854457,0
O039677,C05557,P00307,2025-12-28 01:27:18.130953,0,0.08088617882191644,0
O039678,C02901,P00541,2025-12-28 01:40:24.390609,0,0.250321888480455,0
O039679,C06523,P00356,2025-12-28 01:53:30.650266,0,0.24229149769547131,0
O039680,C01123,P01449,2025-12-28 02:06:36.909922,1,0.1924631073404383,0
O039681,C05994,P02368,2025-12-28 02:19:43.169579,1,0.3023833419566775,0
O039682,C04400,P00535,2025-12-28 02:32:49.429235,0,0.34917471575203846,0
O039683,C07273,P00765,2025-12-28 02:45:55.688892,0,0.1785629086572859,0
O039684,C02934,P00463,2025-12-28 02:59:01.948548,1,0.18834843744159777,0
O039685,C04633,P00430,2025-12-28 03:12:08.208205,0,0.07086226080620392,0
O039686,C00616,P00098,2025-12-28 03:25:14.467861,0,0.06859580192251823,0
O039687,C03364,P01996,2025-12-28 03:38:20.727518,0,0.08864229804147447,0
O039688,C05390,P00661,2025-12-28 03:51:26.987174,0,0.3587166739588939,0
O039689,C04390,P02286,2025-12-28 04:04:33.246831,0,0.11859643725111987,0
O039690,C01331,P02342,2025-12-28 04:17:39.506487,0,0.10122663568767243,0
O039691,C04371,P01150,2025-12-28 04:30:45.766144,0,0.13558760463568054,0
O039692,C04045,P00378,2025-12-28 04:43:52.025800,1,0.23826177945774107,0
O039693,C03538,P00383,2025-12-28 04:56:58.285457,1,0.135227451506064,0
O039694,C03730,P01046,2025-12-28 05:10:04.545113,0,0.32198757386078364,0
O039695,C07992,P00531,2025-12-28 05:23:10.804770,0,0.23113126256879168,0
O039696,C02828,P01110,2025-12-28 05:36:17.064426,0,0.11957987779235778,0
O039697,C04624,P00176,2025-12-28 05:49:23.324083,0,0.08106403732814359,0
O039698,C00562,P00728,2025-12-28 06:02:29.583739,1,0.3169464050550099,0
O039699,C05433,P02177,2025-12-28 06:15:35.843396,0,0.08639002030681237,0
O039700,C07995,P01977,2025-12-28 06:28:42.103052,0,0.43607551331702765,0
O039701,C05491,P00279,2025-12-28 06:41:48.362709,0,0.16477488413974437,0
O039702,C05481,P00944,2025-12-28 06:54:54.622365,0,0.2861253673118585,0
O039703,C05334,P01840,2025-12-28 07:08:00.882022,0,0.08397667891740648,0
O039704,C00584,P01151,2025-12-28 07:21:07.141678,0,0.3269529002567339,0
O039705,C07339,P01457,2025-12-28 07:34:13.401335,0,0.13455280743375042,0
O039706,C06968,P01882,2025-12-28 07:47:19.660991,0,0.10183500083678419,0
O039707,C03279,P01538,2025-12-28 08:00:25.920648,0,0.11768503472315321,0
O039708,C00926,P02353,2025-12-28 08:13:32.180304,1,0.18949976821066244,0
O039709,C02839,P01489,2025-12-28 08:26:38.439961,0,0.2159654858868494,0
O039710,C02429,P01122,2025-12-28 08:39:44.699617,0,0.2637754601127696,0
O039711,C00376,P01771,2025-12-28 08:52:50.959273,0,0.2340401877514041,0
O039712,C07601,P01448,2025-12-28 09:05:57.218930,0,0.4627935973978795,0
O039713,C04598,P01126,2025-12-28 09:19:03.478586,1,0.19996936124892653,0
O039714,C05281,P00878,2025-12-28 09:32:09.738243,0,0.09722147250397982,0
O039715,C04872,P02482,2025-12-28 09:45:15.997899,0,0.1607722200711195,0
O039716,C00845,P00452,2025-12-28 09:58:22.257556,0,0.11694064370911893,0
O039717,C07564,P01870,2025-12-28 10:11:28.517212,0,0.31699825651779534,0
O039718,C03859,P00245,2025-12-28 10:24:34.776869,0,0.2442378568266313,0
O039719,C04194,P00248,2025-12-28 10:37:41.036525,0,0.3258423067410219,0
O039720,C05471,P01911,2025-12-28 10:50:47.296182,0,0.35852582711586234,0
O039721,C05597,P01716,2025-12-28 11:03:53.555838,0,0.22702190493798144,0
O039722,C04916,P02112,2025-12-28 11:16:59.815495,0,0.08743043997488148,0
O039723,C05530,P00967,2025-12-28 11:30:06.075151,0,0.5755936629268406,1
O039724,C03381,P02083,2025-12-28 11:43:12.334808,0,0.1667930684661447,0
O039725,C06978,P00180,2025-12-28 11:56:18.594464,0,0.15556709323941445,0
O039726,C04289,P02035,2025-12-28 12:09:24.854121,1,0.20312165769681353,0
O039727,C02646,P02279,2025-12-28 12:22:31.113777,0,0.16173977368255232,0
O039728,C02756,P00726,2025-12-28 12:35:37.373434,0,0.15120471590160195,0
O039729,C04584,P00264,2025-12-28 12:48:43.633090,0,0.12807796840113758,0
O039730,C02472,P02321,2025-12-28 13:01:49.892747,0,0.12224897285453623,0
O039731,C03340,P00323,2025-12-28 13:14:56.152403,1,0.09179162086046708,0
O039732,C01693,P01373,2025-12-28 13:28:02.412060,1,0.16737891773293664,0
O039733,C05988,P02095,2025-12-28 13:41:08.671716,1,0.0968145604027843,0
O039734,C02283,P01598,2025-12-28 13:54:14.931373,0,0.2235080842204048,0
O039735,C03920,P01384,2025-12-28 14:07:21.191029,0,0.09993222381271773,0
O039736,C05562,P01791,2025-12-28 14:20:27.450686,0,0.24334692661125676,0
O039737,C02237,P01191,2025-12-28 14:33:33.710342,1,0.16198771175491458,0
O039738,C07472,P00079,2025-12-28 14:46:39.969999,0,0.12597699061719092,0
O039739,C04537,P00071,2025-12-28 14:59:46.229655,0,0.18011648089267998,0
O039740,C04289,P00664,2025-12-28 15:12:52.489312,0,0.13042853632105603,0
O039741,C06314,P02243,2025-12-28 15:25:58.748968,1,0.2915139848634991,0
O039742,C00560,P00673,2025-12-28 15:39:05.008625,0,0.2112575252623728,0
O039743,C01343,P00645,2025-12-28 15:52:11.268281,0,0.09283114210419795,0
O039744,C04669,P01463,2025-12-28 16:05:17.527938,1,0.3335721013039701,0
O039745,C05024,P01902,2025-12-28 16:18:23.787594,0,0.2959954467014885,0
O039746,C07797,P01439,2025-12-28 16:31:30.047251,0,0.24912934638621545,0
O039747,C05804,P01695,2025-12-28 16:44:36.306907,0,0.2672662950809412,0
O039748,C07117,P01935,2025-12-28 16:57:42.566564,0,0.19971610764024506,0
O039749,C05628,P01791,2025-12-28 17:10:48.826220,1,0.4355481843701386,0
O039750,C06890,P01588,2025-12-28 17:23:55.085877,0,0.0959794895327751,0
O039751,C02161,P01772,2025-12-28 17:37:01.345533,0,0.18506013525538675,0
O039752,C06403,P01701,2025-12-28 17:50:07.605190,0,0.18135575650828586,0
O039753,C01527,P01884,2025-12-28 18:03:13.864846,1,0.2710579631960094,0
O039754,C02142,P00012,2025-12-28 18:16:20.124503,0,0.06482031999602013,0
O039755,C05516,P01998,2025-12-28 18:29:26.384159,0,0.27482590010845903,0
O039756,C07967,P00820,2025-12-28 18:42:32.643816,1,0.5718268582607342,1
O039757,C04505,P01687,2025-12-28 18:55:38.903472,0,0.08447421858639068,0
O039758,C05237,P00234,2025-12-28 19:08:45.163129,0,0.10375806393526862,0
O039759,C03567,P01546,2025-12-28 19:21:51.422785,1,0.2716577529987829,0
O039760,C04955,P02396,2025-12-28 19:34:57.682442,0,0.04727003116069572,0
O039761,C01844,P00037,2025-12-28 19:48:03.942098,0,0.12417275927084666,0
O039762,C03753,P00370,2025-12-28 20:01:10.201755,0,0.084119371863232,0
O039763,C06711,P02009,2025-12-28 20:14:16.461411,1,0.2167859300937132,0
O039764,C02962,P00218,2025-12-28 20:27:22.721068,0,0.07772611464803851,0
O039765,C02090,P00671,2025-12-28 20:40:28.980724,0,0.18585683740905523,0
O039766,C01624,P02131,2025-12-28 20:53:35.240381,1,0.07907779222940155,0
O039767,C05898,P02213,2025-12-28 21:06:41.500037,0,0.1739634205616945,0
O039768,C04615,P00196,2025-12-28 21:19:47.759693,0,0.24311578845976942,0
O039769,C00296,P01646,2025-12-28 21:32:54.019350,0,0.13597400184743624,0
O039770,C00696,P02281,2025-12-28 21:46:00.279006,0,0.11887858383738348,0
O039771,C02582,P01183,2025-12-28 21:59:06.538663,0,0.0892885634981215,0
O039772,C06707,P02102,2025-12-28 22:12:12.798319,0,0.059023185706974,0
O039773,C00396,P00128,2025-12-28 22:25:19.057976,0,0.10025162695654258,0
O039774,C04784,P00260,2025-12-28 22:38:25.317632,0,0.13338030135126733,0
O039775,C03183,P01861,2025-12-28 22:51:31.577289,1,0.28928751877369374,0
O039776,C00851,P00712,2025-12-28 23:04:37.836945,0,0.07955726877501575,0
O039777,C02216,P01551,2025-12-28 23:17:44.096602,0,0.19560992988309273,0
O039778,C04474,P01236,2025-12-28 23:30:50.356258,0,0.3186577938112804,0
O039779,C00607,P00260,2025-12-28 23:43:56.615915,0,0.12211610450873035,0
O039780,C06365,P00281,2025-12-28 23:57:02.875571,1,0.1504859832573389,0
O039781,C03879,P02303,2025-12-29 00:10:09.135228,0,0.335473549881027,0
O039782,C00643,P00151,2025-12-29 00:23:15.394884,0,0.31171211261968157,0
O039783,C00230,P00774,2025-12-29 00:36:21.654541,0,0.11715221287534223,0
O039784,C07271,P01783,2025-12-29 00:49:27.914197,0,0.1870276059395571,0
O039785,C03323,P00153,2025-12-29 01:02:34.173854,0,0.13098687989514807,0
O039786,C05051,P01611,2025-12-29 01:15:40.433510,0,0.0682353914516644,0
O039787,C02205,P01842,2025-12-29 01:28:46.693167,0,0.17228764597901552,0
O039788,C04980,P00848,2025-12-29 01:41:52.952823,0,0.17953969657606905,0
O039789,C06686,P00239,2025-12-29 01:54:59.212480,0,0.0771225576810668,0
O039790,C03437,P00795,2025-12-29 02:08:05.472136,0,0.330601418917166,0
O039791,C03356,P00224,2025-12-29 02:21:11.731793,0,0.17242938368867045,0
O039792,C05664,P00756,2025-12-29 02:34:17.991449,1,0.5919995965962017,1
O039793,C04993,P00966,2025-12-29 02:47:24.251106,1,0.2485843157993284,0
O039794,C01135,P00530,2025-12-29 03:00:30.510762,0,0.13384138117756206,0
O039795,C02555,P01485,2025-12-29 03:13:36.770419,0,0.1973345612939564,0
O039796,C06361,P01811,2025-12-29 03:26:43.030075,0,0.19775315898388138,0
O039797,C00088,P00916,2025-12-29 03:39:49.289732,0,0.11402498516738166,0
O039798,C05926,P00197,2025-12-29 03:52:55.549388,1,0.37474670100898144,0
O039799,C07969,P00599,2025-12-29 04:06:01.809045,1,0.19443567422498798,0
O039800,C01635,P00192,2025-12-29 04:19:08.068701,1,0.10779398811156743,0
O039801,C02306,P00359,2025-12-29 04:32:14.328358,0,0.1512819469112668,0
O039802,C06906,P01210,2025-12-29 04:45:20.588014,0,0.2948213935158939,0
O039803,C07358,P00025,2025-12-29 04:58:26.847671,0,0.2709438602580548,0
O039804,C06178,P00919,2025-12-29 05:11:33.107327,0,0.14557338877771958,0
O039805,C07762,P00896,2025-12-29 05:24:39.366984,0,0.324124729576626,0
O039806,C00638,P01546,2025-12-29 05:37:45.626640,0,0.13590546388180183,0
O039807,C04551,P01467,2025-12-29 05:50:51.886297,0,0.1081714235942705,0
O039808,C01156,P00689,2025-12-29 06:03:58.145953,1,0.24307185026016773,0
O039809,C02762,P01185,2025-12-29 06:17:04.405610,0,0.25539332912107865,0
O039810,C03494,P01866,2025-12-29 06:30:10.665266,1,0.16517433807414514,0
O039811,C04673,P00543,2025-12-29 06:43:16.924923,1,0.1692403648519696,0
O039812,C02302,P01615,2025-12-29 06:56:23.184579,1,0.10205303713925258,0
O039813,C04403,P01203,2025-12-29 07:09:29.444236,0,0.5200460089088393,1
O039814,C00491,P02389,2025-12-29 07:22:35.703892,0,0.13934814279986094,0
O039815,C04750,P00052,2025-12-29 07:35:41.963549,0,0.427749545071678,0
O039816,C07375,P02063,2025-12-29 07:48:48.223205,1,0.22626699926237692,0
O039817,C00572,P01865,2025-12-29 08:01:54.482862,1,0.5472248810374691,1
O039818,C04389,P00063,2025-12-29 08:15:00.742518,0,0.10543677769898052,0
O039819,C02351,P02429,2025-12-29 08:28:07.002175,0,0.2210469506295244,0
O039820,C05069,P00035,2025-12-29 08:41:13.261831,0,0.15165271268715638,0
O039821,C01660,P02217,2025-12-29 08:54:19.521488,0,0.37295642405036683,0
O039822,C04500,P00288,2025-12-29 09:07:25.781144,1,0.17553489890743318,0
O039823,C06885,P00511,2025-12-29 09:20:32.040801,0,0.13416143603773525,0
O039824,C00472,P00339,2025-12-29 09:33:38.300457,1,0.421462647433467,0
O039825,C01968,P00699,2025-12-29 09:46:44.560114,1,0.3987176596345885,0
O039826,C05122,P01265,2025-12-29 09:59:50.819770,1,0.26067832489577586,0
O039827,C06645,P01205,2025-12-29 10:12:57.079426,0,0.18127968250361262,0
O039828,C01883,P00518,2025-12-29 10:26:03.339083,0,0.14423798928381537,0
O039829,C05473,P00614,2025-12-29 10:39:09.598739,0,0.2007102417715751,0
O039830,C02967,P01689,2025-12-29 10:52:15.858396,0,0.1328850139045442,0
O039831,C00675,P02097,2025-12-29 11:05:22.118052,0,0.2324020695198224,0
O039832,C06097,P02242,2025-12-29 11:18:28.377709,0,0.06319478666549218,0
O039833,C04209,P00906,2025-12-29 11:31:34.637365,0,0.24642857125267953,0
O039834,C06238,P00928,2025-12-29 11:44:40.897022,0,0.10382879473998564,0
O039835,C06194,P00620,2025-12-29 11:57:47.156678,0,0.1274032489380255,0
O039836,C06460,P00293,2025-12-29 12:10:53.416335,0,0.18901908434648276,0
O039837,C06654,P00673,2025-12-29 12:23:59.675991,0,0.2908298212843302,0
O039838,C01957,P00420,2025-12-29 12:37:05.935648,1,0.5773059912085308,1
O039839,C02043,P02488,2025-12-29 12:50:12.195304,0,0.27247072030125913,0
O039840,C03318,P02272,2025-12-29 13:03:18.454961,0,0.2631865650659796,0
O039841,C01213,P01722,2025-12-29 13:16:24.714617,1,0.47908909337730254,0
O039842,C05454,P01821,2025-12-29 13:29:30.974274,0,0.1258486953533219,0
O039843,C07621,P02025,2025-12-29 13:42:37.233930,0,0.2640880218472969,0
O039844,C05739,P01145,2025-12-29 13:55:43.493587,1,0.28686729114412324,0
O039845,C00446,P00526,2025-12-29 14:08:49.753243,0,0.10335774528093468,0
O039846,C06586,P01603,2025-12-29 14:21:56.012900,1,0.12124123914505634,0
O039847,C06006,P00311,2025-12-29 14:35:02.272556,0,0.21919889562520165,0
O039848,C06285,P01481,2025-12-29 14:48:08.532213,0,0.20761980014113218,0
O039849,C00406,P01450,2025-12-29 15:01:14.791869,1,0.11218118088674937,0
O039850,C02126,P00776,2025-12-29 15:14:21.051526,1,0.20646280331253714,0
O039851,C06192,P00550,2025-12-29 15:27:27.311182,0,0.2570091039724012,0
O039852,C07411,P00281,2025-12-29 15:40:33.570839,0,0.18022692407015062,0
O039853,C06081,P00612,2025-12-29 15:53:39.830495,0,0.295667481741858,0
O039854,C00516,P00697,2025-12-29 16:06:46.090152,0,0.16826016878032124,0
O039855,C04713,P02281,2025-12-29 16:19:52.349808,0,0.1590738796545221,0
O039856,C03376,P01510,2025-12-29 16:32:58.609465,0,0.12221435166515969,0
O039857,C06269,P00746,2025-12-29 16:46:04.869121,0,0.3241302870785035,0
O039858,C01489,P01330,2025-12-29 16:59:11.128778,1,0.10616075711485816,0
O039859,C06858,P00532,2025-12-29 17:12:17.388434,0,0.12995863934199442,0
O039860,C02837,P01403,2025-12-29 17:25:23.648091,1,0.33608980103014185,0
O039861,C02751,P01593,2025-12-29 17:38:29.907747,0,0.29910773186340117,0
O039862,C05631,P00341,2025-12-29 17:51:36.167404,0,0.14407376491382887,0
O039863,C03186,P02108,2025-12-29 18:04:42.427060,0,0.20808981169110177,0
O039864,C01791,P00692,2025-12-29 18:17:48.686717,0,0.2090283061708039,0
O039865,C07686,P00776,2025-12-29 18:30:54.946373,0,0.17962286799310084,0
O039866,C07011,P01000,2025-12-29 18:44:01.206030,1,0.26136187265849276,0
O039867,C05386,P00251,2025-12-29 18:57:07.465686,0,0.19224167953150675,0
O039868,C01139,P00195,2025-12-29 19:10:13.725343,0,0.1134901209268486,0
O039869,C04683,P02007,2025-12-29 19:23:19.984999,0,0.0799219312209236,0
O039870,C05506,P02414,2025-12-29 19:36:26.244656,0,0.1271205031840231,0
O039871,C06768,P01043,2025-12-29 19:49:32.504312,1,0.2284699663631294,0
O039872,C04698,P00312,2025-12-29 20:02:38.763969,0,0.09637029220290584,0
O039873,C06486,P01690,2025-12-29 20:15:45.023625,0,0.1754780050829493,0
O039874,C00936,P00345,2025-12-29 20:28:51.283282,0,0.41269195270802655,0
O039875,C03506,P02048,2025-12-29 20:41:57.542938,0,0.4410318177680656,0
O039876,C03798,P01610,2025-12-29 20:55:03.802595,0,0.10723746690341639,0
O039877,C03005,P02452,2025-12-29 21:08:10.062251,1,0.21972355112693714,0
O039878,C07861,P01411,2025-12-29 21:21:16.321908,0,0.17992664621696408,0
O039879,C03583,P00487,2025-12-29 21:34:22.581564,0,0.1453525210069038,0
O039880,C01235,P01318,2025-12-29 21:47:28.841221,0,0.1026573804788751,0
O039881,C05346,P02092,2025-12-29 22:00:35.100877,0,0.2554202232360337,0
O039882,C03231,P01218,2025-12-29 22:13:41.360534,0,0.1270394849784899,0
O039883,C02122,P01780,2025-12-29 22:26:47.620190,0,0.176419336633759,0
O039884,C05857,P02020,2025-12-29 22:39:53.879846,0,0.5737207085042266,1
O039885,C05385,P00436,2025-12-29 22:53:00.139503,1,0.4211611806458784,0
O039886,C04136,P00095,2025-12-29 23:06:06.399159,0,0.32982683797661416,0
O039887,C07284,P02205,2025-12-29 23:19:12.658816,0,0.44060640446335286,0
O039888,C00922,P01680,2025-12-29 23:32:18.918472,0,0.15160899139857362,0
O039889,C05636,P00295,2025-12-29 23:45:25.178129,1,0.4423196447086131,0
O039890,C02823,P01519,2025-12-29 23:58:31.437785,0,0.13231867679729098,0
O039891,C06632,P02430,2025-12-30 00:11:37.697442,0,0.11386884059880412,0
O039892,C04173,P00984,2025-12-30 00:24:43.957098,0,0.09149214643602112,0
O039893,C06840,P00216,2025-12-30 00:37:50.216755,1,0.1202784018291423,0
O039894,C00989,P00332,2025-12-30 00:50:56.476411,1,0.139850098333933,0
O039895,C07755,P01841,2025-12-30 01:04:02.736068,1,0.2566424108633543,0
O039896,C03303,P00372,2025-12-30 01:17:08.995724,1,0.3728621506160615,0
O039897,C01352,P02382,2025-12-30 01:30:15.255381,0,0.09940542033556135,0
O039898,C04787,P01244,2025-12-30 01:43:21.515037,0,0.3094691686345821,0
O039899,C06588,P01093,2025-12-30 01:56:27.774694,0,0.19252735179793903,0
O039900,C00555,P01516,2025-12-30 02:09:34.034350,0,0.07903131476036192,0
O039901,C01086,P00257,2025-12-30 02:22:40.294007,1,0.3153665841843289,0
O039902,C00532,P01796,2025-12-30 02:35:46.553663,1,0.4298448902713944,0
O039903,C06763,P01916,2025-12-30 02:48:52.813320,0,0.11077957420706266,0
O039904,C04759,P00752,2025-12-30 03:01:59.072976,0,0.15048395351391644,0
O039905,C03397,P00616,2025-12-30 03:15:05.332633,0,0.09662083788292862,0
O039906,C01744,P02289,2025-12-30 03:28:11.592289,0,0.06585277519180893,0
O039907,C02940,P00979,2025-12-30 03:41:17.851946,0,0.07077961142100421,0
O039908,C02708,P01412,2025-12-30 03:54:24.111602,0,0.17962628341709613,0
O039909,C00558,P02167,2025-12-30 04:07:30.371259,0,0.20356272972205078,0
O039910,C01923,P01885,2025-12-30 04:20:36.630915,0,0.36985865997602757,0
O039911,C04249,P00740,2025-12-30 04:33:42.890572,0,0.24780192631844028,0
O039912,C07473,P02134,2025-12-30 04:46:49.150228,0,0.14573535800425644,0
O039913,C00920,P02308,2025-12-30 04:59:55.409885,0,0.19847668442878796,0
O039914,C02492,P01443,2025-12-30 05:13:01.669541,0,0.12102529169308672,0
O039915,C04601,P00181,2025-12-30 05:26:07.929198,0,0.11480923597912293,0
O039916,C04087,P02296,2025-12-30 05:39:14.188854,0,0.26705698461324917,0
O039917,C02214,P00784,2025-12-30 05:52:20.448511,0,0.17430710314454528,0
O039918,C02146,P00268,2025-12-30 06:05:26.708167,0,0.11285744709475147,0
O039919,C05528,P01666,2025-12-30 06:18:32.967824,0,0.06886136666532001,0
O039920,C04119,P01466,2025-12-30 06:31:39.227480,1,0.27319987959814557,0
O039921,C07423,P02018,2025-12-30 06:44:45.487137,0,0.10169018845731853,0
O039922,C07629,P02472,2025-12-30 06:57:51.746793,1,0.2409955549712516,0
O039923,C02798,P00571,2025-12-30 07:10:58.006450,0,0.14054879607584583,0
O039924,C00780,P00574,2025-12-30 07:24:04.266106,0,0.07564257214061813,0
O039925,C05324,P00653,2025-12-30 07:37:10.525763,1,0.10956354778573289,0
O039926,C05289,P00400,2025-12-30 07:50:16.785419,0,0.1055842405082007,0
O039927,C04423,P02494,2025-12-30 08:03:23.045076,1,0.12635586935500062,0
O039928,C02847,P01393,2025-12-30 08:16:29.304732,0,0.11056351305358839,0
O039929,C03686,P01873,2025-12-30 08:29:35.564389,0,0.23567645682439467,0
O039930,C03402,P00616,2025-12-30 08:42:41.824045,0,0.11744559670477188,0
O039931,C00011,P01518,2025-12-30 08:55:48.083702,1,0.3605836412251684,0
O039932,C05111,P00129,2025-12-30 09:08:54.343358,1,0.20710878616872344,0
O039933,C04689,P02004,2025-12-30 09:22:00.603015,0,0.2764112037420924,0
O039934,C03960,P00945,2025-12-30 09:35:06.862671,0,0.09496851043991207,0
O039935,C04189,P00238,2025-12-30 09:48:13.122328,1,0.4578373358914785,0
O039936,C07473,P00723,2025-12-30 10:01:19.381984,0,0.09178657693634736,0
O039937,C01947,P01856,2025-12-30 10:14:25.641641,0,0.40585864712826253,0
O039938,C06900,P00811,2025-12-30 10:27:31.901297,1,0.27821511300735596,0
O039939,C05487,P02109,2025-12-30 10:40:38.160954,0,0.281697823911401,0
O039940,C00051,P01933,2025-12-30 10:53:44.420610,1,0.1026264185863467,0
O039941,C02418,P01135,2025-12-30 11:06:50.680267,0,0.09208886244734593,0
O039942,C01561,P01982,2025-12-30 11:19:56.939923,1,0.21591206018192494,0
O039943,C01579,P01580,2025-12-30 11:33:03.199579,0,0.2861856846198829,0
O039944,C00701,P00555,2025-12-30 11:46:09.459236,0,0.09446229436775014,0
O039945,C05009,P02283,2025-12-30 11:59:15.718892,0,0.20666118639538705,0
O039946,C00636,P00269,2025-12-30 12:12:21.978549,0,0.15555329876323734,0
O039947,C03367,P00276,2025-12-30 12:25:28.238205,1,0.09803695330046727,0
O039948,C00684,P00834,2025-12-30 12:38:34.497862,0,0.13384019620679366,0
O039949,C01091,P01985,2025-12-30 12:51:40.757518,0,0.19468523457037878,0
O039950,C04582,P01858,2025-12-30 13:04:47.017175,0,0.6594262287713348,1
O039951,C06359,P01640,2025-12-30 13:17:53.276831,0,0.1358241921879131,0
O039952,C03783,P01684,2025-12-30 13:30:59.536488,0,0.3803457811617342,0
O039953,C04784,P02255,2025-12-30 13:44:05.796144,0,0.16207386574728366,0
O039954,C05613,P00946,2025-12-30 13:57:12.055801,1,0.19495941705690126,0
O039955,C05774,P00396,2025-12-30 14:10:18.315457,0,0.09514741477898368,0
O039956,C03419,P01192,2025-12-30 14:23:24.575114,0,0.2531724800237883,0
O039957,C03833,P00556,2025-12-30 14:36:30.834770,0,0.10933928833370438,0
O039958,C05458,P01225,2025-12-30 14:49:37.094427,0,0.45863649920796595,0
O039959,C06168,P01478,2025-12-30 15:02:43.354083,0,0.14344996634395218,0
O039960,C05866,P01887,2025-12-30 15:15:49.613740,0,0.050597533936897525,0
O039961,C02220,P00735,2025-12-30 15:28:55.873396,0,0.4641768706646112,0
O039962,C00876,P02160,2025-12-30 15:42:02.133053,0,0.4921638008972666,0
O039963,C04826,P00383,2025-12-30 15:55:08.392709,0,0.10716518922769327,0
O039964,C07861,P02161,2025-12-30 16:08:14.652366,0,0.13606845327969766,0
O039965,C06910,P00677,2025-12-30 16:21:20.912022,0,0.1253308252229749,0
O039966,C04898,P01643,2025-12-30 16:34:27.171679,0,0.1326640465686993,0
O039967,C01921,P00536,2025-12-30 16:47:33.431335,0,0.2139012965247362,0
O039968,C06905,P01116,2025-12-30 17:00:39.690992,0,0.15356691223485197,0
O039969,C07477,P01139,2025-12-30 17:13:45.950648,0,0.21509242913383758,0
O039970,C04451,P01093,2025-12-30 17:26:52.210305,0,0.18441511926523438,0
O039971,C00895,P00050,2025-12-30 17:39:58.469961,0,0.09598607297516544,0
O039972,C06890,P01737,2025-12-30 17:53:04.729618,0,0.2944364393745703,0
O039973,C02534,P00786,2025-12-30 18:06:10.989274,0,0.20056283228250393,0
O039974,C00205,P00277,2025-12-30 18:19:17.248931,0,0.13376747379430012,0
O039975,C06221,P02393,2025-12-30 18:32:23.508587,0,0.31545046926627807,0
O039976,C05050,P00395,2025-12-30 18:45:29.768244,0,0.4959947345893353,0
O039977,C00494,P00214,2025-12-30 18:58:36.027900,1,0.22023759328648368,0
O039978,C03010,P02123,2025-12-30 19:11:42.287557,0,0.1896143169446767,0
O039979,C00640,P02136,2025-12-30 19:24:48.547213,1,0.6297023149986586,1
O039980,C03188,P02061,2025-12-30 19:37:54.806870,1,0.6247962751559258,1
O039981,C07812,P02288,2025-12-30 19:51:01.066526,0,0.1645808329923217,0
O039982,C05100,P01682,2025-12-30 20:04:07.326183,1,0.11299820261962239,0
O039983,C01191,P00441,2025-12-30 20:17:13.585839,1,0.2998164366971113,0
O039984,C06984,P02072,2025-12-30 20:30:19.845496,0,0.07955490833418427,0
O039985,C01980,P00792,2025-12-30 20:43:26.105152,0,0.2611798973837686,0
O039986,C07582,P01432,2025-12-30 20:56:32.364809,0,0.364971866214412,0
O039987,C06266,P01765,2025-12-30 21:09:38.624465,0,0.1823755191791369,0
O039988,C07537,P01261,2025-12-30 21:22:44.884122,1,0.24440400296627784,0
O039989,C04822,P01860,2025-12-30 21:35:51.143778,0,0.12269996183627895,0
O039990,C02494,P00951,2025-12-30 21:48:57.403435,0,0.20319182772075572,0
O039991,C03787,P00550,2025-12-30 22:02:03.663091,0,0.18076145792169446,0
O039992,C03475,P00475,2025-12-30 22:15:09.922748,1,0.382398400313683,0
O039993,C07391,P01628,2025-12-30 22:28:16.182404,0,0.11172706211846058,0
O039994,C01396,P01190,2025-12-30 22:41:22.442061,0,0.21650998709545774,0
O039995,C02186,P02473,2025-12-30 22:54:28.701717,0,0.2711355245803493,0
O039996,C02051,P02257,2025-12-30 23:07:34.961374,0,0.13817796000651736,0
O039997,C07614,P01303,2025-12-30 23:20:41.221030,1,0.1244559028937565,0
O039998,C05097,P00723,2025-12-30 23:33:47.480687,0,0.17133695659491716,0
O039999,C04682,P01592,2025-12-30 23:46:53.740343,0,0.2530969475968391,0
O040000,C04442,P00022,2025-12-31 00:00:00.000000,0,0.09753783878092637,0
