order_id,customer_id,product_id,order_date,returned,predicted_probability,predicted_return
O030001,C05465,P00706,2025-10-01 00:09:49.694742,0,0.43093467,0
O030002,C03486,P01935,2025-10-01 00:22:55.954398,1,0.36991578,0
O030003,C00427,P00178,2025-10-01 00:36:02.214055,0,0.28185776,0
O030004,C01450,P00004,2025-10-01 00:49:08.473711,0,0.21757922,0
O030005,C06724,P00073,2025-10-01 01:02:14.733368,0,0.4512659,0
O030006,C03313,P01776,2025-10-01 01:15:20.993024,0,0.19310734,0
O030007,C00896,P01067,2025-10-01 01:28:27.252681,0,0.5545191,1
O030008,C01276,P01205,2025-10-01 01:41:33.512337,0,0.38489777,0
O030009,C01389,P00223,2025-10-01 01:54:39.771994,0,0.21510985,0
O030010,C01643,P01594,2025-10-01 02:07:46.031650,0,0.5964151,1
O030011,C07096,P01196,2025-10-01 02:20:52.291307,0,0.43429267,0
O030012,C00529,P02466,2025-10-01 02:33:58.550963,0,0.25276,0
O030013,C03733,P01492,2025-10-01 02:47:04.810620,1,0.50231755,1
O030014,C07316,P00303,2025-10-01 03:00:11.070276,0,0.43843699,0
O030015,C02179,P00216,2025-10-01 03:13:17.329933,0,0.4170036,0
O030016,C04321,P01857,2025-10-01 03:26:23.589589,0,0.37033024,0
O030017,C05414,P00211,2025-10-01 03:39:29.849246,0,0.46717805,0
O030018,C00823,P01880,2025-10-01 03:52:36.108902,0,0.5580077,1
O030019,C01508,P02127,2025-10-01 04:05:42.368559,1,0.2815413,0
O030020,C06757,P02350,2025-10-01 04:18:48.628215,0,0.5288977,1
O030021,C03720,P00172,2025-10-01 04:31:54.887872,0,0.520517,1
O030022,C07708,P01633,2025-10-01 04:45:01.147528,0,0.35326672,0
O030023,C02161,P00921,2025-10-01 04:58:07.407185,1,0.59696984,1
O030024,C00748,P01193,2025-10-01 05:11:13.666841,1,0.6934699,1
O030025,C02714,P02211,2025-10-01 05:24:19.926498,0,0.5431592,1
O030026,C07214,P01151,2025-10-01 05:37:26.186154,1,0.665465,1
O030027,C06838,P01811,2025-10-01 05:50:32.445811,0,0.47945106,0
O030028,C06914,P00769,2025-10-01 06:03:38.705467,0,0.31582332,0
O030029,C01728,P00334,2025-10-01 06:16:44.965124,0,0.19293182,0
O030030,C01121,P01293,2025-10-01 06:29:51.224780,0,0.65790766,1
O030031,C06833,P00437,2025-10-01 06:42:57.484437,0,0.31575575,0
O030032,C03141,P01724,2025-10-01 06:56:03.744093,0,0.6160121,1
O030033,C05444,P02038,2025-10-01 07:09:10.003750,0,0.08659406,0
O030034,C00430,P02386,2025-10-01 07:22:16.263406,0,0.3018505,0
O030035,C07564,P01396,2025-10-01 07:35:22.523063,0,0.27542472,0
O030036,C06993,P00119,2025-10-01 07:48:28.782719,0,0.28493854,0
O030037,C02965,P00231,2025-10-01 08:01:35.042376,0,0.24368323,0
O030038,C05602,P00399,2025-10-01 08:14:41.302032,0,0.35908988,0
O030039,C02320,P02044,2025-10-01 08:27:47.561689,0,0.515781,1
O030040,C06128,P00415,2025-10-01 08:40:53.821345,0,0.19521184,0
O030041,C06758,P00592,2025-10-01 08:54:00.081002,1,0.5534571,1
O030042,C04940,P02467,2025-10-01 09:07:06.340658,0,0.27678213,0
O030043,C05231,P01168,2025-10-01 09:20:12.600315,0,0.28226566,0
O030044,C07999,P02428,2025-10-01 09:33:18.859971,0,0.37829202,0
O030045,C04888,P01177,2025-10-01 09:46:25.119627,1,0.6803704,1
O030046,C04171,P01135,2025-10-01 09:59:31.379284,0,0.55221385,1
O030047,C05434,P00510,2025-10-01 10:12:37.638940,0,0.65517646,1
O030048,C03306,P00563,2025-10-01 10:25:43.898597,0,0.68730336,1
O030049,C02261,P00697,2025-10-01 10:38:50.158253,0,0.50122404,1
O030050,C05760,P00159,2025-10-01 10:51:56.417910,0,0.2887272,0
O030051,C06373,P01232,2025-10-01 11:05:02.677566,0,0.14085902,0
O030052,C03012,P00439,2025-10-01 11:18:08.937223,0,0.7978716,1
O030053,C06189,P00641,2025-10-01 11:31:15.196879,0,0.67263114,1
O030054,C00528,P00598,2025-10-01 11:44:21.456536,0,0.22933765,0
O030055,C06428,P02201,2025-10-01 11:57:27.716192,0,0.37280545,0
O030056,C04521,P02277,2025-10-01 12:10:33.975849,1,0.2947488,0
O030057,C01710,P00393,2025-10-01 12:23:40.235505,0,0.4809086,0
O030058,C01865,P01031,2025-10-01 12:36:46.495162,0,0.6707361,1
O030059,C03139,P01167,2025-10-01 12:49:52.754818,0,0.29670084,0
O030060,C06918,P01312,2025-10-01 13:02:59.014475,0,0.6771336,1
O030061,C07106,P02320,2025-10-01 13:16:05.274131,0,0.3680236,0
O030062,C06142,P00805,2025-10-01 13:29:11.533788,1,0.5475423,1
O030063,C03245,P01855,2025-10-01 13:42:17.793444,0,0.38616586,0
O030064,C02750,P01078,2025-10-01 13:55:24.053101,0,0.5836242,1
O030065,C06799,P00103,2025-10-01 14:08:30.312757,0,0.25688955,0
O030066,C05932,P01022,2025-10-01 14:21:36.572414,0,0.30401567,0
O030067,C00211,P02195,2025-10-01 14:34:42.832070,0,0.20456927,0
O030068,C02162,P00064,2025-10-01 14:47:49.091727,0,0.3943236,0
O030069,C00849,P01182,2025-10-01 15:00:55.351383,0,0.38289574,0
O030070,C05010,P01490,2025-10-01 15:14:01.611040,0,0.6539607,1
O030071,C01812,P00491,2025-10-01 15:27:07.870696,0,0.5514895,1
O030072,C00983,P01807,2025-10-01 15:40:14.130353,0,0.54352427,1
O030073,C02444,P01926,2025-10-01 15:53:20.390009,0,0.34253582,0
O030074,C06249,P02185,2025-10-01 16:06:26.649666,0,0.25308746,0
O030075,C01643,P01448,2025-10-01 16:19:32.909322,0,0.63833433,1
O030076,C05792,P02054,2025-10-01 16:32:39.168979,1,0.40443975,0
O030077,C07832,P01311,2025-10-01 16:45:45.428635,0,0.6865535,1
O030078,C02939,P00615,2025-10-01 16:58:51.688292,0,0.28541368,0
O030079,C00001,P01825,2025-10-01 17:11:57.947948,1,0.6621726,1
O030080,C04393,P02262,2025-10-01 17:25:04.207605,0,0.47069186,0
O030081,C02293,P02368,2025-10-01 17:38:10.467261,0,0.6875786,1
O030082,C02058,P02431,2025-10-01 17:51:16.726918,0,0.53252447,1
O030083,C04054,P00609,2025-10-01 18:04:22.986574,0,0.54007703,1
O030084,C06424,P00409,2025-10-01 18:17:29.246231,0,0.3654636,0
O030085,C03491,P00017,2025-10-01 18:30:35.505887,1,0.47886786,0
O030086,C07676,P00065,2025-10-01 18:43:41.765544,0,0.69308424,1
O030087,C04945,P01098,2025-10-01 18:56:48.025200,0,0.30441958,0
O030088,C00483,P01617,2025-10-01 19:09:54.284857,0,0.3443019,0
O030089,C05838,P00111,2025-10-01 19:23:00.544513,0,0.5477964,1
O030090,C02979,P00515,2025-10-01 19:36:06.804170,0,0.7817033,1
O030091,C01591,P01763,2025-10-01 19:49:13.063826,1,0.4179988,0
O030092,C07441,P02028,2025-10-01 20:02:19.323483,0,0.2028108,0
O030093,C07498,P01886,2025-10-01 20:15:25.583139,0,0.5837895,1
O030094,C05961,P02092,2025-10-01 20:28:31.842796,0,0.6296413,1
O030095,C01924,P00279,2025-10-01 20:41:38.102452,0,0.23793182,0
O030096,C04737,P00507,2025-10-01 20:54:44.362109,0,0.73622525,1
O030097,C01931,P01802,2025-10-01 21:07:50.621765,0,0.40695173,0
O030098,C05295,P01718,2025-10-01 21:20:56.881422,0,0.55359006,1
O030099,C07572,P01423,2025-10-01 21:34:03.141078,0,0.24713384,0
O030100,C04485,P00354,2025-10-01 21:47:09.400735,1,0.6311333,1
O030101,C07911,P01132,2025-10-01 22:00:15.660391,1,0.52623826,1
O030102,C01409,P02153,2025-10-01 22:13:21.920048,1,0.48024344,0
O030103,C02718,P01704,2025-10-01 22:26:28.179704,0,0.52927923,1
O030104,C04955,P00230,2025-10-01 22:39:34.439360,0,0.27769074,0
O030105,C07063,P02285,2025-10-01 22:52:40.699017,1,0.47242877,0
O030106,C01257,P00418,2025-10-01 23:05:46.958673,0,0.7039574,1
O030107,C04323,P02047,2025-10-01 23:18:53.218330,1,0.6248879,1
O030108,C00754,P00059,2025-10-01 23:31:59.477986,0,0.3296316,0
O030109,C00685,P02079,2025-10-01 23:45:05.737643,0,0.46331745,0
O030110,C01981,P01987,2025-10-01 23:58:11.997299,0,0.31510937,0
O030111,C07264,P00508,2025-10-02 00:11:18.256956,0,0.3398287,0
O030112,C04859,P01009,2025-10-02 00:24:24.516612,0,0.8280003,1
O030113,C03142,P00510,2025-10-02 00:37:30.776269,0,0.5351188,1
O030114,C02786,P00231,2025-10-02 00:50:37.035925,1,0.39771447,0
O030115,C04112,P00064,2025-10-02 01:03:43.295582,0,0.55492675,1
O030116,C01094,P00623,2025-10-02 01:16:49.555238,0,0.43362126,0
O030117,C01758,P02252,2025-10-02 01:29:55.814895,0,0.5447496,1
O030118,C04127,P01089,2025-10-02 01:43:02.074551,1,0.19692558,0
O030119,C02542,P00211,2025-10-02 01:56:08.334208,0,0.7000685,1
O030120,C01220,P00050,2025-10-02 02:09:14.593864,0,0.34794652,0
O030121,C00826,P00588,2025-10-02 02:22:20.853521,1,0.6278985,1
O030122,C04331,P01318,2025-10-02 02:35:27.113177,0,0.28255165,0
O030123,C02618,P01095,2025-10-02 02:48:33.372834,0,0.3517153,0
O030124,C00418,P00942,2025-10-02 03:01:39.632490,0,0.24582301,0
O030125,C02418,P01798,2025-10-02 03:14:45.892147,0,0.33869946,0
O030126,C00773,P01811,2025-10-02 03:27:52.151803,0,0.43756565,0
O030127,C01469,P01482,2025-10-02 03:40:58.411460,1,0.70620894,1
O030128,C05875,P00602,2025-10-02 03:54:04.671116,0,0.41174763,0
O030129,C07825,P01009,2025-10-02 04:07:10.930773,0,0.6037263,1
O030130,C01309,P00428,2025-10-02 04:20:17.190429,1,0.5403277,1
O030131,C06153,P00487,2025-10-02 04:33:23.450086,0,0.6015927,1
O030132,C03292,P01198,2025-10-02 04:46:29.709742,0,0.19495185,0
O030133,C06548,P00968,2025-10-02 04:59:35.969399,1,0.5185205,1
O030134,C05720,P00381,2025-10-02 05:12:42.229055,0,0.4951273,0
O030135,C06687,P00818,2025-10-02 05:25:48.488712,1,0.52220726,1
O030136,C06244,P00045,2025-10-02 05:38:54.748368,0,0.23073696,0
O030137,C01492,P00666,2025-10-02 05:52:01.008025,0,0.47064295,0
O030138,C01072,P01023,2025-10-02 06:05:07.267681,0,0.7743227,1
O030139,C02058,P01688,2025-10-02 06:18:13.527338,0,0.66746616,1
O030140,C03050,P01389,2025-10-02 06:31:19.786994,0,0.34486875,0
O030141,C05033,P01928,2025-10-02 06:44:26.046651,0,0.2639121,0
O030142,C02455,P01085,2025-10-02 06:57:32.306307,1,0.67019415,1
O030143,C00213,P02374,2025-10-02 07:10:38.565964,0,0.61633956,1
O030144,C06867,P02279,2025-10-02 07:23:44.825620,0,0.38306692,0
O030145,C00743,P01526,2025-10-02 07:36:51.085277,0,0.7548861,1
O030146,C00335,P00449,2025-10-02 07:49:57.344933,1,0.26728818,0
O030147,C05995,P01826,2025-10-02 08:03:03.604590,0,0.6316876,1
O030148,C01235,P01613,2025-10-02 08:16:09.864246,0,0.5538675,1
O030149,C02858,P01449,2025-10-02 08:29:16.123903,0,0.56107044,1
O030150,C02539,P01706,2025-10-02 08:42:22.383559,1,0.587643,1
O030151,C03003,P00021,2025-10-02 08:55:28.643216,1,0.4334553,0
O030152,C00183,P00346,2025-10-02 09:08:34.902872,0,0.62736565,1
O030153,C00721,P01380,2025-10-02 09:21:41.162529,0,0.3759346,0
O030154,C00658,P00550,2025-10-02 09:34:47.422185,0,0.6210765,1
O030155,C06381,P01027,2025-10-02 09:47:53.681842,0,0.22553715,0
O030156,C03980,P01634,2025-10-02 10:00:59.941498,0,0.20660098,0
O030157,C00175,P01882,2025-10-02 10:14:06.201155,0,0.3629071,0
O030158,C05316,P01799,2025-10-02 10:27:12.460811,0,0.2133252,0
O030159,C03804,P01133,2025-10-02 10:40:18.720468,0,0.40419844,0
O030160,C02536,P00978,2025-10-02 10:53:24.980124,1,0.40459782,0
O030161,C04609,P02377,2025-10-02 11:06:31.239780,1,0.47072408,0
O030162,C02128,P01522,2025-10-02 11:19:37.499437,0,0.3129939,0
O030163,C03973,P01684,2025-10-02 11:32:43.759093,0,0.72599596,1
O030164,C06313,P00473,2025-10-02 11:45:50.018750,1,0.28875697,0
O030165,C04058,P01187,2025-10-02 11:58:56.278406,1,0.49955586,0
O030166,C06903,P01495,2025-10-02 12:12:02.538063,1,0.7209356,1
O030167,C00441,P00045,2025-10-02 12:25:08.797719,0,0.17209756,0
O030168,C03436,P01146,2025-10-02 12:38:15.057376,1,0.67253315,1
O030169,C04111,P00483,2025-10-02 12:51:21.317032,0,0.09149651,0
O030170,C00850,P00489,2025-10-02 13:04:27.576689,0,0.17091456,0
O030171,C05985,P01908,2025-10-02 13:17:33.836345,0,0.3416192,0
O030172,C02252,P01865,2025-10-02 13:30:40.096002,0,0.57107407,1
O030173,C03436,P01691,2025-10-02 13:43:46.355658,0,0.649108,1
O030174,C03155,P01719,2025-10-02 13:56:52.615315,0,0.45084757,0
O030175,C01143,P00323,2025-10-02 14:09:58.874971,0,0.3323572,0
O030176,C01170,P00574,2025-10-02 14:23:05.134628,0,0.25843745,0
O030177,C05752,P01151,2025-10-02 14:36:11.394284,0,0.71798193,1
O030178,C05584,P01506,2025-10-02 14:49:17.653941,1,0.67592764,1
O030179,C06201,P00920,2025-10-02 15:02:23.913597,0,0.23605779,0
O030180,C07555,P01496,2025-10-02 15:15:30.173254,0,0.21437733,0
O030181,C06120,P00410,2025-10-02 15:28:36.432910,1,0.6256131,1
O030182,C03967,P01686,2025-10-02 15:41:42.692567,1,0.679798,1
O030183,C02084,P00812,2025-10-02 15:54:48.952223,1,0.41567254,0
O030184,C04984,P00965,2025-10-02 16:07:55.211880,0,0.31656545,0
O030185,C01825,P00582,2025-10-02 16:21:01.471536,0,0.26721102,0
O030186,C04397,P00239,2025-10-02 16:34:07.731193,0,0.2937388,0
O030187,C07424,P02405,2025-10-02 16:47:13.990849,0,0.8183849,1
O030188,C01998,P01206,2025-10-02 17:00:20.250506,0,0.5273321,1
O030189,C03024,P02202,2025-10-02 17:13:26.510162,0,0.31743187,0
O030190,C05238,P00941,2025-10-02 17:26:32.769819,0,0.39949876,0
O030191,C06878,P02088,2025-10-02 17:39:39.029475,1,0.17473811,0
O030192,C02057,P01776,2025-10-02 17:52:45.289132,0,0.35439909,0
O030193,C06388,P02470,2025-10-02 18:05:51.548788,0,0.4186154,0
O030194,C06662,P01231,2025-10-02 18:18:57.808445,1,0.1820825,0
O030195,C04135,P01267,2025-10-02 18:32:04.068101,0,0.19895224,0
O030196,C02061,P02355,2025-10-02 18:45:10.327758,0,0.2098217,0
O030197,C07378,P00278,2025-10-02 18:58:16.587414,0,0.5018276,1
O030198,C03801,P01622,2025-10-02 19:11:22.847071,0,0.23765157,0
O030199,C01786,P00336,2025-10-02 19:24:29.106727,0,0.35780808,0
O030200,C03014,P02299,2025-10-02 19:37:35.366384,0,0.7103596,1
O030201,C03368,P01607,2025-10-02 19:50:41.626040,0,0.20697534,0
O030202,C00120,P01069,2025-10-02 20:03:47.885697,0,0.15177956,0
O030203,C07822,P02013,2025-10-02 20:16:54.145353,0,0.07785355,0
O030204,C03455,P00956,2025-10-02 20:30:00.405010,0,0.62604046,1
O030205,C04249,P00966,2025-10-02 20:43:06.664666,0,0.4092832,0
O030206,C07621,P02249,2025-10-02 20:56:12.924323,0,0.43085885,0
O030207,C03836,P02209,2025-10-02 21:09:19.183979,0,0.6226567,1
O030208,C07403,P00453,2025-10-02 21:22:25.443636,1,0.44202006,0
O030209,C03895,P01463,2025-10-02 21:35:31.703292,0,0.462632,0
O030210,C03322,P02346,2025-10-02 21:48:37.962949,0,0.244473,0
O030211,C06755,P00706,2025-10-02 22:01:44.222605,1,0.8068632,1
O030212,C00484,P00398,2025-10-02 22:14:50.482262,1,0.61264044,1
O030213,C04157,P00627,2025-10-02 22:27:56.741918,1,0.63255876,1
O030214,C01670,P00166,2025-10-02 22:41:03.001575,1,0.70158654,1
O030215,C07045,P01483,2025-10-02 22:54:09.261231,0,0.3348023,0
O030216,C03139,P00757,2025-10-02 23:07:15.520888,0,0.17620987,0
O030217,C07087,P01271,2025-10-02 23:20:21.780544,0,0.4690053,0
O030218,C04314,P00903,2025-10-02 23:33:28.040201,0,0.34159014,0
O030219,C00920,P00241,2025-10-02 23:46:34.299857,0,0.54129153,1
O030220,C06475,P01015,2025-10-02 23:59:40.559513,0,0.56812793,1
O030221,C03887,P02016,2025-10-03 00:12:46.819170,0,0.4164553,0
O030222,C05882,P00546,2025-10-03 00:25:53.078826,0,0.5083461,1
O030223,C07184,P02380,2025-10-03 00:38:59.338483,0,0.7557845,1
O030224,C01255,P01857,2025-10-03 00:52:05.598139,1,0.53976727,1
O030225,C00722,P02073,2025-10-03 01:05:11.857796,0,0.34162036,0
O030226,C06798,P01619,2025-10-03 01:18:18.117452,0,0.19882956,0
O030227,C02551,P00395,2025-10-03 01:31:24.377109,0,0.6537603,1
O030228,C07061,P00621,2025-10-03 01:44:30.636765,1,0.7790526,1
O030229,C03121,P00347,2025-10-03 01:57:36.896422,0,0.41043097,0
O030230,C02196,P00829,2025-10-03 02:10:43.156078,0,0.122070804,0
O030231,C04264,P00329,2025-10-03 02:23:49.415735,0,0.08779021,0
O030232,C07346,P01148,2025-10-03 02:36:55.675391,0,0.33200106,0
O030233,C05988,P00746,2025-10-03 02:50:01.935048,0,0.3044638,0
O030234,C06394,P01448,2025-10-03 03:03:08.194704,1,0.6640379,1
O030235,C07016,P02058,2025-10-03 03:16:14.454361,0,0.29003686,0
O030236,C00925,P00318,2025-10-03 03:29:20.714017,0,0.62631994,1
O030237,C06850,P00410,2025-10-03 03:42:26.973674,0,0.56323683,1
O030238,C04486,P00473,2025-10-03 03:55:33.233330,0,0.22034468,0
O030239,C01654,P02326,2025-10-03 04:08:39.492987,1,0.4876779,0
O030240,C06440,P01681,2025-10-03 04:21:45.752643,0,0.25327396,0
O030241,C07774,P02320,2025-10-03 04:34:52.012300,0,0.2626666,0
O030242,C01273,P01115,2025-10-03 04:47:58.271956,1,0.639626,1
O030243,C07455,P02310,2025-10-03 05:01:04.531613,0,0.21239322,0
O030244,C03316,P01608,2025-10-03 05:14:10.791269,1,0.6216894,1
O030245,C00821,P00868,2025-10-03 05:27:17.050926,1,0.75250316,1
O030246,C06697,P02252,2025-10-03 05:40:23.310582,0,0.540646,1
O030247,C04062,P00097,2025-10-03 05:53:29.570239,0,0.2961205,0
O030248,C00695,P00707,2025-10-03 06:06:35.829895,1,0.5031475,1
O030249,C03677,P01440,2025-10-03 06:19:42.089552,1,0.2913256,0
O030250,C07625,P02306,2025-10-03 06:32:48.349208,0,0.21615398,0
O030251,C00128,P00094,2025-10-03 06:45:54.608865,0,0.37880418,0
O030252,C07813,P00215,2025-10-03 06:59:00.868521,1,0.6663491,1
O030253,C06941,P02193,2025-10-03 07:12:07.128178,0,0.7234335,1
O030254,C02911,P01821,2025-10-03 07:25:13.387834,0,0.54533976,1
O030255,C06223,P01886,2025-10-03 07:38:19.647491,0,0.44959018,0
O030256,C02920,P01276,2025-10-03 07:51:25.907147,0,0.5502836,1
O030257,C04152,P00063,2025-10-03 08:04:32.166804,0,0.36417702,0
O030258,C07455,P02009,2025-10-03 08:17:38.426460,0,0.32937285,0
O030259,C02012,P00519,2025-10-03 08:30:44.686117,0,0.2801826,0
O030260,C06525,P00564,2025-10-03 08:43:50.945773,0,0.3343231,0
O030261,C02519,P01197,2025-10-03 08:56:57.205430,0,0.6490432,1
O030262,C02912,P01804,2025-10-03 09:10:03.465086,1,0.57976764,1
O030263,C03928,P02475,2025-10-03 09:23:09.724743,0,0.42015448,0
O030264,C01835,P02295,2025-10-03 09:36:15.984399,1,0.608511,1
O030265,C00735,P00302,2025-10-03 09:49:22.244056,0,0.62993336,1
O030266,C01343,P01748,2025-10-03 10:02:28.503712,0,0.30545995,0
O030267,C06801,P01360,2025-10-03 10:15:34.763369,0,0.51492965,1
O030268,C03417,P01210,2025-10-03 10:28:41.023025,0,0.64433336,1
O030269,C05960,P00712,2025-10-03 10:41:47.282682,0,0.23915516,0
O030270,C00302,P00748,2025-10-03 10:54:53.542338,0,0.36032814,0
O030271,C04877,P02378,2025-10-03 11:07:59.801995,1,0.6918595,1
O030272,C03884,P01073,2025-10-03 11:21:06.061651,0,0.14635871,0
O030273,C01408,P00721,2025-10-03 11:34:12.321308,0,0.52856624,1
O030274,C01586,P02070,2025-10-03 11:47:18.580964,1,0.22969961,0
O030275,C00429,P00369,2025-10-03 12:00:24.840621,0,0.443771,0
O030276,C03137,P02027,2025-10-03 12:13:31.100277,0,0.44745156,0
O030277,C02537,P01073,2025-10-03 12:26:37.359934,0,0.16429786,0
O030278,C01850,P00934,2025-10-03 12:39:43.619590,0,0.7382344,1
O030279,C06268,P00984,2025-10-03 12:52:49.879246,0,0.42238942,0
O030280,C01141,P01129,2025-10-03 13:05:56.138903,1,0.6558055,1
O030281,C00186,P01364,2025-10-03 13:19:02.398559,0,0.506138,1
O030282,C06103,P01432,2025-10-03 13:32:08.658216,0,0.6639242,1
O030283,C01842,P01679,2025-10-03 13:45:14.917872,0,0.41991305,0
O030284,C04890,P02339,2025-10-03 13:58:21.177529,0,0.45065552,0
O030285,C05773,P00819,2025-10-03 14:11:27.437185,0,0.3999784,0
O030286,C05501,P00438,2025-10-03 14:24:33.696842,0,0.59428334,1
O030287,C00007,P00876,2025-10-03 14:37:39.956498,0,0.72726923,1
O030288,C04568,P00409,2025-10-03 14:50:46.216155,0,0.3432722,0
O030289,C02460,P00885,2025-10-03 15:03:52.475811,0,0.15458,0
O030290,C06484,P02118,2025-10-03 15:16:58.735468,0,0.5753238,1
O030291,C02783,P01899,2025-10-03 15:30:04.995124,0,0.35775343,0
O030292,C06988,P01418,2025-10-03 15:43:11.254781,0,0.33529246,0
O030293,C05171,P02252,2025-10-03 15:56:17.514437,0,0.41352272,0
O030294,C04900,P02138,2025-10-03 16:09:23.774094,0,0.20576407,0
O030295,C01918,P00883,2025-10-03 16:22:30.033750,0,0.634425,1
O030296,C02936,P02344,2025-10-03 16:35:36.293407,1,0.5102025,1
O030297,C04664,P01901,2025-10-03 16:48:42.553063,0,0.43085784,0
O030298,C03871,P01575,2025-10-03 17:01:48.812720,0,0.38241312,0
O030299,C07656,P01156,2025-10-03 17:14:55.072376,0,0.187755,0
O030300,C07556,P00147,2025-10-03 17:28:01.332033,0,0.25049582,0
O030301,C00538,P01717,2025-10-03 17:41:07.591689,1,0.7043118,1
O030302,C07992,P00367,2025-10-03 17:54:13.851346,1,0.36243245,0
O030303,C00616,P02246,2025-10-03 18:07:20.111002,0,0.20355932,0
O030304,C05342,P01971,2025-10-03 18:20:26.370659,0,0.41360232,0
O030305,C04073,P02482,2025-10-03 18:33:32.630315,0,0.15885119,0
O030306,C01351,P01993,2025-10-03 18:46:38.889972,0,0.16754302,0
O030307,C07489,P01369,2025-10-03 18:59:45.149628,0,0.6141209,1
O030308,C06386,P00554,2025-10-03 19:12:51.409285,0,0.35942617,0
O030309,C05161,P02434,2025-10-03 19:25:57.668941,0,0.27670798,0
O030310,C01620,P01701,2025-10-03 19:39:03.928598,1,0.6246313,1
O030311,C01179,P00788,2025-10-03 19:52:10.188254,0,0.59860265,1
O030312,C01504,P01848,2025-10-03 20:05:16.447911,1,0.38957217,0
O030313,C01757,P00823,2025-10-03 20:18:22.707567,0,0.26384705,0
O030314,C07281,P00270,2025-10-03 20:31:28.967224,0,0.26766232,0
O030315,C03140,P02248,2025-10-03 20:44:35.226880,1,0.20355254,0
O030316,C00667,P00031,2025-10-03 20:57:41.486537,0,0.55856997,1
O030317,C01336,P00913,2025-10-03 21:10:47.746193,0,0.30112207,0
O030318,C03624,P00222,2025-10-03 21:23:54.005850,0,0.17698589,0
O030319,C01581,P00449,2025-10-03 21:37:00.265506,0,0.49329752,0
O030320,C06311,P01577,2025-10-03 21:50:06.525163,0,0.17238615,0
O030321,C01204,P00559,2025-10-03 22:03:12.784819,0,0.40013418,0
O030322,C04954,P00759,2025-10-03 22:16:19.044476,1,0.26106873,0
O030323,C02693,P00218,2025-10-03 22:29:25.304132,0,0.09216579,0
O030324,C07308,P01537,2025-10-03 22:42:31.563789,0,0.20720977,0
O030325,C03417,P01274,2025-10-03 22:55:37.823445,0,0.6228629,1
O030326,C03638,P01402,2025-10-03 23:08:44.083102,1,0.16405107,0
O030327,C06402,P01152,2025-10-03 23:21:50.342758,0,0.6560081,1
O030328,C00013,P00966,2025-10-03 23:34:56.602415,1,0.5143095,1
O030329,C05656,P02146,2025-10-03 23:48:02.862071,0,0.2717341,0
O030330,C00049,P02150,2025-10-04 00:01:09.121728,0,0.47375792,0
O030331,C00766,P01304,2025-10-04 00:14:15.381384,0,0.2560426,0
O030332,C07558,P00995,2025-10-04 00:27:21.641041,0,0.6748557,1
O030333,C06027,P00596,2025-10-04 00:40:27.900697,1,0.6028547,1
O030334,C06586,P00866,2025-10-04 00:53:34.160354,0,0.67364764,1
O030335,C05676,P01978,2025-10-04 01:06:40.420010,0,0.22203572,0
O030336,C02670,P00360,2025-10-04 01:19:46.679666,0,0.21786512,0
O030337,C03927,P01383,2025-10-04 01:32:52.939323,1,0.29860196,0
O030338,C00174,P01816,2025-10-04 01:45:59.198979,1,0.22353818,0
O030339,C04718,P01210,2025-10-04 01:59:05.458636,0,0.12814358,0
O030340,C03446,P00944,2025-10-04 02:12:11.718292,1,0.6101341,1
O030341,C00378,P01451,2025-10-04 02:25:17.977949,0,0.31823367,0
O030342,C00759,P02243,2025-10-04 02:38:24.237605,0,0.330454,0
O030343,C02203,P01825,2025-10-04 02:51:30.497262,0,0.5564949,1
O030344,C01925,P01015,2025-10-04 03:04:36.756918,0,0.3181384,0
O030345,C06907,P01109,2025-10-04 03:17:43.016575,0,0.3660913,0
O030346,C05217,P00522,2025-10-04 03:30:49.276231,0,0.68512607,1
O030347,C02474,P00018,2025-10-04 03:43:55.535888,0,0.6183769,1
O030348,C06717,P01499,2025-10-04 03:57:01.795544,0,0.6715637,1
O030349,C03930,P00596,2025-10-04 04:10:08.055201,1,0.6299157,1
O030350,C03691,P01534,2025-10-04 04:23:14.314857,0,0.30351907,0
O030351,C02906,P02395,2025-10-04 04:36:20.574514,0,0.2454144,0
O030352,C03107,P01238,2025-10-04 04:49:26.834170,0,0.5056804,1
O030353,C00308,P02105,2025-10-04 05:02:33.093827,0,0.53652,1
O030354,C06935,P01548,2025-10-04 05:15:39.353483,1,0.39281225,0
O030355,C02311,P00068,2025-10-04 05:28:45.613140,0,0.18424048,0
O030356,C00447,P02037,2025-10-04 05:41:51.872796,0,0.4032138,0
O030357,C01763,P00318,2025-10-04 05:54:58.132453,0,0.66662407,1
O030358,C01505,P00319,2025-10-04 06:08:04.392109,0,0.45456716,0
O030359,C04195,P00845,2025-10-04 06:21:10.651766,0,0.359116,0
O030360,C07979,P01078,2025-10-04 06:34:16.911422,0,0.67465943,1
O030361,C07868,P00734,2025-10-04 06:47:23.171079,1,0.33502787,0
O030362,C05560,P02448,2025-10-04 07:00:29.430735,1,0.70720977,1
O030363,C05106,P01529,2025-10-04 07:13:35.690392,1,0.5304896,1
O030364,C02574,P01183,2025-10-04 07:26:41.950048,0,0.48194575,0
O030365,C05203,P00306,2025-10-04 07:39:48.209705,0,0.7433937,1
O030366,C05141,P00754,2025-10-04 07:52:54.469361,0,0.21288365,0
O030367,C04767,P00063,2025-10-04 08:06:00.729018,0,0.26148632,0
O030368,C06629,P00785,2025-10-04 08:19:06.988674,0,0.3744876,0
O030369,C06604,P00128,2025-10-04 08:32:13.248331,0,0.5032459,1
O030370,C05939,P01414,2025-10-04 08:45:19.507987,0,0.30197152,0
O030371,C01825,P00890,2025-10-04 08:58:25.767644,0,0.27726808,0
O030372,C02047,P01200,2025-10-04 09:11:32.027300,0,0.44556075,0
O030373,C01658,P01915,2025-10-04 09:24:38.286957,0,0.50228554,1
O030374,C03133,P01066,2025-10-04 09:37:44.546613,0,0.35730067,0
O030375,C07312,P02452,2025-10-04 09:50:50.806270,1,0.6779611,1
O030376,C01432,P01260,2025-10-04 10:03:57.065926,1,0.2739755,0
O030377,C03353,P01339,2025-10-04 10:17:03.325583,1,0.52597153,1
O030378,C00398,P00993,2025-10-04 10:30:09.585239,0,0.22709388,0
O030379,C07509,P01746,2025-10-04 10:43:15.844896,0,0.1276275,0
O030380,C07798,P01688,2025-10-04 10:56:22.104552,1,0.68129534,1
O030381,C06786,P01067,2025-10-04 11:09:28.364209,1,0.48451176,0
O030382,C05588,P00490,2025-10-04 11:22:34.623865,0,0.48821706,0
O030383,C03890,P00438,2025-10-04 11:35:40.883522,0,0.51336694,1
O030384,C04819,P00700,2025-10-04 11:48:47.143178,0,0.6489831,1
O030385,C00374,P01557,2025-10-04 12:01:53.402835,0,0.2849795,0
O030386,C02566,P01887,2025-10-04 12:14:59.662491,0,0.16848792,0
O030387,C03998,P00609,2025-10-04 12:28:05.922148,1,0.488159,0
O030388,C04916,P01414,2025-10-04 12:41:12.181804,1,0.4048962,0
O030389,C01244,P01435,2025-10-04 12:54:18.441461,1,0.2130896,0
O030390,C04432,P01185,2025-10-04 13:07:24.701117,0,0.7103749,1
O030391,C00470,P00443,2025-10-04 13:20:30.960774,1,0.4526679,0
O030392,C07602,P02488,2025-10-04 13:33:37.220430,0,0.49157706,0
O030393,C05483,P00705,2025-10-04 13:46:43.480087,1,0.7211579,1
O030394,C04294,P01090,2025-10-04 13:59:49.739743,0,0.45199326,0
O030395,C00990,P00950,2025-10-04 14:12:55.999399,1,0.7028336,1
O030396,C05019,P02273,2025-10-04 14:26:02.259056,1,0.57208216,1
O030397,C00520,P01985,2025-10-04 14:39:08.518712,0,0.30436262,0
O030398,C04309,P00987,2025-10-04 14:52:14.778369,1,0.59879076,1
O030399,C01808,P02098,2025-10-04 15:05:21.038025,0,0.53434366,1
O030400,C03031,P02354,2025-10-04 15:18:27.297682,0,0.5738739,1
O030401,C04969,P02195,2025-10-04 15:31:33.557338,0,0.18615751,0
O030402,C00164,P00009,2025-10-04 15:44:39.816995,0,0.6444819,1
O030403,C00525,P00843,2025-10-04 15:57:46.076651,0,0.57491297,1
O030404,C04897,P02491,2025-10-04 16:10:52.336308,1,0.70300645,1
O030405,C07766,P01274,2025-10-04 16:23:58.595964,0,0.34368294,0
O030406,C05705,P00260,2025-10-04 16:37:04.855621,0,0.48103666,0
O030407,C06350,P01544,2025-10-04 16:50:11.115277,1,0.605394,1
O030408,C04089,P02449,2025-10-04 17:03:17.374934,0,0.6369201,1
O030409,C01417,P00686,2025-10-04 17:16:23.634590,0,0.51135325,1
O030410,C05518,P01242,2025-10-04 17:29:29.894247,0,0.2023427,0
O030411,C07623,P00027,2025-10-04 17:42:36.153903,0,0.4914514,0
O030412,C01022,P02453,2025-10-04 17:55:42.413560,0,0.4615255,0
O030413,C07932,P02245,2025-10-04 18:08:48.673216,0,0.33972648,0
O030414,C02228,P00085,2025-10-04 18:21:54.932873,0,0.22493821,0
O030415,C05820,P00903,2025-10-04 18:35:01.192529,0,0.25239006,0
O030416,C07206,P01500,2025-10-04 18:48:07.452186,0,0.20801465,0
O030417,C07556,P00224,2025-10-04 19:01:13.711842,0,0.4706559,0
O030418,C07841,P00217,2025-10-04 19:14:19.971499,0,0.58581054,1
O030419,C01345,P01843,2025-10-04 19:27:26.231155,0,0.5444611,1
O030420,C00696,P02253,2025-10-04 19:40:32.490812,1,0.6648106,1
O030421,C02511,P02486,2025-10-04 19:53:38.750468,0,0.29957986,0
O030422,C01835,P00185,2025-10-04 20:06:45.010125,0,0.48347792,0
O030423,C06886,P01624,2025-10-04 20:19:51.269781,0,0.43221587,0
O030424,C05889,P00646,2025-10-04 20:32:57.529438,0,0.5682578,1
O030425,C01057,P01403,2025-10-04 20:46:03.789094,0,0.70006394,1
O030426,C01696,P00696,2025-10-04 20:59:10.048751,0,0.6661014,1
O030427,C02782,P01108,2025-10-04 21:12:16.308407,0,0.43738022,0
O030428,C06988,P00412,2025-10-04 21:25:22.568064,0,0.49886367,0
O030429,C00726,P00642,2025-10-04 21:38:28.827720,1,0.7369829,1
O030430,C01563,P00265,2025-10-04 21:51:35.087377,0,0.4678265,0
O030431,C02823,P02143,2025-10-04 22:04:41.347033,0,0.64046377,1
O030432,C07267,P01004,2025-10-04 22:17:47.606690,1,0.7788446,1
O030433,C03689,P01466,2025-10-04 22:30:53.866346,0,0.27380317,0
O030434,C06607,P02298,2025-10-04 22:44:00.126003,0,0.78508794,1
O030435,C06705,P00188,2025-10-04 22:57:06.385659,0,0.17725962,0
O030436,C01999,P01066,2025-10-04 23:10:12.645316,0,0.41745192,0
O030437,C03399,P00955,2025-10-04 23:23:18.904972,0,0.31573692,0
O030438,C04452,P01854,2025-10-04 23:36:25.164629,1,0.6312957,1
O030439,C03441,P01202,2025-10-04 23:49:31.424285,0,0.44328535,0
O030440,C03719,P00691,2025-10-05 00:02:37.683942,0,0.21153094,0
O030441,C05509,P02453,2025-10-05 00:15:43.943598,1,0.63352007,1
O030442,C05589,P00913,2025-10-05 00:28:50.203255,0,0.39120084,0
O030443,C03311,P01369,2025-10-05 00:41:56.462911,0,0.59949887,1
O030444,C02890,P00192,2025-10-05 00:55:02.722568,0,0.45307142,0
O030445,C03067,P02091,2025-10-05 01:08:08.982224,0,0.54573834,1
O030446,C03293,P02099,2025-10-05 01:21:15.241881,0,0.136992,0
O030447,C03505,P01123,2025-10-05 01:34:21.501537,0,0.43380666,0
O030448,C04708,P00982,2025-10-05 01:47:27.761194,0,0.21266727,0
O030449,C02627,P01523,2025-10-05 02:00:34.020850,0,0.21803059,0
O030450,C03756,P01301,2025-10-05 02:13:40.280507,0,0.17160627,0
O030451,C02226,P00821,2025-10-05 02:26:46.540163,0,0.6054663,1
O030452,C06300,P00388,2025-10-05 02:39:52.799819,0,0.35836384,0
O030453,C07234,P01364,2025-10-05 02:52:59.059476,1,0.67280024,1
O030454,C02200,P01469,2025-10-05 03:06:05.319132,1,0.73384887,1
O030455,C02592,P00663,2025-10-05 03:19:11.578789,0,0.3517196,0
O030456,C02989,P00240,2025-10-05 03:32:17.838445,0,0.23418495,0
O030457,C06506,P02263,2025-10-05 03:45:24.098102,1,0.72376347,1
O030458,C07267,P01225,2025-10-05 03:58:30.357758,1,0.6961763,1
O030459,C02520,P00958,2025-10-05 04:11:36.617415,0,0.44927195,0
O030460,C01737,P02242,2025-10-05 04:24:42.877071,0,0.33795416,0
O030461,C05252,P00840,2025-10-05 04:37:49.136728,0,0.7347239,1
O030462,C03068,P02364,2025-10-05 04:50:55.396384,0,0.2273336,0
O030463,C05865,P01184,2025-10-05 05:04:01.656041,0,0.1965328,0
O030464,C01797,P02324,2025-10-05 05:17:07.915697,0,0.0853028,0
O030465,C06830,P00613,2025-10-05 05:30:14.175354,0,0.2711768,0
O030466,C01544,P02294,2025-10-05 05:43:20.435010,0,0.50505036,1
O030467,C05429,P00274,2025-10-05 05:56:26.694667,0,0.43798566,0
O030468,C05037,P01465,2025-10-05 06:09:32.954323,0,0.37659222,0
O030469,C02624,P00560,2025-10-05 06:22:39.213980,0,0.15644467,0
O030470,C05347,P00623,2025-10-05 06:35:45.473636,0,0.33016595,0
O030471,C01129,P00522,2025-10-05 06:48:51.733293,0,0.5130305,1
O030472,C07730,P01991,2025-10-05 07:01:57.992949,0,0.6868607,1
O030473,C05267,P01583,2025-10-05 07:15:04.252606,0,0.5171017,1
O030474,C03130,P00165,2025-10-05 07:28:10.512262,0,0.23054484,0
O030475,C00711,P02347,2025-10-05 07:41:16.771919,1,0.53721786,1
O030476,C03940,P02436,2025-10-05 07:54:23.031575,0,0.60303,1
O030477,C02672,P00103,2025-10-05 08:07:29.291232,0,0.31778413,0
O030478,C04417,P01930,2025-10-05 08:20:35.550888,0,0.28249398,0
O030479,C06279,P01859,2025-10-05 08:33:41.810545,0,0.55300486,1
O030480,C02101,P01276,2025-10-05 08:46:48.070201,0,0.50728446,1
O030481,C04374,P00361,2025-10-05 08:59:54.329858,0,0.54449606,1
O030482,C05595,P02425,2025-10-05 09:13:00.589514,0,0.2999717,0
O030483,C04390,P01433,2025-10-05 09:26:06.849171,0,0.45619786,0
O030484,C07700,P01521,2025-10-05 09:39:13.108827,0,0.53037584,1
O030485,C00042,P02443,2025-10-05 09:52:19.368484,0,0.43034726,0
O030486,C01316,P00078,2025-10-05 10:05:25.628140,0,0.27114534,0
O030487,C02892,P00159,2025-10-05 10:18:31.887797,0,0.16371725,0
O030488,C07636,P01625,2025-10-05 10:31:38.147453,0,0.26624942,0
O030489,C03676,P02321,2025-10-05 10:44:44.407110,0,0.4108406,0
O030490,C02191,P01664,2025-10-05 10:57:50.666766,1,0.71236616,1
O030491,C07425,P00540,2025-10-05 11:10:56.926423,0,0.5658039,1
O030492,C04931,P00128,2025-10-05 11:24:03.186079,0,0.29743955,0
O030493,C07397,P00717,2025-10-05 11:37:09.445736,1,0.73181826,1
O030494,C03777,P01134,2025-10-05 11:50:15.705392,0,0.2963028,0
O030495,C05978,P01120,2025-10-05 12:03:21.965049,1,0.67437243,1
O030496,C03350,P01740,2025-10-05 12:16:28.224705,1,0.65209246,1
O030497,C00215,P00070,2025-10-05 12:29:34.484362,0,0.41356486,0
O030498,C00549,P02080,2025-10-05 12:42:40.744018,0,0.23999245,0
O030499,C02575,P00658,2025-10-05 12:55:47.003675,0,0.78186935,1
O030500,C02775,P00387,2025-10-05 13:08:53.263331,0,0.61112016,1
O030501,C02008,P01974,2025-10-05 13:21:59.522988,0,0.81216383,1
O030502,C00969,P00182,2025-10-05 13:35:05.782644,0,0.22708154,0
O030503,C01712,P00273,2025-10-05 13:48:12.042301,0,0.49376377,0
O030504,C06518,P00516,2025-10-05 14:01:18.301957,1,0.59108895,1
O030505,C00535,P01135,2025-10-05 14:14:24.561614,0,0.58784604,1
O030506,C01995,P01113,2025-10-05 14:27:30.821270,1,0.8130414,1
O030507,C02421,P01722,2025-10-05 14:40:37.080927,0,0.7622238,1
O030508,C06858,P00678,2025-10-05 14:53:43.340583,0,0.5217332,1
O030509,C07050,P02429,2025-10-05 15:06:49.600240,0,0.47167024,0
O030510,C01617,P01772,2025-10-05 15:19:55.859896,0,0.29147997,0
O030511,C07434,P01464,2025-10-05 15:33:02.119552,0,0.49372494,0
O030512,C02860,P01630,2025-10-05 15:46:08.379209,0,0.32061267,0
O030513,C06373,P00166,2025-10-05 15:59:14.638865,0,0.20602675,0
O030514,C00006,P01255,2025-10-05 16:12:20.898522,0,0.55741084,1
O030515,C07711,P00958,2025-10-05 16:25:27.158178,1,0.602915,1
O030516,C06364,P02390,2025-10-05 16:38:33.417835,0,0.7679198,1
O030517,C01629,P01531,2025-10-05 16:51:39.677491,0,0.48120826,0
O030518,C07027,P02354,2025-10-05 17:04:45.937148,0,0.6918148,1
O030519,C07331,P02194,2025-10-05 17:17:52.196804,1,0.6138802,1
O030520,C03958,P00997,2025-10-05 17:30:58.456461,0,0.18708535,0
O030521,C00940,P00196,2025-10-05 17:44:04.716117,0,0.4145758,0
O030522,C04698,P00678,2025-10-05 17:57:10.975774,1,0.4111101,0
O030523,C02539,P01254,2025-10-05 18:10:17.235430,0,0.3420056,0
O030524,C01298,P01614,2025-10-05 18:23:23.495087,0,0.2296959,0
O030525,C01219,P01970,2025-10-05 18:36:29.754743,0,0.26361904,0
O030526,C02976,P01468,2025-10-05 18:49:36.014400,0,0.5143286,1
O030527,C07054,P01927,2025-10-05 19:02:42.274056,0,0.537409,1
O030528,C00279,P01703,2025-10-05 19:15:48.533713,0,0.63356364,1
O030529,C04673,P00116,2025-10-05 19:28:54.793369,0,0.285011,0
O030530,C07522,P00321,2025-10-05 19:42:01.053026,0,0.1967312,0
O030531,C06550,P00969,2025-10-05 19:55:07.312682,0,0.3323335,0
O030532,C06837,P01088,2025-10-05 20:08:13.572339,1,0.4101381,0
O030533,C06400,P00040,2025-10-05 20:21:19.831995,0,0.30110842,0
O030534,C06874,P02385,2025-10-05 20:34:26.091652,0,0.52470964,1
O030535,C04997,P01845,2025-10-05 20:47:32.351308,0,0.6020856,1
O030536,C01723,P02035,2025-10-05 21:00:38.610965,0,0.5109451,1
O030537,C03611,P00366,2025-10-05 21:13:44.870621,1,0.5287558,1
O030538,C04128,P02152,2025-10-05 21:26:51.130278,0,0.41659498,0
O030539,C00096,P02151,2025-10-05 21:39:57.389934,0,0.34372395,0
O030540,C02486,P02000,2025-10-05 21:53:03.649591,0,0.47238654,0
O030541,C04457,P01395,2025-10-05 22:06:09.909247,0,0.5354397,1
O030542,C01615,P00465,2025-10-05 22:19:16.168904,1,0.7049431,1
O030543,C07739,P02041,2025-10-05 22:32:22.428560,1,0.5339224,1
O030544,C01972,P02044,2025-10-05 22:45:28.688217,0,0.67614174,1
O030545,C05967,P00106,2025-10-05 22:58:34.947873,0,0.52112436,1
O030546,C06827,P00307,2025-10-05 23:11:41.207530,0,0.24219388,0
O030547,C06989,P01808,2025-10-05 23:24:47.467186,0,0.37209105,0
O030548,C02309,P00581,2025-10-05 23:37:53.726843,0,0.31121942,0
O030549,C03588,P02381,2025-10-05 23:50:59.986499,1,0.21272281,0
O030550,C05951,P01173,2025-10-06 00:04:06.246156,0,0.6330482,1
O030551,C00827,P02301,2025-10-06 00:17:12.505812,0,0.21240015,0
O030552,C05181,P01076,2025-10-06 00:30:18.765469,0,0.7780136,1
O030553,C07477,P01254,2025-10-06 00:43:25.025125,0,0.48675707,0
O030554,C00759,P02070,2025-10-06 00:56:31.284782,0,0.21700348,0
O030555,C02183,P01201,2025-10-06 01:09:37.544438,0,0.6439501,1
O030556,C01534,P01247,2025-10-06 01:22:43.804095,0,0.22510287,0
O030557,C03987,P02200,2025-10-06 01:35:50.063751,0,0.36569944,0
O030558,C07063,P00078,2025-10-06 01:48:56.323408,0,0.22583912,0
O030559,C06952,P00153,2025-10-06 02:02:02.583064,0,0.54245055,1
O030560,C02313,P01995,2025-10-06 02:15:08.842721,0,0.3632833,0
O030561,C01589,P00295,2025-10-06 02:28:15.102377,0,0.82271326,1
O030562,C01603,P01160,2025-10-06 02:41:21.362034,0,0.27103585,0
O030563,C06781,P00082,2025-10-06 02:54:27.621690,0,0.19934992,0
O030564,C03558,P00450,2025-10-06 03:07:33.881347,0,0.39558065,0
O030565,C05168,P00631,2025-10-06 03:20:40.141003,0,0.73547035,1
O030566,C07688,P00223,2025-10-06 03:33:46.400660,0,0.32294002,0
O030567,C01387,P01939,2025-10-06 03:46:52.660316,1,0.6573719,1
O030568,C04305,P02441,2025-10-06 03:59:58.919973,0,0.49134204,0
O030569,C06880,P02471,2025-10-06 04:13:05.179629,0,0.17077975,0
O030570,C00975,P00943,2025-10-06 04:26:11.439285,0,0.5727691,1
O030571,C00854,P00378,2025-10-06 04:39:17.698942,0,0.5260397,1
O030572,C01504,P01253,2025-10-06 04:52:23.958598,0,0.3405456,0
O030573,C07411,P02278,2025-10-06 05:05:30.218255,0,0.6580146,1
O030574,C00074,P01836,2025-10-06 05:18:36.477911,0,0.17492925,0
O030575,C06058,P01613,2025-10-06 05:31:42.737568,0,0.5075796,1
O030576,C03691,P02231,2025-10-06 05:44:48.997224,0,0.33526286,0
O030577,C03537,P00968,2025-10-06 05:57:55.256881,0,0.40032646,0
O030578,C02919,P00375,2025-10-06 06:11:01.516537,0,0.21893372,0
O030579,C04162,P01658,2025-10-06 06:24:07.776194,1,0.617554,1
O030580,C04292,P00782,2025-10-06 06:37:14.035850,0,0.3759701,0
O030581,C04894,P02442,2025-10-06 06:50:20.295507,1,0.3664441,0
O030582,C01440,P00944,2025-10-06 07:03:26.555163,0,0.5829144,1
O030583,C04193,P01967,2025-10-06 07:16:32.814820,0,0.67147624,1
O030584,C01219,P01201,2025-10-06 07:29:39.074476,0,0.5016126,1
O030585,C00862,P00623,2025-10-06 07:42:45.334133,0,0.22959387,0
O030586,C07491,P01416,2025-10-06 07:55:51.593789,0,0.5185843,1
O030587,C02566,P02462,2025-10-06 08:08:57.853446,0,0.32725343,0
O030588,C04612,P00532,2025-10-06 08:22:04.113102,0,0.495156,0
O030589,C05489,P00750,2025-10-06 08:35:10.372759,0,0.41574755,0
O030590,C05584,P01469,2025-10-06 08:48:16.632415,0,0.57027566,1
O030591,C01283,P01176,2025-10-06 09:01:22.892072,0,0.2867852,0
O030592,C03634,P00091,2025-10-06 09:14:29.151728,1,0.33313885,0
O030593,C04669,P00122,2025-10-06 09:27:35.411385,1,0.36974463,0
O030594,C03077,P02368,2025-10-06 09:40:41.671041,1,0.8008232,1
O030595,C03231,P01268,2025-10-06 09:53:47.930698,0,0.28274205,0
O030596,C00061,P02205,2025-10-06 10:06:54.190354,0,0.5958968,1
O030597,C07519,P02259,2025-10-06 10:20:00.450011,1,0.3605958,0
O030598,C02534,P00387,2025-10-06 10:33:06.709667,0,0.3399152,0
O030599,C03296,P01602,2025-10-06 10:46:12.969324,0,0.37248045,0
O030600,C07776,P00179,2025-10-06 10:59:19.228980,1,0.43446112,0
O030601,C06979,P02290,2025-10-06 11:12:25.488637,1,0.75938326,1
O030602,C01296,P01816,2025-10-06 11:25:31.748293,0,0.34922606,0
O030603,C03499,P01277,2025-10-06 11:38:38.007950,0,0.23086207,0
O030604,C04827,P01162,2025-10-06 11:51:44.267606,0,0.2832029,0
O030605,C02065,P00936,2025-10-06 12:04:50.527263,0,0.7837612,1
O030606,C01758,P01954,2025-10-06 12:17:56.786919,1,0.123343974,0
O030607,C04946,P02108,2025-10-06 12:31:03.046576,0,0.30981648,0
O030608,C07437,P00055,2025-10-06 12:44:09.306232,0,0.46348056,0
O030609,C02401,P01744,2025-10-06 12:57:15.565889,0,0.28303817,0
O030610,C00703,P01758,2025-10-06 13:10:21.825545,0,0.26373842,0
O030611,C07539,P00710,2025-10-06 13:23:28.085202,0,0.22393766,0
O030612,C03437,P01469,2025-10-06 13:36:34.344858,0,0.5580523,1
O030613,C01381,P00359,2025-10-06 13:49:40.604515,0,0.30190164,0
O030614,C00135,P01776,2025-10-06 14:02:46.864171,0,0.24072908,0
O030615,C06016,P00763,2025-10-06 14:15:53.123828,0,0.47592714,0
O030616,C01220,P01866,2025-10-06 14:28:59.383484,0,0.2148275,0
O030617,C06396,P02389,2025-10-06 14:42:05.643141,0,0.36122715,0
O030618,C07054,P02169,2025-10-06 14:55:11.902797,0,0.34516943,0
O030619,C04335,P00504,2025-10-06 15:08:18.162454,0,0.4519202,0
O030620,C00947,P00432,2025-10-06 15:21:24.422110,0,0.5897814,1
O030621,C03719,P02106,2025-10-06 15:34:30.681767,0,0.22679612,0
O030622,C06454,P02309,2025-10-06 15:47:36.941423,0,0.33180022,0
O030623,C06506,P00404,2025-10-06 16:00:43.201080,0,0.5650522,1
O030624,C01391,P01468,2025-10-06 16:13:49.460736,0,0.5147433,1
O030625,C04430,P01618,2025-10-06 16:26:55.720393,0,0.55030715,1
O030626,C01206,P00987,2025-10-06 16:40:01.980049,0,0.29556885,0
O030627,C00463,P00376,2025-10-06 16:53:08.239705,0,0.2649099,0
O030628,C07334,P00860,2025-10-06 17:06:14.499362,0,0.47867462,0
O030629,C05208,P01983,2025-10-06 17:19:20.759018,0,0.5004242,1
O030630,C03697,P02499,2025-10-06 17:32:27.018675,0,0.34515387,0
O030631,C01691,P00455,2025-10-06 17:45:33.278331,0,0.17457093,0
O030632,C02514,P01218,2025-10-06 17:58:39.537988,0,0.24053378,0
O030633,C00934,P00781,2025-10-06 18:11:45.797644,1,0.7277331,1
O030634,C07466,P01133,2025-10-06 18:24:52.057301,1,0.6373551,1
O030635,C02740,P00829,2025-10-06 18:37:58.316957,0,0.06517499,0
O030636,C06365,P01116,2025-10-06 18:51:04.576614,0,0.16457058,0
O030637,C07723,P01552,2025-10-06 19:04:10.836270,0,0.2046004,0
O030638,C04645,P02438,2025-10-06 19:17:17.095927,1,0.581011,1
O030639,C05510,P01191,2025-10-06 19:30:23.355583,0,0.39461,0
O030640,C02192,P02213,2025-10-06 19:43:29.615240,0,0.3272237,0
O030641,C00745,P02233,2025-10-06 19:56:35.874896,0,0.2553798,0
O030642,C07412,P00363,2025-10-06 20:09:42.134553,0,0.62082976,1
O030643,C05609,P02464,2025-10-06 20:22:48.394209,0,0.5074136,1
O030644,C03444,P02437,2025-10-06 20:35:54.653866,1,0.78255504,1
O030645,C07776,P00841,2025-10-06 20:49:00.913522,0,0.34394488,0
O030646,C00908,P01083,2025-10-06 21:02:07.173179,0,0.24731663,0
O030647,C05422,P00188,2025-10-06 21:15:13.432835,0,0.12259728,0
O030648,C07383,P01013,2025-10-06 21:28:19.692492,1,0.81823874,1
O030649,C05947,P00352,2025-10-06 21:41:25.952148,0,0.22294931,0
O030650,C05169,P00404,2025-10-06 21:54:32.211805,1,0.20682372,0
O030651,C07933,P02123,2025-10-06 22:07:38.471461,0,0.29524255,0
O030652,C07221,P00367,2025-10-06 22:20:44.731118,0,0.29840228,0
O030653,C06196,P01708,2025-10-06 22:33:50.990774,0,0.5439627,1
O030654,C03856,P00763,2025-10-06 22:46:57.250431,0,0.40494186,0
O030655,C07364,P00302,2025-10-06 23:00:03.510087,0,0.6088816,1
O030656,C05700,P00404,2025-10-06 23:13:09.769744,0,0.47809026,0
O030657,C06146,P02359,2025-10-06 23:26:16.029400,0,0.39048484,0
O030658,C00527,P00820,2025-10-06 23:39:22.289057,0,0.4191617,0
O030659,C01881,P01949,2025-10-06 23:52:28.548713,0,0.23009403,0
O030660,C02234,P01172,2025-10-07 00:05:34.808370,0,0.5214252,1
O030661,C06035,P00404,2025-10-07 00:18:41.068026,0,0.22179289,0
O030662,C03417,P00902,2025-10-07 00:31:47.327683,0,0.448353,0
O030663,C00203,P01705,2025-10-07 00:44:53.587339,1,0.3060535,0
O030664,C01003,P01897,2025-10-07 00:57:59.846996,0,0.47245634,0
O030665,C03112,P01287,2025-10-07 01:11:06.106652,0,0.4164311,0
O030666,C07332,P00513,2025-10-07 01:24:12.366309,0,0.2156726,0
O030667,C05261,P00630,2025-10-07 01:37:18.625965,0,0.5622633,1
O030668,C04408,P00490,2025-10-07 01:50:24.885622,1,0.4741757,0
O030669,C02829,P01754,2025-10-07 02:03:31.145278,1,0.43183807,0
O030670,C02040,P01245,2025-10-07 02:16:37.404935,0,0.29188365,0
O030671,C01776,P01781,2025-10-07 02:29:43.664591,0,0.43223724,0
O030672,C04670,P02127,2025-10-07 02:42:49.924248,0,0.30333716,0
O030673,C07251,P01695,2025-10-07 02:55:56.183904,0,0.54177535,1
O030674,C00106,P01141,2025-10-07 03:09:02.443561,0,0.24203266,0
O030675,C01193,P02446,2025-10-07 03:22:08.703217,0,0.32765564,0
O030676,C06297,P02131,2025-10-07 03:35:14.962874,0,0.2942852,0
O030677,C00855,P00897,2025-10-07 03:48:21.222530,0,0.3726794,0
O030678,C03393,P01217,2025-10-07 04:01:27.482187,0,0.26004428,0
O030679,C03937,P02266,2025-10-07 04:14:33.741843,0,0.22213398,0
O030680,C01413,P01598,2025-10-07 04:27:40.001500,0,0.5933349,1
O030681,C07574,P00627,2025-10-07 04:40:46.261156,1,0.5381428,1
O030682,C06573,P01374,2025-10-07 04:53:52.520813,0,0.40759245,0
O030683,C00478,P01522,2025-10-07 05:06:58.780469,0,0.30922204,0
O030684,C04687,P02489,2025-10-07 05:20:05.040126,0,0.25304136,0
O030685,C05388,P01820,2025-10-07 05:33:11.299782,0,0.26407197,0
O030686,C00799,P01186,2025-10-07 05:46:17.559438,1,0.35398602,0
O030687,C04605,P00515,2025-10-07 05:59:23.819095,1,0.67053854,1
O030688,C03350,P01720,2025-10-07 06:12:30.078751,0,0.39950508,0
O030689,C02139,P00428,2025-10-07 06:25:36.338408,0,0.32147092,0
O030690,C06508,P01820,2025-10-07 06:38:42.598064,1,0.5767913,1
O030691,C00017,P01344,2025-10-07 06:51:48.857721,0,0.37630224,0
O030692,C02101,P02107,2025-10-07 07:04:55.117377,0,0.47974995,0
O030693,C00825,P01637,2025-10-07 07:18:01.377034,0,0.46972108,0
O030694,C05117,P01693,2025-10-07 07:31:07.636690,0,0.20824851,0
O030695,C07491,P00565,2025-10-07 07:44:13.896347,1,0.35159925,0
O030696,C00581,P02355,2025-10-07 07:57:20.156003,0,0.41316465,0
O030697,C04576,P01133,2025-10-07 08:10:26.415660,0,0.5576282,1
O030698,C00690,P02105,2025-10-07 08:23:32.675316,0,0.72585416,1
O030699,C04229,P02448,2025-10-07 08:36:38.934973,1,0.70173913,1
O030700,C04166,P02157,2025-10-07 08:49:45.194629,0,0.5191379,1
O030701,C00621,P02199,2025-10-07 09:02:51.454286,0,0.2550847,0
O030702,C04172,P02408,2025-10-07 09:15:57.713942,0,0.6249337,1
O030703,C05839,P01015,2025-10-07 09:29:03.973599,0,0.4201769,0
O030704,C00139,P00795,2025-10-07 09:42:10.233255,1,0.5451355,1
O030705,C02117,P00838,2025-10-07 09:55:16.492912,0,0.43002343,0
O030706,C07782,P01498,2025-10-07 10:08:22.752568,0,0.28829485,0
O030707,C04596,P00055,2025-10-07 10:21:29.012225,0,0.4320134,0
O030708,C03632,P00215,2025-10-07 10:34:35.271881,0,0.5747502,1
O030709,C05708,P01360,2025-10-07 10:47:41.531538,1,0.69710296,1
O030710,C01673,P01500,2025-10-07 11:00:47.791194,0,0.45554462,0
O030711,C05044,P02031,2025-10-07 11:13:54.050851,0,0.55998063,1
O030712,C07681,P00421,2025-10-07 11:27:00.310507,1,0.6799019,1
O030713,C06805,P00856,2025-10-07 11:40:06.570164,0,0.73830706,1
O030714,C07467,P01306,2025-10-07 11:53:12.829820,0,0.4432092,0
O030715,C07247,P01773,2025-10-07 12:06:19.089477,0,0.34132683,0
O030716,C06938,P00596,2025-10-07 12:19:25.349133,0,0.5779994,1
O030717,C05438,P02151,2025-10-07 12:32:31.608790,0,0.20654263,0
O030718,C00458,P02299,2025-10-07 12:45:37.868446,1,0.76271445,1
O030719,C07081,P00980,2025-10-07 12:58:44.128103,0,0.4595698,0
O030720,C01746,P00270,2025-10-07 13:11:50.387759,1,0.22853187,0
O030721,C07906,P00138,2025-10-07 13:24:56.647416,0,0.19596674,0
O030722,C02355,P01198,2025-10-07 13:38:02.907072,0,0.33204958,0
O030723,C06636,P00120,2025-10-07 13:51:09.166729,1,0.65973425,1
O030724,C06677,P01947,2025-10-07 14:04:15.426385,0,0.6766686,1
O030725,C04305,P01209,2025-10-07 14:17:21.686042,0,0.6504687,1
O030726,C07256,P01031,2025-10-07 14:30:27.945698,0,0.42577124,0
O030727,C07807,P01246,2025-10-07 14:43:34.205355,1,0.7790211,1
O030728,C00532,P01151,2025-10-07 14:56:40.465011,1,0.82792294,1
O030729,C00650,P02190,2025-10-07 15:09:46.724668,0,0.26053014,0
O030730,C06269,P02079,2025-10-07 15:22:52.984324,1,0.78470606,1
O030731,C07207,P00614,2025-10-07 15:35:59.243981,0,0.26422057,0
O030732,C00473,P01306,2025-10-07 15:49:05.503637,0,0.6300733,1
O030733,C04800,P02381,2025-10-07 16:02:11.763294,1,0.2595096,0
O030734,C01458,P01690,2025-10-07 16:15:18.022950,0,0.537095,1
O030735,C04056,P00365,2025-10-07 16:28:24.282607,0,0.41156852,0
O030736,C01135,P00441,2025-10-07 16:41:30.542263,1,0.7152384,1
O030737,C04417,P01554,2025-10-07 16:54:36.801920,0,0.66848505,1
O030738,C05728,P02307,2025-10-07 17:07:43.061576,1,0.7452907,1
O030739,C04633,P00820,2025-10-07 17:20:49.321233,1,0.38376588,0
O030740,C02081,P01738,2025-10-07 17:33:55.580889,0,0.32758784,0
O030741,C02858,P01312,2025-10-07 17:47:01.840546,0,0.46374822,0
O030742,C01978,P02440,2025-10-07 18:00:08.100202,0,0.3528271,0
O030743,C06352,P00223,2025-10-07 18:13:14.359858,0,0.2994633,0
O030744,C03943,P02113,2025-10-07 18:26:20.619515,1,0.5451719,1
O030745,C04435,P02290,2025-10-07 18:39:26.879171,0,0.7337498,1
O030746,C04358,P02198,2025-10-07 18:52:33.138828,0,0.5700335,1
O030747,C00074,P00556,2025-10-07 19:05:39.398484,0,0.1644893,0
O030748,C00608,P01431,2025-10-07 19:18:45.658141,0,0.15239468,0
O030749,C01517,P00050,2025-10-07 19:31:51.917797,0,0.56075627,1
O030750,C01835,P01639,2025-10-07 19:44:58.177454,0,0.33272955,0
O030751,C01792,P02021,2025-10-07 19:58:04.437110,0,0.3857193,0
O030752,C03268,P01672,2025-10-07 20:11:10.696767,0,0.27313772,0
O030753,C01426,P02234,2025-10-07 20:24:16.956423,0,0.7325882,1
O030754,C06367,P01283,2025-10-07 20:37:23.216080,0,0.40240142,0
O030755,C02466,P00648,2025-10-07 20:50:29.475736,0,0.45521992,0
O030756,C00599,P01284,2025-10-07 21:03:35.735393,1,0.21587406,0
O030757,C05705,P02139,2025-10-07 21:16:41.995049,1,0.6826425,1
O030758,C07402,P02178,2025-10-07 21:29:48.254706,0,0.46477985,0
O030759,C00038,P01486,2025-10-07 21:42:54.514362,1,0.5486468,1
O030760,C04668,P01236,2025-10-07 21:56:00.774019,0,0.41961572,0
O030761,C02768,P01404,2025-10-07 22:09:07.033675,0,0.37671944,0
O030762,C03790,P00836,2025-10-07 22:22:13.293332,1,0.40540326,0
O030763,C06981,P02497,2025-10-07 22:35:19.552988,0,0.25863403,0
O030764,C05887,P01238,2025-10-07 22:48:25.812645,1,0.64408946,1
O030765,C07768,P00366,2025-10-07 23:01:32.072301,0,0.36355606,0
O030766,C01506,P02065,2025-10-07 23:14:38.331958,0,0.5002377,1
O030767,C03414,P01748,2025-10-07 23:27:44.591614,0,0.31384832,0
O030768,C00234,P01746,2025-10-07 23:40:50.851271,0,0.17880876,0
O030769,C05056,P02040,2025-10-07 23:53:57.110927,0,0.56423855,1
O030770,C06821,P00083,2025-10-08 00:07:03.370584,1,0.25562513,0
O030771,C02524,P01305,2025-10-08 00:20:09.630240,0,0.122694336,0
O030772,C04263,P01533,2025-10-08 00:33:15.889897,0,0.45310056,0
O030773,C03686,P02433,2025-10-08 00:46:22.149553,1,0.5852396,1
O030774,C07875,P01882,2025-10-08 00:59:28.409210,0,0.28911927,0
O030775,C06300,P02474,2025-10-08 01:12:34.668866,0,0.5865854,1
O030776,C04992,P01931,2025-10-08 01:25:40.928523,1,0.51990795,1
O030777,C05223,P01587,2025-10-08 01:38:47.188179,0,0.39754912,0
O030778,C05697,P00248,2025-10-08 01:51:53.447836,0,0.6690478,1
O030779,C05393,P00084,2025-10-08 02:04:59.707492,1,0.6114164,1
O030780,C07177,P01781,2025-10-08 02:18:05.967149,0,0.30708095,0
O030781,C00396,P02216,2025-10-08 02:31:12.226805,0,0.27302596,0
O030782,C05601,P00296,2025-10-08 02:44:18.486462,0,0.68351436,1
O030783,C06864,P01975,2025-10-08 02:57:24.746118,1,0.62908983,1
O030784,C03108,P01031,2025-10-08 03:10:31.005775,0,0.30414462,0
O030785,C01876,P00237,2025-10-08 03:23:37.265431,0,0.33598036,0
O030786,C02128,P02008,2025-10-08 03:36:43.525088,0,0.421434,0
O030787,C04110,P02477,2025-10-08 03:49:49.784744,0,0.5995322,1
O030788,C03698,P01258,2025-10-08 04:02:56.044401,1,0.293114,0
O030789,C07694,P00197,2025-10-08 04:16:02.304057,0,0.6183415,1
O030790,C03804,P01019,2025-10-08 04:29:08.563714,1,0.47059304,0
O030791,C02820,P02483,2025-10-08 04:42:14.823370,0,0.39047533,0
O030792,C03676,P01070,2025-10-08 04:55:21.083027,0,0.4315925,0
O030793,C07007,P02042,2025-10-08 05:08:27.342683,0,0.23625101,0
O030794,C03516,P01601,2025-10-08 05:21:33.602340,0,0.73450905,1
O030795,C04943,P00198,2025-10-08 05:34:39.861996,0,0.10876541,0
O030796,C07643,P00224,2025-10-08 05:47:46.121653,0,0.59201187,1
O030797,C00927,P02305,2025-10-08 06:00:52.381309,0,0.12330989,0
O030798,C05286,P01692,2025-10-08 06:13:58.640966,1,0.5239355,1
O030799,C00122,P01738,2025-10-08 06:27:04.900622,1,0.23523885,0
O030800,C02479,P02413,2025-10-08 06:40:11.160279,0,0.33805144,0
O030801,C01035,P01654,2025-10-08 06:53:17.419935,0,0.29586598,0
O030802,C06936,P00627,2025-10-08 07:06:23.679591,0,0.5246976,1
O030803,C03551,P02279,2025-10-08 07:19:29.939248,0,0.47798684,0
O030804,C06596,P00753,2025-10-08 07:32:36.198904,0,0.24854422,0
O030805,C06165,P02041,2025-10-08 07:45:42.458561,0,0.7304068,1
O030806,C02088,P02117,2025-10-08 07:58:48.718217,0,0.44959614,0
O030807,C02602,P00687,2025-10-08 08:11:54.977874,0,0.078111656,0
O030808,C05694,P01879,2025-10-08 08:25:01.237530,0,0.7139299,1
O030809,C00822,P01988,2025-10-08 08:38:07.497187,0,0.38917348,0
O030810,C04626,P01586,2025-10-08 08:51:13.756843,0,0.6747893,1
O030811,C00723,P00785,2025-10-08 09:04:20.016500,0,0.38565668,0
O030812,C02986,P00803,2025-10-08 09:17:26.276156,1,0.24630372,0
O030813,C03758,P02462,2025-10-08 09:30:32.535813,0,0.46609452,0
O030814,C03502,P00773,2025-10-08 09:43:38.795469,0,0.46484214,0
O030815,C04092,P01121,2025-10-08 09:56:45.055126,0,0.74838626,1
O030816,C04831,P01586,2025-10-08 10:09:51.314782,1,0.6420338,1
O030817,C07642,P01655,2025-10-08 10:22:57.574439,0,0.6408064,1
O030818,C07218,P02253,2025-10-08 10:36:03.834095,0,0.6221008,1
O030819,C07632,P00333,2025-10-08 10:49:10.093752,1,0.3358225,0
O030820,C05250,P01234,2025-10-08 11:02:16.353408,0,0.6417328,1
O030821,C06785,P00186,2025-10-08 11:15:22.613065,0,0.5845254,1
O030822,C07605,P02435,2025-10-08 11:28:28.872721,1,0.62482125,1
O030823,C01227,P00849,2025-10-08 11:41:35.132378,0,0.48304102,0
O030824,C04892,P01285,2025-10-08 11:54:41.392034,1,0.4023056,0
O030825,C07775,P01546,2025-10-08 12:07:47.651691,0,0.26605257,0
O030826,C06222,P00954,2025-10-08 12:20:53.911347,0,0.35992965,0
O030827,C02226,P00224,2025-10-08 12:34:00.171004,1,0.59376305,1
O030828,C06084,P02191,2025-10-08 12:47:06.430660,0,0.20558693,0
O030829,C00085,P02119,2025-10-08 13:00:12.690317,0,0.19103684,0
O030830,C07057,P01414,2025-10-08 13:13:18.949973,0,0.44288647,0
O030831,C02618,P00321,2025-10-08 13:26:25.209630,0,0.17387003,0
O030832,C02474,P01055,2025-10-08 13:39:31.469286,1,0.73910564,1
O030833,C05252,P01243,2025-10-08 13:52:37.728943,0,0.36603618,0
O030834,C02729,P00021,2025-10-08 14:05:43.988599,0,0.6517308,1
O030835,C05992,P00265,2025-10-08 14:18:50.248256,1,0.5275842,1
O030836,C03808,P01107,2025-10-08 14:31:56.507912,0,0.2983375,0
O030837,C06751,P02036,2025-10-08 14:45:02.767569,1,0.6472012,1
O030838,C03824,P00021,2025-10-08 14:58:09.027225,0,0.47901148,0
O030839,C03607,P00298,2025-10-08 15:11:15.286882,0,0.54172975,1
O030840,C05615,P02415,2025-10-08 15:24:21.546538,0,0.20709716,0
O030841,C00361,P01101,2025-10-08 15:37:27.806195,1,0.4813245,0
O030842,C01537,P02017,2025-10-08 15:50:34.065851,0,0.4191185,0
O030843,C03725,P01939,2025-10-08 16:03:40.325508,1,0.7450514,1
O030844,C01547,P02155,2025-10-08 16:16:46.585164,0,0.58615625,1
O030845,C07353,P02095,2025-10-08 16:29:52.844821,0,0.4659144,0
O030846,C01330,P01708,2025-10-08 16:42:59.104477,0,0.638496,1
O030847,C07237,P01881,2025-10-08 16:56:05.364134,0,0.47855818,0
O030848,C05259,P00808,2025-10-08 17:09:11.623790,0,0.4164789,0
O030849,C00927,P00681,2025-10-08 17:22:17.883447,0,0.15381873,0
O030850,C01484,P01223,2025-10-08 17:35:24.143103,0,0.44409797,0
O030851,C02670,P01569,2025-10-08 17:48:30.402760,0,0.5515754,1
O030852,C04977,P00769,2025-10-08 18:01:36.662416,0,0.3301999,0
O030853,C06093,P02382,2025-10-08 18:14:42.922073,0,0.23863073,0
O030854,C06958,P02326,2025-10-08 18:27:49.181729,0,0.28322798,0
O030855,C03366,P00997,2025-10-08 18:40:55.441386,0,0.4495706,0
O030856,C04638,P00341,2025-10-08 18:54:01.701042,0,0.43958455,0
O030857,C07242,P00699,2025-10-08 19:07:07.960699,1,0.6804889,1
O030858,C03715,P02049,2025-10-08 19:20:14.220355,0,0.656665,1
O030859,C05498,P02429,2025-10-08 19:33:20.480012,1,0.6648321,1
O030860,C00865,P01104,2025-10-08 19:46:26.739668,0,0.3851715,0
O030861,C03236,P00453,2025-10-08 19:59:32.999324,0,0.4889273,0
O030862,C05279,P02276,2025-10-08 20:12:39.258981,0,0.17938738,0
O030863,C03686,P00803,2025-10-08 20:25:45.518637,0,0.33389205,0
O030864,C03606,P00462,2025-10-08 20:38:51.778294,1,0.7248858,1
O030865,C07705,P01559,2025-10-08 20:51:58.037950,0,0.17582755,0
O030866,C03908,P00033,2025-10-08 21:05:04.297607,0,0.38790482,0
O030867,C02333,P00317,2025-10-08 21:18:10.557263,1,0.37564662,0
O030868,C04042,P01780,2025-10-08 21:31:16.816920,0,0.69629776,1
O030869,C01779,P02285,2025-10-08 21:44:23.076576,1,0.66535646,1
O030870,C05322,P01360,2025-10-08 21:57:29.336233,0,0.5479349,1
O030871,C05511,P02446,2025-10-08 22:10:35.595889,1,0.3455543,0
O030872,C07606,P00683,2025-10-08 22:23:41.855546,0,0.26140025,0
O030873,C02075,P01826,2025-10-08 22:36:48.115202,0,0.7025262,1
O030874,C02353,P02213,2025-10-08 22:49:54.374859,0,0.32336077,0
O030875,C02882,P02319,2025-10-08 23:03:00.634515,0,0.31652158,0
O030876,C03954,P01887,2025-10-08 23:16:06.894172,1,0.28899562,0
O030877,C04265,P00679,2025-10-08 23:29:13.153828,1,0.4395279,0
O030878,C01653,P02426,2025-10-08 23:42:19.413485,0,0.4122539,0
O030879,C02559,P01037,2025-10-08 23:55:25.673141,1,0.3761962,0
O030880,C06834,P00001,2025-10-09 00:08:31.932798,0,0.231133,0
O030881,C02021,P00919,2025-10-09 00:21:38.192454,0,0.44243872,0
O030882,C00120,P00078,2025-10-09 00:34:44.452111,0,0.26172322,0
O030883,C04179,P00711,2025-10-09 00:47:50.711767,0,0.22305568,0
O030884,C01959,P01334,2025-10-09 01:00:56.971424,0,0.5978721,1
O030885,C03524,P01604,2025-10-09 01:14:03.231080,0,0.46436054,0
O030886,C07644,P00979,2025-10-09 01:27:09.490737,0,0.18591131,0
O030887,C04422,P02325,2025-10-09 01:40:15.750393,1,0.61232305,1
O030888,C01753,P00584,2025-10-09 01:53:22.010050,0,0.6332432,1
O030889,C04772,P01312,2025-10-09 02:06:28.269706,1,0.55363643,1
O030890,C07887,P02233,2025-10-09 02:19:34.529363,0,0.40929887,0
O030891,C04717,P01620,2025-10-09 02:32:40.789019,1,0.4765567,0
O030892,C03123,P00386,2025-10-09 02:45:47.048676,0,0.27105454,0
O030893,C04240,P00651,2025-10-09 02:58:53.308332,0,0.7793454,1
O030894,C03132,P02162,2025-10-09 03:11:59.567989,0,0.551874,1
O030895,C03728,P02395,2025-10-09 03:25:05.827645,0,0.16866149,0
O030896,C05006,P00419,2025-10-09 03:38:12.087302,0,0.39834973,0
O030897,C06899,P01765,2025-10-09 03:51:18.346958,0,0.67784756,1
O030898,C07318,P02029,2025-10-09 04:04:24.606615,0,0.48089108,0
O030899,C07912,P00187,2025-10-09 04:17:30.866271,0,0.40060323,0
O030900,C05862,P00238,2025-10-09 04:30:37.125928,1,0.670522,1
O030901,C07162,P01410,2025-10-09 04:43:43.385584,0,0.22472551,0
O030902,C03358,P00267,2025-10-09 04:56:49.645241,0,0.38637078,0
O030903,C00686,P01618,2025-10-09 05:09:55.904897,0,0.46402368,0
O030904,C04682,P02475,2025-10-09 05:23:02.164554,0,0.34780896,0
O030905,C07040,P00993,2025-10-09 05:36:08.424210,0,0.4038249,0
O030906,C01264,P02119,2025-10-09 05:49:14.683867,0,0.29627648,0
O030907,C04760,P01304,2025-10-09 06:02:20.943523,1,0.6448116,1
O030908,C03364,P00024,2025-10-09 06:15:27.203180,0,0.31213382,0
O030909,C02948,P02017,2025-10-09 06:28:33.462836,0,0.41727278,0
O030910,C06783,P01531,2025-10-09 06:41:39.722493,0,0.41022307,0
O030911,C03366,P00831,2025-10-09 06:54:45.982149,0,0.55232835,1
O030912,C05690,P01936,2025-10-09 07:07:52.241806,1,0.1298308,0
O030913,C02498,P02086,2025-10-09 07:20:58.501462,1,0.55581456,1
O030914,C03141,P00223,2025-10-09 07:34:04.761119,0,0.28323358,0
O030915,C02196,P00722,2025-10-09 07:47:11.020775,0,0.21231921,0
O030916,C07805,P00840,2025-10-09 08:00:17.280432,0,0.52670264,1
O030917,C06151,P00950,2025-10-09 08:13:23.540088,0,0.63215095,1
O030918,C01498,P00156,2025-10-09 08:26:29.799744,0,0.3266499,0
O030919,C02460,P00567,2025-10-09 08:39:36.059401,0,0.44897532,0
O030920,C07659,P00742,2025-10-09 08:52:42.319057,0,0.26489592,0
O030921,C00916,P00614,2025-10-09 09:05:48.578714,0,0.3717084,0
O030922,C04044,P00967,2025-10-09 09:18:54.838370,1,0.7388237,1
O030923,C01345,P01233,2025-10-09 09:32:01.098027,0,0.59603375,1
O030924,C04159,P02400,2025-10-09 09:45:07.357683,0,0.41553172,0
O030925,C03736,P00802,2025-10-09 09:58:13.617340,0,0.19484267,0
O030926,C06383,P02260,2025-10-09 10:11:19.876996,0,0.7056025,1
O030927,C03714,P01062,2025-10-09 10:24:26.136653,0,0.18445405,0
O030928,C03726,P00038,2025-10-09 10:37:32.396309,1,0.31440273,0
O030929,C07264,P02107,2025-10-09 10:50:38.655966,0,0.32906964,0
O030930,C06463,P01131,2025-10-09 11:03:44.915622,0,0.28741926,0
O030931,C04938,P00210,2025-10-09 11:16:51.175279,0,0.25742814,0
O030932,C06469,P02412,2025-10-09 11:29:57.434935,1,0.7852748,1
O030933,C00604,P00491,2025-10-09 11:43:03.694592,0,0.2824546,0
O030934,C05390,P01743,2025-10-09 11:56:09.954248,0,0.4455618,0
O030935,C07627,P00684,2025-10-09 12:09:16.213905,1,0.72169787,1
O030936,C01854,P00593,2025-10-09 12:22:22.473561,1,0.5268419,1
O030937,C02929,P01286,2025-10-09 12:35:28.733218,0,0.41487196,0
O030938,C07505,P00222,2025-10-09 12:48:34.992874,0,0.32442424,0
O030939,C03502,P02213,2025-10-09 13:01:41.252531,0,0.5696548,1
O030940,C02055,P01722,2025-10-09 13:14:47.512187,1,0.6152337,1
O030941,C05369,P01813,2025-10-09 13:27:53.771844,0,0.55882657,1
O030942,C03313,P02343,2025-10-09 13:41:00.031500,0,0.4704356,0
O030943,C06009,P01228,2025-10-09 13:54:06.291157,0,0.60536176,1
O030944,C06681,P01679,2025-10-09 14:07:12.550813,0,0.22342245,0
O030945,C06218,P00697,2025-10-09 14:20:18.810470,0,0.38317722,0
O030946,C06590,P01696,2025-10-09 14:33:25.070126,0,0.6682514,1
O030947,C01765,P01825,2025-10-09 14:46:31.329783,1,0.49309123,0
O030948,C02085,P02021,2025-10-09 14:59:37.589439,0,0.3020265,0
O030949,C06124,P02195,2025-10-09 15:12:43.849096,0,0.42739847,0
O030950,C03754,P00563,2025-10-09 15:25:50.108752,1,0.62275195,1
O030951,C01686,P01834,2025-10-09 15:38:56.368409,0,0.27364275,0
O030952,C00187,P00266,2025-10-09 15:52:02.628065,0,0.28472754,0
O030953,C05681,P02139,2025-10-09 16:05:08.887722,0,0.75586927,1
O030954,C06297,P01013,2025-10-09 16:18:15.147378,0,0.76884806,1
O030955,C04370,P02423,2025-10-09 16:31:21.407035,0,0.62029374,1
O030956,C01684,P01891,2025-10-09 16:44:27.666691,0,0.32996035,0
O030957,C06826,P00238,2025-10-09 16:57:33.926348,1,0.57168865,1
O030958,C01877,P00876,2025-10-09 17:10:40.186004,1,0.52655303,1
O030959,C04283,P01830,2025-10-09 17:23:46.445661,0,0.52542794,1
O030960,C06880,P01228,2025-10-09 17:36:52.705317,1,0.5282365,1
O030961,C03233,P02413,2025-10-09 17:49:58.964974,0,0.1029999,0
O030962,C01324,P00946,2025-10-09 18:03:05.224630,1,0.44007936,0
O030963,C03558,P02363,2025-10-09 18:16:11.484287,0,0.4158595,0
O030964,C04125,P01283,2025-10-09 18:29:17.743943,1,0.58173627,1
O030965,C02826,P01723,2025-10-09 18:42:24.003600,0,0.63266826,1
O030966,C03283,P02195,2025-10-09 18:55:30.263256,0,0.23662686,0
O030967,C00510,P01506,2025-10-09 19:08:36.522913,0,0.5671954,1
O030968,C03478,P00034,2025-10-09 19:21:42.782569,0,0.43082845,0
O030969,C06883,P02455,2025-10-09 19:34:49.042226,0,0.3675677,0
O030970,C01556,P02255,2025-10-09 19:47:55.301882,0,0.40157843,0
O030971,C06997,P01863,2025-10-09 20:01:01.561539,1,0.40381503,0
O030972,C05034,P00409,2025-10-09 20:14:07.821195,0,0.13798802,0
O030973,C06201,P02314,2025-10-09 20:27:14.080852,0,0.58175206,1
O030974,C05279,P00323,2025-10-09 20:40:20.340508,0,0.21258777,0
O030975,C05698,P00933,2025-10-09 20:53:26.600165,1,0.49967703,0
O030976,C02511,P02474,2025-10-09 21:06:32.859821,0,0.53925705,1
O030977,C03936,P00264,2025-10-09 21:19:39.119477,0,0.45392764,0
O030978,C06559,P01420,2025-10-09 21:32:45.379134,0,0.33286834,0
O030979,C01679,P02207,2025-10-09 21:45:51.638790,0,0.18104833,0
O030980,C05511,P00864,2025-10-09 21:58:57.898447,0,0.53556573,1
O030981,C03423,P01361,2025-10-09 22:12:04.158103,0,0.19778636,0
O030982,C01213,P02044,2025-10-09 22:25:10.417760,0,0.8483537,1
O030983,C01242,P00912,2025-10-09 22:38:16.677416,0,0.3315415,0
O030984,C06526,P01253,2025-10-09 22:51:22.937073,0,0.14236647,0
O030985,C06245,P00146,2025-10-09 23:04:29.196729,0,0.56308067,1
O030986,C00439,P02363,2025-10-09 23:17:35.456386,0,0.27796516,0
O030987,C02241,P01753,2025-10-09 23:30:41.716042,0,0.42930883,0
O030988,C04665,P02464,2025-10-09 23:43:47.975699,0,0.82876503,1
O030989,C07752,P01403,2025-10-09 23:56:54.235355,0,0.5884113,1
O030990,C01308,P00646,2025-10-10 00:10:00.495012,1,0.6920014,1
O030991,C05340,P01404,2025-10-10 00:23:06.754668,0,0.5086104,1
O030992,C02376,P02359,2025-10-10 00:36:13.014325,0,0.31966484,0
O030993,C04443,P02464,2025-10-10 00:49:19.273981,0,0.5592858,1
O030994,C06773,P00164,2025-10-10 01:02:25.533638,1,0.23271869,0
O030995,C07914,P01408,2025-10-10 01:15:31.793294,0,0.17909646,0
O030996,C01080,P01526,2025-10-10 01:28:38.052951,1,0.8672637,1
O030997,C07846,P01539,2025-10-10 01:41:44.312607,0,0.2896727,0
O030998,C01849,P01140,2025-10-10 01:54:50.572264,0,0.33631656,0
O030999,C02009,P00827,2025-10-10 02:07:56.831920,0,0.3878686,0
O031000,C02609,P01607,2025-10-10 02:21:03.091577,1,0.48839214,0
O031001,C02498,P01181,2025-10-10 02:34:09.351233,0,0.603016,1
O031002,C04176,P00643,2025-10-10 02:47:15.610890,1,0.352707,0
O031003,C04215,P01432,2025-10-10 03:00:21.870546,0,0.8656473,1
O031004,C02314,P02187,2025-10-10 03:13:28.130203,0,0.56377673,1
O031005,C01320,P00220,2025-10-10 03:26:34.389859,0,0.44748256,0
O031006,C05675,P01373,2025-10-10 03:39:40.649516,0,0.102833964,0
O031007,C06661,P02416,2025-10-10 03:52:46.909172,0,0.14510162,0
O031008,C03038,P02440,2025-10-10 04:05:53.168829,0,0.39989975,0
O031009,C07725,P01525,2025-10-10 04:18:59.428485,0,0.2264831,0
O031010,C03942,P01637,2025-10-10 04:32:05.688142,0,0.5119397,1
O031011,C02579,P01480,2025-10-10 04:45:11.947798,0,0.5213379,1
O031012,C00915,P00899,2025-10-10 04:58:18.207455,1,0.45725468,0
O031013,C01866,P02285,2025-10-10 05:11:24.467111,0,0.51192003,1
O031014,C04932,P00724,2025-10-10 05:24:30.726768,0,0.65294784,1
O031015,C03566,P00609,2025-10-10 05:37:36.986424,0,0.46674675,0
O031016,C06230,P01248,2025-10-10 05:50:43.246081,0,0.32808417,0
O031017,C04149,P00542,2025-10-10 06:03:49.505737,0,0.5255264,1
O031018,C00718,P01032,2025-10-10 06:16:55.765394,0,0.41083732,0
O031019,C03937,P02366,2025-10-10 06:30:02.025050,0,0.69199246,1
O031020,C05183,P01366,2025-10-10 06:43:08.284707,0,0.26272398,0
O031021,C06013,P02486,2025-10-10 06:56:14.544363,0,0.2581713,0
O031022,C05494,P00448,2025-10-10 07:09:20.804020,1,0.45698342,0
O031023,C06612,P00507,2025-10-10 07:22:27.063676,0,0.48753187,0
O031024,C03485,P00134,2025-10-10 07:35:33.323333,1,0.8019096,1
O031025,C07497,P01799,2025-10-10 07:48:39.582989,0,0.47261244,0
O031026,C01442,P02331,2025-10-10 08:01:45.842646,1,0.8025121,1
O031027,C04367,P01782,2025-10-10 08:14:52.102302,0,0.3813039,0
O031028,C02484,P01042,2025-10-10 08:27:58.361959,0,0.4349327,0
O031029,C07383,P01045,2025-10-10 08:41:04.621615,0,0.6829955,1
O031030,C03686,P00847,2025-10-10 08:54:10.881272,0,0.6309017,1
O031031,C07512,P00248,2025-10-10 09:07:17.140928,0,0.49750566,0
O031032,C06557,P00488,2025-10-10 09:20:23.400585,0,0.716993,1
O031033,C07780,P01102,2025-10-10 09:33:29.660241,1,0.5620249,1
O031034,C00901,P02143,2025-10-10 09:46:35.919897,0,0.6714264,1
O031035,C07465,P00064,2025-10-10 09:59:42.179554,0,0.28992125,0
O031036,C01609,P01669,2025-10-10 10:12:48.439210,0,0.27763912,0
O031037,C01460,P00754,2025-10-10 10:25:54.698867,1,0.43418497,0
O031038,C05271,P00877,2025-10-10 10:39:00.958523,0,0.2971014,0
O031039,C03444,P01760,2025-10-10 10:52:07.218180,1,0.8587694,1
O031040,C00099,P01288,2025-10-10 11:05:13.477836,0,0.37269673,0
O031041,C06601,P02321,2025-10-10 11:18:19.737493,0,0.5110762,1
O031042,C04514,P01161,2025-10-10 11:31:25.997149,0,0.43809056,0
O031043,C01303,P00921,2025-10-10 11:44:32.256806,0,0.15894218,0
O031044,C02168,P00063,2025-10-10 11:57:38.516462,0,0.29551864,0
O031045,C07121,P01055,2025-10-10 12:10:44.776119,0,0.51487416,1
O031046,C07308,P01036,2025-10-10 12:23:51.035775,0,0.2891239,0
O031047,C00914,P00251,2025-10-10 12:36:57.295432,0,0.1664239,0
O031048,C00945,P01605,2025-10-10 12:50:03.555088,0,0.39034355,0
O031049,C03626,P01463,2025-10-10 13:03:09.814745,0,0.7766621,1
O031050,C01992,P00990,2025-10-10 13:16:16.074401,0,0.32502002,0
O031051,C05741,P00029,2025-10-10 13:29:22.334058,0,0.4459806,0
O031052,C07357,P02347,2025-10-10 13:42:28.593714,0,0.49835202,0
O031053,C02453,P01230,2025-10-10 13:55:34.853371,0,0.6849591,1
O031054,C04370,P00997,2025-10-10 14:08:41.113027,1,0.3020979,0
O031055,C02959,P01392,2025-10-10 14:21:47.372684,0,0.23682937,0
O031056,C06314,P02433,2025-10-10 14:34:53.632340,0,0.47622725,0
O031057,C04755,P02279,2025-10-10 14:47:59.891997,0,0.4463841,0
O031058,C01062,P00908,2025-10-10 15:01:06.151653,1,0.5887543,1
O031059,C02793,P02354,2025-10-10 15:14:12.411310,0,0.57735777,1
O031060,C06742,P00270,2025-10-10 15:27:18.670966,0,0.32780063,0
O031061,C01751,P00631,2025-10-10 15:40:24.930623,0,0.17438619,0
O031062,C03739,P00014,2025-10-10 15:53:31.190279,0,0.76010424,1
O031063,C06799,P01828,2025-10-10 16:06:37.449936,0,0.46988901,0
O031064,C04781,P01484,2025-10-10 16:19:43.709592,0,0.43073308,0
O031065,C06109,P01752,2025-10-10 16:32:49.969249,1,0.678058,1
O031066,C01106,P01777,2025-10-10 16:45:56.228905,0,0.3303785,0
O031067,C07943,P00124,2025-10-10 16:59:02.488562,0,0.1884451,0
O031068,C07536,P01270,2025-10-10 17:12:08.748218,0,0.8713229,1
O031069,C06585,P01741,2025-10-10 17:25:15.007875,1,0.5761418,1
O031070,C01943,P00195,2025-10-10 17:38:21.267531,0,0.17310022,0
O031071,C07038,P01790,2025-10-10 17:51:27.527188,0,0.31318423,0
O031072,C06946,P00218,2025-10-10 18:04:33.786844,0,0.14552549,0
O031073,C03554,P01869,2025-10-10 18:17:40.046501,0,0.3503915,0
O031074,C02836,P01348,2025-10-10 18:30:46.306157,0,0.48389113,0
O031075,C01321,P01142,2025-10-10 18:43:52.565814,1,0.3332212,0
O031076,C01176,P02483,2025-10-10 18:56:58.825470,0,0.3106209,0
O031077,C04686,P01085,2025-10-10 19:10:05.085127,0,0.48970824,0
O031078,C01731,P00332,2025-10-10 19:23:11.344783,0,0.3417425,0
O031079,C04038,P01045,2025-10-10 19:36:17.604440,0,0.34198424,0
O031080,C04496,P00351,2025-10-10 19:49:23.864096,1,0.33798632,0
O031081,C04829,P01879,2025-10-10 20:02:30.123753,0,0.77197504,1
O031082,C07839,P00479,2025-10-10 20:15:36.383409,0,0.5837391,1
O031083,C07611,P00047,2025-10-10 20:28:42.643066,0,0.20127466,0
O031084,C06945,P02038,2025-10-10 20:41:48.902722,1,0.22955394,0
O031085,C04663,P00414,2025-10-10 20:54:55.162379,1,0.6169897,1
O031086,C05939,P01924,2025-10-10 21:08:01.422035,0,0.3001916,0
O031087,C00780,P02222,2025-10-10 21:21:07.681692,1,0.2791575,0
O031088,C07755,P00575,2025-10-10 21:34:13.941348,0,0.36021358,0
O031089,C02836,P02127,2025-10-10 21:47:20.201005,0,0.13888878,0
O031090,C02716,P00583,2025-10-10 22:00:26.460661,0,0.5063763,1
O031091,C07948,P02076,2025-10-10 22:13:32.720318,0,0.35297263,0
O031092,C04960,P01525,2025-10-10 22:26:38.979974,0,0.3181634,0
O031093,C05603,P00212,2025-10-10 22:39:45.239630,1,0.7952095,1
O031094,C03700,P02061,2025-10-10 22:52:51.499287,1,0.59814894,1
O031095,C05366,P02406,2025-10-10 23:05:57.758943,1,0.38439965,0
O031096,C02732,P00176,2025-10-10 23:19:04.018600,0,0.3796001,0
O031097,C05892,P00287,2025-10-10 23:32:10.278256,0,0.25425482,0
O031098,C07326,P01114,2025-10-10 23:45:16.537913,0,0.39215478,0
O031099,C01900,P02097,2025-10-10 23:58:22.797569,0,0.4459048,0
O031100,C00094,P02489,2025-10-11 00:11:29.057226,0,0.49346238,0
O031101,C04875,P00651,2025-10-11 00:24:35.316882,0,0.43920532,0
O031102,C00880,P02029,2025-10-11 00:37:41.576539,0,0.51672465,1
O031103,C07028,P00652,2025-10-11 00:50:47.836195,0,0.27914742,0
O031104,C03074,P00145,2025-10-11 01:03:54.095852,0,0.6004277,1
O031105,C07626,P01682,2025-10-11 01:17:00.355508,1,0.23669337,0
O031106,C01055,P01740,2025-10-11 01:30:06.615165,0,0.42667812,0
O031107,C03477,P01320,2025-10-11 01:43:12.874821,0,0.63558924,1
O031108,C03763,P02456,2025-10-11 01:56:19.134478,0,0.23068888,0
O031109,C02849,P00033,2025-10-11 02:09:25.394134,0,0.5478509,1
O031110,C03651,P01179,2025-10-11 02:22:31.653791,0,0.7596971,1
O031111,C01354,P00264,2025-10-11 02:35:37.913447,1,0.2698986,0
O031112,C01704,P02445,2025-10-11 02:48:44.173104,0,0.7105105,1
O031113,C04961,P00471,2025-10-11 03:01:50.432760,1,0.56811845,1
O031114,C05908,P02018,2025-10-11 03:14:56.692417,0,0.37713268,0
O031115,C01234,P02298,2025-10-11 03:28:02.952073,0,0.45970327,0
O031116,C04708,P00082,2025-10-11 03:41:09.211730,0,0.16587508,0
O031117,C02774,P00994,2025-10-11 03:54:15.471386,0,0.3277215,0
O031118,C07775,P01434,2025-10-11 04:07:21.731043,0,0.28291678,0
O031119,C03490,P00608,2025-10-11 04:20:27.990699,0,0.42141315,0
O031120,C06629,P01450,2025-10-11 04:33:34.250356,1,0.4020585,0
O031121,C06917,P00533,2025-10-11 04:46:40.510012,0,0.651084,1
O031122,C07242,P01922,2025-10-11 04:59:46.769669,0,0.4780246,0
O031123,C02719,P00422,2025-10-11 05:12:53.029325,0,0.40231565,0
O031124,C06682,P02453,2025-10-11 05:25:59.288982,0,0.57775664,1
O031125,C07154,P02376,2025-10-11 05:39:05.548638,0,0.31801137,0
O031126,C04073,P01859,2025-10-11 05:52:11.808295,1,0.53661335,1
O031127,C04023,P00212,2025-10-11 06:05:18.067951,1,0.5900752,1
O031128,C00577,P00109,2025-10-11 06:18:24.327608,0,0.080089815,0
O031129,C04342,P01335,2025-10-11 06:31:30.587264,0,0.25938514,0
O031130,C01279,P00595,2025-10-11 06:44:36.846921,1,0.4761933,0
O031131,C01930,P01603,2025-10-11 06:57:43.106577,0,0.25380662,0
O031132,C06061,P00198,2025-10-11 07:10:49.366234,0,0.09717612,0
O031133,C01745,P00493,2025-10-11 07:23:55.625890,0,0.29522076,0
O031134,C04559,P01967,2025-10-11 07:37:01.885547,1,0.49815813,0
O031135,C05234,P00390,2025-10-11 07:50:08.145203,0,0.4841649,0
O031136,C00587,P01486,2025-10-11 08:03:14.404860,0,0.3307759,0
O031137,C03431,P01212,2025-10-11 08:16:20.664516,0,0.29750043,0
O031138,C06268,P00745,2025-10-11 08:29:26.924173,0,0.4157304,0
O031139,C07265,P02398,2025-10-11 08:42:33.183829,0,0.24581903,0
O031140,C02400,P00659,2025-10-11 08:55:39.443486,0,0.34388337,0
O031141,C00352,P02251,2025-10-11 09:08:45.703142,0,0.6319081,1
O031142,C00089,P01087,2025-10-11 09:21:51.962799,1,0.41748804,0
O031143,C02355,P00762,2025-10-11 09:34:58.222455,1,0.3352605,0
O031144,C01999,P02443,2025-10-11 09:48:04.482112,1,0.61721677,1
O031145,C07355,P00708,2025-10-11 10:01:10.741768,0,0.38932064,0
O031146,C07029,P02329,2025-10-11 10:14:17.001425,1,0.4544005,0
O031147,C02118,P02151,2025-10-11 10:27:23.261081,0,0.6393772,1
O031148,C06027,P00578,2025-10-11 10:40:29.520738,0,0.4105973,0
O031149,C00426,P00583,2025-10-11 10:53:35.780394,1,0.8362046,1
O031150,C01619,P02429,2025-10-11 11:06:42.040051,0,0.73817605,1
O031151,C03166,P02315,2025-10-11 11:19:48.299707,0,0.61147255,1
O031152,C06975,P01918,2025-10-11 11:32:54.559363,1,0.40294468,0
O031153,C00845,P00013,2025-10-11 11:46:00.819020,1,0.69117856,1
O031154,C07220,P00158,2025-10-11 11:59:07.078676,0,0.42015263,0
O031155,C01231,P00380,2025-10-11 12:12:13.338333,1,0.6139485,1
O031156,C01451,P01098,2025-10-11 12:25:19.597989,0,0.52748895,1
O031157,C07758,P00922,2025-10-11 12:38:25.857646,0,0.61060417,1
O031158,C05026,P01382,2025-10-11 12:51:32.117302,0,0.18213934,0
O031159,C06105,P00744,2025-10-11 13:04:38.376959,0,0.6248418,1
O031160,C06496,P00075,2025-10-11 13:17:44.636615,0,0.17702484,0
O031161,C03540,P01277,2025-10-11 13:30:50.896272,1,0.24505498,0
O031162,C04697,P01671,2025-10-11 13:43:57.155928,0,0.21430248,0
O031163,C03742,P02221,2025-10-11 13:57:03.415585,0,0.6928844,1
O031164,C02768,P00574,2025-10-11 14:10:09.675241,0,0.24523786,0
O031165,C06411,P00392,2025-10-11 14:23:15.934898,0,0.66920966,1
O031166,C06642,P01120,2025-10-11 14:36:22.194554,0,0.64485955,1
O031167,C04736,P01358,2025-10-11 14:49:28.454211,1,0.64351916,1
O031168,C06040,P01190,2025-10-11 15:02:34.713867,0,0.39306346,0
O031169,C00431,P00025,2025-10-11 15:15:40.973524,1,0.61597544,1
O031170,C02076,P01278,2025-10-11 15:28:47.233180,0,0.5501681,1
O031171,C02565,P01139,2025-10-11 15:41:53.492837,0,0.20726529,0
O031172,C00120,P00196,2025-10-11 15:54:59.752493,0,0.4417698,0
O031173,C06765,P01252,2025-10-11 16:08:06.012150,0,0.31683883,0
O031174,C03729,P00760,2025-10-11 16:21:12.271806,0,0.21091488,0
O031175,C01660,P00769,2025-10-11 16:34:18.531463,1,0.33071774,0
O031176,C03766,P01752,2025-10-11 16:47:24.791119,1,0.6735445,1
O031177,C07402,P01252,2025-10-11 17:00:31.050776,0,0.25575948,0
O031178,C07707,P01413,2025-10-11 17:13:37.310432,0,0.34221476,0
O031179,C05502,P00216,2025-10-11 17:26:43.570089,0,0.3910764,0
O031180,C05366,P00025,2025-10-11 17:39:49.829745,0,0.625126,1
O031181,C02372,P02111,2025-10-11 17:52:56.089402,0,0.7145077,1
O031182,C02890,P02410,2025-10-11 18:06:02.349058,0,0.49973485,0
O031183,C02867,P01345,2025-10-11 18:19:08.608715,0,0.24147978,0
O031184,C01442,P01043,2025-10-11 18:32:14.868371,0,0.8073232,1
O031185,C06198,P02272,2025-10-11 18:45:21.128028,1,0.46773395,0
O031186,C07129,P01059,2025-10-11 18:58:27.387684,1,0.3414591,0
O031187,C02197,P00691,2025-10-11 19:11:33.647341,1,0.62117386,1
O031188,C03183,P02433,2025-10-11 19:24:39.906997,1,0.39945257,0
O031189,C02581,P01450,2025-10-11 19:37:46.166654,0,0.23743054,0
O031190,C00352,P00006,2025-10-11 19:50:52.426310,0,0.5424291,1
O031191,C07225,P01935,2025-10-11 20:03:58.685967,1,0.57469743,1
O031192,C03905,P00542,2025-10-11 20:17:04.945623,0,0.6520697,1
O031193,C04339,P01737,2025-10-11 20:30:11.205280,0,0.6721355,1
O031194,C07334,P01367,2025-10-11 20:43:17.464936,0,0.6710079,1
O031195,C02650,P00492,2025-10-11 20:56:23.724593,0,0.28103015,0
O031196,C07543,P00636,2025-10-11 21:09:29.984249,0,0.787282,1
O031197,C05775,P00756,2025-10-11 21:22:36.243906,0,0.54931474,1
O031198,C00992,P01186,2025-10-11 21:35:42.503562,0,0.31403223,0
O031199,C02252,P00075,2025-10-11 21:48:48.763219,0,0.35650438,0
O031200,C07692,P01605,2025-10-11 22:01:55.022875,0,0.494263,0
O031201,C04858,P01534,2025-10-11 22:15:01.282532,0,0.39649668,0
O031202,C06956,P01874,2025-10-11 22:28:07.542188,1,0.41264617,0
O031203,C01575,P01335,2025-10-11 22:41:13.801845,0,0.2698987,0
O031204,C00139,P01743,2025-10-11 22:54:20.061501,0,0.19060874,0
O031205,C00206,P02165,2025-10-11 23:07:26.321158,0,0.332495,0
O031206,C01607,P01749,2025-10-11 23:20:32.580814,1,0.597684,1
O031207,C07771,P01727,2025-10-11 23:33:38.840471,0,0.20984653,0
O031208,C06245,P02412,2025-10-11 23:46:45.100127,0,0.4723524,0
O031209,C07541,P01296,2025-10-11 23:59:51.359783,0,0.4752521,0
O031210,C06326,P01299,2025-10-12 00:12:57.619440,0,0.3532829,0
O031211,C00407,P01750,2025-10-12 00:26:03.879096,0,0.8162778,1
O031212,C03009,P00141,2025-10-12 00:39:10.138753,0,0.4440117,0
O031213,C06068,P01158,2025-10-12 00:52:16.398409,0,0.36168543,0
O031214,C01209,P00403,2025-10-12 01:05:22.658066,0,0.5717439,1
O031215,C07607,P02500,2025-10-12 01:18:28.917722,0,0.35064945,0
O031216,C00735,P01550,2025-10-12 01:31:35.177379,0,0.41453704,0
O031217,C00938,P00037,2025-10-12 01:44:41.437035,1,0.26949936,0
O031218,C03125,P00489,2025-10-12 01:57:47.696692,0,0.37109414,0
O031219,C06016,P01281,2025-10-12 02:10:53.956348,0,0.549771,1
O031220,C02722,P01882,2025-10-12 02:24:00.216005,1,0.29350033,0
O031221,C05795,P02444,2025-10-12 02:37:06.475661,0,0.124352194,0
O031222,C06753,P00021,2025-10-12 02:50:12.735318,0,0.63249636,1
O031223,C02882,P00448,2025-10-12 03:03:18.994974,0,0.35383695,0
O031224,C07215,P02291,2025-10-12 03:16:25.254631,0,0.33289748,0
O031225,C05981,P00250,2025-10-12 03:29:31.514287,0,0.34148103,0
O031226,C04983,P00517,2025-10-12 03:42:37.773944,0,0.33052498,0
O031227,C01186,P01459,2025-10-12 03:55:44.033600,0,0.54765475,1
O031228,C01888,P02178,2025-10-12 04:08:50.293257,0,0.4665206,0
O031229,C03366,P01686,2025-10-12 04:21:56.552913,0,0.40996304,0
O031230,C06650,P00954,2025-10-12 04:35:02.812570,0,0.39580876,0
O031231,C04993,P02498,2025-10-12 04:48:09.072226,0,0.32431266,0
O031232,C03555,P01176,2025-10-12 05:01:15.331883,0,0.32527307,0
O031233,C02117,P02499,2025-10-12 05:14:21.591539,0,0.15089153,0
O031234,C04385,P02164,2025-10-12 05:27:27.851196,0,0.4932667,0
O031235,C06087,P01657,2025-10-12 05:40:34.110852,1,0.4339724,0
O031236,C07241,P01880,2025-10-12 05:53:40.370509,0,0.7343295,1
O031237,C02249,P02405,2025-10-12 06:06:46.630165,0,0.5252991,1
O031238,C07539,P01189,2025-10-12 06:19:52.889822,0,0.24749567,0
O031239,C04449,P01615,2025-10-12 06:32:59.149478,0,0.2591988,0
O031240,C02733,P01539,2025-10-12 06:46:05.409135,0,0.10863677,0
O031241,C04906,P00894,2025-10-12 06:59:11.668791,1,0.65012676,1
O031242,C07261,P00014,2025-10-12 07:12:17.928448,1,0.7879509,1
O031243,C05901,P02267,2025-10-12 07:25:24.188104,1,0.59343666,1
O031244,C07064,P00632,2025-10-12 07:38:30.447761,0,0.4318784,0
O031245,C04129,P01613,2025-10-12 07:51:36.707417,0,0.5523384,1
O031246,C07703,P01120,2025-10-12 08:04:42.967074,0,0.7344071,1
O031247,C07908,P02228,2025-10-12 08:17:49.226730,0,0.3476849,0
O031248,C05067,P01126,2025-10-12 08:30:55.486387,0,0.4809095,0
O031249,C01746,P01148,2025-10-12 08:44:01.746043,0,0.23090278,0
O031250,C02124,P02425,2025-10-12 08:57:08.005700,0,0.24410044,0
O031251,C02160,P00554,2025-10-12 09:10:14.265356,0,0.39986783,0
O031252,C07405,P00346,2025-10-12 09:23:20.525013,0,0.6567974,1
O031253,C06984,P00979,2025-10-12 09:36:26.784669,0,0.1883812,0
O031254,C03241,P01150,2025-10-12 09:49:33.044326,0,0.2399129,0
O031255,C00264,P00383,2025-10-12 10:02:39.303982,0,0.3109279,0
O031256,C05889,P00329,2025-10-12 10:15:45.563639,0,0.1326082,0
O031257,C04673,P01374,2025-10-12 10:28:51.823295,0,0.28997868,0
O031258,C05664,P02173,2025-10-12 10:41:58.082952,0,0.5602329,1
O031259,C02459,P00671,2025-10-12 10:55:04.342608,0,0.39090806,0
O031260,C04813,P00805,2025-10-12 11:08:10.602265,0,0.37602568,0
O031261,C03033,P02174,2025-10-12 11:21:16.861921,0,0.38484246,0
O031262,C03946,P00969,2025-10-12 11:34:23.121578,0,0.4186918,0
O031263,C06007,P01219,2025-10-12 11:47:29.381234,1,0.73986,1
O031264,C05592,P01807,2025-10-12 12:00:35.640891,0,0.75898886,1
O031265,C04218,P02458,2025-10-12 12:13:41.900547,0,0.2856553,0
O031266,C07320,P00685,2025-10-12 12:26:48.160204,0,0.27611932,0
O031267,C07504,P02192,2025-10-12 12:39:54.419860,0,0.16357605,0
O031268,C00896,P02441,2025-10-12 12:53:00.679516,0,0.22722267,0
O031269,C04204,P00416,2025-10-12 13:06:06.939173,0,0.13488437,0
O031270,C01310,P00291,2025-10-12 13:19:13.198829,0,0.21110874,0
O031271,C06655,P01443,2025-10-12 13:32:19.458486,0,0.62875634,1
O031272,C04918,P00555,2025-10-12 13:45:25.718142,0,0.2603371,0
O031273,C05950,P01322,2025-10-12 13:58:31.977799,0,0.4661842,0
O031274,C05267,P00505,2025-10-12 14:11:38.237455,0,0.3152539,0
O031275,C05269,P00069,2025-10-12 14:24:44.497112,0,0.43722656,0
O031276,C05980,P01137,2025-10-12 14:37:50.756768,0,0.4373851,0
O031277,C02951,P00971,2025-10-12 14:50:57.016425,1,0.32207674,0
O031278,C01844,P01747,2025-10-12 15:04:03.276081,1,0.41112944,0
O031279,C05665,P00072,2025-10-12 15:17:09.535738,0,0.44909188,0
O031280,C01330,P00992,2025-10-12 15:30:15.795394,1,0.40318304,0
O031281,C07116,P00427,2025-10-12 15:43:22.055051,0,0.15336666,0
O031282,C01077,P00073,2025-10-12 15:56:28.314707,0,0.47139436,0
O031283,C01834,P01685,2025-10-12 16:09:34.574364,0,0.3945071,0
O031284,C05660,P00237,2025-10-12 16:22:40.834020,1,0.35062662,0
O031285,C06034,P02132,2025-10-12 16:35:47.093677,0,0.43791255,0
O031286,C07231,P00291,2025-10-12 16:48:53.353333,1,0.34508008,0
O031287,C01780,P01749,2025-10-12 17:01:59.612990,0,0.6125641,1
O031288,C01839,P00987,2025-10-12 17:15:05.872646,0,0.5072464,1
O031289,C06514,P01405,2025-10-12 17:28:12.132303,0,0.36615404,0
O031290,C06857,P01057,2025-10-12 17:41:18.391959,0,0.2722535,0
O031291,C03485,P02433,2025-10-12 17:54:24.651616,0,0.65679634,1
O031292,C07901,P02043,2025-10-12 18:07:30.911272,1,0.646653,1
O031293,C05334,P02018,2025-10-12 18:20:37.170929,1,0.24006781,0
O031294,C00536,P02066,2025-10-12 18:33:43.430585,0,0.6233286,1
O031295,C01672,P02394,2025-10-12 18:46:49.690242,0,0.71015275,1
O031296,C03401,P01689,2025-10-12 18:59:55.949898,1,0.54537094,1
O031297,C04895,P01829,2025-10-12 19:13:02.209555,0,0.22850458,0
O031298,C02873,P01185,2025-10-12 19:26:08.469211,0,0.55386317,1
O031299,C05530,P00611,2025-10-12 19:39:14.728868,1,0.6858571,1
O031300,C04474,P00771,2025-10-12 19:52:20.988524,0,0.75274354,1
O031301,C05508,P01741,2025-10-12 20:05:27.248181,0,0.7241657,1
O031302,C06201,P01135,2025-10-12 20:18:33.507837,1,0.3578439,0
O031303,C05503,P01949,2025-10-12 20:31:39.767494,0,0.4714837,0
O031304,C01643,P01753,2025-10-12 20:44:46.027150,0,0.29130298,0
O031305,C07490,P02425,2025-10-12 20:57:52.286807,0,0.28699806,0
O031306,C06187,P02375,2025-10-12 21:10:58.546463,0,0.5929925,1
O031307,C02260,P01115,2025-10-12 21:24:04.806120,0,0.6716196,1
O031308,C00545,P02198,2025-10-12 21:37:11.065776,1,0.5938051,1
O031309,C06959,P00393,2025-10-12 21:50:17.325433,0,0.28952807,0
O031310,C07903,P00902,2025-10-12 22:03:23.585089,0,0.30656075,0
O031311,C02728,P02348,2025-10-12 22:16:29.844746,0,0.17506774,0
O031312,C03748,P01978,2025-10-12 22:29:36.104402,1,0.665042,1
O031313,C02517,P00627,2025-10-12 22:42:42.364059,1,0.6995393,1
O031314,C07687,P00816,2025-10-12 22:55:48.623715,1,0.314786,0
O031315,C04881,P00732,2025-10-12 23:08:54.883372,0,0.2347202,0
O031316,C05764,P00228,2025-10-12 23:22:01.143028,0,0.5148894,1
O031317,C07009,P02269,2025-10-12 23:35:07.402685,0,0.279135,0
O031318,C01619,P00495,2025-10-12 23:48:13.662341,0,0.36759678,0
O031319,C03648,P01348,2025-10-13 00:01:19.921998,0,0.35275272,0
O031320,C07302,P01205,2025-10-13 00:14:26.181654,0,0.5588434,1
O031321,C03450,P00166,2025-10-13 00:27:32.441311,0,0.32653952,0
O031322,C04451,P01804,2025-10-13 00:40:38.700967,0,0.36316398,0
O031323,C03451,P01973,2025-10-13 00:53:44.960624,0,0.5540304,1
O031324,C07163,P01734,2025-10-13 01:06:51.220280,1,0.8765803,1
O031325,C07736,P01934,2025-10-13 01:19:57.479937,1,0.4977203,0
O031326,C05449,P01632,2025-10-13 01:33:03.739593,0,0.20081775,0
O031327,C01670,P01771,2025-10-13 01:46:09.999249,1,0.85676557,1
O031328,C06053,P01957,2025-10-13 01:59:16.258906,1,0.46541107,0
O031329,C07488,P00677,2025-10-13 02:12:22.518562,0,0.4295327,0
O031330,C03208,P01599,2025-10-13 02:25:28.778219,1,0.5905252,1
O031331,C03091,P00083,2025-10-13 02:38:35.037875,0,0.3229718,0
O031332,C04360,P00265,2025-10-13 02:51:41.297532,0,0.45467734,0
O031333,C01331,P01340,2025-10-13 03:04:47.557188,0,0.34586287,0
O031334,C06236,P02097,2025-10-13 03:17:53.816845,0,0.4263819,0
O031335,C05431,P00335,2025-10-13 03:31:00.076501,0,0.7768027,1
O031336,C04722,P01316,2025-10-13 03:44:06.336158,1,0.5397034,1
O031337,C07886,P00488,2025-10-13 03:57:12.595814,1,0.6105598,1
O031338,C04323,P01157,2025-10-13 04:10:18.855471,0,0.5743384,1
O031339,C07684,P02480,2025-10-13 04:23:25.115127,0,0.5285831,1
O031340,C05239,P00809,2025-10-13 04:36:31.374784,0,0.37876457,0
O031341,C01777,P00461,2025-10-13 04:49:37.634440,0,0.4337858,0
O031342,C04871,P01954,2025-10-13 05:02:43.894097,0,0.12565367,0
O031343,C02758,P01486,2025-10-13 05:15:50.153753,0,0.48473385,0
O031344,C05496,P01939,2025-10-13 05:28:56.413410,0,0.507668,1
O031345,C04646,P00401,2025-10-13 05:42:02.673066,1,0.5431134,1
O031346,C00620,P01865,2025-10-13 05:55:08.932723,0,0.5082341,1
O031347,C05522,P02384,2025-10-13 06:08:15.192379,0,0.69583994,1
O031348,C04241,P00470,2025-10-13 06:21:21.452036,0,0.48208284,0
O031349,C02815,P01931,2025-10-13 06:34:27.711692,0,0.6960192,1
O031350,C03451,P00614,2025-10-13 06:47:33.971349,0,0.57776123,1
O031351,C03199,P02092,2025-10-13 07:00:40.231005,0,0.6397273,1
O031352,C04697,P01557,2025-10-13 07:13:46.490662,0,0.25155216,0
O031353,C01229,P01578,2025-10-13 07:26:52.750318,0,0.18206525,0
O031354,C07177,P00971,2025-10-13 07:39:59.009975,0,0.24211134,0
O031355,C03410,P02399,2025-10-13 07:53:05.269631,0,0.4056349,0
O031356,C01444,P00033,2025-10-13 08:06:11.529288,0,0.3725459,0
O031357,C02412,P01951,2025-10-13 08:19:17.788944,0,0.4914102,0
O031358,C01719,P00155,2025-10-13 08:32:24.048601,0,0.26410118,0
O031359,C00596,P00581,2025-10-13 08:45:30.308257,0,0.57080626,1
O031360,C05885,P00840,2025-10-13 08:58:36.567914,1,0.3782885,0
O031361,C07573,P02293,2025-10-13 09:11:42.827570,0,0.27319098,0
O031362,C07229,P00642,2025-10-13 09:24:49.087227,0,0.35931307,0
O031363,C04931,P01662,2025-10-13 09:37:55.346883,0,0.71449417,1
O031364,C00579,P00287,2025-10-13 09:51:01.606540,0,0.4082081,0
O031365,C06291,P02342,2025-10-13 10:04:07.866196,0,0.41532075,0
O031366,C01735,P02492,2025-10-13 10:17:14.125853,1,0.8908679,1
O031367,C00835,P00256,2025-10-13 10:30:20.385509,0,0.36540422,0
O031368,C04392,P00176,2025-10-13 10:43:26.645166,0,0.33346218,0
O031369,C01900,P00240,2025-10-13 10:56:32.904822,0,0.38781905,0
O031370,C01285,P01370,2025-10-13 11:09:39.164479,0,0.5046229,1
O031371,C02851,P00523,2025-10-13 11:22:45.424135,0,0.4725181,0
O031372,C01326,P01017,2025-10-13 11:35:51.683792,0,0.5962251,1
O031373,C06632,P01646,2025-10-13 11:48:57.943448,0,0.27482927,0
O031374,C03407,P02260,2025-10-13 12:02:04.203105,1,0.4558477,0
O031375,C00273,P00389,2025-10-13 12:15:10.462761,0,0.627628,1
O031376,C06012,P01732,2025-10-13 12:28:16.722418,0,0.42064834,0
O031377,C01666,P00643,2025-10-13 12:41:22.982074,0,0.3727693,0
O031378,C02993,P00291,2025-10-13 12:54:29.241731,0,0.32489145,0
O031379,C05816,P01972,2025-10-13 13:07:35.501387,0,0.10016031,0
O031380,C01483,P02170,2025-10-13 13:20:41.761044,0,0.36392102,0
O031381,C05154,P00384,2025-10-13 13:33:48.020700,0,0.306039,0
O031382,C00848,P00936,2025-10-13 13:46:54.280357,0,0.6774773,1
O031383,C02374,P00006,2025-10-13 14:00:00.540013,1,0.47139448,0
O031384,C04274,P00111,2025-10-13 14:13:06.799669,0,0.4644711,0
O031385,C02920,P01946,2025-10-13 14:26:13.059326,0,0.6758442,1
O031386,C04557,P01347,2025-10-13 14:39:19.318982,0,0.20143588,0
O031387,C00279,P00417,2025-10-13 14:52:25.578639,0,0.6894733,1
O031388,C07929,P00922,2025-10-13 15:05:31.838295,0,0.4988206,0
O031389,C03962,P00133,2025-10-13 15:18:38.097952,0,0.33122754,0
O031390,C01672,P00810,2025-10-13 15:31:44.357608,0,0.38061553,0
O031391,C04831,P02091,2025-10-13 15:44:50.617265,0,0.40449756,0
O031392,C03860,P01798,2025-10-13 15:57:56.876921,0,0.36460423,0
O031393,C06993,P00007,2025-10-13 16:11:03.136578,0,0.3275075,0
O031394,C02392,P00782,2025-10-13 16:24:09.396234,0,0.48897484,0
O031395,C00683,P01282,2025-10-13 16:37:15.655891,0,0.3046038,0
O031396,C03937,P01222,2025-10-13 16:50:21.915547,0,0.59487396,1
O031397,C03545,P00509,2025-10-13 17:03:28.175204,0,0.58227986,1
O031398,C07544,P02035,2025-10-13 17:16:34.434860,1,0.3152436,0
O031399,C00499,P01099,2025-10-13 17:29:40.694517,0,0.30260447,0
O031400,C00975,P01394,2025-10-13 17:42:46.954173,0,0.7166112,1
O031401,C07411,P02191,2025-10-13 17:55:53.213830,0,0.37369666,0
O031402,C00670,P01993,2025-10-13 18:08:59.473486,0,0.48411247,0
O031403,C05023,P01735,2025-10-13 18:22:05.733143,0,0.55782706,1
O031404,C00751,P01927,2025-10-13 18:35:11.992799,0,0.24677448,0
O031405,C04055,P02052,2025-10-13 18:48:18.252456,0,0.15886448,0
O031406,C02543,P01569,2025-10-13 19:01:24.512112,0,0.71020055,1
O031407,C05604,P01162,2025-10-13 19:14:30.771769,0,0.31687152,0
O031408,C04560,P01657,2025-10-13 19:27:37.031425,0,0.68563044,1
O031409,C00969,P01318,2025-10-13 19:40:43.291082,1,0.19167008,0
O031410,C06765,P02423,2025-10-13 19:53:49.550738,0,0.5999505,1
O031411,C06937,P00059,2025-10-13 20:06:55.810395,1,0.29240188,0
O031412,C02280,P02465,2025-10-13 20:20:02.070051,0,0.5207576,1
O031413,C05403,P00206,2025-10-13 20:33:08.329708,0,0.3486142,0
O031414,C06117,P02212,2025-10-13 20:46:14.589364,0,0.6023769,1
O031415,C06715,P02473,2025-10-13 20:59:20.849021,0,0.4924639,0
O031416,C04591,P02473,2025-10-13 21:12:27.108677,0,0.8005035,1
O031417,C07560,P01699,2025-10-13 21:25:33.368334,0,0.2498021,0
O031418,C04512,P00962,2025-10-13 21:38:39.627990,1,0.5187969,1
O031419,C00137,P00116,2025-10-13 21:51:45.887647,0,0.2812505,0
O031420,C02774,P00484,2025-10-13 22:04:52.147303,0,0.48293298,0
O031421,C00965,P00722,2025-10-13 22:17:58.406960,0,0.43424538,0
O031422,C07173,P00731,2025-10-13 22:31:04.666616,1,0.54717183,1
O031423,C02499,P02185,2025-10-13 22:44:10.926273,0,0.22039784,0
O031424,C07130,P00207,2025-10-13 22:57:17.185929,0,0.4337113,0
O031425,C02716,P00812,2025-10-13 23:10:23.445586,1,0.2573831,0
O031426,C00934,P01066,2025-10-13 23:23:29.705242,0,0.39604333,0
O031427,C07573,P00408,2025-10-13 23:36:35.964899,0,0.19872765,0
O031428,C02492,P00224,2025-10-13 23:49:42.224555,0,0.27452865,0
O031429,C06740,P00290,2025-10-14 00:02:48.484212,0,0.20281534,0
O031430,C02176,P01595,2025-10-14 00:15:54.743868,0,0.30352437,0
O031431,C07109,P02148,2025-10-14 00:29:01.003525,0,0.40297303,0
O031432,C07383,P00494,2025-10-14 00:42:07.263181,1,0.83302027,1
O031433,C01720,P00036,2025-10-14 00:55:13.522838,0,0.5151589,1
O031434,C01423,P02475,2025-10-14 01:08:19.782494,0,0.6447166,1
O031435,C05348,P02000,2025-10-14 01:21:26.042151,0,0.39140934,0
O031436,C06244,P01850,2025-10-14 01:34:32.301807,0,0.25982335,0
O031437,C00455,P00830,2025-10-14 01:47:38.561464,0,0.30543858,0
O031438,C00762,P00922,2025-10-14 02:00:44.821120,0,0.529233,1
O031439,C06676,P00893,2025-10-14 02:13:51.080777,0,0.43191364,0
O031440,C02056,P01910,2025-10-14 02:26:57.340433,0,0.47609,0
O031441,C01586,P01421,2025-10-14 02:40:03.600090,0,0.2841561,0
O031442,C02848,P01048,2025-10-14 02:53:09.859746,1,0.39624888,0
O031443,C05397,P00654,2025-10-14 03:06:16.119402,1,0.2934045,0
O031444,C02675,P00421,2025-10-14 03:19:22.379059,0,0.46984264,0
O031445,C03894,P01406,2025-10-14 03:32:28.638715,0,0.28296462,0
O031446,C06567,P00427,2025-10-14 03:45:34.898372,0,0.46225315,0
O031447,C03139,P02398,2025-10-14 03:58:41.158028,1,0.20376034,0
O031448,C02849,P00967,2025-10-14 04:11:47.417685,1,0.73695916,1
O031449,C02391,P02437,2025-10-14 04:24:53.677341,0,0.44182813,0
O031450,C06253,P01278,2025-10-14 04:37:59.936998,0,0.46756262,0
O031451,C06556,P02294,2025-10-14 04:51:06.196654,0,0.39990732,0
O031452,C05029,P02256,2025-10-14 05:04:12.456311,0,0.7313397,1
O031453,C06924,P01914,2025-10-14 05:17:18.715967,0,0.75273365,1
O031454,C00776,P00884,2025-10-14 05:30:24.975624,0,0.6805278,1
O031455,C07299,P01631,2025-10-14 05:43:31.235280,0,0.22298393,0
O031456,C06957,P02028,2025-10-14 05:56:37.494937,0,0.15101627,0
O031457,C00053,P01882,2025-10-14 06:09:43.754593,0,0.1621076,0
O031458,C07534,P00300,2025-10-14 06:22:50.014250,0,0.6182648,1
O031459,C00090,P01813,2025-10-14 06:35:56.273906,0,0.5544178,1
O031460,C05903,P01933,2025-10-14 06:49:02.533563,0,0.32988784,0
O031461,C01231,P00139,2025-10-14 07:02:08.793219,0,0.4591288,0
O031462,C03534,P00980,2025-10-14 07:15:15.052876,0,0.4099487,0
O031463,C02683,P01891,2025-10-14 07:28:21.312532,0,0.22408593,0
O031464,C03426,P00774,2025-10-14 07:41:27.572189,0,0.19476323,0
O031465,C01059,P01606,2025-10-14 07:54:33.831845,0,0.42127922,0
O031466,C00385,P01318,2025-10-14 08:07:40.091502,0,0.21431075,0
O031467,C06466,P01410,2025-10-14 08:20:46.351158,0,0.35012898,0
O031468,C04223,P01957,2025-10-14 08:33:52.610815,0,0.42526546,0
O031469,C03865,P00282,2025-10-14 08:46:58.870471,0,0.60994244,1
O031470,C06706,P01209,2025-10-14 09:00:05.130128,1,0.5440409,1
O031471,C04085,P00442,2025-10-14 09:13:11.389784,0,0.59959424,1
O031472,C03606,P01064,2025-10-14 09:26:17.649441,1,0.84617275,1
O031473,C01969,P01622,2025-10-14 09:39:23.909097,0,0.16554886,0
O031474,C01611,P01986,2025-10-14 09:52:30.168754,0,0.47273842,0
O031475,C04488,P00365,2025-10-14 10:05:36.428410,1,0.50243926,1
O031476,C01959,P01951,2025-10-14 10:18:42.688067,0,0.50160795,1
O031477,C01217,P00419,2025-10-14 10:31:48.947723,0,0.38315138,0
O031478,C04329,P01488,2025-10-14 10:44:55.207380,0,0.5768679,1
O031479,C05575,P02024,2025-10-14 10:58:01.467036,0,0.4117754,0
O031480,C01988,P01327,2025-10-14 11:11:07.726693,0,0.7339505,1
O031481,C02970,P01390,2025-10-14 11:24:13.986349,1,0.7145557,1
O031482,C07340,P00414,2025-10-14 11:37:20.246006,0,0.84280604,1
O031483,C05736,P01922,2025-10-14 11:50:26.505662,1,0.23561403,0
O031484,C04549,P01327,2025-10-14 12:03:32.765319,0,0.52187204,1
O031485,C07342,P00797,2025-10-14 12:16:39.024975,0,0.39118525,0
O031486,C07564,P00233,2025-10-14 12:29:45.284632,0,0.4533517,0
O031487,C06035,P00834,2025-10-14 12:42:51.544288,0,0.5250858,1
O031488,C07104,P02250,2025-10-14 12:55:57.803945,1,0.28114504,0
O031489,C03175,P02138,2025-10-14 13:09:04.063601,0,0.36260483,0
O031490,C03030,P00944,2025-10-14 13:22:10.323258,1,0.6094201,1
O031491,C02923,P01419,2025-10-14 13:35:16.582914,0,0.48168445,0
O031492,C07669,P01206,2025-10-14 13:48:22.842571,0,0.36669612,0
O031493,C05854,P02482,2025-10-14 14:01:29.102227,0,0.33344,0
O031494,C05353,P00975,2025-10-14 14:14:35.361884,0,0.13497534,0
O031495,C05573,P00555,2025-10-14 14:27:41.621540,1,0.41911077,0
O031496,C01840,P01819,2025-10-14 14:40:47.881197,0,0.50645167,1
O031497,C06369,P02206,2025-10-14 14:53:54.140853,0,0.27173594,0
O031498,C06680,P01112,2025-10-14 15:07:00.400510,0,0.26707444,0
O031499,C04716,P00884,2025-10-14 15:20:06.660166,0,0.5631089,1
O031500,C06139,P02065,2025-10-14 15:33:12.919822,0,0.68189985,1
O031501,C00612,P00908,2025-10-14 15:46:19.179479,0,0.23127024,0
O031502,C02693,P01449,2025-10-14 15:59:25.439135,0,0.35980347,0
O031503,C00732,P00969,2025-10-14 16:12:31.698792,0,0.40069407,0
O031504,C02089,P00184,2025-10-14 16:25:37.958448,0,0.57234794,1
O031505,C02363,P01746,2025-10-14 16:38:44.218105,0,0.0903578,0
O031506,C02788,P00704,2025-10-14 16:51:50.477761,0,0.45056853,0
O031507,C01032,P00268,2025-10-14 17:04:56.737418,0,0.27942267,0
O031508,C02839,P02263,2025-10-14 17:18:02.997074,1,0.7220318,1
O031509,C02378,P01616,2025-10-14 17:31:09.256731,0,0.80364513,1
O031510,C04977,P00167,2025-10-14 17:44:15.516387,0,0.5961374,1
O031511,C05192,P01847,2025-10-14 17:57:21.776044,0,0.5495981,1
O031512,C04215,P02398,2025-10-14 18:10:28.035700,1,0.5033709,1
O031513,C03344,P01464,2025-10-14 18:23:34.295357,0,0.5882485,1
O031514,C01122,P02111,2025-10-14 18:36:40.555013,0,0.48952088,0
O031515,C01500,P01669,2025-10-14 18:49:46.814670,1,0.21125683,0
O031516,C07720,P01988,2025-10-14 19:02:53.074326,0,0.3564291,0
O031517,C04167,P00130,2025-10-14 19:15:59.333983,1,0.6930908,1
O031518,C05333,P02086,2025-10-14 19:29:05.593639,1,0.6419317,1
O031519,C02505,P01909,2025-10-14 19:42:11.853296,0,0.5895835,1
O031520,C02621,P01645,2025-10-14 19:55:18.112952,0,0.6739482,1
O031521,C03622,P01845,2025-10-14 20:08:24.372609,0,0.6890614,1
O031522,C03452,P00249,2025-10-14 20:21:30.632265,0,0.61406016,1
O031523,C00194,P00442,2025-10-14 20:34:36.891922,1,0.7754383,1
O031524,C02846,P01325,2025-10-14 20:47:43.151578,0,0.19754021,0
O031525,C01165,P01166,2025-10-14 21:00:49.411235,0,0.61097413,1
O031526,C00379,P01395,2025-10-14 21:13:55.670891,0,0.28063473,0
O031527,C06957,P00026,2025-10-14 21:27:01.930548,0,0.23165844,0
O031528,C04948,P00492,2025-10-14 21:40:08.190204,0,0.42794347,0
O031529,C07197,P00512,2025-10-14 21:53:14.449861,0,0.19232106,0
O031530,C00015,P02301,2025-10-14 22:06:20.709517,0,0.23701443,0
O031531,C05364,P02358,2025-10-14 22:19:26.969174,0,0.42653927,0
O031532,C00966,P01919,2025-10-14 22:32:33.228830,0,0.39552203,0
O031533,C07281,P01323,2025-10-14 22:45:39.488487,0,0.34186512,0
O031534,C01177,P01717,2025-10-14 22:58:45.748143,0,0.7203684,1
O031535,C04279,P01326,2025-10-14 23:11:52.007800,1,0.83440065,1
O031536,C00540,P01235,2025-10-14 23:24:58.267456,0,0.17333238,0
O031537,C05545,P01490,2025-10-14 23:38:04.527113,1,0.61233574,1
O031538,C03668,P02476,2025-10-14 23:51:10.786769,0,0.56764007,1
O031539,C07313,P00200,2025-10-15 00:04:17.046426,1,0.602129,1
O031540,C02671,P00488,2025-10-15 00:17:23.306082,1,0.49067998,0
O031541,C00643,P01587,2025-10-15 00:30:29.565739,0,0.33251312,0
O031542,C01471,P01376,2025-10-15 00:43:35.825395,0,0.41647595,0
O031543,C07508,P00312,2025-10-15 00:56:42.085052,0,0.25946915,0
O031544,C07640,P00646,2025-10-15 01:09:48.344708,0,0.51202667,1
O031545,C06603,P02243,2025-10-15 01:22:54.604365,1,0.5991,1
O031546,C00688,P00062,2025-10-15 01:36:00.864021,1,0.63082635,1
O031547,C02810,P01328,2025-10-15 01:49:07.123678,0,0.33028483,0
O031548,C01145,P00032,2025-10-15 02:02:13.383334,0,0.23824531,0
O031549,C07970,P00107,2025-10-15 02:15:19.642991,0,0.5432027,1
O031550,C00744,P02408,2025-10-15 02:28:25.902647,0,0.5566602,1
O031551,C07308,P01455,2025-10-15 02:41:32.162304,0,0.28786996,0
O031552,C03390,P01331,2025-10-15 02:54:38.421960,0,0.33812892,0
O031553,C06275,P01785,2025-10-15 03:07:44.681617,1,0.49189904,0
O031554,C07417,P01958,2025-10-15 03:20:50.941273,0,0.33903328,0
O031555,C07717,P01612,2025-10-15 03:33:57.200930,1,0.5208062,1
O031556,C02215,P01986,2025-10-15 03:47:03.460586,1,0.70763546,1
O031557,C00249,P02427,2025-10-15 04:00:09.720243,1,0.6982763,1
O031558,C05407,P00134,2025-10-15 04:13:15.979899,1,0.5576105,1
O031559,C06852,P01385,2025-10-15 04:26:22.239555,0,0.41029674,0
O031560,C05767,P02024,2025-10-15 04:39:28.499212,0,0.6434752,1
O031561,C01211,P00096,2025-10-15 04:52:34.758868,0,0.5963276,1
O031562,C07623,P01196,2025-10-15 05:05:41.018525,1,0.7545947,1
O031563,C00967,P01980,2025-10-15 05:18:47.278181,0,0.35289916,0
O031564,C01359,P01044,2025-10-15 05:31:53.537838,0,0.48558754,0
O031565,C00545,P00299,2025-10-15 05:44:59.797494,0,0.4577687,0
O031566,C03336,P02200,2025-10-15 05:58:06.057151,0,0.22056371,0
O031567,C03884,P00826,2025-10-15 06:11:12.316807,0,0.45408764,0
O031568,C06840,P02199,2025-10-15 06:24:18.576464,0,0.62909406,1
O031569,C06847,P02242,2025-10-15 06:37:24.836120,0,0.22102588,0
O031570,C01211,P01930,2025-10-15 06:50:31.095777,0,0.32716683,0
O031571,C06264,P00711,2025-10-15 07:03:37.355433,0,0.26151255,0
O031572,C06483,P01202,2025-10-15 07:16:43.615090,0,0.4246012,0
O031573,C06437,P01296,2025-10-15 07:29:49.874746,0,0.2520871,0
O031574,C03072,P00943,2025-10-15 07:42:56.134403,0,0.42027202,0
O031575,C01156,P01014,2025-10-15 07:56:02.394059,1,0.41496077,0
O031576,C02984,P00356,2025-10-15 08:09:08.653716,0,0.33261266,0
O031577,C01949,P02393,2025-10-15 08:22:14.913372,0,0.5946102,1
O031578,C03179,P02432,2025-10-15 08:35:21.173029,0,0.46801576,0
O031579,C06455,P01197,2025-10-15 08:48:27.432685,0,0.47184142,0
O031580,C03462,P00003,2025-10-15 09:01:33.692342,1,0.5146302,1
O031581,C02053,P01958,2025-10-15 09:14:39.951998,0,0.27060837,0
O031582,C00307,P02002,2025-10-15 09:27:46.211655,0,0.44423074,0
O031583,C02804,P00470,2025-10-15 09:40:52.471311,0,0.1509046,0
O031584,C00234,P00824,2025-10-15 09:53:58.730968,0,0.27010834,0
O031585,C00641,P00289,2025-10-15 10:07:04.990624,0,0.4413586,0
O031586,C06488,P00277,2025-10-15 10:20:11.250281,0,0.4402688,0
O031587,C00568,P00056,2025-10-15 10:33:17.509937,0,0.72433364,1
O031588,C03886,P00111,2025-10-15 10:46:23.769594,0,0.17626835,0
O031589,C04565,P01385,2025-10-15 10:59:30.029250,1,0.36528093,0
O031590,C06843,P00346,2025-10-15 11:12:36.288907,0,0.67743987,1
O031591,C01700,P00228,2025-10-15 11:25:42.548563,0,0.14316976,0
O031592,C02833,P00242,2025-10-15 11:38:48.808220,0,0.44543773,0
O031593,C06471,P01895,2025-10-15 11:51:55.067876,0,0.45081505,0
O031594,C03182,P01603,2025-10-15 12:05:01.327533,0,0.30867645,0
O031595,C02720,P00015,2025-10-15 12:18:07.587189,1,0.7854504,1
O031596,C07832,P01963,2025-10-15 12:31:13.846846,0,0.6264797,1
O031597,C01852,P01536,2025-10-15 12:44:20.106502,0,0.28683066,0
O031598,C01840,P00159,2025-10-15 12:57:26.366159,0,0.33809948,0
O031599,C04792,P02320,2025-10-15 13:10:32.625815,0,0.27971378,0
O031600,C07946,P01020,2025-10-15 13:23:38.885472,0,0.70487136,1
O031601,C03824,P02251,2025-10-15 13:36:45.145128,0,0.40662706,0
O031602,C00021,P00294,2025-10-15 13:49:51.404785,0,0.35156548,0
O031603,C04937,P02214,2025-10-15 14:02:57.664441,0,0.74148303,1
O031604,C04752,P00629,2025-10-15 14:16:03.924098,0,0.5285683,1
O031605,C02361,P00608,2025-10-15 14:29:10.183754,0,0.37534904,0
O031606,C01952,P01549,2025-10-15 14:42:16.443411,1,0.6877914,1
O031607,C04928,P00227,2025-10-15 14:55:22.703067,0,0.20047824,0
O031608,C03287,P01991,2025-10-15 15:08:28.962724,1,0.5834988,1
O031609,C04125,P00020,2025-10-15 15:21:35.222380,0,0.47973752,0
O031610,C05364,P00303,2025-10-15 15:34:41.482037,1,0.63815093,1
O031611,C02218,P00459,2025-10-15 15:47:47.741693,0,0.33139518,0
O031612,C06978,P00383,2025-10-15 16:00:54.001350,0,0.29866698,0
O031613,C03892,P01119,2025-10-15 16:14:00.261006,0,0.24299097,0
O031614,C01498,P00030,2025-10-15 16:27:06.520663,0,0.52556396,1
O031615,C01395,P01785,2025-10-15 16:40:12.780319,1,0.28767937,0
O031616,C06239,P00742,2025-10-15 16:53:19.039976,0,0.22338091,0
O031617,C03491,P01140,2025-10-15 17:06:25.299632,0,0.24174751,0
O031618,C02738,P02164,2025-10-15 17:19:31.559288,0,0.54826885,1
O031619,C03964,P00904,2025-10-15 17:32:37.818945,1,0.72728795,1
O031620,C02477,P01055,2025-10-15 17:45:44.078601,0,0.45570496,0
O031621,C03360,P02105,2025-10-15 17:58:50.338258,0,0.7860724,1
O031622,C07199,P01924,2025-10-15 18:11:56.597914,0,0.40172055,0
O031623,C06289,P01088,2025-10-15 18:25:02.857571,0,0.3616724,0
O031624,C02765,P00666,2025-10-15 18:38:09.117227,0,0.34534192,0
O031625,C01915,P00816,2025-10-15 18:51:15.376884,0,0.16986693,0
O031626,C01936,P00297,2025-10-15 19:04:21.636540,0,0.4349884,0
O031627,C04013,P00125,2025-10-15 19:17:27.896197,0,0.521918,1
O031628,C04107,P00628,2025-10-15 19:30:34.155853,0,0.5527186,1
O031629,C01342,P02207,2025-10-15 19:43:40.415510,0,0.4463204,0
O031630,C02662,P00014,2025-10-15 19:56:46.675166,0,0.6583314,1
O031631,C05204,P00626,2025-10-15 20:09:52.934823,1,0.5975063,1
O031632,C04755,P02321,2025-10-15 20:22:59.194479,0,0.42217177,0
O031633,C01194,P01609,2025-10-15 20:36:05.454136,0,0.29676917,0
O031634,C01741,P02009,2025-10-15 20:49:11.713792,0,0.18961881,0
O031635,C00544,P00599,2025-10-15 21:02:17.973449,0,0.6480851,1
O031636,C01788,P00679,2025-10-15 21:15:24.233105,0,0.6054782,1
O031637,C00695,P01537,2025-10-15 21:28:30.492762,0,0.38250268,0
O031638,C07828,P02419,2025-10-15 21:41:36.752418,0,0.23969361,0
O031639,C01639,P00428,2025-10-15 21:54:43.012075,0,0.29654947,0
O031640,C06127,P02405,2025-10-15 22:07:49.271731,1,0.43303373,0
O031641,C02286,P00521,2025-10-15 22:20:55.531388,0,0.5754288,1
O031642,C04597,P01066,2025-10-15 22:34:01.791044,0,0.36220318,0
O031643,C05292,P01600,2025-10-15 22:47:08.050701,0,0.2796562,0
O031644,C06434,P00443,2025-10-15 23:00:14.310357,0,0.5080036,1
O031645,C06262,P02092,2025-10-15 23:13:20.570014,1,0.5167705,1
O031646,C01381,P02397,2025-10-15 23:26:26.829670,0,0.33744487,0
O031647,C01448,P02085,2025-10-15 23:39:33.089327,0,0.50819266,1
O031648,C05674,P01740,2025-10-15 23:52:39.348983,1,0.6297291,1
O031649,C04782,P00756,2025-10-16 00:05:45.608640,0,0.55113256,1
O031650,C04426,P00371,2025-10-16 00:18:51.868296,0,0.3568192,0
O031651,C00471,P02269,2025-10-16 00:31:58.127953,0,0.62191063,1
O031652,C07524,P02209,2025-10-16 00:45:04.387609,0,0.36078265,0
O031653,C04982,P02079,2025-10-16 00:58:10.647266,0,0.4096022,0
O031654,C03465,P01199,2025-10-16 01:11:16.906922,0,0.6281507,1
O031655,C01087,P01541,2025-10-16 01:24:23.166579,0,0.495726,0
O031656,C04646,P00899,2025-10-16 01:37:29.426235,0,0.637254,1
O031657,C00469,P00502,2025-10-16 01:50:35.685892,1,0.60197365,1
O031658,C03441,P00522,2025-10-16 02:03:41.945548,0,0.71967596,1
O031659,C04205,P01115,2025-10-16 02:16:48.205205,0,0.5723928,1
O031660,C02402,P00750,2025-10-16 02:29:54.464861,1,0.55070007,1
O031661,C07403,P01201,2025-10-16 02:43:00.724518,0,0.5184328,1
O031662,C06328,P00669,2025-10-16 02:56:06.984174,0,0.40601078,0
O031663,C06677,P00975,2025-10-16 03:09:13.243831,0,0.48239002,0
O031664,C05837,P01019,2025-10-16 03:22:19.503487,0,0.59757906,1
O031665,C04252,P02084,2025-10-16 03:35:25.763144,0,0.3200359,0
O031666,C06741,P02465,2025-10-16 03:48:32.022800,0,0.57666284,1
O031667,C02307,P02101,2025-10-16 04:01:38.282457,0,0.72887903,1
O031668,C05556,P00312,2025-10-16 04:14:44.542113,0,0.46910447,0
O031669,C00467,P00352,2025-10-16 04:27:50.801770,0,0.429404,0
O031670,C02652,P02375,2025-10-16 04:40:57.061426,0,0.4682236,0
O031671,C07734,P00571,2025-10-16 04:54:03.321083,0,0.3877492,0
O031672,C06229,P00367,2025-10-16 05:07:09.580739,0,0.4406118,0
O031673,C06069,P01918,2025-10-16 05:20:15.840396,0,0.39836,0
O031674,C07950,P01229,2025-10-16 05:33:22.100052,1,0.16893096,0
O031675,C00695,P00297,2025-10-16 05:46:28.359708,0,0.39504126,0
O031676,C05538,P00011,2025-10-16 05:59:34.619365,1,0.27296612,0
O031677,C07867,P00996,2025-10-16 06:12:40.879021,0,0.26180926,0
O031678,C01727,P00272,2025-10-16 06:25:47.138678,0,0.6878342,1
O031679,C02109,P00071,2025-10-16 06:38:53.398334,0,0.39259413,0
O031680,C04515,P00030,2025-10-16 06:51:59.657991,0,0.55201817,1
O031681,C03810,P00159,2025-10-16 07:05:05.917647,0,0.32138926,0
O031682,C04936,P00214,2025-10-16 07:18:12.177304,0,0.4575762,0
O031683,C05464,P01181,2025-10-16 07:31:18.436960,0,0.6741817,1
O031684,C02297,P02013,2025-10-16 07:44:24.696617,0,0.2988876,0
O031685,C06600,P01922,2025-10-16 07:57:30.956273,0,0.5276628,1
O031686,C02192,P00814,2025-10-16 08:10:37.215930,0,0.18294945,0
O031687,C03167,P00775,2025-10-16 08:23:43.475586,0,0.7695885,1
O031688,C06443,P00590,2025-10-16 08:36:49.735243,0,0.16005562,0
O031689,C01965,P00819,2025-10-16 08:49:55.994899,0,0.6672657,1
O031690,C06360,P01135,2025-10-16 09:03:02.254556,0,0.40251303,0
O031691,C05695,P01156,2025-10-16 09:16:08.514212,0,0.38274565,0
O031692,C03097,P00646,2025-10-16 09:29:14.773869,1,0.64093435,1
O031693,C01960,P01008,2025-10-16 09:42:21.033525,0,0.63390815,1
O031694,C01146,P01794,2025-10-16 09:55:27.293182,1,0.2583189,0
O031695,C05022,P00583,2025-10-16 10:08:33.552838,1,0.6077347,1
O031696,C03332,P01626,2025-10-16 10:21:39.812495,0,0.2370342,0
O031697,C01433,P01063,2025-10-16 10:34:46.072151,0,0.38276687,0
O031698,C01721,P00451,2025-10-16 10:47:52.331808,0,0.38164973,0
O031699,C02760,P02098,2025-10-16 11:00:58.591464,0,0.4806259,0
O031700,C00773,P00622,2025-10-16 11:14:04.851121,0,0.39024487,0
O031701,C04169,P00945,2025-10-16 11:27:11.110777,0,0.27735117,0
O031702,C01039,P01029,2025-10-16 11:40:17.370434,0,0.5012303,1
O031703,C06019,P00136,2025-10-16 11:53:23.630090,0,0.46025577,0
O031704,C01518,P02189,2025-10-16 12:06:29.889747,0,0.3957346,0
O031705,C05796,P01441,2025-10-16 12:19:36.149403,0,0.6727013,1
O031706,C06304,P01077,2025-10-16 12:32:42.409060,0,0.40395162,0
O031707,C07398,P02250,2025-10-16 12:45:48.668716,0,0.54144114,1
O031708,C04819,P00120,2025-10-16 12:58:54.928373,1,0.6231906,1
O031709,C02603,P00936,2025-10-16 13:12:01.188029,0,0.4813131,0
O031710,C02827,P00039,2025-10-16 13:25:07.447686,1,0.32931143,0
O031711,C00681,P00166,2025-10-16 13:38:13.707342,0,0.45654148,0
O031712,C00852,P01122,2025-10-16 13:51:19.966999,0,0.6459651,1
O031713,C00425,P01876,2025-10-16 14:04:26.226655,0,0.5261804,1
O031714,C00041,P02493,2025-10-16 14:17:32.486312,0,0.34429264,0
O031715,C03840,P00078,2025-10-16 14:30:38.745968,0,0.17636831,0
O031716,C06395,P01257,2025-10-16 14:43:45.005625,0,0.55251634,1
O031717,C06149,P01191,2025-10-16 14:56:51.265281,1,0.41709384,0
O031718,C07137,P01654,2025-10-16 15:09:57.524938,0,0.35072678,0
O031719,C02150,P00810,2025-10-16 15:23:03.784594,0,0.44607517,0
O031720,C01020,P02145,2025-10-16 15:36:10.044251,1,0.5396918,1
O031721,C02122,P01383,2025-10-16 15:49:16.303907,0,0.27683136,0
O031722,C00552,P00638,2025-10-16 16:02:22.563564,1,0.29676658,0
O031723,C03562,P01533,2025-10-16 16:15:28.823220,0,0.39929903,0
O031724,C05790,P00027,2025-10-16 16:28:35.082877,0,0.16373527,0
O031725,C05873,P00825,2025-10-16 16:41:41.342533,1,0.6199414,1
O031726,C05705,P00845,2025-10-16 16:54:47.602190,0,0.51550984,1
O031727,C05269,P02147,2025-10-16 17:07:53.861846,1,0.7613259,1
O031728,C05876,P00251,2025-10-16 17:21:00.121503,0,0.17102413,0
O031729,C00979,P02336,2025-10-16 17:34:06.381159,1,0.75597537,1
O031730,C04409,P00714,2025-10-16 17:47:12.640816,0,0.35913187,0
O031731,C04854,P01766,2025-10-16 18:00:18.900472,1,0.5605347,1
O031732,C07690,P00855,2025-10-16 18:13:25.160129,0,0.5383573,1
O031733,C07205,P02324,2025-10-16 18:26:31.419785,0,0.16135913,0
O031734,C02035,P00160,2025-10-16 18:39:37.679441,0,0.2668915,0
O031735,C04272,P01458,2025-10-16 18:52:43.939098,0,0.22391368,0
O031736,C05655,P00765,2025-10-16 19:05:50.198754,0,0.27928114,0
O031737,C05129,P01221,2025-10-16 19:18:56.458411,0,0.26532936,0
O031738,C03610,P01851,2025-10-16 19:32:02.718067,0,0.35328075,0
O031739,C01270,P00989,2025-10-16 19:45:08.977724,0,0.44135484,0
O031740,C06254,P01662,2025-10-16 19:58:15.237380,1,0.68338335,1
O031741,C03056,P01594,2025-10-16 20:11:21.497037,0,0.5501814,1
O031742,C00600,P00591,2025-10-16 20:24:27.756693,0,0.76594526,1
O031743,C01955,P01438,2025-10-16 20:37:34.016350,0,0.17796332,0
O031744,C07630,P00112,2025-10-16 20:50:40.276006,1,0.4471613,0
O031745,C00109,P01520,2025-10-16 21:03:46.535663,1,0.2582407,0
O031746,C03068,P01001,2025-10-16 21:16:52.795319,0,0.406538,0
O031747,C00260,P00048,2025-10-16 21:29:59.054976,0,0.35827294,0
O031748,C00116,P01325,2025-10-16 21:43:05.314632,0,0.25820264,0
O031749,C05550,P01414,2025-10-16 21:56:11.574289,0,0.38084602,0
O031750,C07940,P00088,2025-10-16 22:09:17.833945,0,0.3983346,0
O031751,C00307,P01358,2025-10-16 22:22:24.093602,1,0.5217895,1
O031752,C04421,P00719,2025-10-16 22:35:30.353258,0,0.32587725,0
O031753,C05215,P02319,2025-10-16 22:48:36.612915,0,0.29602897,0
O031754,C07848,P01563,2025-10-16 23:01:42.872571,0,0.4068722,0
O031755,C03429,P01264,2025-10-16 23:14:49.132228,0,0.33206004,0
O031756,C02179,P01015,2025-10-16 23:27:55.391884,0,0.24786037,0
O031757,C01233,P00452,2025-10-16 23:41:01.651541,0,0.3615165,0
O031758,C03371,P01504,2025-10-16 23:54:07.911197,0,0.23776878,0
O031759,C05135,P01672,2025-10-17 00:07:14.170854,1,0.35711592,0
O031760,C00146,P01919,2025-10-17 00:20:20.430510,0,0.6953548,1
O031761,C06627,P02304,2025-10-17 00:33:26.690167,0,0.3219174,0
O031762,C06524,P00830,2025-10-17 00:46:32.949823,0,0.22520706,0
O031763,C01983,P01492,2025-10-17 00:59:39.209480,0,0.34752423,0
O031764,C02986,P01420,2025-10-17 01:12:45.469136,0,0.2767035,0
O031765,C04868,P02125,2025-10-17 01:25:51.728793,0,0.139182,0
O031766,C04678,P02458,2025-10-17 01:38:57.988449,0,0.2166581,0
O031767,C05788,P00360,2025-10-17 01:52:04.248106,1,0.4514459,0
O031768,C06919,P01663,2025-10-17 02:05:10.507762,0,0.24903297,0
O031769,C00367,P01338,2025-10-17 02:18:16.767419,0,0.37294018,0
O031770,C04725,P02249,2025-10-17 02:31:23.027075,0,0.28919753,0
O031771,C04648,P00499,2025-10-17 02:44:29.286732,0,0.37525466,0
O031772,C00761,P01825,2025-10-17 02:57:35.546388,1,0.47741285,0
O031773,C06396,P00762,2025-10-17 03:10:41.806045,0,0.25612664,0
O031774,C02368,P02368,2025-10-17 03:23:48.065701,0,0.5735684,1
O031775,C06483,P02045,2025-10-17 03:36:54.325358,0,0.60553986,1
O031776,C05386,P01576,2025-10-17 03:50:00.585014,0,0.6032497,1
O031777,C03670,P01687,2025-10-17 04:03:06.844671,0,0.27687064,0
O031778,C02060,P02498,2025-10-17 04:16:13.104327,0,0.35992917,0
O031779,C06124,P02089,2025-10-17 04:29:19.363984,0,0.7238712,1
O031780,C04992,P00016,2025-10-17 04:42:25.623640,0,0.34525794,0
O031781,C02890,P00187,2025-10-17 04:55:31.883297,0,0.39489383,0
O031782,C03527,P02462,2025-10-17 05:08:38.142953,0,0.30997378,0
O031783,C02644,P01824,2025-10-17 05:21:44.402610,0,0.42967457,0
O031784,C03058,P02467,2025-10-17 05:34:50.662266,1,0.3320904,0
O031785,C03452,P01549,2025-10-17 05:47:56.921923,0,0.4157898,0
O031786,C05742,P00337,2025-10-17 06:01:03.181579,0,0.6530843,1
O031787,C05626,P01220,2025-10-17 06:14:09.441236,1,0.46686998,0
O031788,C06204,P02309,2025-10-17 06:27:15.700892,0,0.34628817,0
O031789,C00730,P01364,2025-10-17 06:40:21.960549,0,0.5475544,1
O031790,C01290,P00418,2025-10-17 06:53:28.220205,0,0.6263197,1
O031791,C03806,P01800,2025-10-17 07:06:34.479861,0,0.57922405,1
O031792,C06657,P02426,2025-10-17 07:19:40.739518,0,0.2413421,0
O031793,C05441,P01740,2025-10-17 07:32:46.999174,0,0.7660344,1
O031794,C07035,P01126,2025-10-17 07:45:53.258831,0,0.76036465,1
O031795,C04171,P00536,2025-10-17 07:58:59.518487,1,0.43349406,0
O031796,C01871,P01510,2025-10-17 08:12:05.778144,0,0.31136706,0
O031797,C04504,P02358,2025-10-17 08:25:12.037800,0,0.53848344,1
O031798,C05667,P00915,2025-10-17 08:38:18.297457,0,0.2767955,0
O031799,C01554,P01679,2025-10-17 08:51:24.557113,0,0.40984127,0
O031800,C02857,P02357,2025-10-17 09:04:30.816770,0,0.7103279,1
O031801,C00144,P02161,2025-10-17 09:17:37.076426,0,0.27767274,0
O031802,C07216,P01489,2025-10-17 09:30:43.336083,0,0.16699855,0
O031803,C02063,P00980,2025-10-17 09:43:49.595739,0,0.57325894,1
O031804,C06454,P02344,2025-10-17 09:56:55.855396,1,0.6996059,1
O031805,C04302,P02026,2025-10-17 10:10:02.115052,0,0.29853597,0
O031806,C06804,P00500,2025-10-17 10:23:08.374709,0,0.57648766,1
O031807,C05234,P00767,2025-10-17 10:36:14.634365,0,0.64784974,1
O031808,C00919,P01162,2025-10-17 10:49:20.894022,0,0.28284323,0
O031809,C00505,P00348,2025-10-17 11:02:27.153678,0,0.47550845,0
O031810,C06983,P01713,2025-10-17 11:15:33.413335,1,0.3140749,0
O031811,C03784,P00549,2025-10-17 11:28:39.672991,0,0.28575122,0
O031812,C01953,P00650,2025-10-17 11:41:45.932648,0,0.43710983,0
O031813,C04128,P01994,2025-10-17 11:54:52.192304,1,0.29434842,0
O031814,C06929,P01795,2025-10-17 12:07:58.451961,0,0.36288998,0
O031815,C05194,P00108,2025-10-17 12:21:04.711617,0,0.31979293,0
O031816,C03740,P00171,2025-10-17 12:34:10.971274,0,0.66328126,1
O031817,C03453,P00171,2025-10-17 12:47:17.230930,0,0.45038888,0
O031818,C06728,P00006,2025-10-17 13:00:23.490587,0,0.27748722,0
O031819,C07109,P01746,2025-10-17 13:13:29.750243,0,0.13935737,0
O031820,C06517,P00007,2025-10-17 13:26:36.009900,0,0.5827974,1
O031821,C02438,P00409,2025-10-17 13:39:42.269556,0,0.16784582,0
O031822,C00366,P01674,2025-10-17 13:52:48.529213,0,0.3595533,0
O031823,C05973,P00501,2025-10-17 14:05:54.788869,0,0.32286957,0
O031824,C04533,P01653,2025-10-17 14:19:01.048526,0,0.68753266,1
O031825,C02571,P01513,2025-10-17 14:32:07.308182,0,0.33443278,0
O031826,C04944,P00021,2025-10-17 14:45:13.567839,1,0.69113886,1
O031827,C00446,P01727,2025-10-17 14:58:19.827495,0,0.359767,0
O031828,C02762,P01073,2025-10-17 15:11:26.087152,0,0.12913941,0
O031829,C06764,P00460,2025-10-17 15:24:32.346808,0,0.6374373,1
O031830,C07429,P01456,2025-10-17 15:37:38.606465,0,0.62147945,1
O031831,C07573,P01965,2025-10-17 15:50:44.866121,0,0.5090668,1
O031832,C00619,P00754,2025-10-17 16:03:51.125778,1,0.41335067,0
O031833,C02821,P01878,2025-10-17 16:16:57.385434,0,0.6485059,1
O031834,C07002,P01681,2025-10-17 16:30:03.645091,0,0.23051812,0
O031835,C05223,P00606,2025-10-17 16:43:09.904747,1,0.29678038,0
O031836,C03638,P01455,2025-10-17 16:56:16.164404,0,0.6537803,1
O031837,C00953,P00545,2025-10-17 17:09:22.424060,0,0.21851556,0
O031838,C01768,P00359,2025-10-17 17:22:28.683717,0,0.48501915,0
O031839,C04296,P01839,2025-10-17 17:35:34.943373,0,0.25135988,0
O031840,C05737,P01349,2025-10-17 17:48:41.203030,0,0.16350058,0
O031841,C04758,P01117,2025-10-17 18:01:47.462686,0,0.1915154,0
O031842,C04249,P02053,2025-10-17 18:14:53.722343,0,0.4293316,0
O031843,C05295,P00797,2025-10-17 18:27:59.981999,0,0.2741516,0
O031844,C01202,P01962,2025-10-17 18:41:06.241656,1,0.7757048,1
O031845,C03013,P00166,2025-10-17 18:54:12.501312,0,0.4089231,0
O031846,C02704,P00260,2025-10-17 19:07:18.760969,0,0.44179037,0
O031847,C02320,P00866,2025-10-17 19:20:25.020625,0,0.6214114,1
O031848,C02527,P02427,2025-10-17 19:33:31.280282,0,0.53068805,1
O031849,C02880,P00160,2025-10-17 19:46:37.539938,0,0.33498362,0
O031850,C04020,P00981,2025-10-17 19:59:43.799594,0,0.49270904,0
O031851,C04615,P00206,2025-10-17 20:12:50.059251,0,0.33386457,0
O031852,C02658,P00774,2025-10-17 20:25:56.318907,0,0.122840606,0
O031853,C05897,P01148,2025-10-17 20:39:02.578564,0,0.3740666,0
O031854,C02724,P01742,2025-10-17 20:52:08.838220,0,0.60898256,1
O031855,C02149,P01479,2025-10-17 21:05:15.097877,1,0.60022473,1
O031856,C00239,P01762,2025-10-17 21:18:21.357533,0,0.16227764,0
O031857,C01334,P02371,2025-10-17 21:31:27.617190,1,0.36639068,0
O031858,C07036,P01980,2025-10-17 21:44:33.876846,0,0.39639935,0
O031859,C04620,P02019,2025-10-17 21:57:40.136503,0,0.27593437,0
O031860,C00498,P01309,2025-10-17 22:10:46.396159,0,0.7433862,1
O031861,C06847,P01508,2025-10-17 22:23:52.655816,1,0.68283796,1
O031862,C03565,P02047,2025-10-17 22:36:58.915472,1,0.61538184,1
O031863,C01475,P01845,2025-10-17 22:50:05.175129,0,0.20074157,0
O031864,C05782,P01396,2025-10-17 23:03:11.434785,0,0.49093854,0
O031865,C01594,P02416,2025-10-17 23:16:17.694442,1,0.3642436,0
O031866,C02550,P00486,2025-10-17 23:29:23.954098,0,0.2698882,0
O031867,C05913,P01509,2025-10-17 23:42:30.213755,0,0.8217637,1
O031868,C06582,P00435,2025-10-17 23:55:36.473411,1,0.3093057,0
O031869,C05226,P01765,2025-10-18 00:08:42.733068,1,0.6500745,1
O031870,C06725,P00096,2025-10-18 00:21:48.992724,1,0.65195525,1
O031871,C07874,P00015,2025-10-18 00:34:55.252381,0,0.5595083,1
O031872,C03467,P01535,2025-10-18 00:48:01.512037,0,0.5630831,1
O031873,C00566,P00749,2025-10-18 01:01:07.771694,1,0.57689965,1
O031874,C04678,P00721,2025-10-18 01:14:14.031350,1,0.26403627,0
O031875,C03520,P01635,2025-10-18 01:27:20.291007,0,0.22640055,0
O031876,C06978,P00496,2025-10-18 01:40:26.550663,1,0.64243513,1
O031877,C01678,P01523,2025-10-18 01:53:32.810320,1,0.15506211,0
O031878,C07497,P01032,2025-10-18 02:06:39.069976,1,0.49267083,0
O031879,C05081,P01962,2025-10-18 02:19:45.329633,1,0.5311994,1
O031880,C06812,P00711,2025-10-18 02:32:51.589289,0,0.24389055,0
O031881,C04805,P00871,2025-10-18 02:45:57.848946,0,0.5029906,1
O031882,C00536,P00769,2025-10-18 02:59:04.108602,0,0.32649127,0
O031883,C00352,P00221,2025-10-18 03:12:10.368259,0,0.82507914,1
O031884,C02381,P00679,2025-10-18 03:25:16.627915,1,0.450643,0
O031885,C00382,P01838,2025-10-18 03:38:22.887572,0,0.16466722,0
O031886,C01445,P02377,2025-10-18 03:51:29.147228,0,0.7561167,1
O031887,C04567,P01715,2025-10-18 04:04:35.406885,0,0.20533454,0
O031888,C07672,P01205,2025-10-18 04:17:41.666541,0,0.30205852,0
O031889,C03356,P02313,2025-10-18 04:30:47.926198,1,0.43799344,0
O031890,C02736,P01038,2025-10-18 04:43:54.185854,0,0.43800628,0
O031891,C00227,P00671,2025-10-18 04:57:00.445511,0,0.6659492,1
O031892,C03735,P01764,2025-10-18 05:10:06.705167,0,0.5226796,1
O031893,C03604,P00478,2025-10-18 05:23:12.964824,0,0.42067155,0
O031894,C01231,P00579,2025-10-18 05:36:19.224480,0,0.416628,0
O031895,C05852,P01276,2025-10-18 05:49:25.484137,0,0.20039345,0
O031896,C02547,P01466,2025-10-18 06:02:31.743793,1,0.5574528,1
O031897,C06308,P00377,2025-10-18 06:15:38.003450,0,0.5637976,1
O031898,C03834,P01512,2025-10-18 06:28:44.263106,0,0.2519025,0
O031899,C01410,P01756,2025-10-18 06:41:50.522763,0,0.56793034,1
O031900,C02265,P01465,2025-10-18 06:54:56.782419,0,0.75631154,1
O031901,C00230,P00724,2025-10-18 07:08:03.042076,0,0.6643096,1
O031902,C06979,P00108,2025-10-18 07:21:09.301732,0,0.48013788,0
O031903,C02416,P00156,2025-10-18 07:34:15.561389,0,0.44949543,0
O031904,C01192,P01178,2025-10-18 07:47:21.821045,0,0.11681419,0
O031905,C06576,P02070,2025-10-18 08:00:28.080702,0,0.2391136,0
O031906,C07364,P00273,2025-10-18 08:13:34.340358,1,0.62206614,1
O031907,C02931,P02383,2025-10-18 08:26:40.600015,0,0.73561376,1
O031908,C07288,P02185,2025-10-18 08:39:46.859671,0,0.26748508,0
O031909,C02715,P02457,2025-10-18 08:52:53.119327,0,0.24449553,0
O031910,C02719,P01298,2025-10-18 09:05:59.378984,0,0.50333834,1
O031911,C00199,P00026,2025-10-18 09:19:05.638640,0,0.20105639,0
O031912,C06581,P02387,2025-10-18 09:32:11.898297,0,0.5549849,1
O031913,C05148,P00584,2025-10-18 09:45:18.157953,0,0.7314644,1
O031914,C07320,P02500,2025-10-18 09:58:24.417610,0,0.62624663,1
O031915,C07055,P00661,2025-10-18 10:11:30.677266,0,0.50593233,1
O031916,C07323,P01407,2025-10-18 10:24:36.936923,0,0.22455032,0
O031917,C02349,P01149,2025-10-18 10:37:43.196579,0,0.20725304,0
O031918,C04072,P01950,2025-10-18 10:50:49.456236,0,0.67127776,1
O031919,C02098,P02356,2025-10-18 11:03:55.715892,0,0.34469888,0
O031920,C03428,P01670,2025-10-18 11:17:01.975549,1,0.7006021,1
O031921,C07923,P01391,2025-10-18 11:30:08.235205,0,0.4549715,0
O031922,C03701,P01130,2025-10-18 11:43:14.494862,0,0.3848702,0
O031923,C02062,P01016,2025-10-18 11:56:20.754518,0,0.6658368,1
O031924,C02670,P00608,2025-10-18 12:09:27.014175,0,0.22964051,0
O031925,C03523,P01933,2025-10-18 12:22:33.273831,0,0.2680628,0
O031926,C04074,P00323,2025-10-18 12:35:39.533488,0,0.43754667,0
O031927,C05878,P00265,2025-10-18 12:48:45.793144,1,0.8503108,1
O031928,C06530,P00195,2025-10-18 13:01:52.052801,0,0.19684711,0
O031929,C02580,P01085,2025-10-18 13:14:58.312457,0,0.5806556,1
O031930,C05508,P01020,2025-10-18 13:28:04.572114,0,0.56281227,1
O031931,C05456,P02332,2025-10-18 13:41:10.831770,0,0.509766,1
O031932,C07252,P01426,2025-10-18 13:54:17.091427,0,0.6963263,1
O031933,C07286,P00009,2025-10-18 14:07:23.351083,0,0.7339053,1
O031934,C01599,P02482,2025-10-18 14:20:29.610740,0,0.26845655,0
O031935,C07226,P00813,2025-10-18 14:33:35.870396,0,0.12389529,0
O031936,C04348,P01682,2025-10-18 14:46:42.130053,1,0.35381827,0
O031937,C07610,P00926,2025-10-18 14:59:48.389709,0,0.3541946,0
O031938,C00009,P01824,2025-10-18 15:12:54.649366,0,0.46008196,0
O031939,C06057,P00283,2025-10-18 15:26:00.909022,0,0.50297374,1
O031940,C02037,P01995,2025-10-18 15:39:07.168679,1,0.29084796,0
O031941,C07579,P00066,2025-10-18 15:52:13.428335,1,0.7256848,1
O031942,C00522,P01572,2025-10-18 16:05:19.687992,0,0.4592146,0
O031943,C04896,P00890,2025-10-18 16:18:25.947648,0,0.29039553,0
O031944,C00918,P01343,2025-10-18 16:31:32.207305,1,0.46453303,0
O031945,C07950,P01929,2025-10-18 16:44:38.466961,0,0.30774635,0
O031946,C06484,P00125,2025-10-18 16:57:44.726618,0,0.62824523,1
O031947,C04257,P01367,2025-10-18 17:10:50.986274,0,0.46348932,0
O031948,C03749,P00096,2025-10-18 17:23:57.245931,0,0.59784216,1
O031949,C05849,P02059,2025-10-18 17:37:03.505587,0,0.59377855,1
O031950,C04664,P00592,2025-10-18 17:50:09.765244,0,0.4923241,0
O031951,C07565,P01788,2025-10-18 18:03:16.024900,0,0.29084578,0
O031952,C03922,P01183,2025-10-18 18:16:22.284557,1,0.21085338,0
O031953,C05277,P00052,2025-10-18 18:29:28.544213,1,0.8536681,1
O031954,C05763,P01026,2025-10-18 18:42:34.803870,1,0.19109057,0
O031955,C01087,P00960,2025-10-18 18:55:41.063526,1,0.70447886,1
O031956,C02751,P02412,2025-10-18 19:08:47.323183,0,0.55689806,1
O031957,C00890,P01678,2025-10-18 19:21:53.582839,0,0.26396355,0
O031958,C00110,P00996,2025-10-18 19:34:59.842496,0,0.3620312,0
O031959,C02855,P01847,2025-10-18 19:48:06.102152,1,0.5466852,1
O031960,C05317,P00885,2025-10-18 20:01:12.361809,0,0.35598576,0
O031961,C01748,P02088,2025-10-18 20:14:18.621465,0,0.27612716,0
O031962,C03949,P01968,2025-10-18 20:27:24.881122,0,0.51704496,1
O031963,C06236,P02205,2025-10-18 20:40:31.140778,0,0.6363823,1
O031964,C01371,P01177,2025-10-18 20:53:37.400435,0,0.60296255,1
O031965,C03539,P02136,2025-10-18 21:06:43.660091,1,0.5736025,1
O031966,C02541,P01730,2025-10-18 21:19:49.919747,0,0.55388117,1
O031967,C06324,P02220,2025-10-18 21:32:56.179404,1,0.32864055,0
O031968,C06063,P01335,2025-10-18 21:46:02.439060,0,0.45880625,0
O031969,C01254,P01201,2025-10-18 21:59:08.698717,1,0.73493695,1
O031970,C03941,P01521,2025-10-18 22:12:14.958373,0,0.33417207,0
O031971,C05964,P00706,2025-10-18 22:25:21.218030,0,0.7963826,1
O031972,C05483,P01487,2025-10-18 22:38:27.477686,0,0.30133653,0
O031973,C03154,P01441,2025-10-18 22:51:33.737343,0,0.66524965,1
O031974,C04214,P00222,2025-10-18 23:04:39.996999,0,0.3905839,0
O031975,C05165,P00211,2025-10-18 23:17:46.256656,1,0.5025572,1
O031976,C02162,P00684,2025-10-18 23:30:52.516312,1,0.54692936,1
O031977,C02284,P00796,2025-10-18 23:43:58.775969,0,0.3994855,0
O031978,C02390,P01750,2025-10-18 23:57:05.035625,0,0.56848776,1
O031979,C02474,P02222,2025-10-19 00:10:11.295282,1,0.3528464,0
O031980,C04453,P00244,2025-10-19 00:23:17.554938,0,0.5118108,1
O031981,C02939,P00962,2025-10-19 00:36:23.814595,0,0.7340765,1
O031982,C05340,P00375,2025-10-19 00:49:30.074251,0,0.23034798,0
O031983,C07990,P01719,2025-10-19 01:02:36.333908,0,0.4905465,0
O031984,C04810,P00809,2025-10-19 01:15:42.593564,0,0.2525136,0
O031985,C07020,P00287,2025-10-19 01:28:48.853221,0,0.2841842,0
O031986,C04744,P00322,2025-10-19 01:41:55.112877,0,0.25043216,0
O031987,C00919,P00814,2025-10-19 01:55:01.372534,0,0.28313562,0
O031988,C07068,P02116,2025-10-19 02:08:07.632190,0,0.3963983,0
O031989,C00792,P01964,2025-10-19 02:21:13.891847,0,0.42192194,0
O031990,C06310,P00421,2025-10-19 02:34:20.151503,1,0.6644541,1
O031991,C04702,P00740,2025-10-19 02:47:26.411160,1,0.76905775,1
O031992,C00503,P00284,2025-10-19 03:00:32.670816,1,0.6389788,1
O031993,C04106,P00453,2025-10-19 03:13:38.930473,1,0.45589903,0
O031994,C03746,P01495,2025-10-19 03:26:45.190129,1,0.2889173,0
O031995,C03213,P00821,2025-10-19 03:39:51.449786,0,0.57381076,1
O031996,C03828,P01723,2025-10-19 03:52:57.709442,0,0.528299,1
O031997,C04624,P00998,2025-10-19 04:06:03.969099,0,0.21339737,0
O031998,C02677,P01848,2025-10-19 04:19:10.228755,1,0.19756515,0
O031999,C03486,P01622,2025-10-19 04:32:16.488412,0,0.20815623,0
O032000,C00528,P00697,2025-10-19 04:45:22.748068,0,0.25151682,0
O032001,C07912,P02287,2025-10-19 04:58:29.007725,0,0.70310926,1
O032002,C07598,P00200,2025-10-19 05:11:35.267381,0,0.32613087,0
O032003,C01696,P00075,2025-10-19 05:24:41.527038,0,0.35968244,0
O032004,C07416,P02459,2025-10-19 05:37:47.786694,0,0.38603765,0
O032005,C04723,P00504,2025-10-19 05:50:54.046351,0,0.35928443,0
O032006,C01278,P00610,2025-10-19 06:04:00.306007,1,0.7008104,1
O032007,C03391,P00923,2025-10-19 06:17:06.565664,0,0.35830486,0
O032008,C00080,P00913,2025-10-19 06:30:12.825320,0,0.45827904,0
O032009,C02230,P00924,2025-10-19 06:43:19.084977,1,0.3176617,0
O032010,C06819,P00461,2025-10-19 06:56:25.344633,0,0.32979384,0
O032011,C05345,P00547,2025-10-19 07:09:31.604290,0,0.5635949,1
O032012,C05721,P00271,2025-10-19 07:22:37.863946,0,0.39429823,0
O032013,C03649,P01849,2025-10-19 07:35:44.123603,0,0.5944336,1
O032014,C06199,P01890,2025-10-19 07:48:50.383259,0,0.6586653,1
O032015,C07028,P01374,2025-10-19 08:01:56.642916,1,0.26212484,0
O032016,C04619,P01784,2025-10-19 08:15:02.902572,0,0.25585067,0
O032017,C06389,P00198,2025-10-19 08:28:09.162229,1,0.17204535,0
O032018,C04457,P02271,2025-10-19 08:41:15.421885,1,0.40104377,0
O032019,C00998,P01503,2025-10-19 08:54:21.681542,0,0.31384152,0
O032020,C00044,P00886,2025-10-19 09:07:27.941198,0,0.38479185,0
O032021,C00496,P00564,2025-10-19 09:20:34.200855,0,0.2822296,0
O032022,C05794,P01246,2025-10-19 09:33:40.460511,0,0.7110544,1
O032023,C00987,P00965,2025-10-19 09:46:46.720168,1,0.5196089,1
O032024,C05670,P00892,2025-10-19 09:59:52.979824,0,0.6292526,1
O032025,C05869,P00410,2025-10-19 10:12:59.239480,1,0.7219559,1
O032026,C06768,P02249,2025-10-19 10:26:05.499137,0,0.21948214,0
O032027,C07899,P01097,2025-10-19 10:39:11.758793,0,0.4699139,0
O032028,C05687,P00255,2025-10-19 10:52:18.018450,0,0.5165599,1
O032029,C07855,P01623,2025-10-19 11:05:24.278106,1,0.46414974,0
O032030,C03703,P02461,2025-10-19 11:18:30.537763,0,0.62379974,1
O032031,C01885,P02246,2025-10-19 11:31:36.797419,1,0.43919805,0
O032032,C00588,P00561,2025-10-19 11:44:43.057076,1,0.4584432,0
O032033,C04592,P00895,2025-10-19 11:57:49.316732,0,0.21879995,0
O032034,C04061,P00310,2025-10-19 12:10:55.576389,0,0.27847496,0
O032035,C06268,P02287,2025-10-19 12:24:01.836045,0,0.69127035,1
O032036,C05176,P00108,2025-10-19 12:37:08.095702,0,0.17825508,0
O032037,C04965,P02195,2025-10-19 12:50:14.355358,0,0.2018308,0
O032038,C00095,P01990,2025-10-19 13:03:20.615015,0,0.4451006,0
O032039,C04654,P01296,2025-10-19 13:16:26.874671,0,0.32234854,0
O032040,C06547,P01815,2025-10-19 13:29:33.134328,0,0.32952043,0
O032041,C01205,P00945,2025-10-19 13:42:39.393984,0,0.38051265,0
O032042,C05331,P02021,2025-10-19 13:55:45.653641,0,0.27859503,0
O032043,C03063,P01210,2025-10-19 14:08:51.913297,0,0.59579813,1
O032044,C06679,P02097,2025-10-19 14:21:58.172954,0,0.4073634,0
O032045,C03250,P01076,2025-10-19 14:35:04.432610,0,0.63035095,1
O032046,C07563,P01541,2025-10-19 14:48:10.692267,1,0.37879044,0
O032047,C05500,P01857,2025-10-19 15:01:16.951923,1,0.4986204,0
O032048,C06499,P00109,2025-10-19 15:14:23.211580,0,0.14644249,0
O032049,C07025,P01114,2025-10-19 15:27:29.471236,0,0.27425462,0
O032050,C03104,P00129,2025-10-19 15:40:35.730893,0,0.5586525,1
O032051,C01117,P00068,2025-10-19 15:53:41.990549,0,0.2577126,0
O032052,C00483,P02343,2025-10-19 16:06:48.250206,0,0.6142134,1
O032053,C00016,P00370,2025-10-19 16:19:54.509862,0,0.14200245,0
O032054,C00672,P02312,2025-10-19 16:33:00.769519,0,0.37843546,0
O032055,C05639,P01343,2025-10-19 16:46:07.029175,0,0.33283883,0
O032056,C05035,P01458,2025-10-19 16:59:13.288832,0,0.38104326,0
O032057,C03763,P01845,2025-10-19 17:12:19.548488,0,0.3767705,0
O032058,C05696,P02080,2025-10-19 17:25:25.808145,0,0.49010193,0
O032059,C04093,P00111,2025-10-19 17:38:32.067801,1,0.3474945,0
O032060,C06175,P02255,2025-10-19 17:51:38.327458,1,0.4033405,0
O032061,C02780,P00244,2025-10-19 18:04:44.587114,1,0.48817807,0
O032062,C07767,P00182,2025-10-19 18:17:50.846771,0,0.20071602,0
O032063,C05655,P01817,2025-10-19 18:30:57.106427,0,0.2534304,0
O032064,C05828,P00246,2025-10-19 18:44:03.366084,0,0.15023561,0
O032065,C02753,P02302,2025-10-19 18:57:09.625740,1,0.4908508,0
O032066,C07972,P02098,2025-10-19 19:10:15.885397,0,0.7151898,1
O032067,C00861,P01510,2025-10-19 19:23:22.145053,0,0.18991037,0
O032068,C03400,P00073,2025-10-19 19:36:28.404710,1,0.4564879,0
O032069,C04088,P00849,2025-10-19 19:49:34.664366,0,0.43898195,0
O032070,C01751,P00622,2025-10-19 20:02:40.924023,0,0.3361494,0
O032071,C07889,P00414,2025-10-19 20:15:47.183679,1,0.71342975,1
O032072,C04115,P00578,2025-10-19 20:28:53.443336,0,0.27862018,0
O032073,C05769,P02202,2025-10-19 20:41:59.702992,0,0.40576535,0
O032074,C00481,P00531,2025-10-19 20:55:05.962649,0,0.16826221,0
O032075,C01129,P00288,2025-10-19 21:08:12.222305,0,0.28508365,0
O032076,C04490,P01655,2025-10-19 21:21:18.481962,0,0.30654505,0
O032077,C05975,P01937,2025-10-19 21:34:24.741618,1,0.5423042,1
O032078,C03336,P01748,2025-10-19 21:47:31.001275,0,0.23370028,0
O032079,C01954,P02240,2025-10-19 22:00:37.260931,0,0.57496077,1
O032080,C02641,P00889,2025-10-19 22:13:43.520588,0,0.5226491,1
O032081,C05514,P00183,2025-10-19 22:26:49.780244,1,0.6085155,1
O032082,C01248,P00292,2025-10-19 22:39:56.039900,0,0.2147045,0
O032083,C07566,P02141,2025-10-19 22:53:02.299557,0,0.30359256,0
O032084,C03498,P01888,2025-10-19 23:06:08.559213,1,0.27583048,0
O032085,C01354,P02246,2025-10-19 23:19:14.818870,0,0.21855123,0
O032086,C06230,P01079,2025-10-19 23:32:21.078526,1,0.7255107,1
O032087,C01671,P01004,2025-10-19 23:45:27.338183,0,0.75595295,1
O032088,C03707,P00961,2025-10-19 23:58:33.597839,1,0.73549247,1
O032089,C05415,P00152,2025-10-20 00:11:39.857496,1,0.7586629,1
O032090,C02245,P00494,2025-10-20 00:24:46.117152,1,0.71596384,1
O032091,C02906,P00621,2025-10-20 00:37:52.376809,0,0.5536851,1
O032092,C07129,P00836,2025-10-20 00:50:58.636465,0,0.3400481,0
O032093,C05655,P02310,2025-10-20 01:04:04.896122,0,0.20278206,0
O032094,C04726,P01785,2025-10-20 01:17:11.155778,0,0.3177828,0
O032095,C00902,P01756,2025-10-20 01:30:17.415435,0,0.19364175,0
O032096,C05737,P00875,2025-10-20 01:43:23.675091,0,0.31079346,0
O032097,C01465,P00811,2025-10-20 01:56:29.934748,1,0.66485757,1
O032098,C00312,P01774,2025-10-20 02:09:36.194404,0,0.5652528,1
O032099,C06900,P01948,2025-10-20 02:22:42.454061,0,0.20919754,0
O032100,C05383,P01540,2025-10-20 02:35:48.713717,0,0.44725358,0
O032101,C01144,P00623,2025-10-20 02:48:54.973374,0,0.30206364,0
O032102,C02926,P00245,2025-10-20 03:02:01.233030,0,0.5093177,1
O032103,C05632,P00959,2025-10-20 03:15:07.492687,0,0.2315818,0
O032104,C05917,P02270,2025-10-20 03:28:13.752343,1,0.50806516,1
O032105,C02363,P01987,2025-10-20 03:41:20.012000,1,0.19714727,0
O032106,C04845,P01719,2025-10-20 03:54:26.271656,0,0.51122403,1
O032107,C04435,P02353,2025-10-20 04:07:32.531313,0,0.42040145,0
O032108,C04196,P00564,2025-10-20 04:20:38.790969,0,0.30109566,0
O032109,C07892,P00153,2025-10-20 04:33:45.050626,0,0.23327795,0
O032110,C01043,P02489,2025-10-20 04:46:51.310282,0,0.21908146,0
O032111,C04464,P00314,2025-10-20 04:59:57.569939,1,0.3178255,0
O032112,C05395,P01174,2025-10-20 05:13:03.829595,0,0.3710081,0
O032113,C01057,P00887,2025-10-20 05:26:10.089252,0,0.5097132,1
O032114,C00101,P02458,2025-10-20 05:39:16.348908,0,0.31829607,0
O032115,C02308,P00391,2025-10-20 05:52:22.608565,0,0.3360209,0
O032116,C03447,P00129,2025-10-20 06:05:28.868221,0,0.52509964,1
O032117,C04837,P00269,2025-10-20 06:18:35.127878,0,0.54707086,1
O032118,C05058,P00884,2025-10-20 06:31:41.387534,0,0.717384,1
O032119,C00932,P00951,2025-10-20 06:44:47.647191,0,0.36877897,0
O032120,C01854,P00330,2025-10-20 06:57:53.906847,0,0.34835243,0
O032121,C07255,P01260,2025-10-20 07:11:00.166504,0,0.24469535,0
O032122,C00159,P01790,2025-10-20 07:24:06.426160,0,0.3274698,0
O032123,C02579,P00169,2025-10-20 07:37:12.685817,0,0.2980117,0
O032124,C02083,P01840,2025-10-20 07:50:18.945473,0,0.21238557,0
O032125,C02249,P00857,2025-10-20 08:03:25.205130,0,0.1716239,0
O032126,C02994,P00050,2025-10-20 08:16:31.464786,0,0.28210014,0
O032127,C00548,P02500,2025-10-20 08:29:37.724443,1,0.66952956,1
O032128,C04123,P01525,2025-10-20 08:42:43.984099,0,0.42740482,0
O032129,C05519,P02196,2025-10-20 08:55:50.243756,1,0.66551405,1
O032130,C03266,P00419,2025-10-20 09:08:56.503412,0,0.5627811,1
O032131,C03073,P01624,2025-10-20 09:22:02.763069,0,0.306682,0
O032132,C05438,P00487,2025-10-20 09:35:09.022725,0,0.326266,0
O032133,C05601,P02390,2025-10-20 09:48:15.282382,0,0.44926563,0
O032134,C04497,P01692,2025-10-20 10:01:21.542038,0,0.4290042,0
O032135,C04543,P01702,2025-10-20 10:14:27.801695,0,0.6568661,1
O032136,C01865,P02231,2025-10-20 10:27:34.061351,1,0.75462073,1
O032137,C06689,P01845,2025-10-20 10:40:40.321008,1,0.29273015,0
O032138,C00244,P00222,2025-10-20 10:53:46.580664,0,0.130398,0
O032139,C00706,P00285,2025-10-20 11:06:52.840321,1,0.39428928,0
O032140,C03235,P00718,2025-10-20 11:19:59.099977,0,0.4619011,0
O032141,C00360,P00963,2025-10-20 11:33:05.359633,0,0.2571007,0
O032142,C02485,P00501,2025-10-20 11:46:11.619290,0,0.23859172,0
O032143,C05961,P00657,2025-10-20 11:59:17.878946,0,0.6594716,1
O032144,C02786,P00057,2025-10-20 12:12:24.138603,1,0.47214246,0
O032145,C06683,P00321,2025-10-20 12:25:30.398259,0,0.35667458,0
O032146,C03989,P01862,2025-10-20 12:38:36.657916,0,0.5095044,1
O032147,C04484,P01873,2025-10-20 12:51:42.917572,1,0.6578416,1
O032148,C06083,P00877,2025-10-20 13:04:49.177229,0,0.45049724,0
O032149,C05230,P00938,2025-10-20 13:17:55.436885,0,0.26701686,0
O032150,C00444,P00109,2025-10-20 13:31:01.696542,0,0.43672353,0
O032151,C07064,P00539,2025-10-20 13:44:07.956198,0,0.63813156,1
O032152,C07462,P00391,2025-10-20 13:57:14.215855,1,0.6544699,1
O032153,C06553,P02339,2025-10-20 14:10:20.475511,0,0.53018826,1
O032154,C06919,P00415,2025-10-20 14:23:26.735168,0,0.17413701,0
O032155,C05694,P00087,2025-10-20 14:36:32.994824,0,0.60239875,1
O032156,C05937,P01408,2025-10-20 14:49:39.254481,1,0.53136986,1
O032157,C02998,P00862,2025-10-20 15:02:45.514137,0,0.3605151,0
O032158,C01134,P02483,2025-10-20 15:15:51.773794,0,0.4083247,0
O032159,C04833,P01569,2025-10-20 15:28:58.033450,0,0.5475143,1
O032160,C07619,P00267,2025-10-20 15:42:04.293107,1,0.5528529,1
O032161,C02558,P01008,2025-10-20 15:55:10.552763,1,0.5758009,1
O032162,C02807,P00321,2025-10-20 16:08:16.812420,0,0.6338717,1
O032163,C01049,P01447,2025-10-20 16:21:23.072076,0,0.7736109,1
O032164,C06163,P01054,2025-10-20 16:34:29.331733,0,0.4684673,0
O032165,C00286,P02094,2025-10-20 16:47:35.591389,0,0.24329655,0
O032166,C01204,P02278,2025-10-20 17:00:41.851046,1,0.65424776,1
O032167,C01304,P00916,2025-10-20 17:13:48.110702,0,0.3333817,0
O032168,C06012,P01940,2025-10-20 17:26:54.370359,0,0.1447288,0
O032169,C01348,P00771,2025-10-20 17:40:00.630015,0,0.51640755,1
O032170,C03487,P01029,2025-10-20 17:53:06.889672,0,0.61076313,1
O032171,C04431,P00970,2025-10-20 18:06:13.149328,0,0.5014681,1
O032172,C06053,P02368,2025-10-20 18:19:19.408985,1,0.62313247,1
O032173,C07605,P02124,2025-10-20 18:32:25.668641,0,0.061318412,0
O032174,C00046,P01463,2025-10-20 18:45:31.928298,1,0.7057754,1
O032175,C04284,P01015,2025-10-20 18:58:38.187954,0,0.33257914,0
O032176,C01723,P01546,2025-10-20 19:11:44.447611,0,0.29439545,0
O032177,C01840,P01873,2025-10-20 19:24:50.707267,1,0.74133927,1
O032178,C05519,P00901,2025-10-20 19:37:56.966924,0,0.34584725,0
O032179,C06104,P00470,2025-10-20 19:51:03.226580,0,0.3874349,0
O032180,C03705,P01983,2025-10-20 20:04:09.486237,0,0.5378563,1
O032181,C03093,P01977,2025-10-20 20:17:15.745893,0,0.2917789,0
O032182,C00641,P02310,2025-10-20 20:30:22.005550,0,0.55140936,1
O032183,C06822,P01915,2025-10-20 20:43:28.265206,0,0.35557494,0
O032184,C07841,P01872,2025-10-20 20:56:34.524863,1,0.5953771,1
O032185,C05093,P01917,2025-10-20 21:09:40.784519,0,0.44795382,0
O032186,C01353,P00973,2025-10-20 21:22:47.044176,1,0.59370834,1
O032187,C04841,P01297,2025-10-20 21:35:53.303832,0,0.42864358,0
O032188,C01518,P00104,2025-10-20 21:48:59.563489,0,0.27081203,0
O032189,C01512,P00007,2025-10-20 22:02:05.823145,1,0.5968351,1
O032190,C05162,P00261,2025-10-20 22:15:12.082802,0,0.43894264,0
O032191,C00317,P01207,2025-10-20 22:28:18.342458,0,0.5134865,1
O032192,C01549,P00867,2025-10-20 22:41:24.602115,0,0.543443,1
O032193,C02351,P01507,2025-10-20 22:54:30.861771,1,0.384902,0
O032194,C03531,P02069,2025-10-20 23:07:37.121428,0,0.28799486,0
O032195,C01256,P00892,2025-10-20 23:20:43.381084,1,0.39904717,0
O032196,C07236,P02145,2025-10-20 23:33:49.640741,0,0.3584803,0
O032197,C01930,P00331,2025-10-20 23:46:55.900397,0,0.46259198,0
O032198,C03023,P02460,2025-10-21 00:00:02.160054,0,0.3402319,0
O032199,C04389,P01938,2025-10-21 00:13:08.419710,0,0.66087174,1
O032200,C07002,P00135,2025-10-21 00:26:14.679366,0,0.50386745,1
O032201,C02323,P02081,2025-10-21 00:39:20.939023,1,0.6141005,1
O032202,C07559,P01400,2025-10-21 00:52:27.198679,1,0.48172876,0
O032203,C06161,P01354,2025-10-21 01:05:33.458336,0,0.3573797,0
O032204,C03749,P01303,2025-10-21 01:18:39.717992,0,0.42159674,0
O032205,C01187,P00669,2025-10-21 01:31:45.977649,0,0.49286693,0
O032206,C05738,P02471,2025-10-21 01:44:52.237305,0,0.25995785,0
O032207,C01579,P00088,2025-10-21 01:57:58.496962,0,0.46779665,0
O032208,C03620,P00973,2025-10-21 02:11:04.756618,0,0.48199996,0
O032209,C04234,P01269,2025-10-21 02:24:11.016275,1,0.51406693,1
O032210,C03347,P02233,2025-10-21 02:37:17.275931,0,0.59488285,1
O032211,C00057,P00849,2025-10-21 02:50:23.535588,0,0.29557714,0
O032212,C00888,P02411,2025-10-21 03:03:29.795244,1,0.65398693,1
O032213,C01561,P01926,2025-10-21 03:16:36.054901,0,0.44878396,0
O032214,C02323,P01268,2025-10-21 03:29:42.314557,0,0.48161566,0
O032215,C00371,P02079,2025-10-21 03:42:48.574214,0,0.70078063,1
O032216,C04043,P02280,2025-10-21 03:55:54.833870,0,0.5321645,1
O032217,C05262,P00007,2025-10-21 04:09:01.093527,0,0.39566636,0
O032218,C01397,P00933,2025-10-21 04:22:07.353183,0,0.4519769,0
O032219,C06916,P01894,2025-10-21 04:35:13.612840,0,0.2718039,0
O032220,C01331,P00813,2025-10-21 04:48:19.872496,0,0.098224096,0
O032221,C06234,P01265,2025-10-21 05:01:26.132153,0,0.5269576,1
O032222,C02978,P00161,2025-10-21 05:14:32.391809,0,0.29163074,0
O032223,C00557,P00663,2025-10-21 05:27:38.651466,0,0.5199564,1
O032224,C01908,P00540,2025-10-21 05:40:44.911122,0,0.6152101,1
O032225,C07916,P01436,2025-10-21 05:53:51.170779,0,0.54242396,1
O032226,C02258,P02341,2025-10-21 06:06:57.430435,1,0.34782714,0
O032227,C05306,P00610,2025-10-21 06:20:03.690092,0,0.70506996,1
O032228,C01150,P00497,2025-10-21 06:33:09.949748,0,0.4690525,0
O032229,C00491,P00744,2025-10-21 06:46:16.209405,1,0.24321184,0
O032230,C02299,P02005,2025-10-21 06:59:22.469061,0,0.6187397,1
O032231,C00570,P00792,2025-10-21 07:12:28.728718,0,0.45669866,0
O032232,C06778,P01604,2025-10-21 07:25:34.988374,1,0.65066904,1
O032233,C00716,P01465,2025-10-21 07:38:41.248031,0,0.7717872,1
O032234,C05349,P01403,2025-10-21 07:51:47.507687,1,0.783369,1
O032235,C07971,P02447,2025-10-21 08:04:53.767344,0,0.60714185,1
O032236,C01834,P02100,2025-10-21 08:18:00.027000,0,0.28165945,0
O032237,C02535,P01249,2025-10-21 08:31:06.286657,1,0.19801575,0
O032238,C01972,P01069,2025-10-21 08:44:12.546313,1,0.28045803,0
O032239,C01000,P00355,2025-10-21 08:57:18.805970,1,0.20656948,0
O032240,C02974,P01116,2025-10-21 09:10:25.065626,1,0.16734616,0
O032241,C00246,P01467,2025-10-21 09:23:31.325283,0,0.11541273,0
O032242,C02414,P00991,2025-10-21 09:36:37.584939,0,0.583375,1
O032243,C01286,P01062,2025-10-21 09:49:43.844596,0,0.33178186,0
O032244,C01984,P01278,2025-10-21 10:02:50.104252,0,0.53398395,1
O032245,C04128,P00887,2025-10-21 10:15:56.363909,0,0.28555664,0
O032246,C07990,P01663,2025-10-21 10:29:02.623565,0,0.4184944,0
O032247,C05649,P01325,2025-10-21 10:42:08.883222,0,0.34233454,0
O032248,C02662,P00311,2025-10-21 10:55:15.142878,1,0.39317968,0
O032249,C06094,P00385,2025-10-21 11:08:21.402535,0,0.4927704,0
O032250,C02328,P01550,2025-10-21 11:21:27.662191,0,0.23972909,0
O032251,C00596,P00780,2025-10-21 11:34:33.921848,0,0.43364692,0
O032252,C02025,P00360,2025-10-21 11:47:40.181504,1,0.29912964,0
O032253,C00661,P02105,2025-10-21 12:00:46.441161,0,0.78036845,1
O032254,C01377,P02185,2025-10-21 12:13:52.700817,0,0.34071115,0
O032255,C01461,P00454,2025-10-21 12:26:58.960474,0,0.40790322,0
O032256,C01883,P01270,2025-10-21 12:40:05.220130,0,0.6418654,1
O032257,C03023,P00639,2025-10-21 12:53:11.479786,0,0.5676451,1
O032258,C04434,P00225,2025-10-21 13:06:17.739443,0,0.55808425,1
O032259,C03662,P01677,2025-10-21 13:19:23.999099,0,0.37301654,0
O032260,C05885,P00855,2025-10-21 13:32:30.258756,0,0.35304937,0
O032261,C07313,P01135,2025-10-21 13:45:36.518412,0,0.5225257,1
O032262,C07432,P01176,2025-10-21 13:58:42.778069,0,0.23999988,0
O032263,C05980,P01016,2025-10-21 14:11:49.037725,0,0.48091328,0
O032264,C02754,P00314,2025-10-21 14:24:55.297382,0,0.6701753,1
O032265,C03394,P00069,2025-10-21 14:38:01.557038,0,0.44377014,0
O032266,C02327,P01940,2025-10-21 14:51:07.816695,0,0.34348762,0
O032267,C04124,P00009,2025-10-21 15:04:14.076351,0,0.44366762,0
O032268,C04102,P00556,2025-10-21 15:17:20.336008,0,0.286206,0
O032269,C02879,P00376,2025-10-21 15:30:26.595664,1,0.39084217,0
O032270,C00632,P01193,2025-10-21 15:43:32.855321,0,0.75903314,1
O032271,C00659,P01602,2025-10-21 15:56:39.114977,0,0.16722834,0
O032272,C02398,P01916,2025-10-21 16:09:45.374634,0,0.19462718,0
O032273,C00352,P00448,2025-10-21 16:22:51.634290,0,0.59349406,1
O032274,C07463,P00856,2025-10-21 16:35:57.893947,0,0.52652806,1
O032275,C03419,P02296,2025-10-21 16:49:04.153603,0,0.6573109,1
O032276,C06645,P02405,2025-10-21 17:02:10.413260,0,0.5887722,1
O032277,C05648,P01876,2025-10-21 17:15:16.672916,0,0.4288907,0
O032278,C02674,P02454,2025-10-21 17:28:22.932573,0,0.41148973,0
O032279,C00554,P02026,2025-10-21 17:41:29.192229,1,0.29606718,0
O032280,C04397,P01259,2025-10-21 17:54:35.451886,1,0.22394177,0
O032281,C05857,P01306,2025-10-21 18:07:41.711542,1,0.71560746,1
O032282,C05394,P00952,2025-10-21 18:20:47.971199,1,0.46742672,0
O032283,C07450,P00678,2025-10-21 18:33:54.230855,0,0.82132757,1
O032284,C02840,P00755,2025-10-21 18:47:00.490512,1,0.7499377,1
O032285,C06116,P00269,2025-10-21 19:00:06.750168,1,0.30516174,0
O032286,C00313,P01645,2025-10-21 19:13:13.009825,1,0.4930738,0
O032287,C06446,P00957,2025-10-21 19:26:19.269481,0,0.36497256,0
O032288,C04891,P00792,2025-10-21 19:39:25.529138,0,0.48715192,0
O032289,C04106,P01924,2025-10-21 19:52:31.788794,1,0.16627407,0
O032290,C06437,P01562,2025-10-21 20:05:38.048451,0,0.39066502,0
O032291,C06795,P01527,2025-10-21 20:18:44.308107,0,0.51421607,1
O032292,C06994,P00368,2025-10-21 20:31:50.567764,0,0.5792519,1
O032293,C05871,P01162,2025-10-21 20:44:56.827420,0,0.38686764,0
O032294,C00975,P00372,2025-10-21 20:58:03.087077,1,0.7045579,1
O032295,C00431,P01017,2025-10-21 21:11:09.346733,0,0.7263226,1
O032296,C02131,P00383,2025-10-21 21:24:15.606390,0,0.3152677,0
O032297,C02703,P00293,2025-10-21 21:37:21.866046,0,0.5149861,1
O032298,C01316,P01284,2025-10-21 21:50:28.125703,1,0.23397402,0
O032299,C07693,P02313,2025-10-21 22:03:34.385359,1,0.43792105,0
O032300,C00919,P01092,2025-10-21 22:16:40.645016,1,0.33916116,0
O032301,C06963,P01517,2025-10-21 22:29:46.904672,0,0.2781049,0
O032302,C00013,P01032,2025-10-21 22:42:53.164329,0,0.40649846,0
O032303,C01570,P01649,2025-10-21 22:55:59.423985,1,0.21599722,0
O032304,C05460,P00608,2025-10-21 23:09:05.683642,0,0.53452086,1
O032305,C03448,P02249,2025-10-21 23:22:11.943298,0,0.21482642,0
O032306,C06683,P02170,2025-10-21 23:35:18.202955,0,0.28984618,0
O032307,C02664,P00361,2025-10-21 23:48:24.462611,0,0.6743997,1
O032308,C02695,P01568,2025-10-22 00:01:30.722268,0,0.24019028,0
O032309,C06036,P00424,2025-10-22 00:14:36.981924,0,0.46722868,0
O032310,C07235,P00351,2025-10-22 00:27:43.241581,0,0.15100123,0
O032311,C01048,P00186,2025-10-22 00:40:49.501237,0,0.24679033,0
O032312,C07636,P02120,2025-10-22 00:53:55.760894,0,0.26644763,0
O032313,C06853,P02373,2025-10-22 01:07:02.020550,0,0.13410929,0
O032314,C04205,P00137,2025-10-22 01:20:08.280207,0,0.6559131,1
O032315,C00816,P00370,2025-10-22 01:33:14.539863,0,0.36936036,0
O032316,C00071,P02384,2025-10-22 01:46:20.799519,0,0.6966975,1
O032317,C00803,P01535,2025-10-22 01:59:27.059176,1,0.42691785,0
O032318,C01330,P01606,2025-10-22 02:12:33.318832,1,0.62473994,1
O032319,C01570,P02401,2025-10-22 02:25:39.578489,0,0.2820135,0
O032320,C04938,P00681,2025-10-22 02:38:45.838145,0,0.14470007,0
O032321,C03162,P01596,2025-10-22 02:51:52.097802,0,0.25682756,0
O032322,C04163,P00706,2025-10-22 03:04:58.357458,0,0.5763077,1
O032323,C02830,P01406,2025-10-22 03:18:04.617115,0,0.312802,0
O032324,C04027,P02273,2025-10-22 03:31:10.876771,0,0.44579545,0
O032325,C03319,P01525,2025-10-22 03:44:17.136428,0,0.3490716,0
O032326,C04803,P00471,2025-10-22 03:57:23.396084,0,0.44937268,0
O032327,C05102,P01430,2025-10-22 04:10:29.655741,0,0.7655664,1
O032328,C05326,P00051,2025-10-22 04:23:35.915397,0,0.5003013,1
O032329,C02910,P02010,2025-10-22 04:36:42.175054,1,0.4690202,0
O032330,C02356,P00929,2025-10-22 04:49:48.434710,0,0.5255545,1
O032331,C00403,P02424,2025-10-22 05:02:54.694367,0,0.51374245,1
O032332,C04914,P01621,2025-10-22 05:16:00.954023,0,0.62564325,1
O032333,C07243,P01650,2025-10-22 05:29:07.213680,0,0.6672331,1
O032334,C07716,P02259,2025-10-22 05:42:13.473336,0,0.5654169,1
O032335,C07760,P00644,2025-10-22 05:55:19.732993,1,0.61460704,1
O032336,C01330,P01367,2025-10-22 06:08:25.992649,0,0.5178151,1
O032337,C00499,P00191,2025-10-22 06:21:32.252306,0,0.41967523,0
O032338,C00001,P02212,2025-10-22 06:34:38.511962,0,0.5949367,1
O032339,C00895,P01213,2025-10-22 06:47:44.771619,0,0.3893267,0
O032340,C00316,P02166,2025-10-22 07:00:51.031275,1,0.41694888,0
O032341,C07290,P02148,2025-10-22 07:13:57.290932,0,0.2989601,0
O032342,C01228,P01128,2025-10-22 07:27:03.550588,0,0.2412116,0
O032343,C03606,P01871,2025-10-22 07:40:09.810245,0,0.54503065,1
O032344,C07741,P01913,2025-10-22 07:53:16.069901,1,0.25266606,0
O032345,C07770,P00634,2025-10-22 08:06:22.329558,0,0.5244415,1
O032346,C05212,P01204,2025-10-22 08:19:28.589214,0,0.45310205,0
O032347,C00495,P00540,2025-10-22 08:32:34.848871,0,0.648533,1
O032348,C01600,P00310,2025-10-22 08:45:41.108527,0,0.374802,0
O032349,C02473,P00875,2025-10-22 08:58:47.368184,0,0.44692472,0
O032350,C06885,P00359,2025-10-22 09:11:53.627840,0,0.3990049,0
O032351,C07645,P01227,2025-10-22 09:24:59.887497,0,0.5543312,1
O032352,C00135,P02331,2025-10-22 09:38:06.147153,0,0.5500859,1
O032353,C05828,P00281,2025-10-22 09:51:12.406810,0,0.37918136,0
O032354,C01750,P01423,2025-10-22 10:04:18.666466,0,0.33427554,0
O032355,C03946,P00711,2025-10-22 10:17:24.926123,0,0.3353679,0
O032356,C01603,P01696,2025-10-22 10:30:31.185779,0,0.43152884,0
O032357,C05825,P00677,2025-10-22 10:43:37.445436,0,0.29897463,0
O032358,C02096,P01073,2025-10-22 10:56:43.705092,0,0.1358898,0
O032359,C07841,P01245,2025-10-22 11:09:49.964749,0,0.40521136,0
O032360,C06556,P01081,2025-10-22 11:22:56.224405,0,0.2651898,0
O032361,C00421,P00456,2025-10-22 11:36:02.484062,1,0.26989225,0
O032362,C04126,P02384,2025-10-22 11:49:08.743718,1,0.6912141,1
O032363,C02574,P00451,2025-10-22 12:02:15.003375,0,0.698422,1
O032364,C04677,P02138,2025-10-22 12:15:21.263031,0,0.33999792,0
O032365,C04597,P02210,2025-10-22 12:28:27.522688,0,0.37239596,0
O032366,C05428,P01897,2025-10-22 12:41:33.782344,1,0.46144912,0
O032367,C05155,P01040,2025-10-22 12:54:40.042001,0,0.28414366,0
O032368,C06294,P01425,2025-10-22 13:07:46.301657,0,0.28626323,0
O032369,C05527,P00151,2025-10-22 13:20:52.561314,0,0.24247548,0
O032370,C03150,P01166,2025-10-22 13:33:58.820970,0,0.3488133,0
O032371,C02416,P01268,2025-10-22 13:47:05.080627,1,0.5381301,1
O032372,C01178,P02317,2025-10-22 14:00:11.340283,0,0.75988746,1
O032373,C04513,P00901,2025-10-22 14:13:17.599940,0,0.25266713,0
O032374,C05390,P00090,2025-10-22 14:26:23.859596,0,0.36925325,0
O032375,C00790,P02343,2025-10-22 14:39:30.119252,0,0.82704467,1
O032376,C05652,P00288,2025-10-22 14:52:36.378909,0,0.48623398,0
O032377,C01494,P00004,2025-10-22 15:05:42.638565,0,0.18635887,0
O032378,C06543,P01775,2025-10-22 15:18:48.898222,0,0.3154445,0
O032379,C05676,P00322,2025-10-22 15:31:55.157878,0,0.207588,0
O032380,C00670,P00086,2025-10-22 15:45:01.417535,0,0.6925658,1
O032381,C06381,P00268,2025-10-22 15:58:07.677191,0,0.27801642,0
O032382,C06094,P01461,2025-10-22 16:11:13.936848,0,0.6645457,1
O032383,C03001,P01925,2025-10-22 16:24:20.196504,0,0.3858403,0
O032384,C04158,P00427,2025-10-22 16:37:26.456161,0,0.17568502,0
O032385,C00460,P01897,2025-10-22 16:50:32.715817,0,0.62724483,1
O032386,C01804,P00614,2025-10-22 17:03:38.975474,0,0.2802736,0
O032387,C05907,P01617,2025-10-22 17:16:45.235130,0,0.22578698,0
O032388,C01507,P00375,2025-10-22 17:29:51.494787,0,0.35048857,0
O032389,C02452,P01365,2025-10-22 17:42:57.754443,0,0.3868299,0
O032390,C03455,P01627,2025-10-22 17:56:04.014100,1,0.5461412,1
O032391,C07990,P00216,2025-10-22 18:09:10.273756,0,0.4467981,0
O032392,C01700,P01229,2025-10-22 18:22:16.533413,0,0.096068196,0
O032393,C07067,P01463,2025-10-22 18:35:22.793069,0,0.78332335,1
O032394,C05331,P00214,2025-10-22 18:48:29.052726,0,0.47039106,0
O032395,C00937,P01939,2025-10-22 19:01:35.312382,1,0.5003509,1
O032396,C03639,P00365,2025-10-22 19:14:41.572039,0,0.5365086,1
O032397,C03956,P00162,2025-10-22 19:27:47.831695,1,0.43059772,0
O032398,C02994,P01352,2025-10-22 19:40:54.091352,0,0.37813926,0
O032399,C00035,P00637,2025-10-22 19:54:00.351008,0,0.69923943,1
O032400,C00069,P00728,2025-10-22 20:07:06.610665,0,0.4329067,0
O032401,C02154,P01904,2025-10-22 20:20:12.870321,0,0.22844654,0
O032402,C03559,P01116,2025-10-22 20:33:19.129978,0,0.15703128,0
O032403,C04284,P01658,2025-10-22 20:46:25.389634,0,0.62250453,1
O032404,C05994,P00836,2025-10-22 20:59:31.649291,0,0.2279722,0
O032405,C06191,P01872,2025-10-22 21:12:37.908947,0,0.69803166,1
O032406,C06938,P02331,2025-10-22 21:25:44.168604,0,0.57118577,1
O032407,C02585,P00267,2025-10-22 21:38:50.428260,0,0.40044454,0
O032408,C03817,P01411,2025-10-22 21:51:56.687917,0,0.26361972,0
O032409,C05439,P01954,2025-10-22 22:05:02.947573,0,0.054731384,0
O032410,C02731,P00298,2025-10-22 22:18:09.207230,0,0.3514053,0
O032411,C03327,P01791,2025-10-22 22:31:15.466886,0,0.53649205,1
O032412,C04411,P02474,2025-10-22 22:44:21.726543,0,0.5558683,1
O032413,C05198,P02180,2025-10-22 22:57:27.986199,0,0.35256442,0
O032414,C02868,P00870,2025-10-22 23:10:34.245856,0,0.52229077,1
O032415,C04023,P01964,2025-10-22 23:23:40.505512,0,0.70544326,1
O032416,C02974,P00178,2025-10-22 23:36:46.765169,0,0.14405374,0
O032417,C07004,P01713,2025-10-22 23:49:53.024825,0,0.284792,0
O032418,C00244,P02008,2025-10-23 00:02:59.284482,0,0.3700263,0
O032419,C06974,P01090,2025-10-23 00:16:05.544138,0,0.46930453,0
O032420,C05343,P00653,2025-10-23 00:29:11.803795,0,0.3484841,0
O032421,C01399,P01488,2025-10-23 00:42:18.063451,0,0.38250825,0
O032422,C04751,P02158,2025-10-23 00:55:24.323108,0,0.3655181,0
O032423,C03521,P00593,2025-10-23 01:08:30.582764,1,0.70139664,1
O032424,C05715,P02441,2025-10-23 01:21:36.842421,0,0.20899583,0
O032425,C06920,P01368,2025-10-23 01:34:43.102077,1,0.59585536,1
O032426,C03392,P01730,2025-10-23 01:47:49.361734,0,0.29368964,0
O032427,C05556,P00714,2025-10-23 02:00:55.621390,0,0.4629637,0
O032428,C00310,P01896,2025-10-23 02:14:01.881047,0,0.6202434,1
O032429,C02251,P02365,2025-10-23 02:27:08.140703,1,0.45244557,0
O032430,C03423,P01989,2025-10-23 02:40:14.400360,1,0.4563192,0
O032431,C03814,P00592,2025-10-23 02:53:20.660016,1,0.41241318,0
O032432,C02475,P01940,2025-10-23 03:06:26.919672,1,0.40927315,0
O032433,C02740,P01001,2025-10-23 03:19:33.179329,0,0.3397701,0
O032434,C01279,P02241,2025-10-23 03:32:39.438985,0,0.7185816,1
O032435,C00816,P00161,2025-10-23 03:45:45.698642,0,0.43598777,0
O032436,C05692,P00230,2025-10-23 03:58:51.958298,0,0.24071048,0
O032437,C04594,P00180,2025-10-23 04:11:58.217955,0,0.42455056,0
O032438,C07119,P01213,2025-10-23 04:25:04.477611,0,0.41086438,0
O032439,C07624,P00662,2025-10-23 04:38:10.737268,0,0.23976445,0
O032440,C06589,P00837,2025-10-23 04:51:16.996924,0,0.5802961,1
O032441,C02464,P00099,2025-10-23 05:04:23.256581,0,0.19930463,0
O032442,C07418,P01039,2025-10-23 05:17:29.516237,0,0.35320503,0
O032443,C06556,P01767,2025-10-23 05:30:35.775894,0,0.39359933,0
O032444,C04014,P00380,2025-10-23 05:43:42.035550,1,0.4484393,0
O032445,C06970,P00670,2025-10-23 05:56:48.295207,1,0.70976365,1
O032446,C01890,P01567,2025-10-23 06:09:54.554863,0,0.3751578,0
O032447,C07181,P02453,2025-10-23 06:23:00.814520,0,0.56949896,1
O032448,C06901,P01517,2025-10-23 06:36:07.074176,0,0.35928962,0
O032449,C00096,P01786,2025-10-23 06:49:13.333833,0,0.42090243,0
O032450,C00192,P00110,2025-10-23 07:02:19.593489,1,0.59904885,1
O032451,C06468,P01433,2025-10-23 07:15:25.853146,0,0.5848899,1
O032452,C01989,P00939,2025-10-23 07:28:32.112802,0,0.5321902,1
O032453,C04794,P01097,2025-10-23 07:41:38.372459,0,0.5854347,1
O032454,C07078,P00784,2025-10-23 07:54:44.632115,0,0.25788635,0
O032455,C03889,P00460,2025-10-23 08:07:50.891772,0,0.64399004,1
O032456,C05155,P00574,2025-10-23 08:20:57.151428,0,0.1567219,0
O032457,C00527,P01040,2025-10-23 08:34:03.411085,0,0.1856592,0
O032458,C06851,P00437,2025-10-23 08:47:09.670741,0,0.30461732,0
O032459,C03372,P00701,2025-10-23 09:00:15.930398,0,0.18113068,0
O032460,C05923,P01871,2025-10-23 09:13:22.190054,0,0.64765733,1
O032461,C04353,P01524,2025-10-23 09:26:28.449711,1,0.6734256,1
O032462,C06628,P00777,2025-10-23 09:39:34.709367,0,0.7411539,1
O032463,C07515,P01565,2025-10-23 09:52:40.969024,1,0.79066116,1
O032464,C02696,P00837,2025-10-23 10:05:47.228680,1,0.7205405,1
O032465,C03232,P01958,2025-10-23 10:18:53.488337,0,0.25422147,0
O032466,C06351,P00116,2025-10-23 10:31:59.747993,1,0.2491156,0
O032467,C07122,P02225,2025-10-23 10:45:06.007650,1,0.7289718,1
O032468,C00231,P00149,2025-10-23 10:58:12.267306,0,0.2676062,0
O032469,C01782,P00519,2025-10-23 11:11:18.526963,0,0.34948426,0
O032470,C02041,P01318,2025-10-23 11:24:24.786619,0,0.25460473,0
O032471,C03801,P00295,2025-10-23 11:37:31.046276,0,0.6589822,1
O032472,C07399,P00305,2025-10-23 11:50:37.305932,1,0.59336984,1
O032473,C06814,P00284,2025-10-23 12:03:43.565589,0,0.6742611,1
O032474,C05919,P00993,2025-10-23 12:16:49.825245,0,0.28762025,0
O032475,C03901,P00837,2025-10-23 12:29:56.084902,0,0.7045819,1
O032476,C01469,P01723,2025-10-23 12:43:02.344558,0,0.58108634,1
O032477,C04352,P01265,2025-10-23 12:56:08.604215,0,0.2545825,0
O032478,C05146,P00789,2025-10-23 13:09:14.863871,0,0.6494451,1
O032479,C06042,P01946,2025-10-23 13:22:21.123528,0,0.26375234,0
O032480,C03223,P02267,2025-10-23 13:35:27.383184,0,0.66101605,1
O032481,C06768,P00863,2025-10-23 13:48:33.642841,1,0.50210255,1
O032482,C07229,P01420,2025-10-23 14:01:39.902497,0,0.15124238,0
O032483,C03790,P00615,2025-10-23 14:14:46.162154,0,0.38923573,0
O032484,C04454,P00087,2025-10-23 14:27:52.421810,1,0.5731446,1
O032485,C04735,P02121,2025-10-23 14:40:58.681467,0,0.38377723,0
O032486,C00025,P01326,2025-10-23 14:54:04.941123,0,0.745316,1
O032487,C01713,P00499,2025-10-23 15:07:11.200780,1,0.2266814,0
O032488,C06545,P01010,2025-10-23 15:20:17.460436,0,0.35175005,0
O032489,C02333,P02349,2025-10-23 15:33:23.720093,0,0.37146315,0
O032490,C07075,P00659,2025-10-23 15:46:29.979749,0,0.24337363,0
O032491,C01816,P01274,2025-10-23 15:59:36.239405,0,0.36909857,0
O032492,C04473,P00157,2025-10-23 16:12:42.499062,0,0.38994995,0
O032493,C00707,P00396,2025-10-23 16:25:48.758718,0,0.48046744,0
O032494,C07410,P02405,2025-10-23 16:38:55.018375,1,0.6782082,1
O032495,C02315,P00537,2025-10-23 16:52:01.278031,0,0.42042375,0
O032496,C02395,P00677,2025-10-23 17:05:07.537688,0,0.3907101,0
O032497,C07035,P00400,2025-10-23 17:18:13.797344,0,0.5240352,1
O032498,C06218,P01950,2025-10-23 17:31:20.057001,1,0.67304945,1
O032499,C00217,P00986,2025-10-23 17:44:26.316657,0,0.39142445,0
O032500,C06597,P00789,2025-10-23 17:57:32.576314,0,0.68609416,1
O032501,C00084,P00144,2025-10-23 18:10:38.835970,0,0.5445713,1
O032502,C05813,P01486,2025-10-23 18:23:45.095627,0,0.51298404,1
O032503,C03084,P00808,2025-10-23 18:36:51.355283,0,0.50525796,1
O032504,C00393,P02273,2025-10-23 18:49:57.614940,0,0.6046605,1
O032505,C00699,P00312,2025-10-23 19:03:03.874596,0,0.29987317,0
O032506,C03635,P01681,2025-10-23 19:16:10.134253,0,0.21276668,0
O032507,C07632,P02378,2025-10-23 19:29:16.393909,0,0.3500003,0
O032508,C05011,P00929,2025-10-23 19:42:22.653566,0,0.62622666,1
O032509,C07072,P01267,2025-10-23 19:55:28.913222,0,0.32146615,0
O032510,C07721,P01119,2025-10-23 20:08:35.172879,0,0.44395736,0
O032511,C01361,P00811,2025-10-23 20:21:41.432535,0,0.8204795,1
O032512,C06686,P02165,2025-10-23 20:34:47.692192,0,0.16273507,0
O032513,C02090,P02187,2025-10-23 20:47:53.951848,0,0.4070488,0
O032514,C07113,P01145,2025-10-23 21:01:00.211505,0,0.6749222,1
O032515,C00003,P01180,2025-10-23 21:14:06.471161,0,0.43210614,0
O032516,C06598,P01167,2025-10-23 21:27:12.730818,1,0.51133317,1
O032517,C05831,P02336,2025-10-23 21:40:18.990474,0,0.7690961,1
O032518,C03272,P00145,2025-10-23 21:53:25.250131,0,0.17579398,0
O032519,C02629,P01740,2025-10-23 22:06:31.509787,0,0.56323063,1
O032520,C05890,P02224,2025-10-23 22:19:37.769444,0,0.6470169,1
O032521,C00599,P01791,2025-10-23 22:32:44.029100,0,0.51917535,1
O032522,C06522,P00342,2025-10-23 22:45:50.288757,0,0.5937552,1
O032523,C01424,P00852,2025-10-23 22:58:56.548413,0,0.25269964,0
O032524,C05914,P01322,2025-10-23 23:12:02.808070,0,0.5303463,1
O032525,C06036,P00702,2025-10-23 23:25:09.067726,0,0.531279,1
O032526,C02740,P01337,2025-10-23 23:38:15.327383,0,0.5278697,1
O032527,C07153,P00138,2025-10-23 23:51:21.587039,0,0.17652489,0
O032528,C03447,P00183,2025-10-24 00:04:27.846696,0,0.6312189,1
O032529,C06123,P01527,2025-10-24 00:17:34.106352,0,0.72285986,1
O032530,C01222,P00734,2025-10-24 00:30:40.366009,1,0.41089058,0
O032531,C06158,P00422,2025-10-24 00:43:46.625665,0,0.33605275,0
O032532,C01229,P01237,2025-10-24 00:56:52.885322,0,0.37410638,0
O032533,C02116,P00718,2025-10-24 01:09:59.144978,0,0.5737843,1
O032534,C02252,P01575,2025-10-24 01:23:05.404635,0,0.6182153,1
O032535,C01948,P01678,2025-10-24 01:36:11.664291,0,0.23837267,0
O032536,C07116,P01205,2025-10-24 01:49:17.923948,1,0.29741433,0
O032537,C01375,P00516,2025-10-24 02:02:24.183604,0,0.596546,1
O032538,C01078,P00820,2025-10-24 02:15:30.443261,0,0.69281435,1
O032539,C04293,P01562,2025-10-24 02:28:36.702917,0,0.30411348,0
O032540,C01845,P00980,2025-10-24 02:41:42.962574,1,0.5419149,1
O032541,C01446,P00021,2025-10-24 02:54:49.222230,0,0.67694336,1
O032542,C07732,P01959,2025-10-24 03:07:55.481887,1,0.5447321,1
O032543,C07725,P01533,2025-10-24 03:21:01.741543,0,0.31051588,0
O032544,C04816,P02478,2025-10-24 03:34:08.001200,0,0.4057524,0
O032545,C00802,P00361,2025-10-24 03:47:14.260856,0,0.5105774,1
O032546,C05683,P00353,2025-10-24 04:00:20.520513,0,0.79322183,1
O032547,C02966,P02414,2025-10-24 04:13:26.780169,0,0.3401219,0
O032548,C00718,P02297,2025-10-24 04:26:33.039825,0,0.49066287,0
O032549,C05461,P00433,2025-10-24 04:39:39.299482,0,0.54691523,1
O032550,C04842,P01327,2025-10-24 04:52:45.559138,0,0.59431,1
O032551,C03649,P00608,2025-10-24 05:05:51.818795,0,0.41168237,0
O032552,C03055,P02309,2025-10-24 05:18:58.078451,0,0.15948665,0
O032553,C02020,P01876,2025-10-24 05:32:04.338108,0,0.6456923,1
O032554,C01132,P01867,2025-10-24 05:45:10.597764,0,0.31881714,0
O032555,C03104,P01669,2025-10-24 05:58:16.857421,0,0.2786008,0
O032556,C03195,P01947,2025-10-24 06:11:23.117077,0,0.5668029,1
O032557,C01292,P02377,2025-10-24 06:24:29.376734,0,0.33801356,0
O032558,C04601,P00333,2025-10-24 06:37:35.636390,0,0.33495516,0
O032559,C03827,P02467,2025-10-24 06:50:41.896047,1,0.22518653,0
O032560,C05727,P02318,2025-10-24 07:03:48.155703,0,0.4418775,0
O032561,C01333,P00965,2025-10-24 07:16:54.415360,0,0.2694819,0
O032562,C00621,P00827,2025-10-24 07:30:00.675016,0,0.23706369,0
O032563,C06422,P00610,2025-10-24 07:43:06.934673,0,0.63117737,1
O032564,C02665,P02143,2025-10-24 07:56:13.194329,1,0.6084485,1
O032565,C01024,P01862,2025-10-24 08:09:19.453986,1,0.66207355,1
O032566,C07179,P01798,2025-10-24 08:22:25.713642,0,0.28751102,0
O032567,C03790,P01185,2025-10-24 08:35:31.973299,1,0.62112355,1
O032568,C07725,P01175,2025-10-24 08:48:38.232955,1,0.54619384,1
O032569,C02633,P01740,2025-10-24 09:01:44.492612,1,0.66033614,1
O032570,C06084,P00893,2025-10-24 09:14:50.752268,0,0.18893886,0
O032571,C01281,P00065,2025-10-24 09:27:57.011925,0,0.64634204,1
O032572,C04692,P00920,2025-10-24 09:41:03.271581,0,0.2920781,0
O032573,C00632,P01104,2025-10-24 09:54:09.531238,0,0.4264176,0
O032574,C01972,P00512,2025-10-24 10:07:15.790894,0,0.32637888,0
O032575,C04533,P00674,2025-10-24 10:20:22.050551,0,0.35289934,0
O032576,C07104,P01089,2025-10-24 10:33:28.310207,0,0.18130419,0
O032577,C07859,P01835,2025-10-24 10:46:34.569864,0,0.5602654,1
O032578,C07436,P01087,2025-10-24 10:59:40.829520,1,0.5590779,1
O032579,C04618,P00469,2025-10-24 11:12:47.089177,0,0.24346845,0
O032580,C07841,P00694,2025-10-24 11:25:53.348833,1,0.6876738,1
O032581,C02298,P02120,2025-10-24 11:38:59.608490,0,0.201755,0
O032582,C05425,P01584,2025-10-24 11:52:05.868146,1,0.2933298,0
O032583,C03156,P00946,2025-10-24 12:05:12.127803,1,0.46463478,0
O032584,C06695,P00099,2025-10-24 12:18:18.387459,0,0.2550263,0
O032585,C07477,P00368,2025-10-24 12:31:24.647116,0,0.7790689,1
O032586,C07771,P00856,2025-10-24 12:44:30.906772,1,0.512137,1
O032587,C06838,P02022,2025-10-24 12:57:37.166429,0,0.42243323,0
O032588,C05209,P01688,2025-10-24 13:10:43.426085,0,0.6813044,1
O032589,C02938,P02290,2025-10-24 13:23:49.685742,0,0.7360253,1
O032590,C04870,P01410,2025-10-24 13:36:55.945398,0,0.38155368,0
O032591,C05753,P00556,2025-10-24 13:50:02.205055,0,0.33455318,0
O032592,C05189,P02425,2025-10-24 14:03:08.464711,0,0.34789124,0
O032593,C02623,P02493,2025-10-24 14:16:14.724368,0,0.3014463,0
O032594,C04392,P00595,2025-10-24 14:29:20.984024,0,0.28670338,0
O032595,C07817,P00447,2025-10-24 14:42:27.243681,0,0.39972773,0
O032596,C01741,P01993,2025-10-24 14:55:33.503337,0,0.21723613,0
O032597,C01758,P01178,2025-10-24 15:08:39.762994,0,0.21165314,0
O032598,C03675,P00859,2025-10-24 15:21:46.022650,0,0.3043859,0
O032599,C03349,P01736,2025-10-24 15:34:52.282307,0,0.43720537,0
O032600,C05599,P00974,2025-10-24 15:47:58.541963,0,0.40475276,0
O032601,C05455,P01575,2025-10-24 16:01:04.801620,1,0.6512748,1
O032602,C05795,P01696,2025-10-24 16:14:11.061276,0,0.4526595,0
O032603,C00146,P00168,2025-10-24 16:27:17.320933,0,0.6995577,1
O032604,C03650,P00442,2025-10-24 16:40:23.580589,0,0.7485083,1
O032605,C02739,P00595,2025-10-24 16:53:29.840246,1,0.353738,0
O032606,C07566,P00619,2025-10-24 17:06:36.099902,0,0.26649836,0
O032607,C03346,P00291,2025-10-24 17:19:42.359558,0,0.529796,1
O032608,C00274,P01734,2025-10-24 17:32:48.619215,1,0.4395013,0
O032609,C02477,P01738,2025-10-24 17:45:54.878871,0,0.21689503,0
O032610,C05921,P01259,2025-10-24 17:59:01.138528,0,0.23992223,0
O032611,C02204,P00662,2025-10-24 18:12:07.398184,0,0.27764922,0
O032612,C07952,P01578,2025-10-24 18:25:13.657841,0,0.3794444,0
O032613,C03920,P02088,2025-10-24 18:38:19.917497,0,0.19309407,0
O032614,C07147,P01118,2025-10-24 18:51:26.177154,0,0.22641094,0
O032615,C04002,P00484,2025-10-24 19:04:32.436810,0,0.2916633,0
O032616,C00602,P00013,2025-10-24 19:17:38.696467,0,0.5414481,1
O032617,C01274,P01761,2025-10-24 19:30:44.956123,0,0.28081936,0
O032618,C06777,P00051,2025-10-24 19:43:51.215780,0,0.5981617,1
O032619,C02139,P01175,2025-10-24 19:56:57.475436,0,0.5342024,1
O032620,C07195,P02338,2025-10-24 20:10:03.735093,1,0.5149876,1
O032621,C05020,P00865,2025-10-24 20:23:09.994749,1,0.68412167,1
O032622,C01486,P00368,2025-10-24 20:36:16.254406,0,0.46586803,0
O032623,C00663,P01448,2025-10-24 20:49:22.514062,0,0.73221326,1
O032624,C04438,P00086,2025-10-24 21:02:28.773719,1,0.7821917,1
O032625,C04082,P01330,2025-10-24 21:15:35.033375,1,0.48499772,0
O032626,C03420,P01632,2025-10-24 21:28:41.293032,0,0.22760586,0
O032627,C04804,P02006,2025-10-24 21:41:47.552688,1,0.28918603,0
O032628,C04963,P02289,2025-10-24 21:54:53.812345,0,0.11402302,0
O032629,C05340,P01831,2025-10-24 22:08:00.072001,0,0.3227419,0
O032630,C07731,P01564,2025-10-24 22:21:06.331658,0,0.7233805,1
O032631,C07523,P00621,2025-10-24 22:34:12.591314,1,0.73082304,1
O032632,C06578,P00970,2025-10-24 22:47:18.850971,1,0.4513947,0
O032633,C03166,P01890,2025-10-24 23:00:25.110627,1,0.57995075,1
O032634,C03316,P01620,2025-10-24 23:13:31.370284,0,0.6771133,1
O032635,C04364,P00418,2025-10-24 23:26:37.629940,1,0.41655907,0
O032636,C01280,P01429,2025-10-24 23:39:43.889597,0,0.407594,0
O032637,C01174,P02337,2025-10-24 23:52:50.149253,0,0.36034054,0
O032638,C00616,P00665,2025-10-25 00:05:56.408910,0,0.18501349,0
O032639,C07211,P01537,2025-10-25 00:19:02.668566,0,0.25607476,0
O032640,C03432,P02196,2025-10-25 00:32:08.928223,1,0.692083,1
O032641,C01919,P01269,2025-10-25 00:45:15.187879,0,0.5509205,1
O032642,C02657,P01387,2025-10-25 00:58:21.447536,0,0.42424035,0
O032643,C05877,P00687,2025-10-25 01:11:27.707192,0,0.05929698,0
O032644,C07190,P02103,2025-10-25 01:24:33.966849,0,0.42898044,0
O032645,C06740,P01524,2025-10-25 01:37:40.226505,0,0.49514323,0
O032646,C04263,P01660,2025-10-25 01:50:46.486162,0,0.6725529,1
O032647,C02993,P02033,2025-10-25 02:03:52.745818,0,0.3087772,0
O032648,C00309,P01718,2025-10-25 02:16:59.005475,0,0.6735696,1
O032649,C04005,P02374,2025-10-25 02:30:05.265131,1,0.5170571,1
O032650,C03454,P00029,2025-10-25 02:43:11.524788,0,0.35167482,0
O032651,C00921,P02088,2025-10-25 02:56:17.784444,0,0.1751815,0
O032652,C03781,P01993,2025-10-25 03:09:24.044101,0,0.28439915,0
O032653,C03003,P02324,2025-10-25 03:22:30.303757,0,0.08702,0
O032654,C04689,P01631,2025-10-25 03:35:36.563414,0,0.23934332,0
O032655,C05822,P01926,2025-10-25 03:48:42.823070,0,0.20338583,0
O032656,C00113,P01673,2025-10-25 04:01:49.082727,0,0.35361472,0
O032657,C04320,P02048,2025-10-25 04:14:55.342383,1,0.75296783,1
O032658,C03040,P01872,2025-10-25 04:28:01.602040,1,0.59876364,1
O032659,C06619,P01131,2025-10-25 04:41:07.861696,0,0.23726553,0
O032660,C02901,P02435,2025-10-25 04:54:14.121353,0,0.5451865,1
O032661,C03296,P02240,2025-10-25 05:07:20.381009,1,0.71824753,1
O032662,C01924,P01646,2025-10-25 05:20:26.640666,0,0.27796575,0
O032663,C02973,P02442,2025-10-25 05:33:32.900322,0,0.2135422,0
O032664,C03196,P02217,2025-10-25 05:46:39.159979,0,0.70308423,1
O032665,C07391,P02277,2025-10-25 05:59:45.419635,0,0.2480938,0
O032666,C06653,P00944,2025-10-25 06:12:51.679291,0,0.496353,0
O032667,C06953,P00071,2025-10-25 06:25:57.938948,0,0.58585155,1
O032668,C03446,P00641,2025-10-25 06:39:04.198604,1,0.5204609,1
O032669,C04749,P00717,2025-10-25 06:52:10.458261,0,0.62721854,1
O032670,C07761,P01387,2025-10-25 07:05:16.717917,0,0.35962924,0
O032671,C07211,P00172,2025-10-25 07:18:22.977574,0,0.50441533,1
O032672,C06066,P00423,2025-10-25 07:31:29.237230,0,0.48102713,0
O032673,C07583,P01498,2025-10-25 07:44:35.496887,0,0.13414975,0
O032674,C02350,P01237,2025-10-25 07:57:41.756543,1,0.35516354,0
O032675,C01317,P00186,2025-10-25 08:10:48.016200,0,0.39253992,0
O032676,C02843,P00011,2025-10-25 08:23:54.275856,0,0.35398543,0
O032677,C07171,P00585,2025-10-25 08:37:00.535513,0,0.5017313,1
O032678,C00350,P02037,2025-10-25 08:50:06.795169,0,0.3866468,0
O032679,C04582,P01249,2025-10-25 09:03:13.054826,1,0.6665996,1
O032680,C00098,P01732,2025-10-25 09:16:19.314482,1,0.47476557,0
O032681,C06949,P01368,2025-10-25 09:29:25.574139,1,0.72452754,1
O032682,C02762,P00088,2025-10-25 09:42:31.833795,0,0.2836604,0
O032683,C07756,P00544,2025-10-25 09:55:38.093452,0,0.5110303,1
O032684,C04605,P01062,2025-10-25 10:08:44.353108,0,0.28898907,0
O032685,C02545,P01297,2025-10-25 10:21:50.612765,0,0.3056684,0
O032686,C00477,P02364,2025-10-25 10:34:56.872421,0,0.15713136,0
O032687,C07477,P01150,2025-10-25 10:48:03.132078,1,0.39621535,0
O032688,C02485,P02023,2025-10-25 11:01:09.391734,1,0.3739797,0
O032689,C01107,P01429,2025-10-25 11:14:15.651391,0,0.4117497,0
O032690,C03710,P00639,2025-10-25 11:27:21.911047,0,0.5077266,1
O032691,C00410,P00655,2025-10-25 11:40:28.170704,0,0.8654911,1
O032692,C05461,P01397,2025-10-25 11:53:34.430360,0,0.29090565,0
O032693,C05941,P01582,2025-10-25 12:06:40.690017,1,0.3318584,0
O032694,C02238,P02015,2025-10-25 12:19:46.949673,0,0.22944222,0
O032695,C06663,P00198,2025-10-25 12:32:53.209330,0,0.07905007,0
O032696,C05478,P00837,2025-10-25 12:45:59.468986,0,0.59618026,1
O032697,C01687,P00856,2025-10-25 12:59:05.728643,1,0.72169054,1
O032698,C07451,P02495,2025-10-25 13:12:11.988299,0,0.29885426,0
O032699,C00626,P00620,2025-10-25 13:25:18.247956,0,0.32515308,0
O032700,C00677,P02143,2025-10-25 13:38:24.507612,0,0.6188281,1
O032701,C02999,P01842,2025-10-25 13:51:30.767269,0,0.29250574,0
O032702,C07709,P01006,2025-10-25 14:04:37.026925,1,0.19703162,0
O032703,C01377,P01918,2025-10-25 14:17:43.286582,0,0.2430193,0
O032704,C04082,P01675,2025-10-25 14:30:49.546238,0,0.42777866,0
O032705,C07014,P01119,2025-10-25 14:43:55.805895,1,0.391253,0
O032706,C07621,P02246,2025-10-25 14:57:02.065551,0,0.45462042,0
O032707,C03018,P01180,2025-10-25 15:10:08.325208,0,0.4356519,0
O032708,C07509,P01412,2025-10-25 15:23:14.584864,0,0.2417508,0
O032709,C04827,P01874,2025-10-25 15:36:20.844521,0,0.42577565,0
O032710,C02016,P02319,2025-10-25 15:49:27.104177,0,0.32212064,0
O032711,C00777,P02246,2025-10-25 16:02:33.363834,1,0.2540333,0
O032712,C06923,P02443,2025-10-25 16:15:39.623490,1,0.4729131,0
O032713,C07939,P01026,2025-10-25 16:28:45.883147,1,0.50903153,1
O032714,C04790,P01048,2025-10-25 16:41:52.142803,0,0.721053,1
O032715,C00308,P01026,2025-10-25 16:54:58.402460,0,0.32390937,0
O032716,C07833,P01693,2025-10-25 17:08:04.662116,0,0.17126802,0
O032717,C01509,P00029,2025-10-25 17:21:10.921773,0,0.44183293,0
O032718,C06853,P00658,2025-10-25 17:34:17.181429,1,0.54766256,1
O032719,C07295,P00995,2025-10-25 17:47:23.441086,1,0.5795009,1
O032720,C03948,P00700,2025-10-25 18:00:29.700742,0,0.7013582,1
O032721,C03939,P00260,2025-10-25 18:13:35.960399,1,0.68212765,1
O032722,C00148,P01359,2025-10-25 18:26:42.220055,0,0.27885646,0
O032723,C03393,P00090,2025-10-25 18:39:48.479711,1,0.23064595,0
O032724,C03888,P01849,2025-10-25 18:52:54.739368,0,0.598592,1
O032725,C06540,P02180,2025-10-25 19:06:00.999024,0,0.34521544,0
O032726,C01803,P01723,2025-10-25 19:19:07.258681,1,0.48922282,0
O032727,C01396,P02455,2025-10-25 19:32:13.518337,0,0.41123345,0
O032728,C00663,P01015,2025-10-25 19:45:19.777994,0,0.44338527,0
O032729,C04824,P01661,2025-10-25 19:58:26.037650,1,0.455931,0
O032730,C03785,P00314,2025-10-25 20:11:32.297307,0,0.55785847,1
O032731,C02990,P01920,2025-10-25 20:24:38.556963,0,0.47894529,0
O032732,C06861,P02445,2025-10-25 20:37:44.816620,0,0.74024355,1
O032733,C07524,P00455,2025-10-25 20:50:51.076276,0,0.16823436,0
O032734,C04938,P00387,2025-10-25 21:03:57.335933,0,0.31854263,0
O032735,C06928,P02401,2025-10-25 21:17:03.595589,0,0.5471555,1
O032736,C04783,P00863,2025-10-25 21:30:09.855246,0,0.61810356,1
O032737,C01605,P01707,2025-10-25 21:43:16.114902,0,0.4965588,0
O032738,C02318,P01569,2025-10-25 21:56:22.374559,0,0.4709357,0
O032739,C07806,P00064,2025-10-25 22:09:28.634215,0,0.22154242,0
O032740,C03688,P00145,2025-10-25 22:22:34.893872,0,0.27771327,0
O032741,C02720,P00763,2025-10-25 22:35:41.153528,0,0.4728714,0
O032742,C02401,P01024,2025-10-25 22:48:47.413185,0,0.6065437,1
O032743,C02266,P02071,2025-10-25 23:01:53.672841,0,0.3015678,0
O032744,C02646,P01429,2025-10-25 23:14:59.932498,1,0.6120966,1
O032745,C02649,P02334,2025-10-25 23:28:06.192154,0,0.42153335,0
O032746,C04699,P00879,2025-10-25 23:41:12.451811,0,0.2638799,0
O032747,C06430,P00658,2025-10-25 23:54:18.711467,0,0.28326055,0
O032748,C03950,P02115,2025-10-26 00:07:24.971124,1,0.69307154,1
O032749,C05096,P00579,2025-10-26 00:20:31.230780,0,0.3919964,0
O032750,C05559,P00582,2025-10-26 00:33:37.490437,0,0.12771197,0
O032751,C03081,P00222,2025-10-26 00:46:43.750093,1,0.16803867,0
O032752,C03117,P02446,2025-10-26 00:59:50.009750,0,0.30509347,0
O032753,C02714,P00351,2025-10-26 01:12:56.269406,0,0.33221897,0
O032754,C05042,P00654,2025-10-26 01:26:02.529063,0,0.24826247,0
O032755,C00780,P01996,2025-10-26 01:39:08.788719,0,0.18718743,0
O032756,C07558,P01640,2025-10-26 01:52:15.048376,0,0.4532077,0
O032757,C02106,P00995,2025-10-26 02:05:21.308032,1,0.68172395,1
O032758,C04074,P01069,2025-10-26 02:18:27.567689,1,0.48636603,0
O032759,C03312,P01991,2025-10-26 02:31:33.827345,0,0.40861437,0
O032760,C07337,P02342,2025-10-26 02:44:40.087002,1,0.3924882,0
O032761,C05337,P02071,2025-10-26 02:57:46.346658,0,0.43039674,0
O032762,C01438,P01570,2025-10-26 03:10:52.606315,0,0.1606405,0
O032763,C02868,P01962,2025-10-26 03:23:58.865971,1,0.6947547,1
O032764,C01992,P01423,2025-10-26 03:37:05.125628,0,0.38172984,0
O032765,C03453,P01739,2025-10-26 03:50:11.385284,0,0.30002502,0
O032766,C06001,P02210,2025-10-26 04:03:17.644941,0,0.12936004,0
O032767,C01355,P01949,2025-10-26 04:16:23.904597,1,0.38547486,0
O032768,C07877,P01450,2025-10-26 04:29:30.164254,0,0.43258488,0
O032769,C03152,P00172,2025-10-26 04:42:36.423910,1,0.63670385,1
O032770,C07039,P01461,2025-10-26 04:55:42.683567,0,0.6173345,1
O032771,C07863,P01105,2025-10-26 05:08:48.943223,0,0.5267327,1
O032772,C06348,P00733,2025-10-26 05:21:55.202880,0,0.61409587,1
O032773,C01268,P01524,2025-10-26 05:35:01.462536,0,0.58600223,1
O032774,C07181,P00134,2025-10-26 05:48:07.722193,0,0.4774833,0
O032775,C06048,P01025,2025-10-26 06:01:13.981849,0,0.55825686,1
O032776,C04095,P02210,2025-10-26 06:14:20.241506,1,0.20018867,0
O032777,C07673,P00891,2025-10-26 06:27:26.501162,0,0.26896363,0
O032778,C06187,P00070,2025-10-26 06:40:32.760819,0,0.28614643,0
O032779,C05742,P00897,2025-10-26 06:53:39.020475,0,0.69068664,1
O032780,C05201,P02303,2025-10-26 07:06:45.280132,0,0.48343107,0
O032781,C04568,P01871,2025-10-26 07:19:51.539788,0,0.5144447,1
O032782,C03191,P02004,2025-10-26 07:32:57.799444,0,0.5412075,1
O032783,C05335,P00120,2025-10-26 07:46:04.059101,0,0.54708225,1
O032784,C00406,P00684,2025-10-26 07:59:10.318757,0,0.5311806,1
O032785,C02982,P00712,2025-10-26 08:12:16.578414,0,0.34915307,0
O032786,C05568,P00224,2025-10-26 08:25:22.838070,1,0.34904093,0
O032787,C00656,P01676,2025-10-26 08:38:29.097727,0,0.4959466,0
O032788,C06882,P02428,2025-10-26 08:51:35.357383,0,0.44466513,0
O032789,C04204,P01284,2025-10-26 09:04:41.617040,0,0.23581152,0
O032790,C04171,P02435,2025-10-26 09:17:47.876696,1,0.7305867,1
O032791,C00065,P00827,2025-10-26 09:30:54.136353,1,0.26935792,0
O032792,C00929,P00715,2025-10-26 09:44:00.396009,0,0.2613353,0
O032793,C00868,P02028,2025-10-26 09:57:06.655666,0,0.2734152,0
O032794,C03078,P02150,2025-10-26 10:10:12.915322,0,0.3847134,0
O032795,C06428,P01774,2025-10-26 10:23:19.174979,0,0.6044634,1
O032796,C02944,P01453,2025-10-26 10:36:25.434635,0,0.47139257,0
O032797,C04029,P02266,2025-10-26 10:49:31.694292,1,0.3595347,0
O032798,C04859,P00930,2025-10-26 11:02:37.953948,0,0.55394274,1
O032799,C05757,P01056,2025-10-26 11:15:44.213605,1,0.59571993,1
O032800,C06225,P01154,2025-10-26 11:28:50.473261,1,0.58542275,1
O032801,C01397,P01826,2025-10-26 11:41:56.732918,1,0.6376753,1
O032802,C03836,P00817,2025-10-26 11:55:02.992574,0,0.65731734,1
O032803,C05098,P00398,2025-10-26 12:08:09.252231,0,0.52026606,1
O032804,C03254,P00294,2025-10-26 12:21:15.511887,0,0.21685776,0
O032805,C02870,P00910,2025-10-26 12:34:21.771544,0,0.51076794,1
O032806,C07107,P01524,2025-10-26 12:47:28.031200,0,0.58369017,1
O032807,C05389,P01532,2025-10-26 13:00:34.290857,0,0.5019194,1
O032808,C04361,P02320,2025-10-26 13:13:40.550513,0,0.1637509,0
O032809,C05880,P00466,2025-10-26 13:26:46.810170,0,0.11702032,0
O032810,C02205,P01349,2025-10-26 13:39:53.069826,0,0.39271826,0
O032811,C04872,P00399,2025-10-26 13:52:59.329483,0,0.3709232,0
O032812,C06483,P01710,2025-10-26 14:06:05.589139,1,0.68774414,1
O032813,C00182,P02217,2025-10-26 14:19:11.848796,0,0.67767715,1
O032814,C02076,P00930,2025-10-26 14:32:18.108452,0,0.4479795,0
O032815,C06461,P01672,2025-10-26 14:45:24.368109,0,0.5661542,1
O032816,C06965,P01306,2025-10-26 14:58:30.627765,0,0.5609456,1
O032817,C02976,P01318,2025-10-26 15:11:36.887422,0,0.5700289,1
O032818,C05247,P01138,2025-10-26 15:24:43.147078,0,0.37180611,0
O032819,C05047,P02136,2025-10-26 15:37:49.406735,0,0.6477351,1
O032820,C00451,P00758,2025-10-26 15:50:55.666391,0,0.38949284,0
O032821,C02667,P00484,2025-10-26 16:04:01.926048,0,0.33858618,0
O032822,C06194,P01734,2025-10-26 16:17:08.185704,1,0.5174402,1
O032823,C06509,P00455,2025-10-26 16:30:14.445361,0,0.24067879,0
O032824,C03297,P00281,2025-10-26 16:43:20.705017,0,0.41371304,0
O032825,C06583,P00304,2025-10-26 16:56:26.964674,0,0.6003666,1
O032826,C00967,P00096,2025-10-26 17:09:33.224330,0,0.4056302,0
O032827,C00779,P00444,2025-10-26 17:22:39.483987,0,0.23840934,0
O032828,C03697,P02458,2025-10-26 17:35:45.743643,0,0.3732999,0
O032829,C00689,P01648,2025-10-26 17:48:52.003300,0,0.50308216,1
O032830,C04358,P02302,2025-10-26 18:01:58.262956,0,0.33528584,0
O032831,C05435,P02149,2025-10-26 18:15:04.522613,0,0.47769412,0
O032832,C06504,P00037,2025-10-26 18:28:10.782269,1,0.43995777,0
O032833,C05857,P01424,2025-10-26 18:41:17.041926,1,0.6161241,1
O032834,C06334,P00629,2025-10-26 18:54:23.301582,0,0.7633498,1
O032835,C07152,P00914,2025-10-26 19:07:29.561239,0,0.2466522,0
O032836,C02739,P00937,2025-10-26 19:20:35.820895,0,0.23580223,0
O032837,C03387,P02271,2025-10-26 19:33:42.080552,0,0.4345041,0
O032838,C05675,P02315,2025-10-26 19:46:48.340208,0,0.4442969,0
O032839,C05710,P00629,2025-10-26 19:59:54.599864,0,0.5604929,1
O032840,C04161,P00990,2025-10-26 20:13:00.859521,0,0.33305568,0
O032841,C04372,P00207,2025-10-26 20:26:07.119177,1,0.4570795,0
O032842,C07614,P01804,2025-10-26 20:39:13.378834,1,0.5092671,1
O032843,C07964,P01685,2025-10-26 20:52:19.638490,0,0.40749893,0
O032844,C07895,P02500,2025-10-26 21:05:25.898147,1,0.5465662,1
O032845,C04947,P00528,2025-10-26 21:18:32.157803,0,0.31544268,0
O032846,C02539,P02062,2025-10-26 21:31:38.417460,0,0.5721311,1
O032847,C01214,P00689,2025-10-26 21:44:44.677116,0,0.31139177,0
O032848,C00580,P01970,2025-10-26 21:57:50.936773,0,0.26034647,0
O032849,C06551,P01784,2025-10-26 22:10:57.196429,0,0.28547436,0
O032850,C00574,P01645,2025-10-26 22:24:03.456086,1,0.6044446,1
O032851,C04242,P02007,2025-10-26 22:37:09.715742,0,0.14960493,0
O032852,C02463,P01673,2025-10-26 22:50:15.975399,0,0.16197981,0
O032853,C06782,P02127,2025-10-26 23:03:22.235055,0,0.15218481,0
O032854,C04289,P00842,2025-10-26 23:16:28.494712,1,0.31507504,0
O032855,C02813,P01350,2025-10-26 23:29:34.754368,0,0.42088896,0
O032856,C05573,P00094,2025-10-26 23:42:41.014025,1,0.60119,1
O032857,C05488,P01319,2025-10-26 23:55:47.273681,0,0.51429033,1
O032858,C07039,P00416,2025-10-27 00:08:53.533338,1,0.4449426,0
O032859,C07775,P01339,2025-10-27 00:21:59.792994,1,0.5192188,1
O032860,C01712,P00123,2025-10-27 00:35:06.052651,0,0.13671273,0
O032861,C02496,P02054,2025-10-27 00:48:12.312307,0,0.29136,0
O032862,C06514,P00774,2025-10-27 01:01:18.571964,0,0.18130943,0
O032863,C01597,P01825,2025-10-27 01:14:24.831620,0,0.59422123,1
O032864,C00825,P01127,2025-10-27 01:27:31.091277,1,0.6238416,1
O032865,C03730,P00856,2025-10-27 01:40:37.350933,0,0.6732199,1
O032866,C00461,P01536,2025-10-27 01:53:43.610590,0,0.32825017,0
O032867,C02344,P01651,2025-10-27 02:06:49.870246,0,0.4957877,0
O032868,C06205,P00008,2025-10-27 02:19:56.129903,0,0.55714756,1
O032869,C02306,P02028,2025-10-27 02:33:02.389559,1,0.3232057,0
O032870,C02545,P02416,2025-10-27 02:46:08.649216,0,0.32830226,0
O032871,C07685,P01858,2025-10-27 02:59:14.908872,0,0.7851479,1
O032872,C04833,P01974,2025-10-27 03:12:21.168529,0,0.5160736,1
O032873,C03561,P00926,2025-10-27 03:25:27.428185,0,0.19252455,0
O032874,C07416,P00858,2025-10-27 03:38:33.687842,0,0.42400795,0
O032875,C07200,P00039,2025-10-27 03:51:39.947498,0,0.24769817,0
O032876,C02704,P02433,2025-10-27 04:04:46.207155,0,0.62948537,1
O032877,C04951,P02158,2025-10-27 04:17:52.466811,0,0.28463167,0
O032878,C03596,P01542,2025-10-27 04:30:58.726468,0,0.66514146,1
O032879,C04653,P00639,2025-10-27 04:44:04.986124,1,0.4482663,0
O032880,C02537,P02293,2025-10-27 04:57:11.245781,0,0.19336447,0
O032881,C03495,P01437,2025-10-27 05:10:17.505437,0,0.72104096,1
O032882,C03011,P00639,2025-10-27 05:23:23.765094,1,0.71988016,1
O032883,C01217,P00586,2025-10-27 05:36:30.024750,0,0.3212389,0
O032884,C05618,P01377,2025-10-27 05:49:36.284407,0,0.560852,1
O032885,C04037,P02453,2025-10-27 06:02:42.544063,0,0.7348175,1
O032886,C06341,P00848,2025-10-27 06:15:48.803720,1,0.2775374,0
O032887,C01494,P01226,2025-10-27 06:28:55.063376,0,0.1409005,0
O032888,C07282,P02163,2025-10-27 06:42:01.323033,0,0.357607,0
O032889,C06397,P02223,2025-10-27 06:55:07.582689,1,0.45917976,0
O032890,C01979,P01005,2025-10-27 07:08:13.842346,0,0.40658957,0
O032891,C03770,P01363,2025-10-27 07:21:20.102002,0,0.41305324,0
O032892,C03863,P01416,2025-10-27 07:34:26.361659,0,0.37738493,0
O032893,C00594,P01080,2025-10-27 07:47:32.621315,0,0.2833044,0
O032894,C06422,P00399,2025-10-27 08:00:38.880972,0,0.34072945,0
O032895,C00606,P01220,2025-10-27 08:13:45.140628,0,0.5836842,1
O032896,C07886,P01884,2025-10-27 08:26:51.400285,0,0.4955822,0
O032897,C01219,P01051,2025-10-27 08:39:57.659941,0,0.37239793,0
O032898,C04281,P00007,2025-10-27 08:53:03.919597,1,0.6779985,1
O032899,C03285,P01191,2025-10-27 09:06:10.179254,0,0.31427348,0
O032900,C03860,P02498,2025-10-27 09:19:16.438910,0,0.15732151,0
O032901,C01255,P01460,2025-10-27 09:32:22.698567,1,0.45484352,0
O032902,C07030,P00865,2025-10-27 09:45:28.958223,1,0.6018052,1
O032903,C01264,P02398,2025-10-27 09:58:35.217880,0,0.30256668,0
O032904,C06476,P00016,2025-10-27 10:11:41.477536,1,0.47368076,0
O032905,C04627,P01969,2025-10-27 10:24:47.737193,0,0.56117564,1
O032906,C04419,P00450,2025-10-27 10:37:53.996849,0,0.32190666,0
O032907,C02906,P01976,2025-10-27 10:51:00.256506,0,0.24266666,0
O032908,C01182,P01323,2025-10-27 11:04:06.516162,0,0.34404844,0
O032909,C05057,P02101,2025-10-27 11:17:12.775819,0,0.5010522,1
O032910,C07276,P02371,2025-10-27 11:30:19.035475,0,0.304979,0
O032911,C01675,P00410,2025-10-27 11:43:25.295132,1,0.72199774,1
O032912,C02727,P01153,2025-10-27 11:56:31.554788,0,0.33915147,0
O032913,C02242,P00697,2025-10-27 12:09:37.814445,1,0.32751676,0
O032914,C02092,P01153,2025-10-27 12:22:44.074101,0,0.28852493,0
O032915,C04990,P01984,2025-10-27 12:35:50.333758,0,0.27644044,0
O032916,C04680,P01036,2025-10-27 12:48:56.593414,0,0.11124866,0
O032917,C00912,P00936,2025-10-27 13:02:02.853071,1,0.4130099,0
O032918,C01278,P00524,2025-10-27 13:15:09.112727,0,0.68325216,1
O032919,C00193,P01798,2025-10-27 13:28:15.372384,0,0.42991567,0
O032920,C07805,P00354,2025-10-27 13:41:21.632040,0,0.510708,1
O032921,C00598,P01949,2025-10-27 13:54:27.891697,0,0.30103174,0
O032922,C06346,P01522,2025-10-27 14:07:34.151353,0,0.35395324,0
O032923,C06818,P01168,2025-10-27 14:20:40.411010,0,0.22449635,0
O032924,C01929,P01748,2025-10-27 14:33:46.670666,0,0.2665617,0
O032925,C00076,P01358,2025-10-27 14:46:52.930323,0,0.59712666,1
O032926,C06190,P01927,2025-10-27 14:59:59.189979,0,0.17249766,0
O032927,C04515,P02346,2025-10-27 15:13:05.449636,0,0.3009383,0
O032928,C07829,P01796,2025-10-27 15:26:11.709292,1,0.58293176,1
O032929,C04033,P01910,2025-10-27 15:39:17.968949,1,0.6787751,1
O032930,C00392,P00066,2025-10-27 15:52:24.228605,0,0.77250373,1
O032931,C07812,P02153,2025-10-27 16:05:30.488262,1,0.48641253,0
O032932,C00970,P01204,2025-10-27 16:18:36.747918,0,0.5116474,1
O032933,C03741,P00539,2025-10-27 16:31:43.007575,0,0.57548344,1
O032934,C01875,P02144,2025-10-27 16:44:49.267231,0,0.3016917,0
O032935,C03031,P00099,2025-10-27 16:57:55.526888,1,0.28688803,0
O032936,C07840,P00212,2025-10-27 17:11:01.786544,0,0.26565537,0
O032937,C04676,P01044,2025-10-27 17:24:08.046201,0,0.23646492,0
O032938,C03165,P01607,2025-10-27 17:37:14.305857,0,0.10277936,0
O032939,C07444,P01037,2025-10-27 17:50:20.565514,0,0.33050516,0
O032940,C05752,P01409,2025-10-27 18:03:26.825170,0,0.33954257,0
O032941,C00697,P01457,2025-10-27 18:16:33.084827,1,0.4173343,0
O032942,C03842,P01970,2025-10-27 18:29:39.344483,0,0.1350042,0
O032943,C00110,P00588,2025-10-27 18:42:45.604140,0,0.5765864,1
O032944,C03728,P01096,2025-10-27 18:55:51.863796,0,0.18827064,0
O032945,C06339,P02222,2025-10-27 19:08:58.123453,0,0.36793703,0
O032946,C06766,P01826,2025-10-27 19:22:04.383109,0,0.47056827,0
O032947,C00031,P01499,2025-10-27 19:35:10.642766,1,0.5603532,1
O032948,C01905,P00003,2025-10-27 19:48:16.902422,0,0.42575422,0
O032949,C00954,P00765,2025-10-27 20:01:23.162079,0,0.4723128,0
O032950,C00923,P00985,2025-10-27 20:14:29.421735,0,0.653611,1
O032951,C00738,P01168,2025-10-27 20:27:35.681392,0,0.33073103,0
O032952,C05576,P00435,2025-10-27 20:40:41.941048,0,0.59172684,1
O032953,C02689,P00144,2025-10-27 20:53:48.200705,1,0.41313103,0
O032954,C05854,P00312,2025-10-27 21:06:54.460361,0,0.41380832,0
O032955,C03709,P00572,2025-10-27 21:20:00.720018,0,0.5655042,1
O032956,C04631,P01600,2025-10-27 21:33:06.979674,0,0.3998256,0
O032957,C07684,P01429,2025-10-27 21:46:13.239330,0,0.42079395,0
O032958,C05254,P01979,2025-10-27 21:59:19.498987,0,0.2815863,0
O032959,C07317,P00031,2025-10-27 22:12:25.758643,1,0.62513644,1
O032960,C02054,P02234,2025-10-27 22:25:32.018300,0,0.58876586,1
O032961,C06937,P01683,2025-10-27 22:38:38.277956,0,0.3340923,0
O032962,C04087,P00287,2025-10-27 22:51:44.537613,0,0.4197651,0
O032963,C03947,P00621,2025-10-27 23:04:50.797269,0,0.6754229,1
O032964,C07155,P02197,2025-10-27 23:17:57.056926,0,0.19547988,0
O032965,C01680,P02083,2025-10-27 23:31:03.316582,0,0.41019824,0
O032966,C01243,P01035,2025-10-27 23:44:09.576239,1,0.46710262,0
O032967,C07418,P01840,2025-10-27 23:57:15.835895,0,0.17462625,0
O032968,C00907,P00875,2025-10-28 00:10:22.095552,1,0.3071514,0
O032969,C03043,P02247,2025-10-28 00:23:28.355208,0,0.33362317,0
O032970,C04447,P00227,2025-10-28 00:36:34.614865,0,0.42980504,0
O032971,C01588,P00629,2025-10-28 00:49:40.874521,0,0.59309393,1
O032972,C05411,P00341,2025-10-28 01:02:47.134178,0,0.33759928,0
O032973,C06714,P01254,2025-10-28 01:15:53.393834,0,0.58386755,1
O032974,C06198,P01847,2025-10-28 01:28:59.653491,0,0.76971334,1
O032975,C03267,P02031,2025-10-28 01:42:05.913147,0,0.58617944,1
O032976,C06245,P00967,2025-10-28 01:55:12.172804,0,0.5348168,1
O032977,C00532,P01565,2025-10-28 02:08:18.432460,0,0.73290056,1
O032978,C06760,P00218,2025-10-28 02:21:24.692117,0,0.17425688,0
O032979,C07707,P00329,2025-10-28 02:34:30.951773,1,0.2411044,0
O032980,C06400,P00404,2025-10-28 02:47:37.211430,0,0.1592253,0
O032981,C06260,P00426,2025-10-28 03:00:43.471086,0,0.15635847,0
O032982,C01386,P00881,2025-10-28 03:13:49.730743,0,0.5221284,1
O032983,C02898,P02410,2025-10-28 03:26:55.990399,0,0.28532147,0
O032984,C06987,P00291,2025-10-28 03:40:02.250056,1,0.6992573,1
O032985,C03050,P01397,2025-10-28 03:53:08.509712,0,0.4958458,0
O032986,C03953,P02016,2025-10-28 04:06:14.769369,0,0.30855298,0
O032987,C02747,P01090,2025-10-28 04:19:21.029025,0,0.4392558,0
O032988,C04414,P02119,2025-10-28 04:32:27.288682,0,0.47699317,0
O032989,C04806,P02407,2025-10-28 04:45:33.548338,0,0.40884426,0
O032990,C01162,P02158,2025-10-28 04:58:39.807995,0,0.2662235,0
O032991,C05896,P02132,2025-10-28 05:11:46.067651,1,0.5721965,1
O032992,C04582,P01725,2025-10-28 05:24:52.327308,1,0.7531564,1
O032993,C07491,P00911,2025-10-28 05:37:58.586964,0,0.59463763,1
O032994,C06485,P00469,2025-10-28 05:51:04.846621,0,0.48452005,0
O032995,C04720,P01209,2025-10-28 06:04:11.106277,0,0.58879393,1
O032996,C01862,P01529,2025-10-28 06:17:17.365934,0,0.28778756,0
O032997,C01929,P00809,2025-10-28 06:30:23.625590,0,0.18730268,0
O032998,C07093,P02020,2025-10-28 06:43:29.885247,0,0.6513709,1
O032999,C06289,P00740,2025-10-28 06:56:36.144903,0,0.7091517,1
O033000,C01064,P02043,2025-10-28 07:09:42.404560,0,0.6428701,1
O033001,C05414,P00321,2025-10-28 07:22:48.664216,1,0.33086878,0
O033002,C03550,P00925,2025-10-28 07:35:54.923873,0,0.2762926,0
O033003,C05292,P01268,2025-10-28 07:49:01.183529,1,0.3255039,0
O033004,C03671,P02302,2025-10-28 08:02:07.443186,0,0.36439186,0
O033005,C03216,P00316,2025-10-28 08:15:13.702842,0,0.36205432,0
O033006,C06117,P01425,2025-10-28 08:28:19.962499,0,0.35254702,0
O033007,C03594,P01460,2025-10-28 08:41:26.222155,0,0.47610378,0
O033008,C05384,P00674,2025-10-28 08:54:32.481812,0,0.611756,1
O033009,C07371,P02354,2025-10-28 09:07:38.741468,1,0.73229516,1
O033010,C03545,P00068,2025-10-28 09:20:45.001125,0,0.5124188,1
O033011,C02811,P00754,2025-10-28 09:33:51.260781,0,0.3932083,0
O033012,C06658,P01511,2025-10-28 09:46:57.520438,0,0.6002833,1
O033013,C07442,P02232,2025-10-28 10:00:03.780094,0,0.7820786,1
O033014,C06945,P02269,2025-10-28 10:13:10.039750,1,0.6653224,1
O033015,C04258,P02095,2025-10-28 10:26:16.299407,0,0.2303114,0
O033016,C05571,P00157,2025-10-28 10:39:22.559063,0,0.266673,0
O033017,C00956,P00127,2025-10-28 10:52:28.818720,0,0.4190298,0
O033018,C07554,P01452,2025-10-28 11:05:35.078376,0,0.3117304,0
O033019,C02733,P00015,2025-10-28 11:18:41.338033,0,0.50524276,1
O033020,C05715,P01031,2025-10-28 11:31:47.597689,1,0.2117452,0
O033021,C05183,P01194,2025-10-28 11:44:53.857346,0,0.20029505,0
O033022,C06327,P01238,2025-10-28 11:58:00.117002,1,0.5957608,1
O033023,C07764,P00797,2025-10-28 12:11:06.376659,0,0.32218027,0
O033024,C03555,P01276,2025-10-28 12:24:12.636315,0,0.37495938,0
O033025,C06009,P01380,2025-10-28 12:37:18.895972,0,0.4943004,0
O033026,C06133,P00985,2025-10-28 12:50:25.155628,1,0.816247,1
O033027,C04371,P00929,2025-10-28 13:03:31.415285,0,0.70449877,1
O033028,C03733,P01263,2025-10-28 13:16:37.674941,0,0.465584,0
O033029,C00866,P01002,2025-10-28 13:29:43.934598,0,0.43741712,0
O033030,C00813,P00847,2025-10-28 13:42:50.194254,0,0.5497528,1
O033031,C04233,P01363,2025-10-28 13:55:56.453911,1,0.7205871,1
O033032,C01360,P01249,2025-10-28 14:09:02.713567,1,0.28825852,0
O033033,C03854,P00812,2025-10-28 14:22:08.973224,0,0.22477812,0
O033034,C06707,P01122,2025-10-28 14:35:15.232880,0,0.53495306,1
O033035,C05822,P00103,2025-10-28 14:48:21.492537,0,0.32023424,0
O033036,C02212,P00979,2025-10-28 15:01:27.752193,0,0.28010315,0
O033037,C04896,P01662,2025-10-28 15:14:34.011850,0,0.7018276,1
O033038,C01441,P01629,2025-10-28 15:27:40.271506,1,0.49859217,0
O033039,C00560,P01258,2025-10-28 15:40:46.531163,0,0.18228509,0
O033040,C03487,P00838,2025-10-28 15:53:52.790819,0,0.55048764,1
O033041,C01975,P01319,2025-10-28 16:06:59.050476,0,0.27525616,0
O033042,C05088,P01933,2025-10-28 16:20:05.310132,1,0.47070986,0
O033043,C00928,P02442,2025-10-28 16:33:11.569789,0,0.20807706,0
O033044,C05434,P00659,2025-10-28 16:46:17.829445,0,0.3420048,0
O033045,C00029,P01496,2025-10-28 16:59:24.089102,0,0.39819354,0
O033046,C07355,P02467,2025-10-28 17:12:30.348758,0,0.23114663,0
O033047,C01203,P00569,2025-10-28 17:25:36.608415,0,0.24626715,0
O033048,C00322,P02369,2025-10-28 17:38:42.868071,0,0.5294884,1
O033049,C04685,P00299,2025-10-28 17:51:49.127728,0,0.4873506,0
O033050,C04308,P00765,2025-10-28 18:04:55.387384,0,0.4034691,0
O033051,C00325,P02430,2025-10-28 18:18:01.647041,0,0.5352393,1
O033052,C01842,P00128,2025-10-28 18:31:07.906697,1,0.4502042,0
O033053,C03409,P01024,2025-10-28 18:44:14.166354,0,0.80123746,1
O033054,C02504,P00267,2025-10-28 18:57:20.426010,1,0.39559928,0
O033055,C03367,P02139,2025-10-28 19:10:26.685667,1,0.60084635,1
O033056,C00435,P02034,2025-10-28 19:23:32.945323,0,0.66321903,1
O033057,C04495,P02156,2025-10-28 19:36:39.204980,0,0.68705916,1
O033058,C05317,P00447,2025-10-28 19:49:45.464636,0,0.29355368,0
O033059,C02111,P01266,2025-10-28 20:02:51.724293,0,0.4641692,0
O033060,C07697,P02095,2025-10-28 20:15:57.983949,0,0.54900503,1
O033061,C03610,P00706,2025-10-28 20:29:04.243606,1,0.6125722,1
O033062,C00957,P01868,2025-10-28 20:42:10.503262,0,0.47078854,0
O033063,C02912,P01727,2025-10-28 20:55:16.762919,0,0.2534379,0
O033064,C00728,P00346,2025-10-28 21:08:23.022575,0,0.62905353,1
O033065,C07089,P00165,2025-10-28 21:21:29.282232,0,0.19473203,0
O033066,C05977,P01215,2025-10-28 21:34:35.541888,0,0.52133924,1
O033067,C01389,P02362,2025-10-28 21:47:41.801545,0,0.34779596,0
O033068,C07577,P01707,2025-10-28 22:00:48.061201,0,0.60189366,1
O033069,C06250,P02097,2025-10-28 22:13:54.320858,0,0.42873353,0
O033070,C03262,P01095,2025-10-28 22:27:00.580514,0,0.5911843,1
O033071,C01945,P01944,2025-10-28 22:40:06.840171,1,0.79789823,1
O033072,C03430,P00890,2025-10-28 22:53:13.099827,0,0.32313478,0
O033073,C07604,P01546,2025-10-28 23:06:19.359483,0,0.22959095,0
O033074,C07307,P02397,2025-10-28 23:19:25.619140,0,0.21729398,0
O033075,C00378,P00018,2025-10-28 23:32:31.878796,1,0.66196465,1
O033076,C02782,P01077,2025-10-28 23:45:38.138453,0,0.15188102,0
O033077,C06091,P00615,2025-10-28 23:58:44.398109,0,0.27847767,0
O033078,C07557,P00098,2025-10-29 00:11:50.657766,0,0.38553005,0
O033079,C06424,P01445,2025-10-29 00:24:56.917422,0,0.5643285,1
O033080,C02615,P01702,2025-10-29 00:38:03.177079,0,0.600801,1
O033081,C03952,P00206,2025-10-29 00:51:09.436735,1,0.337105,0
O033082,C00512,P00087,2025-10-29 01:04:15.696392,0,0.64853835,1
O033083,C00761,P00040,2025-10-29 01:17:21.956048,0,0.31797794,0
O033084,C05734,P01497,2025-10-29 01:30:28.215705,0,0.22662963,0
O033085,C06906,P02279,2025-10-29 01:43:34.475361,0,0.6128633,1
O033086,C07069,P02131,2025-10-29 01:56:40.735018,1,0.2018325,0
O033087,C02821,P01551,2025-10-29 02:09:46.994674,0,0.40972036,0
O033088,C01042,P01246,2025-10-29 02:22:53.254331,0,0.6919531,1
O033089,C07061,P02455,2025-10-29 02:35:59.513987,0,0.49984127,0
O033090,C02759,P01316,2025-10-29 02:49:05.773644,0,0.19633342,0
O033091,C05849,P00696,2025-10-29 03:02:12.033300,1,0.46631947,0
O033092,C00641,P01678,2025-10-29 03:15:18.292957,1,0.37414807,0
O033093,C05973,P02130,2025-10-29 03:28:24.552613,0,0.48979148,0
O033094,C00740,P02065,2025-10-29 03:41:30.812270,0,0.5384526,1
O033095,C05634,P02429,2025-10-29 03:54:37.071926,0,0.57639694,1
O033096,C01838,P01412,2025-10-29 04:07:43.331583,0,0.598742,1
O033097,C05551,P01999,2025-10-29 04:20:49.591239,0,0.21753398,0
O033098,C00782,P01112,2025-10-29 04:33:55.850896,0,0.3256116,0
O033099,C02343,P01273,2025-10-29 04:47:02.110552,1,0.46165812,0
O033100,C07874,P00754,2025-10-29 05:00:08.370209,0,0.35625795,0
O033101,C01944,P02493,2025-10-29 05:13:14.629865,0,0.24152882,0
O033102,C00808,P00938,2025-10-29 05:26:20.889522,0,0.29285842,0
O033103,C03696,P01745,2025-10-29 05:39:27.149178,0,0.37217692,0
O033104,C05949,P02271,2025-10-29 05:52:33.408835,0,0.27327338,0
O033105,C04281,P01825,2025-10-29 06:05:39.668491,0,0.64307624,1
O033106,C03720,P02071,2025-10-29 06:18:45.928148,0,0.34510687,0
O033107,C07454,P00098,2025-10-29 06:31:52.187804,0,0.30572584,0
O033108,C07848,P00182,2025-10-29 06:44:58.447461,0,0.30444467,0
O033109,C04374,P00895,2025-10-29 06:58:04.707117,0,0.3201819,0
O033110,C01332,P01702,2025-10-29 07:11:10.966774,1,0.69021624,1
O033111,C04748,P01090,2025-10-29 07:24:17.226430,0,0.5887823,1
O033112,C02376,P02038,2025-10-29 07:37:23.486087,0,0.05692258,0
O033113,C01499,P00697,2025-10-29 07:50:29.745743,0,0.60247105,1
O033114,C01514,P00475,2025-10-29 08:03:36.005400,1,0.7169409,1
O033115,C05233,P00505,2025-10-29 08:16:42.265056,1,0.3983492,0
O033116,C01296,P01734,2025-10-29 08:29:48.524713,0,0.6331002,1
O033117,C07158,P01775,2025-10-29 08:42:54.784369,0,0.25505134,0
O033118,C03725,P00481,2025-10-29 08:56:01.044026,0,0.46907043,0
O033119,C05743,P01643,2025-10-29 09:09:07.303682,0,0.35789496,0
O033120,C05594,P00859,2025-10-29 09:22:13.563339,0,0.26603308,0
O033121,C07095,P01241,2025-10-29 09:35:19.822995,1,0.7489818,1
O033122,C01940,P01967,2025-10-29 09:48:26.082652,1,0.5757205,1
O033123,C05195,P00748,2025-10-29 10:01:32.342308,0,0.20115656,0
O033124,C05048,P00024,2025-10-29 10:14:38.601965,0,0.30464378,0
O033125,C06175,P00305,2025-10-29 10:27:44.861621,1,0.7381695,1
O033126,C07314,P00732,2025-10-29 10:40:51.121278,1,0.44308904,0
O033127,C00406,P01044,2025-10-29 10:53:57.380934,0,0.21223739,0
O033128,C04601,P00356,2025-10-29 11:07:03.640591,0,0.19028296,0
O033129,C05144,P00155,2025-10-29 11:20:09.900247,0,0.35178056,0
O033130,C04249,P01412,2025-10-29 11:33:16.159903,0,0.25723487,0
O033131,C07109,P01129,2025-10-29 11:46:22.419560,0,0.52691966,1
O033132,C01159,P02023,2025-10-29 11:59:28.679216,0,0.34106606,0
O033133,C00753,P00313,2025-10-29 12:12:34.938873,0,0.51831067,1
O033134,C02175,P01611,2025-10-29 12:25:41.198529,0,0.48681313,0
O033135,C06961,P01504,2025-10-29 12:38:47.458186,0,0.34869018,0
O033136,C03483,P01567,2025-10-29 12:51:53.717842,0,0.52028275,1
O033137,C05442,P02383,2025-10-29 13:04:59.977499,0,0.52000624,1
O033138,C05519,P00680,2025-10-29 13:18:06.237155,0,0.46067762,0
O033139,C06564,P01211,2025-10-29 13:31:12.496812,0,0.4158885,0
O033140,C02962,P02343,2025-10-29 13:44:18.756468,0,0.61754584,1
O033141,C00772,P02277,2025-10-29 13:57:25.016125,0,0.27912095,0
O033142,C04237,P01927,2025-10-29 14:10:31.275781,0,0.25410512,0
O033143,C07032,P01451,2025-10-29 14:23:37.535438,0,0.48006094,0
O033144,C05935,P02363,2025-10-29 14:36:43.795094,0,0.32964826,0
O033145,C05536,P00809,2025-10-29 14:49:50.054751,1,0.39336148,0
O033146,C01364,P02117,2025-10-29 15:02:56.314407,1,0.36206284,0
O033147,C01464,P01896,2025-10-29 15:16:02.574064,0,0.5298036,1
O033148,C02173,P02341,2025-10-29 15:29:08.833720,0,0.42558405,0
O033149,C04789,P00076,2025-10-29 15:42:15.093377,1,0.35464072,0
O033150,C03015,P02318,2025-10-29 15:55:21.353033,0,0.43511426,0
O033151,C06346,P00983,2025-10-29 16:08:27.612690,0,0.64204925,1
O033152,C05743,P01336,2025-10-29 16:21:33.872346,0,0.3451784,0
O033153,C01143,P01251,2025-10-29 16:34:40.132003,0,0.27420744,0
O033154,C05595,P01433,2025-10-29 16:47:46.391659,0,0.4244542,0
O033155,C03709,P01015,2025-10-29 17:00:52.651316,0,0.20756376,0
O033156,C07418,P00226,2025-10-29 17:13:58.910972,0,0.50478846,1
O033157,C06242,P01618,2025-10-29 17:27:05.170629,0,0.25664586,0
O033158,C04412,P00231,2025-10-29 17:40:11.430285,0,0.2566306,0
O033159,C03996,P00084,2025-10-29 17:53:17.689942,0,0.33598664,0
O033160,C04251,P01525,2025-10-29 18:06:23.949598,0,0.27817717,0
O033161,C01878,P01876,2025-10-29 18:19:30.209255,0,0.4234045,0
O033162,C01502,P01493,2025-10-29 18:32:36.468911,0,0.29601184,0
O033163,C04961,P01328,2025-10-29 18:45:42.728568,0,0.3948487,0
O033164,C05341,P00816,2025-10-29 18:58:48.988224,0,0.36258656,0
O033165,C03748,P01050,2025-10-29 19:11:55.247881,0,0.41247642,0
O033166,C03464,P01783,2025-10-29 19:25:01.507537,0,0.648945,1
O033167,C03293,P01896,2025-10-29 19:38:07.767194,0,0.4817483,0
O033168,C05944,P01421,2025-10-29 19:51:14.026850,1,0.6019531,1
O033169,C01724,P01962,2025-10-29 20:04:20.286507,1,0.4955153,0
O033170,C03074,P00951,2025-10-29 20:17:26.546163,0,0.3947321,0
O033171,C00728,P00300,2025-10-29 20:30:32.805820,0,0.67476207,1
O033172,C06421,P01486,2025-10-29 20:43:39.065476,0,0.3574454,0
O033173,C07174,P00671,2025-10-29 20:56:45.325133,0,0.5336467,1
O033174,C04853,P00899,2025-10-29 21:09:51.584789,0,0.64415383,1
O033175,C04307,P00534,2025-10-29 21:22:57.844446,0,0.67761564,1
O033176,C00676,P02176,2025-10-29 21:36:04.104102,0,0.42553952,0
O033177,C00446,P01754,2025-10-29 21:49:10.363759,0,0.35929474,0
O033178,C06617,P00803,2025-10-29 22:02:16.623415,0,0.35975862,0
O033179,C01522,P01667,2025-10-29 22:15:22.883072,0,0.68842584,1
O033180,C03502,P02034,2025-10-29 22:28:29.142728,1,0.63006985,1
O033181,C01618,P01823,2025-10-29 22:41:35.402385,0,0.67028093,1
O033182,C00507,P00778,2025-10-29 22:54:41.662041,0,0.27364138,0
O033183,C04342,P00290,2025-10-29 23:07:47.921698,0,0.18935545,0
O033184,C05056,P00041,2025-10-29 23:20:54.181354,0,0.37064382,0
O033185,C03939,P00193,2025-10-29 23:34:00.441011,1,0.516832,1
O033186,C02076,P01271,2025-10-29 23:47:06.700667,0,0.37341803,0
O033187,C02501,P00403,2025-10-30 00:00:12.960324,0,0.42312065,0
O033188,C06376,P01485,2025-10-30 00:13:19.219980,0,0.43117633,0
O033189,C00723,P01744,2025-10-30 00:26:25.479636,0,0.28159195,0
O033190,C05155,P00673,2025-10-30 00:39:31.739293,0,0.40635967,0
O033191,C00669,P00187,2025-10-30 00:52:37.998949,0,0.21376167,0
O033192,C05615,P00090,2025-10-30 01:05:44.258606,1,0.2814548,0
O033193,C01254,P01826,2025-10-30 01:18:50.518262,0,0.7017278,1
O033194,C07288,P01277,2025-10-30 01:31:56.777919,1,0.27125823,0
O033195,C03658,P02479,2025-10-30 01:45:03.037575,0,0.27154577,0
O033196,C02091,P01436,2025-10-30 01:58:09.297232,0,0.4067866,0
O033197,C01046,P00645,2025-10-30 02:11:15.556888,0,0.18439442,0
O033198,C01254,P00250,2025-10-30 02:24:21.816545,0,0.4937918,0
O033199,C04122,P01133,2025-10-30 02:37:28.076201,1,0.41823384,0
O033200,C06056,P00963,2025-10-30 02:50:34.335858,0,0.32281753,0
O033201,C06028,P00788,2025-10-30 03:03:40.595514,1,0.53317434,1
O033202,C07046,P01299,2025-10-30 03:16:46.855171,0,0.43472633,0
O033203,C03453,P01416,2025-10-30 03:29:53.114827,0,0.46857303,0
O033204,C06262,P01428,2025-10-30 03:42:59.374484,0,0.29507276,0
O033205,C02239,P01537,2025-10-30 03:56:05.634140,1,0.26547015,0
O033206,C00056,P01672,2025-10-30 04:09:11.893797,0,0.5040479,1
O033207,C07729,P01636,2025-10-30 04:22:18.153453,0,0.20264825,0
O033208,C02299,P00299,2025-10-30 04:35:24.413110,0,0.3512691,0
O033209,C04621,P00231,2025-10-30 04:48:30.672766,0,0.46035564,0
O033210,C07397,P01705,2025-10-30 05:01:36.932423,0,0.35085157,0
O033211,C07742,P00915,2025-10-30 05:14:43.192079,1,0.65342414,1
O033212,C07579,P01417,2025-10-30 05:27:49.451736,1,0.65628153,1
O033213,C01948,P00406,2025-10-30 05:40:55.711392,0,0.41768157,0
O033214,C04161,P00522,2025-10-30 05:54:01.971049,1,0.58956635,1
O033215,C00084,P01468,2025-10-30 06:07:08.230705,0,0.5739513,1
O033216,C04271,P00813,2025-10-30 06:20:14.490362,0,0.15153165,0
O033217,C03079,P00973,2025-10-30 06:33:20.750018,0,0.59446657,1
O033218,C03985,P00001,2025-10-30 06:46:27.009675,1,0.40147856,0
O033219,C02215,P02450,2025-10-30 06:59:33.269331,0,0.7086807,1
O033220,C01476,P02073,2025-10-30 07:12:39.528988,0,0.17234801,0
O033221,C07201,P00751,2025-10-30 07:25:45.788644,0,0.45545527,0
O033222,C01234,P01990,2025-10-30 07:38:52.048301,0,0.51973003,1
O033223,C02191,P01464,2025-10-30 07:51:58.307957,0,0.49132323,0
O033224,C06436,P01662,2025-10-30 08:05:04.567614,0,0.56505233,1
O033225,C06548,P01649,2025-10-30 08:18:10.827270,0,0.21504782,0
O033226,C00557,P00430,2025-10-30 08:31:17.086927,0,0.2984559,0
O033227,C05454,P02494,2025-10-30 08:44:23.346583,1,0.29979497,0
O033228,C05412,P01829,2025-10-30 08:57:29.606240,0,0.15605073,0
O033229,C02246,P00557,2025-10-30 09:10:35.865896,1,0.38950497,0
O033230,C06707,P00064,2025-10-30 09:23:42.125553,0,0.2960397,0
O033231,C05570,P01150,2025-10-30 09:36:48.385209,0,0.26706874,0
O033232,C06500,P02053,2025-10-30 09:49:54.644866,0,0.42748424,0
O033233,C04539,P00132,2025-10-30 10:03:00.904522,1,0.48540342,0
O033234,C07658,P00707,2025-10-30 10:16:07.164179,1,0.41292298,0
O033235,C00359,P02142,2025-10-30 10:29:13.423835,1,0.6215223,1
O033236,C01205,P00733,2025-10-30 10:42:19.683492,1,0.7042777,1
O033237,C00978,P02323,2025-10-30 10:55:25.943148,0,0.21605116,0
O033238,C07649,P01960,2025-10-30 11:08:32.202805,0,0.5978844,1
O033239,C00797,P01370,2025-10-30 11:21:38.462461,0,0.34642655,0
O033240,C01762,P01620,2025-10-30 11:34:44.722118,0,0.5992448,1
O033241,C02753,P02360,2025-10-30 11:47:50.981774,0,0.3138433,0
O033242,C00725,P00764,2025-10-30 12:00:57.241431,0,0.49752054,0
O033243,C04127,P00061,2025-10-30 12:14:03.501087,0,0.32441828,0
O033244,C04437,P01015,2025-10-30 12:27:09.760744,0,0.27721116,0
O033245,C00331,P00941,2025-10-30 12:40:16.020400,0,0.3092818,0
O033246,C03808,P00034,2025-10-30 12:53:22.280057,0,0.28474295,0
O033247,C06754,P00501,2025-10-30 13:06:28.539713,0,0.5114348,1
O033248,C07478,P02024,2025-10-30 13:19:34.799369,0,0.75832343,1
O033249,C04208,P01226,2025-10-30 13:32:41.059026,0,0.13980989,0
O033250,C06504,P00304,2025-10-30 13:45:47.318682,0,0.71751785,1
O033251,C01057,P00714,2025-10-30 13:58:53.578339,0,0.40783992,0
O033252,C01204,P00095,2025-10-30 14:11:59.837995,1,0.7482781,1
O033253,C00551,P00456,2025-10-30 14:25:06.097652,0,0.2790818,0
O033254,C04014,P02006,2025-10-30 14:38:12.357308,0,0.2588509,0
O033255,C03174,P00635,2025-10-30 14:51:18.616965,1,0.6730963,1
O033256,C07578,P00903,2025-10-30 15:04:24.876621,1,0.36699098,0
O033257,C06428,P01261,2025-10-30 15:17:31.136278,0,0.5817606,1
O033258,C06623,P00022,2025-10-30 15:30:37.395934,0,0.46649587,0
O033259,C03955,P00545,2025-10-30 15:43:43.655591,0,0.3747076,0
O033260,C06385,P02131,2025-10-30 15:56:49.915247,0,0.5249927,1
O033261,C02511,P01458,2025-10-30 16:09:56.174904,0,0.23015584,0
O033262,C04521,P02002,2025-10-30 16:23:02.434560,0,0.62792337,1
O033263,C05144,P01529,2025-10-30 16:36:08.694217,0,0.3115503,0
O033264,C06131,P01833,2025-10-30 16:49:14.953873,0,0.41645983,0
O033265,C05235,P01761,2025-10-30 17:02:21.213530,0,0.3415468,0
O033266,C05067,P02258,2025-10-30 17:15:27.473186,0,0.39118132,0
O033267,C03456,P00463,2025-10-30 17:28:33.732843,0,0.6034272,1
O033268,C07927,P01887,2025-10-30 17:41:39.992499,0,0.066939995,0
O033269,C07572,P00876,2025-10-30 17:54:46.252156,0,0.5939132,1
O033270,C01102,P01864,2025-10-30 18:07:52.511812,0,0.23398039,0
O033271,C05453,P00303,2025-10-30 18:20:58.771469,0,0.41419473,0
O033272,C04305,P01951,2025-10-30 18:34:05.031125,1,0.499973,0
O033273,C01141,P01488,2025-10-30 18:47:11.290782,0,0.6290366,1
O033274,C07130,P01057,2025-10-30 19:00:17.550438,0,0.32667345,0
O033275,C02883,P01071,2025-10-30 19:13:23.810095,0,0.35802954,0
O033276,C05057,P01728,2025-10-30 19:26:30.069751,0,0.15873165,0
O033277,C06982,P00496,2025-10-30 19:39:36.329408,1,0.26599094,0
O033278,C07423,P02289,2025-10-30 19:52:42.589064,0,0.4055731,0
O033279,C02907,P00612,2025-10-30 20:05:48.848721,0,0.43092006,0
O033280,C03162,P01441,2025-10-30 20:18:55.108377,1,0.49118587,0
O033281,C03969,P00316,2025-10-30 20:32:01.368034,0,0.5130828,1
O033282,C05870,P00293,2025-10-30 20:45:07.627690,1,0.64100355,1
O033283,C01397,P01034,2025-10-30 20:58:13.887347,0,0.57367903,1
O033284,C06279,P02240,2025-10-30 21:11:20.147003,0,0.6411833,1
O033285,C07671,P00818,2025-10-30 21:24:26.406660,0,0.58088475,1
O033286,C04401,P00311,2025-10-30 21:37:32.666316,0,0.38965562,0
O033287,C02312,P00701,2025-10-30 21:50:38.925973,0,0.2530381,0
O033288,C02127,P01164,2025-10-30 22:03:45.185629,0,0.22113441,0
O033289,C03845,P00188,2025-10-30 22:16:51.445286,0,0.140864,0
O033290,C07541,P01778,2025-10-30 22:29:57.704942,0,0.27708992,0
O033291,C01101,P00382,2025-10-30 22:43:03.964599,0,0.44302297,0
O033292,C03885,P00585,2025-10-30 22:56:10.224255,1,0.6742554,1
O033293,C04143,P02489,2025-10-30 23:09:16.483912,0,0.39819628,0
O033294,C02903,P01563,2025-10-30 23:22:22.743568,0,0.80369925,1
O033295,C06369,P02102,2025-10-30 23:35:29.003225,0,0.22973475,0
O033296,C02764,P01268,2025-10-30 23:48:35.262881,0,0.24131499,0
O033297,C04325,P01662,2025-10-31 00:01:41.522538,1,0.7036061,1
O033298,C07160,P01109,2025-10-31 00:14:47.782194,1,0.46233836,0
O033299,C07489,P01866,2025-10-31 00:27:54.041851,0,0.3876194,0
O033300,C07008,P00954,2025-10-31 00:41:00.301507,0,0.64516085,1
O033301,C04824,P01133,2025-10-31 00:54:06.561164,0,0.6688079,1
O033302,C03615,P01791,2025-10-31 01:07:12.820820,0,0.7168547,1
O033303,C04618,P01475,2025-10-31 01:20:19.080477,0,0.3735395,0
O033304,C02352,P01303,2025-10-31 01:33:25.340133,1,0.554934,1
O033305,C06297,P00878,2025-10-31 01:46:31.599789,0,0.37690008,0
O033306,C07925,P01846,2025-10-31 01:59:37.859446,1,0.27059302,0
O033307,C05217,P00675,2025-10-31 02:12:44.119102,0,0.65551364,1
O033308,C01369,P00902,2025-10-31 02:25:50.378759,0,0.3119196,0
O033309,C04623,P01662,2025-10-31 02:38:56.638415,1,0.5035006,1
O033310,C01651,P02367,2025-10-31 02:52:02.898072,0,0.61302954,1
O033311,C07222,P00732,2025-10-31 03:05:09.157728,0,0.35507858,0
O033312,C04822,P00662,2025-10-31 03:18:15.417385,0,0.2908433,0
O033313,C04302,P01187,2025-10-31 03:31:21.677041,0,0.43003514,0
O033314,C01650,P01934,2025-10-31 03:44:27.936698,0,0.42686898,0
O033315,C03547,P01229,2025-10-31 03:57:34.196354,1,0.164408,0
O033316,C07120,P02398,2025-10-31 04:10:40.456011,0,0.24069877,0
O033317,C07305,P02068,2025-10-31 04:23:46.715667,0,0.5316085,1
O033318,C01955,P02323,2025-10-31 04:36:52.975324,0,0.18107499,0
O033319,C02060,P00147,2025-10-31 04:49:59.234980,1,0.4165052,0
O033320,C02017,P01382,2025-10-31 05:03:05.494637,0,0.22742113,0
O033321,C07403,P01326,2025-10-31 05:16:11.754293,1,0.5823233,1
O033322,C04667,P00195,2025-10-31 05:29:18.013950,1,0.3104316,0
O033323,C00297,P02302,2025-10-31 05:42:24.273606,0,0.53982913,1
O033324,C03708,P00848,2025-10-31 05:55:30.533263,1,0.59455097,1
O033325,C01086,P00807,2025-10-31 06:08:36.792919,0,0.41621175,0
O033326,C04863,P01203,2025-10-31 06:21:43.052576,0,0.7154691,1
O033327,C02153,P02154,2025-10-31 06:34:49.312232,1,0.8200606,1
O033328,C02385,P02207,2025-10-31 06:47:55.571889,0,0.29071084,0
O033329,C01265,P00982,2025-10-31 07:01:01.831545,0,0.3107895,0
O033330,C04974,P00461,2025-10-31 07:14:08.091202,0,0.25635147,0
O033331,C00279,P02410,2025-10-31 07:27:14.350858,0,0.6301766,1
O033332,C00146,P00345,2025-10-31 07:40:20.610515,1,0.6647288,1
O033333,C06165,P01285,2025-10-31 07:53:26.870171,0,0.38649303,0
O033334,C04106,P01941,2025-10-31 08:06:33.129828,1,0.318349,0
O033335,C04989,P02499,2025-10-31 08:19:39.389484,0,0.24564978,0
O033336,C05364,P00065,2025-10-31 08:32:45.649141,0,0.54531616,1
O033337,C01241,P00555,2025-10-31 08:45:51.908797,0,0.22601865,0
O033338,C04249,P00024,2025-10-31 08:58:58.168454,0,0.17769475,0
O033339,C02245,P00526,2025-10-31 09:12:04.428110,0,0.22173327,0
O033340,C03104,P00551,2025-10-31 09:25:10.687767,0,0.32703844,0
O033341,C07533,P02173,2025-10-31 09:38:16.947423,1,0.37699914,0
O033342,C02333,P00140,2025-10-31 09:51:23.207080,0,0.6301939,1
O033343,C04786,P02137,2025-10-31 10:04:29.466736,1,0.31407657,0
O033344,C02996,P01246,2025-10-31 10:17:35.726393,0,0.55986875,1
O033345,C00159,P02178,2025-10-31 10:30:41.986049,0,0.67118627,1
O033346,C04918,P01377,2025-10-31 10:43:48.245706,1,0.6233462,1
O033347,C00304,P01439,2025-10-31 10:56:54.505362,0,0.34032956,0
O033348,C00669,P01089,2025-10-31 11:10:00.765019,1,0.24870096,0
O033349,C05842,P01966,2025-10-31 11:23:07.024675,0,0.4732972,0
O033350,C07483,P01050,2025-10-31 11:36:13.284332,0,0.4732987,0
O033351,C01472,P01263,2025-10-31 11:49:19.543988,0,0.2781817,0
O033352,C00640,P00697,2025-10-31 12:02:25.803645,1,0.5063143,1
O033353,C02266,P00596,2025-10-31 12:15:32.063301,0,0.48790506,0
O033354,C01998,P02205,2025-10-31 12:28:38.322958,1,0.6554154,1
O033355,C03435,P01986,2025-10-31 12:41:44.582614,0,0.17449242,0
O033356,C04371,P01164,2025-10-31 12:54:50.842271,0,0.49352613,0
O033357,C05217,P00578,2025-10-31 13:07:57.101927,1,0.52934617,1
O033358,C06662,P01862,2025-10-31 13:21:03.361584,1,0.42438543,0
O033359,C02792,P00060,2025-10-31 13:34:09.621240,0,0.44455355,0
O033360,C07713,P01752,2025-10-31 13:47:15.880897,0,0.52390176,1
O033361,C04757,P00672,2025-10-31 14:00:22.140553,0,0.34940138,0
O033362,C05701,P00150,2025-10-31 14:13:28.400210,0,0.26318592,0
O033363,C07904,P00114,2025-10-31 14:26:34.659866,0,0.38618582,0
O033364,C05504,P02270,2025-10-31 14:39:40.919522,0,0.6685799,1
O033365,C02409,P00470,2025-10-31 14:52:47.179179,0,0.36373684,0
O033366,C00945,P01000,2025-10-31 15:05:53.438835,1,0.6218469,1
O033367,C05047,P00932,2025-10-31 15:18:59.698492,0,0.31540853,0
O033368,C07765,P01852,2025-10-31 15:32:05.958148,1,0.49407098,0
O033369,C01729,P01261,2025-10-31 15:45:12.217805,0,0.39791244,0
O033370,C05094,P01295,2025-10-31 15:58:18.477461,0,0.20819728,0
O033371,C07685,P02385,2025-10-31 16:11:24.737118,0,0.3757651,0
O033372,C04130,P00032,2025-10-31 16:24:30.996774,0,0.46058783,0
O033373,C00594,P01155,2025-10-31 16:37:37.256431,0,0.33334965,0
O033374,C06039,P02350,2025-10-31 16:50:43.516087,0,0.46671668,0
O033375,C05324,P01238,2025-10-31 17:03:49.775744,1,0.5186918,1
O033376,C01296,P00309,2025-10-31 17:16:56.035400,0,0.6768076,1
O033377,C02008,P02175,2025-10-31 17:30:02.295057,0,0.54436773,1
O033378,C00869,P01951,2025-10-31 17:43:08.554713,0,0.5576745,1
O033379,C04182,P00623,2025-10-31 17:56:14.814370,1,0.21186812,0
O033380,C06179,P02366,2025-10-31 18:09:21.074026,1,0.47782174,0
O033381,C02731,P02190,2025-10-31 18:22:27.333683,1,0.2561896,0
O033382,C06891,P01822,2025-10-31 18:35:33.593339,1,0.5765245,1
O033383,C02527,P02310,2025-10-31 18:48:39.852996,0,0.34566557,0
O033384,C00111,P01335,2025-10-31 19:01:46.112652,0,0.44090965,0
O033385,C06780,P00920,2025-10-31 19:14:52.372309,0,0.19571851,0
O033386,C00152,P00701,2025-10-31 19:27:58.631965,0,0.3603807,0
O033387,C00444,P00676,2025-10-31 19:41:04.891622,0,0.7349319,1
O033388,C00500,P01554,2025-10-31 19:54:11.151278,0,0.4431219,0
O033389,C07798,P01957,2025-10-31 20:07:17.410935,0,0.72387236,1
O033390,C03932,P00770,2025-10-31 20:20:23.670591,0,0.26829398,0
O033391,C07312,P01768,2025-10-31 20:33:29.930248,0,0.45347685,0
O033392,C06681,P00557,2025-10-31 20:46:36.189904,0,0.3746075,0
O033393,C01561,P00781,2025-10-31 20:59:42.449561,0,0.69201046,1
O033394,C06375,P01370,2025-10-31 21:12:48.709217,0,0.55253273,1
O033395,C03654,P01017,2025-10-31 21:25:54.968874,0,0.5745389,1
O033396,C02799,P00568,2025-10-31 21:39:01.228530,1,0.6703503,1
O033397,C01959,P01235,2025-10-31 21:52:07.488187,0,0.42182544,0
O033398,C01824,P01519,2025-10-31 22:05:13.747843,1,0.6516486,1
O033399,C06116,P01353,2025-10-31 22:18:20.007500,0,0.6030933,1
O033400,C05912,P01532,2025-10-31 22:31:26.267156,1,0.20665741,0
O033401,C04222,P01570,2025-10-31 22:44:32.526813,0,0.25533378,0
O033402,C02608,P01107,2025-10-31 22:57:38.786469,0,0.28481498,0
O033403,C02955,P00921,2025-10-31 23:10:45.046126,0,0.48218378,0
O033404,C00002,P01955,2025-10-31 23:23:51.305782,0,0.39636806,0
O033405,C00402,P00807,2025-10-31 23:36:57.565439,0,0.44829074,0
O033406,C01257,P01619,2025-10-31 23:50:03.825095,0,0.3713834,0
O033407,C01284,P01835,2025-11-01 00:03:10.084752,0,0.6368804,1
O033408,C06564,P02311,2025-11-01 00:16:16.344408,0,0.3482125,0
O033409,C03071,P00584,2025-11-01 00:29:22.604065,1,0.47892365,0
O033410,C03923,P00703,2025-11-01 00:42:28.863721,0,0.25356433,0
O033411,C01595,P00215,2025-11-01 00:55:35.123378,0,0.6495749,1
O033412,C07392,P02122,2025-11-01 01:08:41.383034,0,0.4138682,0
O033413,C02393,P01283,2025-11-01 01:21:47.642691,1,0.4521685,0
O033414,C01576,P00499,2025-11-01 01:34:53.902347,0,0.65245605,1
O033415,C02217,P02126,2025-11-01 01:48:00.162004,0,0.34479225,0
O033416,C01995,P00020,2025-11-01 02:01:06.421660,0,0.45923474,0
O033417,C06199,P00496,2025-11-01 02:14:12.681317,0,0.36854872,0
O033418,C04780,P00324,2025-11-01 02:27:18.940973,0,0.7906166,1
O033419,C01757,P02382,2025-11-01 02:40:25.200630,0,0.33236435,0
O033420,C05597,P02122,2025-11-01 02:53:31.460286,0,0.34645694,0
O033421,C01953,P01679,2025-11-01 03:06:37.719943,0,0.4751766,0
O033422,C04642,P01814,2025-11-01 03:19:43.979599,1,0.41269884,0
O033423,C01703,P01433,2025-11-01 03:32:50.239255,0,0.5840071,1
O033424,C01635,P00449,2025-11-01 03:45:56.498912,0,0.32601556,0
O033425,C07084,P01151,2025-11-01 03:59:02.758568,0,0.6237531,1
O033426,C00678,P02434,2025-11-01 04:12:09.018225,0,0.69152707,1
O033427,C07896,P01412,2025-11-01 04:25:15.277881,1,0.45007965,0
O033428,C03362,P01414,2025-11-01 04:38:21.537538,0,0.28155786,0
O033429,C04081,P00409,2025-11-01 04:51:27.797194,1,0.24053197,0
O033430,C04946,P00983,2025-11-01 05:04:34.056851,0,0.5835006,1
O033431,C02404,P02003,2025-11-01 05:17:40.316507,0,0.2773241,0
O033432,C01185,P00917,2025-11-01 05:30:46.576164,0,0.61263853,1
O033433,C03060,P01881,2025-11-01 05:43:52.835820,0,0.4725249,0
O033434,C03547,P01658,2025-11-01 05:56:59.095477,0,0.5097928,1
O033435,C07302,P02439,2025-11-01 06:10:05.355133,0,0.7754056,1
O033436,C06602,P02479,2025-11-01 06:23:11.614790,1,0.66451854,1
O033437,C06862,P01844,2025-11-01 06:36:17.874446,0,0.35872844,0
O033438,C04384,P02101,2025-11-01 06:49:24.134103,0,0.64915705,1
O033439,C06328,P02441,2025-11-01 07:02:30.393759,0,0.42753345,0
O033440,C01041,P00070,2025-11-01 07:15:36.653416,0,0.21322843,0
O033441,C05162,P01293,2025-11-01 07:28:42.913072,0,0.47833157,0
O033442,C07714,P02110,2025-11-01 07:41:49.172729,0,0.28357747,0
O033443,C07940,P00947,2025-11-01 07:54:55.432385,1,0.3996348,0
O033444,C01120,P02245,2025-11-01 08:08:01.692042,0,0.26523364,0
O033445,C07570,P00919,2025-11-01 08:21:07.951698,1,0.5084437,1
O033446,C03673,P00188,2025-11-01 08:34:14.211355,1,0.32577935,0
O033447,C02404,P01514,2025-11-01 08:47:20.471011,0,0.22568399,0
O033448,C07490,P02285,2025-11-01 09:00:26.730668,1,0.6637655,1
O033449,C02178,P00167,2025-11-01 09:13:32.990324,0,0.70498383,1
O033450,C00764,P02256,2025-11-01 09:26:39.249981,0,0.5529914,1
O033451,C02021,P01813,2025-11-01 09:39:45.509637,0,0.6383554,1
O033452,C03201,P02073,2025-11-01 09:52:51.769294,0,0.26283404,0
O033453,C04611,P02284,2025-11-01 10:05:58.028950,0,0.33376166,0
O033454,C05098,P01196,2025-11-01 10:19:04.288607,1,0.406387,0
O033455,C04646,P01671,2025-11-01 10:32:10.548263,0,0.26876503,0
O033456,C00152,P00650,2025-11-01 10:45:16.807920,0,0.3207862,0
O033457,C00766,P02357,2025-11-01 10:58:23.067576,0,0.47673902,0
O033458,C05537,P00422,2025-11-01 11:11:29.327233,0,0.21607798,0
O033459,C05050,P02174,2025-11-01 11:24:35.586889,0,0.6283512,1
O033460,C02759,P00435,2025-11-01 11:37:41.846546,0,0.17571047,0
O033461,C07634,P01071,2025-11-01 11:50:48.106202,0,0.27929336,0
O033462,C00764,P02440,2025-11-01 12:03:54.365859,0,0.22952871,0
O033463,C02240,P01302,2025-11-01 12:17:00.625515,0,0.18384326,0
O033464,C04646,P01549,2025-11-01 12:30:06.885172,0,0.42658544,0
O033465,C02041,P00894,2025-11-01 12:43:13.144828,0,0.6973821,1
O033466,C01843,P01406,2025-11-01 12:56:19.404485,0,0.25587684,0
O033467,C05655,P02486,2025-11-01 13:09:25.664141,0,0.29293627,0
O033468,C01493,P00147,2025-11-01 13:22:31.923798,0,0.24020222,0
O033469,C05515,P00262,2025-11-01 13:35:38.183454,1,0.65339106,1
O033470,C06862,P00929,2025-11-01 13:48:44.443111,1,0.72155815,1
O033471,C04089,P02411,2025-11-01 14:01:50.702767,0,0.6558458,1
O033472,C03206,P01520,2025-11-01 14:14:56.962424,0,0.2815697,0
O033473,C04776,P02283,2025-11-01 14:28:03.222080,0,0.55993307,1
O033474,C06332,P02249,2025-11-01 14:41:09.481737,0,0.30236238,0
O033475,C06950,P01612,2025-11-01 14:54:15.741393,0,0.3730999,0
O033476,C06893,P01436,2025-11-01 15:07:22.001050,1,0.52207047,1
O033477,C02190,P00298,2025-11-01 15:20:28.260706,0,0.5220196,1
O033478,C01796,P01319,2025-11-01 15:33:34.520363,0,0.35318527,0
O033479,C04377,P00091,2025-11-01 15:46:40.780019,1,0.3825132,0
O033480,C07541,P00562,2025-11-01 15:59:47.039675,0,0.31583017,0
O033481,C06823,P01526,2025-11-01 16:12:53.299332,1,0.5296404,1
O033482,C05040,P00219,2025-11-01 16:25:59.558988,0,0.54073423,1
O033483,C06314,P02403,2025-11-01 16:39:05.818645,0,0.2272431,0
O033484,C03386,P01201,2025-11-01 16:52:12.078301,0,0.68462604,1
O033485,C03311,P01699,2025-11-01 17:05:18.337958,1,0.38553625,0
O033486,C07752,P01193,2025-11-01 17:18:24.597614,0,0.44628802,0
O033487,C01883,P00377,2025-11-01 17:31:30.857271,0,0.35171717,0
O033488,C00454,P01975,2025-11-01 17:44:37.116927,0,0.6910955,1
O033489,C07511,P01023,2025-11-01 17:57:43.376584,1,0.5611224,1
O033490,C02929,P00135,2025-11-01 18:10:49.636240,0,0.6190425,1
O033491,C07273,P00570,2025-11-01 18:23:55.895897,0,0.31223154,0
O033492,C00061,P02412,2025-11-01 18:37:02.155553,1,0.5130341,1
O033493,C00716,P01864,2025-11-01 18:50:08.415210,0,0.5389332,1
O033494,C07178,P00475,2025-11-01 19:03:14.674866,0,0.68483305,1
O033495,C04786,P01402,2025-11-01 19:16:20.934523,0,0.12296743,0
O033496,C07791,P02102,2025-11-01 19:29:27.194179,0,0.22986181,0
O033497,C03230,P02133,2025-11-01 19:42:33.453836,0,0.3283767,0
O033498,C06175,P01047,2025-11-01 19:55:39.713492,0,0.42009684,0
O033499,C02127,P00035,2025-11-01 20:08:45.973149,0,0.34718782,0
O033500,C03158,P02369,2025-11-01 20:21:52.232805,0,0.48343652,0
O033501,C01508,P01671,2025-11-01 20:34:58.492462,1,0.36923987,0
O033502,C06792,P01804,2025-11-01 20:48:04.752118,0,0.56420875,1
O033503,C07855,P02315,2025-11-01 21:01:11.011775,1,0.77552205,1
O033504,C05153,P01012,2025-11-01 21:14:17.271431,1,0.31906438,0
O033505,C01335,P00768,2025-11-01 21:27:23.531088,0,0.20082194,0
O033506,C06612,P02477,2025-11-01 21:40:29.790744,1,0.42914522,0
O033507,C07528,P01490,2025-11-01 21:53:36.050401,1,0.40244567,0
O033508,C04291,P00838,2025-11-01 22:06:42.310057,1,0.74684393,1
O033509,C05861,P00352,2025-11-01 22:19:48.569714,1,0.68985546,1
O033510,C01979,P00100,2025-11-01 22:32:54.829370,0,0.39682496,0
O033511,C02794,P01871,2025-11-01 22:46:01.089027,1,0.43830147,0
O033512,C07012,P00095,2025-11-01 22:59:07.348683,1,0.5702202,1
O033513,C01818,P01965,2025-11-01 23:12:13.608340,0,0.45325294,0
O033514,C00586,P00947,2025-11-01 23:25:19.867996,0,0.43560404,0
O033515,C01658,P02410,2025-11-01 23:38:26.127653,0,0.6971923,1
O033516,C05966,P02218,2025-11-01 23:51:32.387309,0,0.19420177,0
O033517,C01255,P00160,2025-11-02 00:04:38.646966,0,0.5498216,1
O033518,C05253,P00227,2025-11-02 00:17:44.906622,1,0.37521404,0
O033519,C07362,P00762,2025-11-02 00:30:51.166279,1,0.16340718,0
O033520,C01233,P01434,2025-11-02 00:43:57.425935,0,0.40029827,0
O033521,C07680,P01529,2025-11-02 00:57:03.685592,0,0.3264717,0
O033522,C02326,P01225,2025-11-02 01:10:09.945248,0,0.61883444,1
O033523,C02918,P01176,2025-11-02 01:23:16.204905,0,0.15522124,0
O033524,C02844,P01645,2025-11-02 01:36:22.464561,0,0.6492311,1
O033525,C04420,P01228,2025-11-02 01:49:28.724218,1,0.5432921,1
O033526,C07282,P02135,2025-11-02 02:02:34.983874,0,0.40927505,0
O033527,C01441,P02043,2025-11-02 02:15:41.243531,0,0.38083783,0
O033528,C02629,P01669,2025-11-02 02:28:47.503187,1,0.23112771,0
O033529,C02245,P01889,2025-11-02 02:41:53.762844,0,0.6200914,1
O033530,C03192,P00280,2025-11-02 02:55:00.022500,0,0.66038924,1
O033531,C07962,P01562,2025-11-02 03:08:06.282157,0,0.33133408,0
O033532,C01485,P00918,2025-11-02 03:21:12.541813,0,0.531135,1
O033533,C05502,P00800,2025-11-02 03:34:18.801470,0,0.20620163,0
O033534,C04079,P01423,2025-11-02 03:47:25.061126,0,0.52798426,1
O033535,C02485,P01311,2025-11-02 04:00:31.320783,0,0.44010523,0
O033536,C05664,P01291,2025-11-02 04:13:37.580439,0,0.40504122,0
O033537,C04588,P00282,2025-11-02 04:26:43.840096,0,0.49955574,0
O033538,C02220,P02044,2025-11-02 04:39:50.099752,1,0.7500812,1
O033539,C00673,P01785,2025-11-02 04:52:56.359408,1,0.2039012,0
O033540,C06921,P00925,2025-11-02 05:06:02.619065,0,0.20328818,0
O033541,C07241,P01819,2025-11-02 05:19:08.878721,1,0.75299853,1
O033542,C03876,P00700,2025-11-02 05:32:15.138378,1,0.6811173,1
O033543,C05291,P00718,2025-11-02 05:45:21.398034,1,0.08370986,0
O033544,C01665,P02420,2025-11-02 05:58:27.657691,0,0.7687967,1
O033545,C02646,P01475,2025-11-02 06:11:33.917347,0,0.3750488,0
O033546,C02191,P01144,2025-11-02 06:24:40.177004,0,0.32782128,0
O033547,C03098,P00178,2025-11-02 06:37:46.436660,0,0.18702894,0
O033548,C01295,P01645,2025-11-02 06:50:52.696317,0,0.47190022,0
O033549,C01820,P00204,2025-11-02 07:03:58.955973,0,0.5006358,1
O033550,C05230,P00437,2025-11-02 07:17:05.215630,0,0.15589312,0
O033551,C01703,P00532,2025-11-02 07:30:11.475286,0,0.39344746,0
O033552,C07701,P01337,2025-11-02 07:43:17.734943,0,0.7350917,1
O033553,C04966,P00929,2025-11-02 07:56:23.994599,1,0.7790719,1
O033554,C07670,P01891,2025-11-02 08:09:30.254256,1,0.21861443,0
O033555,C07567,P00186,2025-11-02 08:22:36.513912,1,0.38839048,0
O033556,C02752,P01875,2025-11-02 08:35:42.773569,0,0.37185448,0
O033557,C07405,P01996,2025-11-02 08:48:49.033225,0,0.3336864,0
O033558,C05336,P02291,2025-11-02 09:01:55.292882,0,0.31283054,0
O033559,C04900,P01490,2025-11-02 09:15:01.552538,0,0.38179198,0
O033560,C07129,P02283,2025-11-02 09:28:07.812195,0,0.48753187,0
O033561,C05375,P02147,2025-11-02 09:41:14.071851,0,0.64019364,1
O033562,C03934,P02021,2025-11-02 09:54:20.331508,0,0.27498415,0
O033563,C02677,P01723,2025-11-02 10:07:26.591164,0,0.45988914,0
O033564,C01228,P00468,2025-11-02 10:20:32.850821,0,0.63891053,1
O033565,C05833,P00970,2025-11-02 10:33:39.110477,0,0.4790397,0
O033566,C07515,P00711,2025-11-02 10:46:45.370134,0,0.36753634,0
O033567,C03408,P00754,2025-11-02 10:59:51.629790,0,0.3017646,0
O033568,C02997,P01956,2025-11-02 11:12:57.889447,0,0.5054699,1
O033569,C01274,P02145,2025-11-02 11:26:04.149103,0,0.23553166,0
O033570,C02163,P00234,2025-11-02 11:39:10.408760,0,0.46147928,0
O033571,C06904,P02023,2025-11-02 11:52:16.668416,1,0.44434464,0
O033572,C01259,P00336,2025-11-02 12:05:22.928073,1,0.5413016,1
O033573,C03618,P02082,2025-11-02 12:18:29.187729,0,0.49327153,0
O033574,C07546,P01110,2025-11-02 12:31:35.447386,1,0.28825346,0
O033575,C04029,P01004,2025-11-02 12:44:41.707042,0,0.66322285,1
O033576,C05709,P01647,2025-11-02 12:57:47.966699,0,0.27485475,0
O033577,C07724,P00415,2025-11-02 13:10:54.226355,0,0.22107288,0
O033578,C02007,P01531,2025-11-02 13:24:00.486012,0,0.37988988,0
O033579,C02182,P00129,2025-11-02 13:37:06.745668,1,0.4627575,0
O033580,C06072,P00396,2025-11-02 13:50:13.005325,0,0.34770837,0
O033581,C07419,P00915,2025-11-02 14:03:19.264981,0,0.3167734,0
O033582,C06364,P01721,2025-11-02 14:16:25.524638,1,0.7778138,1
O033583,C03484,P00472,2025-11-02 14:29:31.784294,0,0.37070927,0
O033584,C07871,P01375,2025-11-02 14:42:38.043951,0,0.6558582,1
O033585,C06528,P00961,2025-11-02 14:55:44.303607,0,0.68077374,1
O033586,C01788,P02177,2025-11-02 15:08:50.563264,1,0.38951993,0
O033587,C02890,P01159,2025-11-02 15:21:56.822920,0,0.6729124,1
O033588,C03149,P00750,2025-11-02 15:35:03.082577,1,0.31626832,0
O033589,C01400,P01096,2025-11-02 15:48:09.342233,0,0.42470413,0
O033590,C00353,P00429,2025-11-02 16:01:15.601890,0,0.5098012,1
O033591,C04753,P02239,2025-11-02 16:14:21.861546,0,0.48489973,0
O033592,C02460,P00917,2025-11-02 16:27:28.121203,1,0.47123453,0
O033593,C05570,P00616,2025-11-02 16:40:34.380859,0,0.21043532,0
O033594,C01928,P01837,2025-11-02 16:53:40.640516,0,0.7068935,1
O033595,C03455,P00029,2025-11-02 17:06:46.900172,0,0.38739157,0
O033596,C02315,P00792,2025-11-02 17:19:53.159828,1,0.67361015,1
O033597,C07292,P00536,2025-11-02 17:32:59.419485,0,0.32888588,0
O033598,C03158,P01906,2025-11-02 17:46:05.679141,0,0.38714963,0
O033599,C06318,P00002,2025-11-02 17:59:11.938798,0,0.12487394,0
O033600,C05393,P00732,2025-11-02 18:12:18.198454,0,0.45334908,0
O033601,C00991,P02258,2025-11-02 18:25:24.458111,1,0.494891,0
O033602,C04914,P01273,2025-11-02 18:38:30.717767,0,0.2799116,0
O033603,C01936,P00191,2025-11-02 18:51:36.977424,0,0.496687,0
O033604,C03502,P00684,2025-11-02 19:04:43.237080,1,0.7001409,1
O033605,C00419,P00837,2025-11-02 19:17:49.496737,1,0.8761552,1
O033606,C03117,P00486,2025-11-02 19:30:55.756393,0,0.34372982,0
O033607,C02565,P00857,2025-11-02 19:44:02.016050,0,0.16940285,0
O033608,C01994,P00610,2025-11-02 19:57:08.275706,0,0.65424144,1
O033609,C05724,P00884,2025-11-02 20:10:14.535363,0,0.50818324,1
O033610,C00891,P02328,2025-11-02 20:23:20.795019,0,0.29822966,0
O033611,C07249,P00933,2025-11-02 20:36:27.054676,0,0.38368115,0
O033612,C04989,P02420,2025-11-02 20:49:33.314332,0,0.6112293,1
O033613,C01179,P01610,2025-11-02 21:02:39.573989,1,0.384226,0
O033614,C06858,P01487,2025-11-02 21:15:45.833645,0,0.34136906,0
O033615,C01984,P00254,2025-11-02 21:28:52.093302,0,0.5606649,1
O033616,C05021,P00418,2025-11-02 21:41:58.352958,0,0.75887656,1
O033617,C06690,P01690,2025-11-02 21:55:04.612615,0,0.503111,1
O033618,C07279,P00270,2025-11-02 22:08:10.872271,0,0.3436285,0
O033619,C03637,P01013,2025-11-02 22:21:17.131928,1,0.69972605,1
O033620,C04954,P00833,2025-11-02 22:34:23.391584,0,0.20298316,0
O033621,C02086,P00561,2025-11-02 22:47:29.651241,0,0.24899681,0
O033622,C02612,P02260,2025-11-02 23:00:35.910897,1,0.48920852,0
O033623,C04533,P00764,2025-11-02 23:13:42.170554,0,0.38266152,0
O033624,C07601,P00406,2025-11-02 23:26:48.430210,0,0.3660635,0
O033625,C05270,P02188,2025-11-02 23:39:54.689867,1,0.39853543,0
O033626,C00652,P01047,2025-11-02 23:53:00.949523,0,0.31995827,0
O033627,C04835,P01538,2025-11-03 00:06:07.209180,1,0.29433084,0
O033628,C06649,P01183,2025-11-03 00:19:13.468836,0,0.38120577,0
O033629,C00131,P01734,2025-11-03 00:32:19.728493,1,0.5331575,1
O033630,C05026,P02207,2025-11-03 00:45:25.988149,0,0.27248603,0
O033631,C00569,P00302,2025-11-03 00:58:32.247806,1,0.45804903,0
O033632,C05871,P02239,2025-11-03 01:11:38.507462,0,0.37957662,0
O033633,C04857,P01489,2025-11-03 01:24:44.767119,1,0.5297258,1
O033634,C01758,P00534,2025-11-03 01:37:51.026775,1,0.537793,1
O033635,C01137,P01872,2025-11-03 01:50:57.286432,0,0.6594382,1
O033636,C06649,P00385,2025-11-03 02:04:03.546088,0,0.39792952,0
O033637,C07851,P00347,2025-11-03 02:17:09.805745,0,0.22210675,0
O033638,C01275,P00389,2025-11-03 02:30:16.065401,1,0.6200676,1
O033639,C05048,P00097,2025-11-03 02:43:22.325058,0,0.36347073,0
O033640,C07257,P01247,2025-11-03 02:56:28.584714,0,0.16162373,0
O033641,C01560,P00753,2025-11-03 03:09:34.844371,1,0.55450994,1
O033642,C05361,P01360,2025-11-03 03:22:41.104027,1,0.6812308,1
O033643,C03085,P00319,2025-11-03 03:35:47.363684,0,0.27857038,0
O033644,C07541,P00785,2025-11-03 03:48:53.623340,0,0.41201168,0
O033645,C05654,P02216,2025-11-03 04:01:59.882997,0,0.3287171,0
O033646,C04569,P02071,2025-11-03 04:15:06.142653,0,0.62458235,1
O033647,C05480,P02005,2025-11-03 04:28:12.402310,0,0.5751727,1
O033648,C01309,P01272,2025-11-03 04:41:18.661966,0,0.50095564,1
O033649,C04891,P00937,2025-11-03 04:54:24.921623,0,0.1454887,0
O033650,C01875,P01900,2025-11-03 05:07:31.181279,0,0.24051927,0
O033651,C03726,P01264,2025-11-03 05:20:37.440936,0,0.2902456,0
O033652,C04064,P00021,2025-11-03 05:33:43.700592,0,0.7081807,1
O033653,C04662,P01175,2025-11-03 05:46:49.960249,0,0.5423097,1
O033654,C04551,P00905,2025-11-03 05:59:56.219905,0,0.25909826,0
O033655,C03439,P00737,2025-11-03 06:13:02.479561,0,0.52287817,1
O033656,C06503,P01912,2025-11-03 06:26:08.739218,1,0.5813328,1
O033657,C07387,P01676,2025-11-03 06:39:14.998874,1,0.604566,1
O033658,C07060,P00849,2025-11-03 06:52:21.258531,0,0.54537743,1
O033659,C02350,P01278,2025-11-03 07:05:27.518187,1,0.381666,0
O033660,C05789,P00029,2025-11-03 07:18:33.777844,0,0.6062306,1
O033661,C05513,P00833,2025-11-03 07:31:40.037500,0,0.12965965,0
O033662,C01771,P00606,2025-11-03 07:44:46.297157,0,0.6275998,1
O033663,C05201,P00622,2025-11-03 07:57:52.556813,1,0.4955304,0
O033664,C00148,P01501,2025-11-03 08:10:58.816470,1,0.20119056,0
O033665,C06499,P00102,2025-11-03 08:24:05.076126,1,0.46250018,0
O033666,C03542,P01302,2025-11-03 08:37:11.335783,1,0.21535286,0
O033667,C02112,P00952,2025-11-03 08:50:17.595439,0,0.343051,0
O033668,C00542,P00106,2025-11-03 09:03:23.855096,1,0.7299132,1
O033669,C01890,P00511,2025-11-03 09:16:30.114752,1,0.3184151,0
O033670,C04921,P01945,2025-11-03 09:29:36.374409,0,0.27027115,0
O033671,C07726,P00578,2025-11-03 09:42:42.634065,0,0.3975627,0
O033672,C07050,P00178,2025-11-03 09:55:48.893722,0,0.20569918,0
O033673,C05055,P01934,2025-11-03 10:08:55.153378,0,0.34260634,0
O033674,C04248,P00032,2025-11-03 10:22:01.413035,0,0.23685504,0
O033675,C05877,P02445,2025-11-03 10:35:07.672691,1,0.5677498,1
O033676,C03096,P02179,2025-11-03 10:48:13.932348,0,0.276506,0
O033677,C05512,P00028,2025-11-03 11:01:20.192004,1,0.48871893,0
O033678,C05263,P02351,2025-11-03 11:14:26.451661,0,0.53244364,1
O033679,C07859,P00586,2025-11-03 11:27:32.711317,0,0.26590225,0
O033680,C05787,P02301,2025-11-03 11:40:38.970974,0,0.14219216,0
O033681,C01116,P01864,2025-11-03 11:53:45.230630,0,0.3227586,0
O033682,C06836,P00467,2025-11-03 12:06:51.490287,0,0.5994947,1
O033683,C02826,P01473,2025-11-03 12:19:57.749943,0,0.6816287,1
O033684,C01894,P02169,2025-11-03 12:33:04.009600,0,0.5100147,1
O033685,C06711,P00303,2025-11-03 12:46:10.269256,1,0.6136444,1
O033686,C03546,P00178,2025-11-03 12:59:16.528913,0,0.39384523,0
O033687,C05768,P01284,2025-11-03 13:12:22.788569,0,0.29523572,0
O033688,C03096,P00134,2025-11-03 13:25:29.048226,0,0.5421917,1
O033689,C04157,P00570,2025-11-03 13:38:35.307882,0,0.3553402,0
O033690,C02930,P02286,2025-11-03 13:51:41.567539,0,0.22207747,0
O033691,C06023,P01412,2025-11-03 14:04:47.827195,1,0.65599716,1
O033692,C01824,P01734,2025-11-03 14:17:54.086852,1,0.8652064,1
O033693,C01240,P00312,2025-11-03 14:31:00.346508,0,0.23952013,0
O033694,C06123,P00963,2025-11-03 14:44:06.606165,1,0.3474844,0
O033695,C01653,P00153,2025-11-03 14:57:12.865821,0,0.38856196,0
O033696,C00817,P01663,2025-11-03 15:10:19.125478,0,0.44242117,0
O033697,C04915,P01619,2025-11-03 15:23:25.385134,0,0.20333235,0
O033698,C04553,P01870,2025-11-03 15:36:31.644791,0,0.70313174,1
O033699,C00198,P00952,2025-11-03 15:49:37.904447,1,0.611609,1
O033700,C02728,P02149,2025-11-03 16:02:44.164104,0,0.56142193,1
O033701,C02224,P01566,2025-11-03 16:15:50.423760,0,0.34178466,0
O033702,C00300,P01120,2025-11-03 16:28:56.683417,0,0.46168706,0
O033703,C00170,P00857,2025-11-03 16:42:02.943073,0,0.26220292,0
O033704,C02046,P01957,2025-11-03 16:55:09.202730,1,0.67971903,1
O033705,C05634,P01731,2025-11-03 17:08:15.462386,0,0.61888975,1
O033706,C01437,P01766,2025-11-03 17:21:21.722043,0,0.47095123,0
O033707,C01273,P01508,2025-11-03 17:34:27.981699,0,0.5855917,1
O033708,C00195,P00526,2025-11-03 17:47:34.241356,1,0.08544864,0
O033709,C05985,P01009,2025-11-03 18:00:40.501012,0,0.6543769,1
O033710,C07178,P02373,2025-11-03 18:13:46.760669,0,0.36325908,0
O033711,C02494,P01402,2025-11-03 18:26:53.020325,1,0.45765263,0
O033712,C00114,P00770,2025-11-03 18:39:59.279982,0,0.4951935,0
O033713,C05675,P01683,2025-11-03 18:53:05.539638,0,0.23486672,0
O033714,C00171,P01651,2025-11-03 19:06:11.799294,1,0.45237663,0
O033715,C07610,P02210,2025-11-03 19:19:18.058951,0,0.61114573,1
O033716,C03256,P01215,2025-11-03 19:32:24.318607,0,0.3586618,0
O033717,C05669,P00535,2025-11-03 19:45:30.578264,0,0.63593864,1
O033718,C03645,P01238,2025-11-03 19:58:36.837920,1,0.37668958,0
O033719,C00729,P00202,2025-11-03 20:11:43.097577,0,0.4455325,0
O033720,C07575,P02383,2025-11-03 20:24:49.357233,0,0.7150829,1
O033721,C02748,P01030,2025-11-03 20:37:55.616890,0,0.4165023,0
O033722,C04909,P00567,2025-11-03 20:51:01.876546,0,0.6013745,1
O033723,C04659,P01049,2025-11-03 21:04:08.136203,0,0.28825626,0
O033724,C01473,P01461,2025-11-03 21:17:14.395859,0,0.6946476,1
O033725,C00502,P02255,2025-11-03 21:30:20.655516,0,0.49052608,0
O033726,C05251,P02167,2025-11-03 21:43:26.915172,1,0.64209336,1
O033727,C02226,P02344,2025-11-03 21:56:33.174829,1,0.57783693,1
O033728,C02913,P00643,2025-11-03 22:09:39.434485,0,0.35070392,0
O033729,C03950,P01300,2025-11-03 22:22:45.694142,1,0.7249198,1
O033730,C03301,P01395,2025-11-03 22:35:51.953798,0,0.25404966,0
O033731,C07752,P01731,2025-11-03 22:48:58.213455,0,0.6129965,1
O033732,C03333,P01826,2025-11-03 23:02:04.473111,0,0.5128002,1
O033733,C04783,P01300,2025-11-03 23:15:10.732768,0,0.51975685,1
O033734,C07102,P01741,2025-11-03 23:28:16.992424,0,0.6517583,1
O033735,C00489,P02341,2025-11-03 23:41:23.252081,0,0.5679751,1
O033736,C05885,P01469,2025-11-03 23:54:29.511737,0,0.509806,1
O033737,C00416,P01928,2025-11-04 00:07:35.771394,0,0.55571884,1
O033738,C01637,P00799,2025-11-04 00:20:42.031050,0,0.29322106,0
O033739,C03299,P01456,2025-11-04 00:33:48.290707,0,0.41782236,0
O033740,C02212,P01715,2025-11-04 00:46:54.550363,0,0.31230968,0
O033741,C05966,P02056,2025-11-04 01:00:00.810020,1,0.45075965,0
O033742,C01532,P02026,2025-11-04 01:13:07.069676,0,0.61107624,1
O033743,C05441,P00507,2025-11-04 01:26:13.329333,1,0.65347826,1
O033744,C05547,P01648,2025-11-04 01:39:19.588989,0,0.6341033,1
O033745,C07208,P02038,2025-11-04 01:52:25.848646,0,0.089289285,0
O033746,C04260,P01783,2025-11-04 02:05:32.108302,1,0.5029465,1
O033747,C05968,P00246,2025-11-04 02:18:38.367959,0,0.22166803,0
O033748,C07321,P02057,2025-11-04 02:31:44.627615,0,0.24973762,0
O033749,C07370,P01662,2025-11-04 02:44:50.887272,0,0.5380956,1
O033750,C02313,P00105,2025-11-04 02:57:57.146928,0,0.6240392,1
O033751,C07755,P02272,2025-11-04 03:11:03.406585,0,0.46370238,0
O033752,C07169,P00147,2025-11-04 03:24:09.666241,1,0.26164216,0
O033753,C04982,P00824,2025-11-04 03:37:15.925898,0,0.1420391,0
O033754,C01310,P00343,2025-11-04 03:50:22.185554,0,0.25992277,0
O033755,C00320,P00244,2025-11-04 04:03:28.445211,0,0.36158732,0
O033756,C00211,P01358,2025-11-04 04:16:34.704867,1,0.55211216,1
O033757,C07704,P01035,2025-11-04 04:29:40.964524,0,0.55763924,1
O033758,C00276,P01945,2025-11-04 04:42:47.224180,0,0.29483473,0
O033759,C05802,P01226,2025-11-04 04:55:53.483837,0,0.22740602,0
O033760,C07003,P01142,2025-11-04 05:08:59.743493,0,0.3462317,0
O033761,C04742,P00160,2025-11-04 05:22:06.003150,0,0.47361445,0
O033762,C07921,P01228,2025-11-04 05:35:12.262806,0,0.7042876,1
O033763,C02622,P01766,2025-11-04 05:48:18.522463,0,0.47958097,0
O033764,C03197,P00201,2025-11-04 06:01:24.782119,0,0.5764397,1
O033765,C07580,P02340,2025-11-04 06:14:31.041776,0,0.40899017,0
O033766,C01565,P00864,2025-11-04 06:27:37.301432,0,0.73530245,1
O033767,C00717,P00753,2025-11-04 06:40:43.561089,0,0.44083264,0
O033768,C03521,P00713,2025-11-04 06:53:49.820745,0,0.66085094,1
O033769,C01076,P00839,2025-11-04 07:06:56.080402,0,0.5418791,1
O033770,C04250,P02054,2025-11-04 07:20:02.340058,0,0.4841802,0
O033771,C03929,P01633,2025-11-04 07:33:08.599714,1,0.5440171,1
O033772,C02420,P01970,2025-11-04 07:46:14.859371,0,0.30430606,0
O033773,C03732,P01356,2025-11-04 07:59:21.119027,0,0.41380697,0
O033774,C04351,P00331,2025-11-04 08:12:27.378684,0,0.561846,1
O033775,C07157,P00536,2025-11-04 08:25:33.638340,0,0.5701021,1
O033776,C05496,P02350,2025-11-04 08:38:39.897997,1,0.46406028,0
O033777,C06546,P01018,2025-11-04 08:51:46.157653,1,0.2518603,0
O033778,C05483,P01384,2025-11-04 09:04:52.417310,0,0.3254221,0
O033779,C02026,P00348,2025-11-04 09:17:58.676966,1,0.747737,1
O033780,C03663,P01562,2025-11-04 09:31:04.936623,0,0.37134376,0
O033781,C03504,P00615,2025-11-04 09:44:11.196279,0,0.16787466,0
O033782,C02169,P00808,2025-11-04 09:57:17.455936,0,0.34313914,0
O033783,C01327,P02220,2025-11-04 10:10:23.715592,0,0.17331646,0
O033784,C01848,P00920,2025-11-04 10:23:29.975249,1,0.43161008,0
O033785,C04400,P01106,2025-11-04 10:36:36.234905,0,0.43514305,0
O033786,C03765,P01055,2025-11-04 10:49:42.494562,0,0.513603,1
O033787,C05103,P01372,2025-11-04 11:02:48.754218,0,0.29797184,0
O033788,C07154,P00437,2025-11-04 11:15:55.013875,0,0.38960367,0
O033789,C02626,P00869,2025-11-04 11:29:01.273531,0,0.36349273,0
O033790,C01858,P01698,2025-11-04 11:42:07.533188,0,0.47366387,0
O033791,C03661,P01912,2025-11-04 11:55:13.792844,0,0.2973196,0
O033792,C07383,P01028,2025-11-04 12:08:20.052501,1,0.5968932,1
O033793,C07527,P00222,2025-11-04 12:21:26.312157,0,0.3436178,0
O033794,C07031,P01178,2025-11-04 12:34:32.571814,0,0.42818323,0
O033795,C04073,P01376,2025-11-04 12:47:38.831470,0,0.22919263,0
O033796,C04151,P01485,2025-11-04 13:00:45.091127,0,0.7338405,1
O033797,C04740,P01430,2025-11-04 13:13:51.350783,0,0.67446005,1
O033798,C05505,P01629,2025-11-04 13:26:57.610440,1,0.46138355,0
O033799,C00775,P02042,2025-11-04 13:40:03.870096,0,0.45675188,0
O033800,C02917,P00742,2025-11-04 13:53:10.129753,0,0.546323,1
O033801,C01816,P02221,2025-11-04 14:06:16.389409,0,0.5773616,1
O033802,C01252,P02122,2025-11-04 14:19:22.649066,0,0.5803793,1
O033803,C01709,P00415,2025-11-04 14:32:28.908722,0,0.15991475,0
O033804,C04591,P00634,2025-11-04 14:45:35.168379,1,0.82165676,1
O033805,C06226,P02402,2025-11-04 14:58:41.428035,0,0.30213505,0
O033806,C03218,P01235,2025-11-04 15:11:47.687692,0,0.34560227,0
O033807,C07074,P02496,2025-11-04 15:24:53.947348,0,0.30645102,0
O033808,C06150,P00259,2025-11-04 15:38:00.207005,1,0.3825894,0
O033809,C06861,P01602,2025-11-04 15:51:06.466661,0,0.45609188,0
O033810,C02903,P00597,2025-11-04 16:04:12.726318,1,0.86883557,1
O033811,C07306,P00051,2025-11-04 16:17:18.985974,1,0.43885896,0
O033812,C04439,P01883,2025-11-04 16:30:25.245631,0,0.2466945,0
O033813,C06128,P00131,2025-11-04 16:43:31.505287,0,0.53076977,1
O033814,C03910,P01320,2025-11-04 16:56:37.764944,1,0.588175,1
O033815,C05904,P02330,2025-11-04 17:09:44.024600,0,0.7324271,1
O033816,C00636,P00737,2025-11-04 17:22:50.284257,0,0.46401316,0
O033817,C05182,P02029,2025-11-04 17:35:56.543913,1,0.76964664,1
O033818,C05524,P00232,2025-11-04 17:49:02.803570,0,0.45089585,0
O033819,C04372,P00879,2025-11-04 18:02:09.063226,0,0.428616,0
O033820,C05900,P01912,2025-11-04 18:15:15.322883,0,0.3049352,0
O033821,C06315,P00597,2025-11-04 18:28:21.582539,0,0.4099347,0
O033822,C00414,P01130,2025-11-04 18:41:27.842196,0,0.24839261,0
O033823,C01044,P01277,2025-11-04 18:54:34.101852,1,0.45532623,0
O033824,C03123,P02358,2025-11-04 19:07:40.361509,1,0.3787918,0
O033825,C03967,P01936,2025-11-04 19:20:46.621165,0,0.56526345,1
O033826,C02169,P01299,2025-11-04 19:33:52.880822,0,0.24799718,0
O033827,C01647,P01258,2025-11-04 19:46:59.140478,0,0.23227923,0
O033828,C02697,P00710,2025-11-04 20:00:05.400135,0,0.20508336,0
O033829,C00774,P02121,2025-11-04 20:13:11.659791,0,0.2865578,0
O033830,C02081,P01033,2025-11-04 20:26:17.919447,0,0.42514157,0
O033831,C06947,P00147,2025-11-04 20:39:24.179104,0,0.47179374,0
O033832,C02440,P01934,2025-11-04 20:52:30.438760,0,0.28839207,0
O033833,C07171,P02059,2025-11-04 21:05:36.698417,0,0.53127104,1
O033834,C02389,P00628,2025-11-04 21:18:42.958073,1,0.3968758,0
O033835,C01031,P00287,2025-11-04 21:31:49.217730,0,0.28721637,0
O033836,C03746,P01110,2025-11-04 21:44:55.477386,0,0.23975424,0
O033837,C03892,P01911,2025-11-04 21:58:01.737043,0,0.49344775,0
O033838,C07638,P01683,2025-11-04 22:11:07.996699,1,0.50475734,1
O033839,C03511,P00552,2025-11-04 22:24:14.256356,0,0.62798893,1
O033840,C06033,P02406,2025-11-04 22:37:20.516012,0,0.26767236,0
O033841,C01305,P01751,2025-11-04 22:50:26.775669,0,0.57292217,1
O033842,C01918,P02462,2025-11-04 23:03:33.035325,0,0.386497,0
O033843,C05019,P02263,2025-11-04 23:16:39.294982,1,0.5918755,1
O033844,C02856,P00451,2025-11-04 23:29:45.554638,0,0.51035243,1
O033845,C03434,P01866,2025-11-04 23:42:51.814295,0,0.34032014,0
O033846,C07892,P00767,2025-11-04 23:55:58.073951,0,0.35165566,0
O033847,C02709,P00566,2025-11-05 00:09:04.333608,0,0.46478695,0
O033848,C07203,P02216,2025-11-05 00:22:10.593264,1,0.48776942,0
O033849,C07896,P00563,2025-11-05 00:35:16.852921,1,0.459009,0
O033850,C01605,P00525,2025-11-05 00:48:23.112577,1,0.4731174,0
O033851,C04672,P00566,2025-11-05 01:01:29.372234,0,0.5536998,1
O033852,C03605,P01119,2025-11-05 01:14:35.631890,0,0.3011443,0
O033853,C04218,P00268,2025-11-05 01:27:41.891547,0,0.21973547,0
O033854,C04100,P00280,2025-11-05 01:40:48.151203,0,0.69392085,1
O033855,C03683,P00199,2025-11-05 01:53:54.410860,1,0.6968558,1
O033856,C05095,P01859,2025-11-05 02:07:00.670516,0,0.49523124,0
O033857,C02106,P00536,2025-11-05 02:20:06.930173,0,0.40811008,0
O033858,C03997,P01010,2025-11-05 02:33:13.189829,0,0.4631459,0
O033859,C00424,P00404,2025-11-05 02:46:19.449486,0,0.16035047,0
O033860,C01096,P02499,2025-11-05 02:59:25.709142,0,0.44202155,0
O033861,C00196,P02261,2025-11-05 03:12:31.968799,1,0.7115,1
O033862,C07626,P01381,2025-11-05 03:25:38.228455,0,0.3135536,0
O033863,C06987,P02165,2025-11-05 03:38:44.488112,0,0.68925804,1
O033864,C02317,P01178,2025-11-05 03:51:50.747768,0,0.23020868,0
O033865,C01440,P02069,2025-11-05 04:04:57.007425,1,0.5360824,1
O033866,C02693,P00962,2025-11-05 04:18:03.267081,0,0.5215237,1
O033867,C01760,P00948,2025-11-05 04:31:09.526738,0,0.43190566,0
O033868,C04246,P01408,2025-11-05 04:44:15.786394,0,0.36874533,0
O033869,C07095,P01708,2025-11-05 04:57:22.046051,0,0.6278968,1
O033870,C00160,P01351,2025-11-05 05:10:28.305707,0,0.4869308,0
O033871,C06497,P00774,2025-11-05 05:23:34.565364,0,0.32457623,0
O033872,C03985,P00772,2025-11-05 05:36:40.825020,0,0.56111234,1
O033873,C03725,P01518,2025-11-05 05:49:47.084677,1,0.7614667,1
O033874,C04212,P02343,2025-11-05 06:02:53.344333,0,0.66063905,1
O033875,C07989,P02497,2025-11-05 06:15:59.603990,0,0.16728117,0
O033876,C03920,P02143,2025-11-05 06:29:05.863646,0,0.5309876,1
O033877,C06355,P01544,2025-11-05 06:42:12.123303,1,0.6629022,1
O033878,C03032,P00214,2025-11-05 06:55:18.382959,0,0.3477903,0
O033879,C03426,P01207,2025-11-05 07:08:24.642616,0,0.36730486,0
O033880,C07068,P00752,2025-11-05 07:21:30.902272,0,0.29996437,0
O033881,C04533,P01895,2025-11-05 07:34:37.161929,0,0.35366392,0
O033882,C03445,P00255,2025-11-05 07:47:43.421585,1,0.7110777,1
O033883,C04796,P02315,2025-11-05 08:00:49.681242,0,0.5018713,1
O033884,C02838,P01201,2025-11-05 08:13:55.940898,0,0.5029362,1
O033885,C04701,P01277,2025-11-05 08:27:02.200555,0,0.27089202,0
O033886,C06495,P02005,2025-11-05 08:40:08.460211,0,0.71275103,1
O033887,C06527,P01668,2025-11-05 08:53:14.719867,0,0.42294607,0
O033888,C05932,P01998,2025-11-05 09:06:20.979524,0,0.4097086,0
O033889,C04362,P01943,2025-11-05 09:19:27.239180,0,0.2913654,0
O033890,C02602,P02055,2025-11-05 09:32:33.498837,0,0.26931545,0
O033891,C06772,P00463,2025-11-05 09:45:39.758493,0,0.5709071,1
O033892,C04336,P00621,2025-11-05 09:58:46.018150,1,0.67453253,1
O033893,C05342,P00801,2025-11-05 10:11:52.277806,0,0.64029694,1
O033894,C03219,P02335,2025-11-05 10:24:58.537463,0,0.17402233,0
O033895,C07434,P01752,2025-11-05 10:38:04.797119,0,0.7165471,1
O033896,C04480,P02355,2025-11-05 10:51:11.056776,1,0.2185035,0
O033897,C03067,P01818,2025-11-05 11:04:17.316432,0,0.5628958,1
O033898,C00658,P00733,2025-11-05 11:17:23.576089,0,0.5434263,1
O033899,C06081,P01256,2025-11-05 11:30:29.835745,0,0.5119379,1
O033900,C06664,P01019,2025-11-05 11:43:36.095402,1,0.6300313,1
O033901,C06147,P02023,2025-11-05 11:56:42.355058,0,0.5253998,1
O033902,C02906,P02056,2025-11-05 12:09:48.614715,1,0.5647577,1
O033903,C04564,P01686,2025-11-05 12:22:54.874371,0,0.4467785,0
O033904,C00549,P00911,2025-11-05 12:36:01.134028,0,0.4344352,0
O033905,C04634,P01205,2025-11-05 12:49:07.393684,0,0.5489869,1
O033906,C00209,P00859,2025-11-05 13:02:13.653341,0,0.30236745,0
O033907,C05008,P02144,2025-11-05 13:15:19.912997,0,0.50671124,1
O033908,C05940,P01467,2025-11-05 13:28:26.172654,0,0.2594843,0
O033909,C05879,P00021,2025-11-05 13:41:32.432310,0,0.62059546,1
O033910,C04792,P02089,2025-11-05 13:54:38.691967,0,0.5841669,1
O033911,C04635,P01184,2025-11-05 14:07:44.951623,0,0.3939788,0
O033912,C05802,P00472,2025-11-05 14:20:51.211280,0,0.24943355,0
O033913,C01293,P02238,2025-11-05 14:33:57.470936,0,0.6490442,1
O033914,C05745,P02062,2025-11-05 14:47:03.730593,1,0.44434687,0
O033915,C07573,P00826,2025-11-05 15:00:09.990249,0,0.43740505,0
O033916,C00716,P02005,2025-11-05 15:13:16.249906,1,0.80761915,1
O033917,C00096,P01626,2025-11-05 15:26:22.509562,1,0.2288866,0
O033918,C04066,P02336,2025-11-05 15:39:28.769219,1,0.6426755,1
O033919,C01027,P01474,2025-11-05 15:52:35.028875,0,0.23269416,0
O033920,C07282,P00439,2025-11-05 16:05:41.288532,1,0.59589726,1
O033921,C02116,P01460,2025-11-05 16:18:47.548188,0,0.44305825,0
O033922,C06542,P01710,2025-11-05 16:31:53.807845,1,0.8330167,1
O033923,C02435,P00352,2025-11-05 16:45:00.067501,0,0.40547732,0
O033924,C02489,P01824,2025-11-05 16:58:06.327158,1,0.49593914,0
O033925,C03468,P02164,2025-11-05 17:11:12.586814,1,0.6863449,1
O033926,C04615,P00077,2025-11-05 17:24:18.846471,0,0.15856153,0
O033927,C04331,P00471,2025-11-05 17:37:25.106127,0,0.51068723,1
O033928,C03771,P00721,2025-11-05 17:50:31.365784,0,0.3963016,0
O033929,C00852,P01159,2025-11-05 18:03:37.625440,0,0.5886205,1
O033930,C06547,P02237,2025-11-05 18:16:43.885097,0,0.37902567,0
O033931,C06395,P01621,2025-11-05 18:29:50.144753,1,0.59271765,1
O033932,C07573,P00494,2025-11-05 18:42:56.404410,1,0.50110465,1
O033933,C06692,P00181,2025-11-05 18:56:02.664066,0,0.24434893,0
O033934,C04877,P02366,2025-11-05 19:09:08.923723,1,0.6660983,1
O033935,C05733,P00469,2025-11-05 19:22:15.183379,0,0.45344302,0
O033936,C02972,P01215,2025-11-05 19:35:21.443036,0,0.2259311,0
O033937,C03752,P02289,2025-11-05 19:48:27.702692,0,0.31676573,0
O033938,C02656,P00241,2025-11-05 20:01:33.962349,1,0.2982862,0
O033939,C06608,P00116,2025-11-05 20:14:40.222005,0,0.30522406,0
O033940,C02237,P01419,2025-11-05 20:27:46.481662,1,0.7711427,1
O033941,C03622,P00676,2025-11-05 20:40:52.741318,0,0.73963153,1
O033942,C02100,P00690,2025-11-05 20:53:59.000975,0,0.68700224,1
O033943,C02283,P00051,2025-11-05 21:07:05.260631,1,0.42246172,0
O033944,C03534,P01960,2025-11-05 21:20:11.520288,0,0.5854907,1
O033945,C03990,P00097,2025-11-05 21:33:17.779944,0,0.43126625,0
O033946,C00329,P00189,2025-11-05 21:46:24.039600,0,0.23279639,0
O033947,C07235,P02168,2025-11-05 21:59:30.299257,0,0.17650129,0
O033948,C03849,P00518,2025-11-05 22:12:36.558913,0,0.4781367,0
O033949,C03807,P00106,2025-11-05 22:25:42.818570,0,0.730373,1
O033950,C01176,P02324,2025-11-05 22:38:49.078226,0,0.16883622,0
O033951,C07806,P01978,2025-11-05 22:51:55.337883,1,0.21512473,0
O033952,C02135,P00035,2025-11-05 23:05:01.597539,0,0.36694598,0
O033953,C07710,P01371,2025-11-05 23:18:07.857196,1,0.5757454,1
O033954,C06788,P01543,2025-11-05 23:31:14.116852,0,0.27361587,0
O033955,C03297,P00399,2025-11-05 23:44:20.376509,0,0.3526345,0
O033956,C03922,P01660,2025-11-05 23:57:26.636165,1,0.51472425,1
O033957,C03814,P00026,2025-11-06 00:10:32.895822,0,0.35645816,0
O033958,C04511,P01680,2025-11-06 00:23:39.155478,1,0.56936467,1
O033959,C06450,P00219,2025-11-06 00:36:45.415135,0,0.5357351,1
O033960,C06063,P00838,2025-11-06 00:49:51.674791,0,0.6795017,1
O033961,C00018,P02116,2025-11-06 01:02:57.934448,0,0.42244166,0
O033962,C02993,P00670,2025-11-06 01:16:04.194104,0,0.39005563,0
O033963,C03185,P01141,2025-11-06 01:29:10.453761,1,0.2581736,0
O033964,C00943,P02299,2025-11-06 01:42:16.713417,1,0.8667873,1
O033965,C04302,P01903,2025-11-06 01:55:22.973074,0,0.42290255,0
O033966,C01896,P02217,2025-11-06 02:08:29.232730,0,0.68141437,1
O033967,C00818,P00346,2025-11-06 02:21:35.492387,1,0.68578523,1
O033968,C03032,P01390,2025-11-06 02:34:41.752043,1,0.5610501,1
O033969,C04086,P02110,2025-11-06 02:47:48.011700,0,0.15182674,0
O033970,C03250,P02476,2025-11-06 03:00:54.271356,0,0.34627637,0
O033971,C00335,P00526,2025-11-06 03:14:00.531013,0,0.13713248,0
O033972,C01163,P00661,2025-11-06 03:27:06.790669,1,0.51304376,1
O033973,C01495,P01519,2025-11-06 03:40:13.050326,0,0.22139212,0
O033974,C06947,P01354,2025-11-06 03:53:19.309982,1,0.41323218,0
O033975,C03449,P01625,2025-11-06 04:06:25.569639,1,0.3861822,0
O033976,C06833,P02303,2025-11-06 04:19:31.829295,0,0.48208186,0
O033977,C04960,P00972,2025-11-06 04:32:38.088952,1,0.552051,1
O033978,C00969,P00568,2025-11-06 04:45:44.348608,0,0.4051718,0
O033979,C07542,P01097,2025-11-06 04:58:50.608265,0,0.50768423,1
O033980,C03485,P01019,2025-11-06 05:11:56.867921,1,0.69739264,1
O033981,C02826,P00132,2025-11-06 05:25:03.127578,0,0.4536031,0
O033982,C01460,P02092,2025-11-06 05:38:09.387234,1,0.6479148,1
O033983,C05348,P01984,2025-11-06 05:51:15.646891,0,0.41819504,0
O033984,C01555,P02378,2025-11-06 06:04:21.906547,0,0.3253412,0
O033985,C00603,P00287,2025-11-06 06:17:28.166204,0,0.43519536,0
O033986,C07706,P00003,2025-11-06 06:30:34.425860,0,0.35785988,0
O033987,C00638,P01336,2025-11-06 06:43:40.685517,1,0.31313887,0
O033988,C01464,P00652,2025-11-06 06:56:46.945173,1,0.45774323,0
O033989,C07427,P01207,2025-11-06 07:09:53.204830,0,0.58741313,1
O033990,C03042,P00071,2025-11-06 07:22:59.464486,1,0.45575637,0
O033991,C05491,P01222,2025-11-06 07:36:05.724143,0,0.663515,1
O033992,C06389,P01440,2025-11-06 07:49:11.983799,0,0.1912049,0
O033993,C01592,P02067,2025-11-06 08:02:18.243456,0,0.16107723,0
O033994,C00560,P00451,2025-11-06 08:15:24.503112,0,0.3879718,0
O033995,C06771,P02113,2025-11-06 08:28:30.762769,1,0.4707651,0
O033996,C05179,P01596,2025-11-06 08:41:37.022425,1,0.46923962,0
O033997,C00077,P02052,2025-11-06 08:54:43.282082,0,0.42151743,0
O033998,C05411,P01869,2025-11-06 09:07:49.541738,0,0.5454,1
O033999,C03571,P02121,2025-11-06 09:20:55.801395,0,0.4298033,0
O034000,C06624,P00543,2025-11-06 09:34:02.061051,0,0.3291842,0
O034001,C06514,P01531,2025-11-06 09:47:08.320708,0,0.25188074,0
O034002,C02968,P01352,2025-11-06 10:00:14.580364,0,0.52498424,1
O034003,C04708,P02197,2025-11-06 10:13:20.840021,0,0.20953329,0
O034004,C04615,P00193,2025-11-06 10:26:27.099677,0,0.3791107,0
O034005,C00591,P00850,2025-11-06 10:39:33.359333,0,0.7946898,1
O034006,C04656,P02384,2025-11-06 10:52:39.618990,0,0.3756097,0
O034007,C03127,P01106,2025-11-06 11:05:45.878646,1,0.2749308,0
O034008,C05258,P01699,2025-11-06 11:18:52.138303,1,0.5890598,1
O034009,C05710,P01999,2025-11-06 11:31:58.397959,1,0.24501386,0
O034010,C05092,P01603,2025-11-06 11:45:04.657616,0,0.38106376,0
O034011,C00167,P00483,2025-11-06 11:58:10.917272,0,0.31067288,0
O034012,C06270,P02026,2025-11-06 12:11:17.176929,0,0.18298072,0
O034013,C00525,P01338,2025-11-06 12:24:23.436585,0,0.2848093,0
O034014,C00758,P02060,2025-11-06 12:37:29.696242,1,0.47760183,0
O034015,C02447,P00782,2025-11-06 12:50:35.955898,0,0.40644047,0
O034016,C00793,P00613,2025-11-06 13:03:42.215555,0,0.34630448,0
O034017,C02055,P01020,2025-11-06 13:16:48.475211,1,0.63638216,1
O034018,C02289,P01420,2025-11-06 13:29:54.734868,0,0.21075812,0
O034019,C04708,P00479,2025-11-06 13:43:00.994524,1,0.53154284,1
O034020,C06615,P00751,2025-11-06 13:56:07.254181,0,0.5435198,1
O034021,C07126,P01231,2025-11-06 14:09:13.513837,0,0.35930717,0
O034022,C01264,P01547,2025-11-06 14:22:19.773494,1,0.3912684,0
O034023,C03962,P02348,2025-11-06 14:35:26.033150,0,0.27836165,0
O034024,C00067,P00736,2025-11-06 14:48:32.292807,0,0.4825745,0
O034025,C04828,P00239,2025-11-06 15:01:38.552463,0,0.42698696,0
O034026,C03235,P01605,2025-11-06 15:14:44.812120,0,0.45987946,0
O034027,C01296,P00296,2025-11-06 15:27:51.071776,0,0.6541976,1
O034028,C01415,P01846,2025-11-06 15:40:57.331433,0,0.45740518,0
O034029,C01992,P00269,2025-11-06 15:54:03.591089,0,0.38183117,0
O034030,C00422,P00589,2025-11-06 16:07:09.850746,0,0.30655417,0
O034031,C00464,P00324,2025-11-06 16:20:16.110402,1,0.6935614,1
O034032,C04809,P02038,2025-11-06 16:33:22.370059,0,0.124005854,0
O034033,C06250,P01763,2025-11-06 16:46:28.629715,0,0.6639668,1
O034034,C02520,P00454,2025-11-06 16:59:34.889372,0,0.22711542,0
O034035,C06345,P00426,2025-11-06 17:12:41.149028,0,0.20446469,0
O034036,C03127,P00943,2025-11-06 17:25:47.408685,1,0.16126071,0
O034037,C05683,P01230,2025-11-06 17:38:53.668341,1,0.7651655,1
O034038,C01732,P00172,2025-11-06 17:51:59.927998,1,0.5985126,1
O034039,C07895,P01521,2025-11-06 18:05:06.187654,0,0.60294974,1
O034040,C05757,P00692,2025-11-06 18:18:12.447311,0,0.3169274,0
O034041,C06685,P01659,2025-11-06 18:31:18.706967,0,0.21907113,0
O034042,C04517,P01974,2025-11-06 18:44:24.966624,0,0.7665732,1
O034043,C07454,P02286,2025-11-06 18:57:31.226280,0,0.43982118,0
O034044,C02722,P00238,2025-11-06 19:10:37.485937,0,0.6513158,1
O034045,C02034,P00902,2025-11-06 19:23:43.745593,0,0.54663235,1
O034046,C06676,P00189,2025-11-06 19:36:50.005250,0,0.45199227,0
O034047,C06915,P02135,2025-11-06 19:49:56.264906,0,0.3635353,0
O034048,C01735,P00530,2025-11-06 20:03:02.524563,1,0.765286,1
O034049,C06816,P02431,2025-11-06 20:16:08.784219,0,0.4728191,0
O034050,C03594,P02373,2025-11-06 20:29:15.043876,0,0.25161007,0
O034051,C00063,P00669,2025-11-06 20:42:21.303532,0,0.47205713,0
O034052,C04395,P00854,2025-11-06 20:55:27.563189,0,0.081372194,0
O034053,C04259,P00180,2025-11-06 21:08:33.822845,0,0.4307768,0
O034054,C07776,P02408,2025-11-06 21:21:40.082502,0,0.6789018,1
O034055,C00211,P01483,2025-11-06 21:34:46.342158,0,0.19601384,0
O034056,C03126,P01205,2025-11-06 21:47:52.601815,1,0.4736634,0
O034057,C00297,P01889,2025-11-06 22:00:58.861471,0,0.710161,1
O034058,C05558,P00860,2025-11-06 22:14:05.121128,1,0.39584866,0
O034059,C00870,P02048,2025-11-06 22:27:11.380784,0,0.6501248,1
O034060,C02511,P02375,2025-11-06 22:40:17.640441,0,0.4191865,0
O034061,C06913,P01190,2025-11-06 22:53:23.900097,0,0.6955379,1
O034062,C00133,P02337,2025-11-06 23:06:30.159753,0,0.25802848,0
O034063,C06133,P01893,2025-11-06 23:19:36.419410,0,0.61847824,1
O034064,C03338,P02435,2025-11-06 23:32:42.679066,0,0.49295267,0
O034065,C06889,P00214,2025-11-06 23:45:48.938723,1,0.51665944,1
O034066,C02709,P00373,2025-11-06 23:58:55.198379,0,0.7219075,1
O034067,C05685,P02063,2025-11-07 00:12:01.458036,0,0.5463061,1
O034068,C07452,P00731,2025-11-07 00:25:07.717692,0,0.39819023,0
O034069,C06460,P02049,2025-11-07 00:38:13.977349,0,0.5561497,1
O034070,C04339,P01542,2025-11-07 00:51:20.237005,1,0.6878727,1
O034071,C03467,P02320,2025-11-07 01:04:26.496662,0,0.4483745,0
O034072,C01174,P00157,2025-11-07 01:17:32.756318,0,0.4194157,0
O034073,C02666,P01432,2025-11-07 01:30:39.015975,0,0.45474944,0
O034074,C04486,P02273,2025-11-07 01:43:45.275631,0,0.55519676,1
O034075,C07000,P00274,2025-11-07 01:56:51.535288,0,0.2977497,0
O034076,C04206,P00791,2025-11-07 02:09:57.794944,0,0.4637381,0
O034077,C05049,P00675,2025-11-07 02:23:04.054601,1,0.5303228,1
O034078,C04871,P01877,2025-11-07 02:36:10.314257,0,0.31341162,0
O034079,C06847,P00640,2025-11-07 02:49:16.573914,0,0.4554261,0
O034080,C07510,P01001,2025-11-07 03:02:22.833570,0,0.25933424,0
O034081,C05343,P02143,2025-11-07 03:15:29.093227,1,0.6273236,1
O034082,C05178,P00364,2025-11-07 03:28:35.352883,0,0.54197013,1
O034083,C00493,P02189,2025-11-07 03:41:41.612540,1,0.29728675,0
O034084,C04358,P01673,2025-11-07 03:54:47.872196,0,0.26253363,0
O034085,C04428,P00088,2025-11-07 04:07:54.131853,0,0.5075057,1
O034086,C05486,P01355,2025-11-07 04:21:00.391509,0,0.20010778,0
O034087,C05783,P02041,2025-11-07 04:34:06.651166,0,0.44399795,0
O034088,C04805,P01841,2025-11-07 04:47:12.910822,0,0.68462455,1
O034089,C05686,P02300,2025-11-07 05:00:19.170479,0,0.3961896,0
O034090,C01189,P00973,2025-11-07 05:13:25.430135,0,0.610503,1
O034091,C00896,P01394,2025-11-07 05:26:31.689792,1,0.5892862,1
O034092,C07997,P01723,2025-11-07 05:39:37.949448,0,0.6763069,1
O034093,C06459,P01821,2025-11-07 05:52:44.209105,0,0.25872824,0
O034094,C07946,P02352,2025-11-07 06:05:50.468761,0,0.66946906,1
O034095,C03520,P01387,2025-11-07 06:18:56.728418,0,0.28576759,0
O034096,C06424,P00044,2025-11-07 06:32:02.988074,0,0.48436025,0
O034097,C06144,P02247,2025-11-07 06:45:09.247731,1,0.16161717,0
O034098,C00599,P02256,2025-11-07 06:58:15.507387,1,0.479997,0
O034099,C04404,P01172,2025-11-07 07:11:21.767044,1,0.71667814,1
O034100,C03590,P02423,2025-11-07 07:24:28.026700,1,0.75093985,1
O034101,C05209,P00814,2025-11-07 07:37:34.286357,1,0.35989863,0
O034102,C06493,P01839,2025-11-07 07:50:40.546013,1,0.26266906,0
O034103,C04516,P01621,2025-11-07 08:03:46.805670,0,0.45469224,0
O034104,C04545,P00877,2025-11-07 08:16:53.065326,0,0.27491233,0
O034105,C04116,P01132,2025-11-07 08:29:59.324983,0,0.5256567,1
O034106,C01055,P01666,2025-11-07 08:43:05.584639,0,0.2582101,0
O034107,C02082,P00435,2025-11-07 08:56:11.844296,0,0.2860795,0
O034108,C00246,P01327,2025-11-07 09:09:18.103952,1,0.58003545,1
O034109,C02561,P00184,2025-11-07 09:22:24.363609,0,0.6337238,1
O034110,C02799,P01363,2025-11-07 09:35:30.623265,0,0.49651265,0
O034111,C06888,P01679,2025-11-07 09:48:36.882922,0,0.5646987,1
O034112,C01899,P01193,2025-11-07 10:01:43.142578,0,0.500627,1
O034113,C02908,P01453,2025-11-07 10:14:49.402235,0,0.31040508,0
O034114,C00255,P01949,2025-11-07 10:27:55.661891,0,0.5506876,1
O034115,C01838,P00954,2025-11-07 10:41:01.921548,0,0.5371305,1
O034116,C04805,P01208,2025-11-07 10:54:08.181204,0,0.5969731,1
O034117,C07432,P00466,2025-11-07 11:07:14.440861,0,0.30078176,0
O034118,C05563,P01748,2025-11-07 11:20:20.700517,0,0.4747287,0
O034119,C04071,P00414,2025-11-07 11:33:26.960174,0,0.695129,1
O034120,C06039,P00088,2025-11-07 11:46:33.219830,0,0.24741624,0
O034121,C07359,P01181,2025-11-07 11:59:39.479486,0,0.52656674,1
O034122,C03633,P00263,2025-11-07 12:12:45.739143,0,0.60911745,1
O034123,C02912,P00601,2025-11-07 12:25:51.998799,1,0.21892366,0
O034124,C07940,P02069,2025-11-07 12:38:58.258456,0,0.5607987,1
O034125,C00316,P01649,2025-11-07 12:52:04.518112,1,0.35127616,0
O034126,C07197,P02079,2025-11-07 13:05:10.777769,0,0.437484,0
O034127,C06202,P01520,2025-11-07 13:18:17.037425,0,0.3410473,0
O034128,C05471,P01755,2025-11-07 13:31:23.297082,0,0.31370372,0
O034129,C02156,P02023,2025-11-07 13:44:29.556738,0,0.37761384,0
O034130,C01110,P00961,2025-11-07 13:57:35.816395,1,0.54032534,1
O034131,C00031,P02142,2025-11-07 14:10:42.076051,0,0.5433519,1
O034132,C06209,P02287,2025-11-07 14:23:48.335708,0,0.5328724,1
O034133,C07752,P02257,2025-11-07 14:36:54.595364,0,0.38605466,0
O034134,C01422,P00746,2025-11-07 14:50:00.855021,0,0.36795866,0
O034135,C02265,P01886,2025-11-07 15:03:07.114677,0,0.49653986,0
O034136,C01398,P00820,2025-11-07 15:16:13.374334,0,0.7267446,1
O034137,C04050,P00428,2025-11-07 15:29:19.633990,0,0.33413646,0
O034138,C06283,P01002,2025-11-07 15:42:25.893647,1,0.3295299,0
O034139,C04355,P00782,2025-11-07 15:55:32.153303,0,0.28067577,0
O034140,C05526,P00098,2025-11-07 16:08:38.412960,0,0.13261372,0
O034141,C04707,P02287,2025-11-07 16:21:44.672616,0,0.62337583,1
O034142,C02299,P00554,2025-11-07 16:34:50.932273,0,0.282074,0
O034143,C03617,P01698,2025-11-07 16:47:57.191929,0,0.6417754,1
O034144,C02639,P00185,2025-11-07 17:01:03.451586,0,0.801315,1
O034145,C00216,P01241,2025-11-07 17:14:09.711242,0,0.62445474,1
O034146,C02790,P01329,2025-11-07 17:27:15.970899,0,0.41104582,0
O034147,C04845,P00565,2025-11-07 17:40:22.230555,0,0.22817893,0
O034148,C06796,P01739,2025-11-07 17:53:28.490212,1,0.44149685,0
O034149,C02178,P00567,2025-11-07 18:06:34.749868,0,0.6445848,1
O034150,C00251,P01476,2025-11-07 18:19:41.009525,0,0.49012747,0
O034151,C02429,P01118,2025-11-07 18:32:47.269181,0,0.14180312,0
O034152,C05273,P01664,2025-11-07 18:45:53.528838,0,0.73532695,1
O034153,C07995,P00995,2025-11-07 18:58:59.788494,0,0.74970376,1
O034154,C02387,P02050,2025-11-07 19:12:06.048151,1,0.29061317,0
O034155,C00635,P01530,2025-11-07 19:25:12.307807,0,0.65703267,1
O034156,C00594,P02452,2025-11-07 19:38:18.567464,1,0.5553443,1
O034157,C05739,P00778,2025-11-07 19:51:24.827120,0,0.32534868,0
O034158,C01675,P00315,2025-11-07 20:04:31.086777,0,0.51921535,1
O034159,C06787,P00509,2025-11-07 20:17:37.346433,0,0.64778143,1
O034160,C03673,P00371,2025-11-07 20:30:43.606090,0,0.29836765,0
O034161,C05336,P01790,2025-11-07 20:43:49.865746,0,0.17869571,0
O034162,C00082,P02112,2025-11-07 20:56:56.125403,0,0.49228573,0
O034163,C05192,P01727,2025-11-07 21:10:02.385059,0,0.23999815,0
O034164,C02070,P01423,2025-11-07 21:23:08.644716,0,0.4052637,0
O034165,C03778,P00619,2025-11-07 21:36:14.904372,0,0.37601537,0
O034166,C07978,P02388,2025-11-07 21:49:21.164029,0,0.524743,1
O034167,C00568,P01971,2025-11-07 22:02:27.423685,0,0.41307446,0
O034168,C04545,P00999,2025-11-07 22:15:33.683342,0,0.5238869,1
O034169,C00917,P02204,2025-11-07 22:28:39.942998,0,0.3595543,0
O034170,C00940,P01843,2025-11-07 22:41:46.202655,0,0.2741127,0
O034171,C03925,P00005,2025-11-07 22:54:52.462311,0,0.3927073,0
O034172,C05702,P00849,2025-11-07 23:07:58.721968,0,0.34681666,0
O034173,C00944,P01250,2025-11-07 23:21:04.981624,0,0.34378022,0
O034174,C06476,P01698,2025-11-07 23:34:11.241281,1,0.66967314,1
O034175,C03060,P00769,2025-11-07 23:47:17.500937,0,0.47628778,0
O034176,C03903,P01556,2025-11-08 00:00:23.760594,0,0.4548021,0
O034177,C01813,P01557,2025-11-08 00:13:30.020250,0,0.380388,0
O034178,C05240,P01374,2025-11-08 00:26:36.279906,0,0.24635169,0
O034179,C06687,P00953,2025-11-08 00:39:42.539563,0,0.18622577,0
O034180,C03776,P00729,2025-11-08 00:52:48.799219,0,0.42823425,0
O034181,C06837,P00502,2025-11-08 01:05:55.058876,1,0.40640503,0
O034182,C01998,P02141,2025-11-08 01:19:01.318532,0,0.37030113,0
O034183,C00957,P00846,2025-11-08 01:32:07.578189,0,0.3875419,0
O034184,C07026,P00285,2025-11-08 01:45:13.837845,1,0.30866042,0
O034185,C04883,P01872,2025-11-08 01:58:20.097502,1,0.4214852,0
O034186,C00467,P02149,2025-11-08 02:11:26.357158,0,0.42619038,0
O034187,C07233,P01859,2025-11-08 02:24:32.616815,0,0.44017842,0
O034188,C07218,P00649,2025-11-08 02:37:38.876471,1,0.64134896,1
O034189,C06741,P01458,2025-11-08 02:50:45.136128,0,0.2605869,0
O034190,C06840,P01998,2025-11-08 03:03:51.395784,0,0.6136336,1
O034191,C07025,P01321,2025-11-08 03:16:57.655441,1,0.6964597,1
O034192,C00033,P02394,2025-11-08 03:30:03.915097,0,0.64553803,1
O034193,C07873,P02108,2025-11-08 03:43:10.174754,0,0.24254015,0
O034194,C05090,P00191,2025-11-08 03:56:16.434410,0,0.3966465,0
O034195,C04982,P02357,2025-11-08 04:09:22.694067,0,0.57107323,1
O034196,C06918,P01222,2025-11-08 04:22:28.953723,0,0.7342264,1
O034197,C06143,P00221,2025-11-08 04:35:35.213380,0,0.83693725,1
O034198,C04304,P02420,2025-11-08 04:48:41.473036,0,0.57923424,1
O034199,C04662,P00879,2025-11-08 05:01:47.732693,0,0.40881878,0
O034200,C06074,P00049,2025-11-08 05:14:53.992349,1,0.4922667,0
O034201,C06666,P00488,2025-11-08 05:28:00.252006,0,0.658645,1
O034202,C04542,P00054,2025-11-08 05:41:06.511662,0,0.71967953,1
O034203,C00490,P01157,2025-11-08 05:54:12.771319,0,0.4390062,0
O034204,C00393,P01198,2025-11-08 06:07:19.030975,0,0.3844527,0
O034205,C01081,P00185,2025-11-08 06:20:25.290632,0,0.3889234,0
O034206,C01855,P01309,2025-11-08 06:33:31.550288,1,0.731216,1
O034207,C05305,P02406,2025-11-08 06:46:37.809945,0,0.27444947,0
O034208,C06260,P01584,2025-11-08 06:59:44.069601,0,0.48553097,0
O034209,C01645,P02311,2025-11-08 07:12:50.329258,0,0.39795628,0
O034210,C02624,P01774,2025-11-08 07:25:56.588914,0,0.42689857,0
O034211,C07832,P01114,2025-11-08 07:39:02.848571,1,0.4119795,0
O034212,C06601,P00411,2025-11-08 07:52:09.108227,0,0.29152966,0
O034213,C00980,P01508,2025-11-08 08:05:15.367884,0,0.69322467,1
O034214,C01398,P00542,2025-11-08 08:18:21.627540,0,0.51432824,1
O034215,C06646,P00474,2025-11-08 08:31:27.887197,0,0.5607629,1
O034216,C03633,P00152,2025-11-08 08:44:34.146853,1,0.6799525,1
O034217,C07816,P02346,2025-11-08 08:57:40.406510,0,0.24751106,0
O034218,C00903,P00082,2025-11-08 09:10:46.666166,1,0.29267293,0
O034219,C05967,P01964,2025-11-08 09:23:52.925823,0,0.60335714,1
O034220,C01095,P00946,2025-11-08 09:36:59.185479,1,0.54825157,1
O034221,C07038,P02370,2025-11-08 09:50:05.445136,0,0.365763,0
O034222,C05183,P02163,2025-11-08 10:03:11.704792,1,0.37683606,0
O034223,C03355,P00867,2025-11-08 10:16:17.964449,0,0.5384756,1
O034224,C04407,P01443,2025-11-08 10:29:24.224105,0,0.47269526,0
O034225,C07925,P02288,2025-11-08 10:42:30.483762,0,0.39076766,0
O034226,C04803,P01024,2025-11-08 10:55:36.743418,0,0.6637182,1
O034227,C02024,P01552,2025-11-08 11:08:43.003075,0,0.19029702,0
O034228,C04637,P00224,2025-11-08 11:21:49.262731,0,0.4476993,0
O034229,C07643,P01579,2025-11-08 11:34:55.522388,0,0.38664407,0
O034230,C06589,P01833,2025-11-08 11:48:01.782044,1,0.2948017,0
O034231,C07761,P00910,2025-11-08 12:01:08.041701,0,0.35604754,0
O034232,C05702,P02243,2025-11-08 12:14:14.301357,0,0.49652177,0
O034233,C07213,P01910,2025-11-08 12:27:20.561014,0,0.40720996,0
O034234,C01567,P00170,2025-11-08 12:40:26.820670,0,0.3503538,0
O034235,C04659,P02168,2025-11-08 12:53:33.080327,0,0.23639017,0
O034236,C04907,P01716,2025-11-08 13:06:39.339983,0,0.63453525,1
O034237,C07262,P01910,2025-11-08 13:19:45.599639,0,0.5137225,1
O034238,C00844,P01602,2025-11-08 13:32:51.859296,0,0.2979063,0
O034239,C02384,P00514,2025-11-08 13:45:58.118952,0,0.28893602,0
O034240,C04897,P02262,2025-11-08 13:59:04.378609,0,0.4591013,0
O034241,C04857,P01845,2025-11-08 14:12:10.638265,0,0.6678786,1
O034242,C02023,P01346,2025-11-08 14:25:16.897922,1,0.2899946,0
O034243,C06037,P01021,2025-11-08 14:38:23.157578,1,0.5809172,1
O034244,C00831,P00338,2025-11-08 14:51:29.417235,1,0.41395268,0
O034245,C05432,P01708,2025-11-08 15:04:35.676891,1,0.49371007,0
O034246,C04074,P01152,2025-11-08 15:17:41.936548,1,0.83884645,1
O034247,C04881,P02087,2025-11-08 15:30:48.196204,0,0.16511849,0
O034248,C05223,P02410,2025-11-08 15:43:54.455861,0,0.31882817,0
O034249,C03541,P02010,2025-11-08 15:57:00.715517,0,0.34919813,0
O034250,C07347,P01581,2025-11-08 16:10:06.975174,0,0.19107552,0
O034251,C04115,P00349,2025-11-08 16:23:13.234830,0,0.43912894,0
O034252,C00403,P00217,2025-11-08 16:36:19.494487,1,0.5473231,1
O034253,C07743,P00979,2025-11-08 16:49:25.754143,0,0.18648656,0
O034254,C05205,P01262,2025-11-08 17:02:32.013800,0,0.48461992,0
O034255,C02077,P00968,2025-11-08 17:15:38.273456,0,0.6689333,1
O034256,C05503,P01540,2025-11-08 17:28:44.533113,0,0.52763027,1
O034257,C01400,P00711,2025-11-08 17:41:50.792769,0,0.38843268,0
O034258,C04566,P00434,2025-11-08 17:54:57.052426,0,0.16846843,0
O034259,C01524,P01158,2025-11-08 18:08:03.312082,1,0.5812387,1
O034260,C04160,P02042,2025-11-08 18:21:09.571739,0,0.1974677,0
O034261,C00774,P01903,2025-11-08 18:34:15.831395,0,0.31581563,0
O034262,C00079,P00118,2025-11-08 18:47:22.091052,0,0.45020643,0
O034263,C06113,P00722,2025-11-08 19:00:28.350708,1,0.36921087,0
O034264,C06316,P01824,2025-11-08 19:13:34.610365,0,0.45146164,0
O034265,C05039,P00136,2025-11-08 19:26:40.870021,0,0.65173113,1
O034266,C04474,P01146,2025-11-08 19:39:47.129678,1,0.7434828,1
O034267,C00430,P02228,2025-11-08 19:52:53.389334,0,0.34067124,0
O034268,C03486,P01343,2025-11-08 20:05:59.648991,0,0.28906003,0
O034269,C05692,P02047,2025-11-08 20:19:05.908647,1,0.17950913,0
O034270,C05335,P01140,2025-11-08 20:32:12.168304,0,0.16911757,0
O034271,C01728,P00579,2025-11-08 20:45:18.427960,0,0.28146228,0
O034272,C05646,P00468,2025-11-08 20:58:24.687617,0,0.7536872,1
O034273,C04676,P02430,2025-11-08 21:11:30.947273,0,0.26772058,0
O034274,C01330,P01286,2025-11-08 21:24:37.206930,1,0.58338296,1
O034275,C00047,P00568,2025-11-08 21:37:43.466586,0,0.5821379,1
O034276,C06903,P00039,2025-11-08 21:50:49.726243,0,0.4654123,0
O034277,C01144,P00532,2025-11-08 22:03:55.985899,0,0.25262493,0
O034278,C02424,P02429,2025-11-08 22:17:02.245556,1,0.7484429,1
O034279,C07701,P01142,2025-11-08 22:30:08.505212,0,0.64029866,1
O034280,C04359,P00547,2025-11-08 22:43:14.764869,0,0.55079865,1
O034281,C01516,P01304,2025-11-08 22:56:21.024525,0,0.37992173,0
O034282,C07956,P01716,2025-11-08 23:09:27.284182,0,0.33883235,0
O034283,C07600,P02246,2025-11-08 23:22:33.543838,0,0.21021202,0
O034284,C00359,P01272,2025-11-08 23:35:39.803495,1,0.35155967,0
O034285,C02642,P01452,2025-11-08 23:48:46.063151,0,0.18039991,0
O034286,C02251,P00528,2025-11-09 00:01:52.322808,0,0.2777446,0
O034287,C03557,P01359,2025-11-09 00:14:58.582464,1,0.30143103,0
O034288,C05373,P00772,2025-11-09 00:28:04.842121,0,0.48211223,0
O034289,C06916,P01107,2025-11-09 00:41:11.101777,0,0.22586386,0
O034290,C05395,P00550,2025-11-09 00:54:17.361434,0,0.39860126,0
O034291,C02715,P00682,2025-11-09 01:07:23.621090,0,0.46215108,0
O034292,C00579,P02194,2025-11-09 01:20:29.880747,1,0.6949932,1
O034293,C07202,P00737,2025-11-09 01:33:36.140403,0,0.3062844,0
O034294,C06377,P00401,2025-11-09 01:46:42.400060,0,0.37113306,0
O034295,C03842,P00819,2025-11-09 01:59:48.659716,0,0.42911366,0
O034296,C03902,P00168,2025-11-09 02:12:54.919372,0,0.77144426,1
O034297,C02963,P01525,2025-11-09 02:26:01.179029,0,0.34525204,0
O034298,C02498,P01504,2025-11-09 02:39:07.438685,0,0.2640244,0
O034299,C05145,P01062,2025-11-09 02:52:13.698342,1,0.43771195,0
O034300,C02574,P00883,2025-11-09 03:05:19.957998,0,0.6558797,1
O034301,C03212,P02170,2025-11-09 03:18:26.217655,0,0.24441627,0
O034302,C06186,P01071,2025-11-09 03:31:32.477311,0,0.16862258,0
O034303,C00544,P02332,2025-11-09 03:44:38.736968,0,0.21137153,0
O034304,C04173,P01188,2025-11-09 03:57:44.996624,1,0.5030364,1
O034305,C07772,P02059,2025-11-09 04:10:51.256281,0,0.64454645,1
O034306,C06153,P02416,2025-11-09 04:23:57.515937,0,0.25958833,0
O034307,C04285,P01836,2025-11-09 04:37:03.775594,0,0.2592835,0
O034308,C05314,P00296,2025-11-09 04:50:10.035250,0,0.560601,1
O034309,C01492,P00817,2025-11-09 05:03:16.294907,1,0.7348579,1
O034310,C00878,P00100,2025-11-09 05:16:22.554563,0,0.48768744,0
O034311,C06134,P00539,2025-11-09 05:29:28.814220,0,0.48289824,0
O034312,C00019,P02107,2025-11-09 05:42:35.073876,0,0.40717778,0
O034313,C05635,P00934,2025-11-09 05:55:41.333533,1,0.60347694,1
O034314,C02929,P01788,2025-11-09 06:08:47.593189,0,0.25681978,0
O034315,C06017,P02432,2025-11-09 06:21:53.852846,0,0.5002394,1
O034316,C07718,P00462,2025-11-09 06:35:00.112502,0,0.27333033,0
O034317,C02615,P01117,2025-11-09 06:48:06.372159,0,0.17765298,0
O034318,C01450,P01294,2025-11-09 07:01:12.631815,0,0.43422964,0
O034319,C07780,P00500,2025-11-09 07:14:18.891472,1,0.44476247,0
O034320,C01138,P00181,2025-11-09 07:27:25.151128,0,0.40384746,0
O034321,C07049,P01554,2025-11-09 07:40:31.410785,0,0.7537669,1
O034322,C02243,P01549,2025-11-09 07:53:37.670441,0,0.51058733,1
O034323,C06104,P00957,2025-11-09 08:06:43.930098,0,0.32048652,0
O034324,C05816,P01531,2025-11-09 08:19:50.189754,0,0.09911822,0
O034325,C06109,P00182,2025-11-09 08:32:56.449411,0,0.38269666,0
O034326,C05333,P01620,2025-11-09 08:46:02.709067,1,0.7148474,1
O034327,C05065,P00556,2025-11-09 08:59:08.968724,0,0.3680497,0
O034328,C06234,P00705,2025-11-09 09:12:15.228380,0,0.6538668,1
O034329,C04472,P01570,2025-11-09 09:25:21.488037,0,0.20343886,0
O034330,C00490,P01367,2025-11-09 09:38:27.747693,0,0.7306354,1
O034331,C05014,P01004,2025-11-09 09:51:34.007350,0,0.48659298,0
O034332,C06996,P01505,2025-11-09 10:04:40.267006,0,0.48908454,0
O034333,C02243,P02422,2025-11-09 10:17:46.526663,1,0.45680255,0
O034334,C03344,P00337,2025-11-09 10:30:52.786319,0,0.35045877,0
O034335,C05436,P00795,2025-11-09 10:43:59.045976,0,0.4990434,0
O034336,C03528,P02400,2025-11-09 10:57:05.305632,1,0.5242447,1
O034337,C02257,P02056,2025-11-09 11:10:11.565289,0,0.71656895,1
O034338,C06616,P02117,2025-11-09 11:23:17.824945,0,0.68128693,1
O034339,C05120,P01334,2025-11-09 11:36:24.084602,0,0.8127923,1
O034340,C07617,P02212,2025-11-09 11:49:30.344258,0,0.68465286,1
O034341,C07174,P00750,2025-11-09 12:02:36.603915,0,0.21936223,0
O034342,C00485,P01904,2025-11-09 12:15:42.863571,0,0.5652793,1
O034343,C07893,P02003,2025-11-09 12:28:49.123228,0,0.40801957,0
O034344,C01994,P01979,2025-11-09 12:41:55.382884,1,0.30705902,0
O034345,C01437,P02388,2025-11-09 12:55:01.642541,1,0.7319975,1
O034346,C00291,P01171,2025-11-09 13:08:07.902197,0,0.37004352,0
O034347,C06609,P00296,2025-11-09 13:21:14.161854,0,0.8844158,1
O034348,C01039,P01232,2025-11-09 13:34:20.421510,0,0.17601301,0
O034349,C07133,P01717,2025-11-09 13:47:26.681167,0,0.7349622,1
O034350,C02883,P02110,2025-11-09 14:00:32.940823,0,0.52879506,1
O034351,C06845,P00631,2025-11-09 14:13:39.200480,0,0.4973856,0
O034352,C00912,P00222,2025-11-09 14:26:45.460136,0,0.10721358,0
O034353,C01292,P01821,2025-11-09 14:39:51.719792,1,0.24382742,0
O034354,C01695,P00473,2025-11-09 14:52:57.979449,0,0.25639635,0
O034355,C05318,P00464,2025-11-09 15:06:04.239105,0,0.16600041,0
O034356,C05908,P00921,2025-11-09 15:19:10.498762,0,0.2803673,0
O034357,C04760,P01876,2025-11-09 15:32:16.758418,0,0.808986,1
O034358,C06856,P01084,2025-11-09 15:45:23.018075,0,0.47542208,0
O034359,C01157,P01215,2025-11-09 15:58:29.277731,0,0.23491384,0
O034360,C02644,P02090,2025-11-09 16:11:35.537388,1,0.6361442,1
O034361,C07137,P00821,2025-11-09 16:24:41.797044,0,0.5846947,1
O034362,C03735,P02454,2025-11-09 16:37:48.056701,0,0.37983662,0
O034363,C06774,P01355,2025-11-09 16:50:54.316357,0,0.18619823,0
O034364,C01157,P02018,2025-11-09 17:04:00.576014,1,0.31502926,0
O034365,C00504,P01133,2025-11-09 17:17:06.835670,1,0.7277444,1
O034366,C01956,P00248,2025-11-09 17:30:13.095327,1,0.803659,1
O034367,C05971,P00531,2025-11-09 17:43:19.354983,0,0.29682708,0
O034368,C02704,P01366,2025-11-09 17:56:25.614640,0,0.43102312,0
O034369,C07722,P02301,2025-11-09 18:09:31.874296,0,0.27055693,0
O034370,C01387,P01796,2025-11-09 18:22:38.133953,0,0.6213487,1
O034371,C02044,P02407,2025-11-09 18:35:44.393609,0,0.3346423,0
O034372,C05625,P01389,2025-11-09 18:48:50.653266,0,0.5605971,1
O034373,C02632,P01479,2025-11-09 19:01:56.912922,0,0.5768561,1
O034374,C07819,P01110,2025-11-09 19:15:03.172579,1,0.4125291,0
O034375,C05990,P00584,2025-11-09 19:28:09.432235,0,0.58320075,1
O034376,C07130,P01064,2025-11-09 19:41:15.691892,1,0.7163971,1
O034377,C01928,P01388,2025-11-09 19:54:21.951548,0,0.60314155,1
O034378,C01257,P01564,2025-11-09 20:07:28.211205,0,0.6521605,1
O034379,C00624,P00963,2025-11-09 20:20:34.470861,0,0.4255245,0
O034380,C07949,P01587,2025-11-09 20:33:40.730518,0,0.239399,0
O034381,C06970,P02099,2025-11-09 20:46:46.990174,0,0.64116484,1
O034382,C00195,P00768,2025-11-09 20:59:53.249831,0,0.15446088,0
O034383,C03679,P02386,2025-11-09 21:12:59.509487,0,0.32423338,0
O034384,C00589,P01042,2025-11-09 21:26:05.769144,1,0.6732673,1
O034385,C03717,P01097,2025-11-09 21:39:12.028800,1,0.32069,0
O034386,C06511,P00383,2025-11-09 21:52:18.288457,1,0.4125642,0
O034387,C00591,P01624,2025-11-09 22:05:24.548113,0,0.5520175,1
O034388,C06114,P02210,2025-11-09 22:18:30.807770,1,0.34527254,0
O034389,C01806,P00966,2025-11-09 22:31:37.067426,0,0.6218754,1
O034390,C07679,P02174,2025-11-09 22:44:43.327083,0,0.2774314,0
O034391,C01049,P02385,2025-11-09 22:57:49.586739,0,0.53247803,1
O034392,C00642,P01650,2025-11-09 23:10:55.846396,0,0.5904325,1
O034393,C05793,P00749,2025-11-09 23:24:02.106052,0,0.4756868,0
O034394,C07166,P02437,2025-11-09 23:37:08.365709,0,0.40711385,0
O034395,C00154,P00723,2025-11-09 23:50:14.625365,0,0.22490579,0
O034396,C07165,P01219,2025-11-10 00:03:20.885022,0,0.5738552,1
O034397,C04733,P01172,2025-11-10 00:16:27.144678,1,0.56336164,1
O034398,C07618,P02199,2025-11-10 00:29:33.404335,0,0.36843792,0
O034399,C06793,P02402,2025-11-10 00:42:39.663991,0,0.2672694,0
O034400,C07055,P01861,2025-11-10 00:55:45.923648,1,0.545663,1
O034401,C01733,P00781,2025-11-10 01:08:52.183304,0,0.6618144,1
O034402,C00510,P00444,2025-11-10 01:21:58.442961,0,0.22107841,0
O034403,C03701,P00821,2025-11-10 01:35:04.702617,0,0.695384,1
O034404,C04445,P02168,2025-11-10 01:48:10.962274,0,0.1288728,0
O034405,C07487,P01293,2025-11-10 02:01:17.221930,0,0.6357511,1
O034406,C01033,P00422,2025-11-10 02:14:23.481587,0,0.2184257,0
O034407,C07297,P01249,2025-11-10 02:27:29.741243,0,0.2918242,0
O034408,C03812,P01554,2025-11-10 02:40:36.000900,0,0.41651365,0
O034409,C03191,P01104,2025-11-10 02:53:42.260556,0,0.21389568,0
O034410,C01099,P00433,2025-11-10 03:06:48.520213,1,0.6431312,1
O034411,C04000,P00242,2025-11-10 03:19:54.779869,0,0.31487542,0
O034412,C02977,P02385,2025-11-10 03:33:01.039525,0,0.5069548,1
O034413,C02689,P02398,2025-11-10 03:46:07.299182,0,0.26056442,0
O034414,C07092,P01658,2025-11-10 03:59:13.558838,0,0.6637796,1
O034415,C00424,P00806,2025-11-10 04:12:19.818495,0,0.63363475,1
O034416,C02400,P00320,2025-11-10 04:25:26.078151,0,0.548436,1
O034417,C00352,P00442,2025-11-10 04:38:32.337808,0,0.7690593,1
O034418,C01787,P00274,2025-11-10 04:51:38.597464,0,0.15595277,0
O034419,C04933,P00609,2025-11-10 05:04:44.857121,0,0.5370976,1
O034420,C04029,P00478,2025-11-10 05:17:51.116777,1,0.3730989,0
O034421,C00971,P01868,2025-11-10 05:30:57.376434,0,0.40296838,0
O034422,C03203,P01360,2025-11-10 05:44:03.636090,0,0.71059275,1
O034423,C01330,P02061,2025-11-10 05:57:09.895747,0,0.490106,0
O034424,C07752,P00127,2025-11-10 06:10:16.155403,1,0.3503294,0
O034425,C07442,P01076,2025-11-10 06:23:22.415060,1,0.74546796,1
O034426,C05071,P02340,2025-11-10 06:36:28.674716,0,0.31966823,0
O034427,C07683,P00191,2025-11-10 06:49:34.934373,1,0.54309744,1
O034428,C04973,P00502,2025-11-10 07:02:41.194029,0,0.2475001,0
O034429,C06733,P01709,2025-11-10 07:15:47.453686,0,0.27457073,0
O034430,C01970,P01243,2025-11-10 07:28:53.713342,0,0.22513191,0
O034431,C04138,P00975,2025-11-10 07:41:59.972999,0,0.3767134,0
O034432,C01674,P01761,2025-11-10 07:55:06.232655,0,0.23545407,0
O034433,C01665,P02207,2025-11-10 08:08:12.492312,0,0.45414114,0
O034434,C00163,P01872,2025-11-10 08:21:18.751968,1,0.41472542,0
O034435,C03752,P02012,2025-11-10 08:34:25.011625,0,0.41563794,0
O034436,C06571,P01254,2025-11-10 08:47:31.271281,0,0.49598065,0
O034437,C01889,P00355,2025-11-10 09:00:37.530938,0,0.20581225,0
O034438,C00228,P00278,2025-11-10 09:13:43.790594,0,0.21904683,0
O034439,C04831,P01011,2025-11-10 09:26:50.050251,0,0.60378796,1
O034440,C05833,P00468,2025-11-10 09:39:56.309907,0,0.52617604,1
O034441,C04239,P02010,2025-11-10 09:53:02.569564,0,0.28165442,0
O034442,C04169,P02204,2025-11-10 10:06:08.829220,0,0.3020949,0
O034443,C06520,P01633,2025-11-10 10:19:15.088877,0,0.34818533,0
O034444,C01122,P00094,2025-11-10 10:32:21.348533,0,0.36642498,0
O034445,C05575,P02112,2025-11-10 10:45:27.608190,0,0.35723767,0
O034446,C02124,P01016,2025-11-10 10:58:33.867846,0,0.5139546,1
O034447,C05434,P00339,2025-11-10 11:11:40.127503,1,0.64426595,1
O034448,C01439,P01087,2025-11-10 11:24:46.387159,0,0.24861735,0
O034449,C03385,P01064,2025-11-10 11:37:52.646816,0,0.60145473,1
O034450,C04943,P02416,2025-11-10 11:50:58.906472,0,0.3007185,0
O034451,C06018,P00487,2025-11-10 12:04:05.166129,1,0.6934062,1
O034452,C04978,P02019,2025-11-10 12:17:11.425785,0,0.2640681,0
O034453,C06556,P00226,2025-11-10 12:30:17.685442,0,0.59345686,1
O034454,C00781,P01819,2025-11-10 12:43:23.945098,1,0.5662089,1
O034455,C00458,P01628,2025-11-10 12:56:30.204755,0,0.28608248,0
O034456,C02241,P01212,2025-11-10 13:09:36.464411,0,0.41800985,0
O034457,C06958,P00272,2025-11-10 13:22:42.724068,0,0.22591001,0
O034458,C01692,P01691,2025-11-10 13:35:48.983724,0,0.21341644,0
O034459,C00553,P00040,2025-11-10 13:48:55.243381,0,0.42965287,0
O034460,C06841,P00619,2025-11-10 14:02:01.503037,0,0.68066114,1
O034461,C06462,P01874,2025-11-10 14:15:07.762694,0,0.37616825,0
O034462,C07420,P00577,2025-11-10 14:28:14.022350,1,0.45765212,0
O034463,C01304,P00952,2025-11-10 14:41:20.282007,0,0.4141933,0
O034464,C01766,P01723,2025-11-10 14:54:26.541663,1,0.6354234,1
O034465,C04499,P01055,2025-11-10 15:07:32.801320,0,0.7406117,1
O034466,C06057,P00932,2025-11-10 15:20:39.060976,0,0.2653792,0
O034467,C04047,P00552,2025-11-10 15:33:45.320633,0,0.5994201,1
O034468,C00543,P01273,2025-11-10 15:46:51.580289,0,0.22533257,0
O034469,C02778,P01520,2025-11-10 15:59:57.839946,0,0.2511899,0
O034470,C02417,P00693,2025-11-10 16:13:04.099602,1,0.64168215,1
O034471,C00691,P00825,2025-11-10 16:26:10.359258,0,0.55054283,1
O034472,C02497,P00346,2025-11-10 16:39:16.618915,0,0.63557917,1
O034473,C03726,P01196,2025-11-10 16:52:22.878571,1,0.6013027,1
O034474,C06200,P01110,2025-11-10 17:05:29.138228,1,0.3615343,0
O034475,C07105,P00241,2025-11-10 17:18:35.397884,0,0.5256176,1
O034476,C01336,P02474,2025-11-10 17:31:41.657541,0,0.6847145,1
O034477,C02054,P02286,2025-11-10 17:44:47.917197,0,0.26376295,0
O034478,C07013,P00250,2025-11-10 17:57:54.176854,0,0.29843244,0
O034479,C05212,P00049,2025-11-10 18:11:00.436510,0,0.56037444,1
O034480,C06838,P01276,2025-11-10 18:24:06.696167,0,0.4322737,0
O034481,C01194,P00604,2025-11-10 18:37:12.955823,0,0.52872866,1
O034482,C06858,P00733,2025-11-10 18:50:19.215480,0,0.3210096,0
O034483,C06504,P01903,2025-11-10 19:03:25.475136,0,0.5930085,1
O034484,C07023,P01036,2025-11-10 19:16:31.734793,0,0.3774355,0
O034485,C04658,P01697,2025-11-10 19:29:37.994449,0,0.06512959,0
O034486,C03932,P01465,2025-11-10 19:42:44.254106,1,0.41723984,0
O034487,C06369,P00680,2025-11-10 19:55:50.513762,0,0.10361624,0
O034488,C01808,P00994,2025-11-10 20:08:56.773419,0,0.18597059,0
O034489,C04923,P01124,2025-11-10 20:22:03.033075,1,0.5883517,1
O034490,C07663,P00360,2025-11-10 20:35:09.292732,0,0.42439625,0
O034491,C04121,P02112,2025-11-10 20:48:15.552388,1,0.4319184,0
O034492,C01085,P00879,2025-11-10 21:01:21.812045,0,0.39907676,0
O034493,C06115,P00957,2025-11-10 21:14:28.071701,0,0.410084,0
O034494,C05330,P01363,2025-11-10 21:27:34.331358,0,0.7189606,1
O034495,C02469,P01103,2025-11-10 21:40:40.591014,0,0.3241994,0
O034496,C02000,P01850,2025-11-10 21:53:46.850671,0,0.30897096,0
O034497,C04704,P02331,2025-11-10 22:06:53.110327,0,0.637772,1
O034498,C05477,P00479,2025-11-10 22:19:59.369984,0,0.5122126,1
O034499,C05931,P01516,2025-11-10 22:33:05.629640,0,0.10970457,0
O034500,C07325,P01361,2025-11-10 22:46:11.889297,0,0.35218665,0
O034501,C06475,P01004,2025-11-10 22:59:18.148953,1,0.74512225,1
O034502,C03139,P02209,2025-11-10 23:12:24.408610,0,0.23059112,0
O034503,C05185,P01182,2025-11-10 23:25:30.668266,1,0.41674688,0
O034504,C06373,P02459,2025-11-10 23:38:36.927923,0,0.20677637,0
O034505,C03990,P00436,2025-11-10 23:51:43.187579,0,0.7403786,1
O034506,C03958,P00776,2025-11-11 00:04:49.447236,0,0.32596454,0
O034507,C00740,P01257,2025-11-11 00:17:55.706892,0,0.591021,1
O034508,C06295,P00558,2025-11-11 00:31:01.966549,0,0.63701874,1
O034509,C04824,P00458,2025-11-11 00:44:08.226205,0,0.50953025,1
O034510,C04207,P02091,2025-11-11 00:57:14.485862,1,0.41537368,0
O034511,C04616,P01502,2025-11-11 01:10:20.745518,0,0.81664413,1
O034512,C02793,P02393,2025-11-11 01:23:27.005175,0,0.43165532,0
O034513,C00756,P00425,2025-11-11 01:36:33.264831,0,0.4516264,0
O034514,C03677,P02251,2025-11-11 01:49:39.524488,0,0.35919896,0
O034515,C00501,P01880,2025-11-11 02:02:45.784144,0,0.31835622,0
O034516,C02459,P00944,2025-11-11 02:15:52.043801,0,0.39063853,0
O034517,C02428,P01970,2025-11-11 02:28:58.303457,1,0.2619978,0
O034518,C05141,P01806,2025-11-11 02:42:04.563114,0,0.60345155,1
O034519,C02542,P02398,2025-11-11 02:55:10.822770,1,0.37910876,0
O034520,C07838,P00653,2025-11-11 03:08:17.082427,0,0.46543977,0
O034521,C05356,P00107,2025-11-11 03:21:23.342083,1,0.6760645,1
O034522,C03310,P01475,2025-11-11 03:34:29.601740,0,0.51840234,1
O034523,C07684,P01967,2025-11-11 03:47:35.861396,0,0.2769291,0
O034524,C04687,P01586,2025-11-11 04:00:42.121053,0,0.546919,1
O034525,C05671,P02058,2025-11-11 04:13:48.380709,0,0.32927698,0
O034526,C01759,P01857,2025-11-11 04:26:54.640366,0,0.40473887,0
O034527,C00799,P01665,2025-11-11 04:40:00.900022,0,0.38571462,0
O034528,C04465,P02460,2025-11-11 04:53:07.159678,0,0.5733004,1
O034529,C02724,P01910,2025-11-11 05:06:13.419335,0,0.5314749,1
O034530,C02977,P01883,2025-11-11 05:19:19.678991,0,0.47776362,0
O034531,C05032,P00063,2025-11-11 05:32:25.938648,0,0.24803285,0
O034532,C07618,P00004,2025-11-11 05:45:32.198304,0,0.3369741,0
O034533,C07207,P02125,2025-11-11 05:58:38.457961,0,0.26024365,0
O034534,C06034,P01121,2025-11-11 06:11:44.717617,1,0.66260016,1
O034535,C06895,P01713,2025-11-11 06:24:50.977274,0,0.51449245,1
O034536,C04878,P01813,2025-11-11 06:37:57.236930,1,0.6094928,1
O034537,C00786,P01745,2025-11-11 06:51:03.496587,0,0.34180054,0
O034538,C04083,P02270,2025-11-11 07:04:09.756243,0,0.6076845,1
O034539,C01038,P00073,2025-11-11 07:17:16.015900,0,0.6278227,1
O034540,C04370,P00422,2025-11-11 07:30:22.275556,1,0.40046692,0
O034541,C02449,P02292,2025-11-11 07:43:28.535213,0,0.27149552,0
O034542,C00710,P00241,2025-11-11 07:56:34.794869,0,0.29619431,0
O034543,C07619,P00920,2025-11-11 08:09:41.054526,0,0.44801667,0
O034544,C00222,P00947,2025-11-11 08:22:47.314182,0,0.39651674,0
O034545,C02556,P00355,2025-11-11 08:35:53.573839,0,0.30752957,0
O034546,C04810,P01690,2025-11-11 08:48:59.833495,0,0.56278396,1
O034547,C06408,P01020,2025-11-11 09:02:06.093152,0,0.64678407,1
O034548,C04925,P01565,2025-11-11 09:15:12.352808,0,0.66586995,1
O034549,C04500,P01983,2025-11-11 09:28:18.612465,0,0.64439005,1
O034550,C01808,P00584,2025-11-11 09:41:24.872121,0,0.5312281,1
O034551,C04252,P00668,2025-11-11 09:54:31.131778,0,0.31002384,0
O034552,C06294,P00995,2025-11-11 10:07:37.391434,0,0.5487711,1
O034553,C04936,P02427,2025-11-11 10:20:43.651091,0,0.6886168,1
O034554,C00744,P01759,2025-11-11 10:33:49.910747,0,0.37627977,0
O034555,C02595,P01116,2025-11-11 10:46:56.170404,0,0.6542381,1
O034556,C05844,P01460,2025-11-11 11:00:02.430060,0,0.4319061,0
O034557,C00611,P00256,2025-11-11 11:13:08.689717,1,0.43790898,0
O034558,C04346,P01925,2025-11-11 11:26:14.949373,1,0.8430827,1
O034559,C05173,P00581,2025-11-11 11:39:21.209030,0,0.5512376,1
O034560,C02611,P00285,2025-11-11 11:52:27.468686,0,0.2602202,0
O034561,C04726,P01713,2025-11-11 12:05:33.728343,0,0.32053697,0
O034562,C07184,P02466,2025-11-11 12:18:39.987999,0,0.3333582,0
O034563,C00853,P02040,2025-11-11 12:31:46.247656,0,0.45194903,0
O034564,C06030,P01473,2025-11-11 12:44:52.507312,1,0.57206255,1
O034565,C06937,P01455,2025-11-11 12:57:58.766969,1,0.5708315,1
O034566,C07521,P00001,2025-11-11 13:11:05.026625,0,0.65167236,1
O034567,C06345,P01539,2025-11-11 13:24:11.286282,1,0.3394822,0
O034568,C02315,P01792,2025-11-11 13:37:17.545938,1,0.7062211,1
O034569,C02851,P01062,2025-11-11 13:50:23.805595,1,0.5483845,1
O034570,C04979,P00139,2025-11-11 14:03:30.065251,0,0.18759207,0
O034571,C06642,P02263,2025-11-11 14:16:36.324908,1,0.68439806,1
O034572,C06015,P00498,2025-11-11 14:29:42.584564,0,0.28723118,0
O034573,C05910,P02170,2025-11-11 14:42:48.844221,0,0.38611934,0
O034574,C04192,P01606,2025-11-11 14:55:55.103877,0,0.3589141,0
O034575,C04927,P01498,2025-11-11 15:09:01.363534,0,0.20850703,0
O034576,C07067,P00801,2025-11-11 15:22:07.623190,1,0.78497374,1
O034577,C05701,P00855,2025-11-11 15:35:13.882847,0,0.3969465,0
O034578,C02543,P02143,2025-11-11 15:48:20.142503,1,0.69535613,1
O034579,C01629,P02363,2025-11-11 16:01:26.402160,1,0.5848255,1
O034580,C05174,P02221,2025-11-11 16:14:32.661816,0,0.41344357,0
O034581,C02190,P01849,2025-11-11 16:27:38.921473,0,0.7044928,1
O034582,C04820,P01730,2025-11-11 16:40:45.181129,0,0.60890615,1
O034583,C04153,P01913,2025-11-11 16:53:51.440786,0,0.25793567,0
O034584,C05219,P02274,2025-11-11 17:06:57.700442,1,0.4475766,0
O034585,C00794,P00786,2025-11-11 17:20:03.960099,0,0.8292409,1
O034586,C04030,P00117,2025-11-11 17:33:10.219755,0,0.29509616,0
O034587,C05464,P01116,2025-11-11 17:46:16.479411,0,0.3997132,0
O034588,C06231,P01028,2025-11-11 17:59:22.739068,0,0.58301556,1
O034589,C05091,P01446,2025-11-11 18:12:28.998724,0,0.7224007,1
O034590,C05810,P01214,2025-11-11 18:25:35.258381,0,0.5344327,1
O034591,C03965,P01738,2025-11-11 18:38:41.518037,0,0.32576895,0
O034592,C04596,P00837,2025-11-11 18:51:47.777694,0,0.71017957,1
O034593,C07885,P01836,2025-11-11 19:04:54.037350,1,0.31543094,0
O034594,C00298,P00739,2025-11-11 19:18:00.297007,0,0.49806464,0
O034595,C03154,P01031,2025-11-11 19:31:06.556663,1,0.7060622,1
O034596,C02683,P00679,2025-11-11 19:44:12.816320,0,0.41851026,0
O034597,C05297,P01105,2025-11-11 19:57:19.075976,1,0.6929497,1
O034598,C01381,P01484,2025-11-11 20:10:25.335633,0,0.5243198,1
O034599,C06541,P01215,2025-11-11 20:23:31.595289,1,0.6744349,1
O034600,C00396,P01163,2025-11-11 20:36:37.854946,0,0.40788546,0
O034601,C03350,P01438,2025-11-11 20:49:44.114602,0,0.32582653,0
O034602,C06595,P02005,2025-11-11 21:02:50.374259,0,0.75345063,1
O034603,C06000,P00359,2025-11-11 21:15:56.633915,0,0.35170162,0
O034604,C02460,P01174,2025-11-11 21:29:02.893572,0,0.18398678,0
O034605,C06095,P00144,2025-11-11 21:42:09.153228,0,0.5296312,1
O034606,C07797,P00390,2025-11-11 21:55:15.412885,0,0.38886672,0
O034607,C02408,P02476,2025-11-11 22:08:21.672541,0,0.35160947,0
O034608,C05611,P01877,2025-11-11 22:21:27.932198,1,0.38725922,0
O034609,C07060,P02105,2025-11-11 22:34:34.191854,0,0.72345275,1
O034610,C00659,P00170,2025-11-11 22:47:40.451511,0,0.21419185,0
O034611,C03280,P01063,2025-11-11 23:00:46.711167,0,0.623424,1
O034612,C01518,P01227,2025-11-11 23:13:52.970824,0,0.22018282,0
O034613,C05251,P01861,2025-11-11 23:26:59.230480,1,0.70633155,1
O034614,C06347,P00667,2025-11-11 23:40:05.490137,0,0.2989636,0
O034615,C02366,P00143,2025-11-11 23:53:11.749793,1,0.30113152,0
O034616,C04025,P01587,2025-11-12 00:06:18.009450,0,0.33991316,0
O034617,C04742,P00670,2025-11-12 00:19:24.269106,0,0.41356784,0
O034618,C00337,P01450,2025-11-12 00:32:30.528763,0,0.26398945,0
O034619,C04348,P02333,2025-11-12 00:45:36.788419,0,0.45880625,0
O034620,C03192,P00719,2025-11-12 00:58:43.048076,1,0.40736538,0
O034621,C00795,P02434,2025-11-12 01:11:49.307732,1,0.61624146,1
O034622,C05093,P01891,2025-11-12 01:24:55.567389,0,0.30785018,0
O034623,C00183,P00310,2025-11-12 01:38:01.827045,0,0.39647084,0
O034624,C03690,P00786,2025-11-12 01:51:08.086702,1,0.34743884,0
O034625,C02117,P02225,2025-11-12 02:04:14.346358,1,0.24121942,0
O034626,C05504,P01775,2025-11-12 02:17:20.606015,0,0.4766294,0
O034627,C04762,P01302,2025-11-12 02:30:26.865671,0,0.3492845,0
O034628,C01490,P00209,2025-11-12 02:43:33.125328,0,0.5345984,1
O034629,C05141,P01433,2025-11-12 02:56:39.384984,0,0.5519107,1
O034630,C03245,P02064,2025-11-12 03:09:45.644641,0,0.36616594,0
O034631,C02083,P01682,2025-11-12 03:22:51.904297,0,0.23410448,0
O034632,C01729,P02285,2025-11-12 03:35:58.163954,0,0.6611342,1
O034633,C02485,P00296,2025-11-12 03:49:04.423610,0,0.6217544,1
O034634,C03985,P00054,2025-11-12 04:02:10.683267,0,0.5921406,1
O034635,C01958,P02433,2025-11-12 04:15:16.942923,1,0.6412586,1
O034636,C01835,P02358,2025-11-12 04:28:23.202580,0,0.47944734,0
O034637,C04299,P00945,2025-11-12 04:41:29.462236,0,0.21517214,0
O034638,C06143,P00748,2025-11-12 04:54:35.721893,0,0.53319263,1
O034639,C01316,P01264,2025-11-12 05:07:41.981549,0,0.2963046,0
O034640,C00015,P01081,2025-11-12 05:20:48.241206,0,0.28472447,0
O034641,C05617,P00379,2025-11-12 05:33:54.500862,0,0.28198674,0
O034642,C07887,P01255,2025-11-12 05:47:00.760519,0,0.47570595,0
O034643,C07076,P02241,2025-11-12 06:00:07.020175,0,0.4694311,0
O034644,C00907,P02026,2025-11-12 06:13:13.279831,0,0.21505705,0
O034645,C05916,P00370,2025-11-12 06:26:19.539488,0,0.10146544,0
O034646,C05919,P00727,2025-11-12 06:39:25.799144,0,0.20508039,0
O034647,C04419,P01282,2025-11-12 06:52:32.058801,0,0.16824281,0
O034648,C04839,P01377,2025-11-12 07:05:38.318457,1,0.65486366,1
O034649,C06242,P02476,2025-11-12 07:18:44.578114,0,0.28863826,0
O034650,C06555,P00414,2025-11-12 07:31:50.837770,1,0.551607,1
O034651,C01621,P00228,2025-11-12 07:44:57.097427,0,0.41996196,0
O034652,C07301,P01834,2025-11-12 07:58:03.357083,0,0.30368525,0
O034653,C01878,P02147,2025-11-12 08:11:09.616740,0,0.4213555,0
O034654,C04820,P01678,2025-11-12 08:24:15.876396,0,0.20151329,0
O034655,C07825,P01430,2025-11-12 08:37:22.136053,1,0.714883,1
O034656,C02168,P01223,2025-11-12 08:50:28.395709,1,0.2774326,0
O034657,C04567,P01288,2025-11-12 09:03:34.655366,0,0.24408126,0
O034658,C02369,P02433,2025-11-12 09:16:40.915022,0,0.70447415,1
O034659,C05278,P00267,2025-11-12 09:29:47.174679,1,0.39035958,0
O034660,C03157,P00916,2025-11-12 09:42:53.434335,0,0.39865202,0
O034661,C01720,P01497,2025-11-12 09:55:59.693992,0,0.56056595,1
O034662,C03263,P00126,2025-11-12 10:09:05.953648,0,0.6398382,1
O034663,C04283,P01655,2025-11-12 10:22:12.213305,0,0.42668056,0
O034664,C06606,P02214,2025-11-12 10:35:18.472961,1,0.6919852,1
O034665,C05056,P01851,2025-11-12 10:48:24.732618,0,0.28147572,0
O034666,C07273,P01451,2025-11-12 11:01:30.992274,0,0.2617465,0
O034667,C00515,P02117,2025-11-12 11:14:37.251931,0,0.43539697,0
O034668,C04647,P02253,2025-11-12 11:27:43.511587,1,0.5017788,1
O034669,C07464,P00816,2025-11-12 11:40:49.771244,1,0.26534337,0
O034670,C02314,P02222,2025-11-12 11:53:56.030900,0,0.24159068,0
O034671,C01334,P00760,2025-11-12 12:07:02.290557,0,0.5516307,1
O034672,C04279,P02006,2025-11-12 12:20:08.550213,0,0.5475715,1
O034673,C01048,P00258,2025-11-12 12:33:14.809870,0,0.42681894,0
O034674,C05690,P00194,2025-11-12 12:46:21.069526,0,0.34066796,0
O034675,C01919,P00663,2025-11-12 12:59:27.329183,0,0.4087015,0
O034676,C07525,P02088,2025-11-12 13:12:33.588839,0,0.25723964,0
O034677,C03506,P01163,2025-11-12 13:25:39.848496,0,0.6650108,1
O034678,C02968,P02499,2025-11-12 13:38:46.108152,0,0.35099214,0
O034679,C00542,P01088,2025-11-12 13:51:52.367809,1,0.23032452,0
O034680,C07093,P01584,2025-11-12 14:04:58.627465,0,0.630697,1
O034681,C05851,P00704,2025-11-12 14:18:04.887122,0,0.5490983,1
O034682,C05046,P02495,2025-11-12 14:31:11.146778,0,0.28705665,0
O034683,C06907,P00070,2025-11-12 14:44:17.406435,0,0.35384533,0
O034684,C06981,P01360,2025-11-12 14:57:23.666091,0,0.55447847,1
O034685,C06177,P01615,2025-11-12 15:10:29.925748,0,0.51093084,1
O034686,C06826,P00102,2025-11-12 15:23:36.185404,0,0.6217093,1
O034687,C02920,P00703,2025-11-12 15:36:42.445061,0,0.5832757,1
O034688,C02277,P01017,2025-11-12 15:49:48.704717,0,0.60132813,1
O034689,C07560,P00136,2025-11-12 16:02:54.964374,0,0.40820706,0
O034690,C04500,P00675,2025-11-12 16:16:01.224030,0,0.45129436,0
O034691,C07370,P00974,2025-11-12 16:29:07.483687,1,0.19636732,0
O034692,C01117,P00196,2025-11-12 16:42:13.743343,0,0.49837902,0
O034693,C03475,P02494,2025-11-12 16:55:20.003000,0,0.52011067,1
O034694,C05232,P00920,2025-11-12 17:08:26.262656,0,0.2398623,0
O034695,C05188,P01967,2025-11-12 17:21:32.522313,0,0.6296309,1
O034696,C01700,P00298,2025-11-12 17:34:38.781969,0,0.21920805,0
O034697,C07808,P01841,2025-11-12 17:47:45.041626,0,0.5147277,1
O034698,C01876,P01368,2025-11-12 18:00:51.301282,1,0.61549413,1
O034699,C03364,P00050,2025-11-12 18:13:57.560939,1,0.43606946,0
O034700,C02209,P01707,2025-11-12 18:27:03.820595,1,0.75462735,1
O034701,C02461,P00126,2025-11-12 18:40:10.080252,0,0.5912996,1
O034702,C07901,P00136,2025-11-12 18:53:16.339908,0,0.7425988,1
O034703,C00174,P00607,2025-11-12 19:06:22.599564,0,0.42338252,0
O034704,C04108,P01337,2025-11-12 19:19:28.859221,0,0.6283132,1
O034705,C03376,P00126,2025-11-12 19:32:35.118877,1,0.49530953,0
O034706,C02766,P01773,2025-11-12 19:45:41.378534,0,0.26475394,0
O034707,C01773,P01145,2025-11-12 19:58:47.638190,0,0.6245452,1
O034708,C03978,P00394,2025-11-12 20:11:53.897847,0,0.54413754,1
O034709,C03380,P00587,2025-11-12 20:25:00.157503,0,0.32633048,0
O034710,C05823,P02376,2025-11-12 20:38:06.417160,0,0.27271155,0
O034711,C00638,P02401,2025-11-12 20:51:12.676816,0,0.2662302,0
O034712,C04011,P02335,2025-11-12 21:04:18.936473,0,0.21975064,0
O034713,C03459,P02259,2025-11-12 21:17:25.196129,1,0.3844677,0
O034714,C03007,P02117,2025-11-12 21:30:31.455786,0,0.5814708,1
O034715,C00362,P00777,2025-11-12 21:43:37.715442,0,0.74249005,1
O034716,C02766,P01705,2025-11-12 21:56:43.975099,0,0.24767338,0
O034717,C07092,P01142,2025-11-12 22:09:50.234755,0,0.34655505,0
O034718,C03635,P00833,2025-11-12 22:22:56.494412,0,0.16051549,0
O034719,C02313,P00179,2025-11-12 22:36:02.754068,0,0.36716884,0
O034720,C01194,P01057,2025-11-12 22:49:09.013725,0,0.32873178,0
O034721,C03767,P01688,2025-11-12 23:02:15.273381,1,0.72101736,1
O034722,C02097,P02225,2025-11-12 23:15:21.533038,0,0.36321118,0
O034723,C01279,P00535,2025-11-12 23:28:27.792694,0,0.75495875,1
O034724,C03877,P01077,2025-11-12 23:41:34.052351,0,0.15786232,0
O034725,C05712,P01155,2025-11-12 23:54:40.312007,1,0.58408886,1
O034726,C01746,P00842,2025-11-13 00:07:46.571664,0,0.21257697,0
O034727,C02732,P01106,2025-11-13 00:20:52.831320,0,0.23850293,0
O034728,C06187,P01304,2025-11-13 00:33:59.090977,0,0.3764935,0
O034729,C00141,P02165,2025-11-13 00:47:05.350633,0,0.3887716,0
O034730,C00792,P01285,2025-11-13 01:00:11.610290,0,0.19045673,0
O034731,C02393,P01054,2025-11-13 01:13:17.869946,0,0.28723997,0
O034732,C06160,P01977,2025-11-13 01:26:24.129603,1,0.5611096,1
O034733,C00549,P01365,2025-11-13 01:39:30.389259,0,0.2836351,0
O034734,C05945,P00972,2025-11-13 01:52:36.648916,1,0.6563959,1
O034735,C04444,P02008,2025-11-13 02:05:42.908572,0,0.47984928,0
O034736,C07212,P00784,2025-11-13 02:18:49.168229,0,0.2886883,0
O034737,C07801,P01376,2025-11-13 02:31:55.427885,1,0.395006,0
O034738,C03553,P01156,2025-11-13 02:45:01.687542,0,0.21416971,0
O034739,C05591,P00110,2025-11-13 02:58:07.947198,0,0.34357506,0
O034740,C01986,P02028,2025-11-13 03:11:14.206855,1,0.46450278,0
O034741,C03729,P01238,2025-11-13 03:24:20.466511,0,0.37338185,0
O034742,C05372,P02293,2025-11-13 03:37:26.726168,0,0.47860378,0
O034743,C01116,P00630,2025-11-13 03:50:32.985824,0,0.71628624,1
O034744,C07113,P01058,2025-11-13 04:03:39.245481,1,0.59487027,1
O034745,C02420,P00851,2025-11-13 04:16:45.505137,0,0.34611169,0
O034746,C00037,P01279,2025-11-13 04:29:51.764794,0,0.640647,1
O034747,C03632,P00164,2025-11-13 04:42:58.024450,0,0.3760935,0
O034748,C03153,P01955,2025-11-13 04:56:04.284107,0,0.35509387,0
O034749,C04200,P02275,2025-11-13 05:09:10.543763,0,0.63158315,1
O034750,C00130,P00768,2025-11-13 05:22:16.803420,0,0.24203908,0
O034751,C02928,P01823,2025-11-13 05:35:23.063076,1,0.41081375,0
O034752,C00998,P00499,2025-11-13 05:48:29.322733,1,0.27322856,0
O034753,C01716,P00327,2025-11-13 06:01:35.582389,0,0.18725346,0
O034754,C05190,P01821,2025-11-13 06:14:41.842046,0,0.26618016,0
O034755,C06449,P00206,2025-11-13 06:27:48.101702,0,0.44889563,0
O034756,C05472,P01082,2025-11-13 06:40:54.361359,0,0.35908976,0
O034757,C03550,P02323,2025-11-13 06:54:00.621015,0,0.288706,0
O034758,C05831,P00723,2025-11-13 07:07:06.880672,0,0.547681,1
O034759,C01792,P01451,2025-11-13 07:20:13.140328,0,0.4422758,0
O034760,C07117,P00611,2025-11-13 07:33:19.399985,1,0.18912955,0
O034761,C06209,P02417,2025-11-13 07:46:25.659641,0,0.25801107,0
O034762,C00173,P01305,2025-11-13 07:59:31.919297,0,0.2899673,0
O034763,C06056,P01789,2025-11-13 08:12:38.178954,0,0.42001414,0
O034764,C05615,P01047,2025-11-13 08:25:44.438610,0,0.42527503,0
O034765,C00682,P01857,2025-11-13 08:38:50.698267,0,0.42816666,0
O034766,C02033,P02463,2025-11-13 08:51:56.957923,0,0.53146785,1
O034767,C07190,P00240,2025-11-13 09:05:03.217580,1,0.41794947,0
O034768,C06125,P02114,2025-11-13 09:18:09.477236,0,0.5715377,1
O034769,C05905,P01121,2025-11-13 09:31:15.736893,1,0.6216097,1
O034770,C06323,P02197,2025-11-13 09:44:21.996549,1,0.17317751,0
O034771,C04250,P00221,2025-11-13 09:57:28.256206,1,0.745688,1
O034772,C01959,P02352,2025-11-13 10:10:34.515862,1,0.6826498,1
O034773,C05041,P00147,2025-11-13 10:23:40.775519,1,0.49512377,0
O034774,C06135,P00043,2025-11-13 10:36:47.035175,0,0.50400513,1
O034775,C04292,P01506,2025-11-13 10:49:53.294832,1,0.6469843,1
O034776,C00362,P01150,2025-11-13 11:02:59.554488,0,0.4488121,0
O034777,C06725,P01815,2025-11-13 11:16:05.814145,0,0.40483782,0
O034778,C07584,P00369,2025-11-13 11:29:12.073801,1,0.33620754,0
O034779,C01567,P01959,2025-11-13 11:42:18.333458,0,0.48271245,0
O034780,C06410,P01764,2025-11-13 11:55:24.593114,0,0.2721795,0
O034781,C07759,P00315,2025-11-13 12:08:30.852771,0,0.2771349,0
O034782,C04124,P01964,2025-11-13 12:21:37.112427,0,0.49626938,0
O034783,C01431,P00395,2025-11-13 12:34:43.372084,0,0.58296627,1
O034784,C05453,P00252,2025-11-13 12:47:49.631740,0,0.29256114,0
O034785,C06059,P00719,2025-11-13 13:00:55.891397,0,0.30569357,0
O034786,C06078,P01302,2025-11-13 13:14:02.151053,0,0.2415091,0
O034787,C01450,P01049,2025-11-13 13:27:08.410710,0,0.21026294,0
O034788,C04253,P01651,2025-11-13 13:40:14.670366,0,0.6076601,1
O034789,C02237,P02142,2025-11-13 13:53:20.930023,0,0.6771498,1
O034790,C00394,P01352,2025-11-13 14:06:27.189679,1,0.53224826,1
O034791,C01826,P00752,2025-11-13 14:19:33.449336,1,0.22753556,0
O034792,C05917,P00125,2025-11-13 14:32:39.708992,0,0.42445004,0
O034793,C00858,P00739,2025-11-13 14:45:45.968649,0,0.41660747,0
O034794,C07765,P00873,2025-11-13 14:58:52.228305,0,0.45903015,0
O034795,C00849,P01993,2025-11-13 15:11:58.487962,0,0.2973345,0
O034796,C00035,P01878,2025-11-13 15:25:04.747618,0,0.6350348,1
O034797,C04216,P01187,2025-11-13 15:38:11.007275,1,0.5960349,1
O034798,C03096,P00527,2025-11-13 15:51:17.266931,0,0.27439296,0
O034799,C02627,P02056,2025-11-13 16:04:23.526588,1,0.54723823,1
O034800,C02403,P00479,2025-11-13 16:17:29.786244,0,0.7088762,1
O034801,C05852,P00865,2025-11-13 16:30:36.045901,0,0.47515172,0
O034802,C03421,P01399,2025-11-13 16:43:42.305557,0,0.72872025,1
O034803,C06858,P02157,2025-11-13 16:56:48.565214,0,0.26594782,0
O034804,C04660,P02071,2025-11-13 17:09:54.824870,0,0.21192032,0
O034805,C05921,P01765,2025-11-13 17:23:01.084527,1,0.605847,1
O034806,C06341,P01850,2025-11-13 17:36:07.344183,0,0.1642705,0
O034807,C07257,P01287,2025-11-13 17:49:13.603840,0,0.21989433,0
O034808,C03363,P01707,2025-11-13 18:02:19.863496,1,0.4282656,0
O034809,C04941,P02171,2025-11-13 18:15:26.123153,0,0.49207562,0
O034810,C03598,P02151,2025-11-13 18:28:32.382809,0,0.3790141,0
O034811,C00204,P01703,2025-11-13 18:41:38.642466,1,0.43738365,0
O034812,C04181,P01525,2025-11-13 18:54:44.902122,0,0.37280428,0
O034813,C04855,P01463,2025-11-13 19:07:51.161779,0,0.53908956,1
O034814,C07730,P01098,2025-11-13 19:20:57.421435,0,0.50591904,1
O034815,C04031,P01351,2025-11-13 19:34:03.681092,0,0.5500102,1
O034816,C05342,P01543,2025-11-13 19:47:09.940748,0,0.49216408,0
O034817,C01458,P02165,2025-11-13 20:00:16.200405,1,0.529716,1
O034818,C03702,P01591,2025-11-13 20:13:22.460061,0,0.5636913,1
O034819,C07880,P00048,2025-11-13 20:26:28.719717,0,0.23604949,0
O034820,C07785,P01611,2025-11-13 20:39:34.979374,0,0.27504802,0
O034821,C04530,P00781,2025-11-13 20:52:41.239030,0,0.5076889,1
O034822,C07823,P02250,2025-11-13 21:05:47.498687,0,0.2629077,0
O034823,C00041,P01817,2025-11-13 21:18:53.758343,0,0.29513785,0
O034824,C01206,P02444,2025-11-13 21:32:00.018000,0,0.12900144,0
O034825,C02327,P01004,2025-11-13 21:45:06.277656,1,0.4328933,0
O034826,C06839,P01443,2025-11-13 21:58:12.537313,0,0.46028078,0
O034827,C07964,P01904,2025-11-13 22:11:18.796969,0,0.44333956,0
O034828,C07365,P01622,2025-11-13 22:24:25.056626,0,0.12776223,0
O034829,C00279,P00889,2025-11-13 22:37:31.316282,1,0.7742665,1
O034830,C06917,P00521,2025-11-13 22:50:37.575939,0,0.5625921,1
O034831,C06680,P01864,2025-11-13 23:03:43.835595,0,0.299862,0
O034832,C06937,P01927,2025-11-13 23:16:50.095252,0,0.33231944,0
O034833,C04089,P00741,2025-11-13 23:29:56.354908,0,0.23763485,0
O034834,C07427,P00360,2025-11-13 23:43:02.614565,0,0.5033842,1
O034835,C06994,P01838,2025-11-13 23:56:08.874221,0,0.42254022,0
O034836,C01602,P01243,2025-11-14 00:09:15.133878,0,0.27387595,0
O034837,C04434,P02195,2025-11-14 00:22:21.393534,0,0.27918047,0
O034838,C03005,P00365,2025-11-14 00:35:27.653191,0,0.42524183,0
O034839,C00393,P01154,2025-11-14 00:48:33.912847,0,0.34570995,0
O034840,C05855,P01373,2025-11-14 01:01:40.172504,1,0.14897098,0
O034841,C05341,P01486,2025-11-14 01:14:46.432160,0,0.4806748,0
O034842,C01619,P01344,2025-11-14 01:27:52.691817,0,0.42114538,0
O034843,C01349,P01901,2025-11-14 01:40:58.951473,0,0.37443972,0
O034844,C02215,P01326,2025-11-14 01:54:05.211130,0,0.74006814,1
O034845,C07143,P01360,2025-11-14 02:07:11.470786,1,0.7961322,1
O034846,C01738,P00521,2025-11-14 02:20:17.730443,1,0.5622737,1
O034847,C06729,P01873,2025-11-14 02:33:23.990099,1,0.5944761,1
O034848,C04137,P01358,2025-11-14 02:46:30.249756,0,0.8238594,1
O034849,C03863,P02297,2025-11-14 02:59:36.509412,0,0.48976746,0
O034850,C05632,P01951,2025-11-14 03:12:42.769069,0,0.14482644,0
O034851,C03817,P00595,2025-11-14 03:25:49.028725,0,0.26596227,0
O034852,C07794,P00659,2025-11-14 03:38:55.288382,0,0.32106304,0
O034853,C03523,P00157,2025-11-14 03:52:01.548038,0,0.38102672,0
O034854,C01010,P01276,2025-11-14 04:05:07.807695,0,0.40036884,0
O034855,C04810,P01605,2025-11-14 04:18:14.067351,0,0.29825068,0
O034856,C00012,P01727,2025-11-14 04:31:20.327008,0,0.13882533,0
O034857,C02997,P02099,2025-11-14 04:44:26.586664,1,0.32609642,0
O034858,C02989,P01981,2025-11-14 04:57:32.846321,0,0.20006423,0
O034859,C02644,P02154,2025-11-14 05:10:39.105977,0,0.589333,1
O034860,C00128,P01592,2025-11-14 05:23:45.365634,1,0.5835159,1
O034861,C05804,P00881,2025-11-14 05:36:51.625290,0,0.60255605,1
O034862,C01666,P01947,2025-11-14 05:49:57.884947,0,0.67229414,1
O034863,C01458,P00441,2025-11-14 06:03:04.144603,1,0.74415785,1
O034864,C02235,P00688,2025-11-14 06:16:10.404260,0,0.3231316,0
O034865,C00916,P01927,2025-11-14 06:29:16.663916,0,0.33935004,0
O034866,C03034,P00762,2025-11-14 06:42:22.923573,0,0.3334977,0
O034867,C02827,P00213,2025-11-14 06:55:29.183229,0,0.4252745,0
O034868,C00868,P00872,2025-11-14 07:08:35.442886,0,0.37740818,0
O034869,C07489,P00154,2025-11-14 07:21:41.702542,0,0.41473854,0
O034870,C01567,P02221,2025-11-14 07:34:47.962199,0,0.474013,0
O034871,C02130,P02489,2025-11-14 07:47:54.221855,0,0.36816156,0
O034872,C06300,P01709,2025-11-14 08:01:00.481512,1,0.28252572,0
O034873,C04748,P00137,2025-11-14 08:14:06.741168,0,0.6268682,1
O034874,C07296,P02358,2025-11-14 08:27:13.000825,0,0.45950028,0
O034875,C03303,P00001,2025-11-14 08:40:19.260481,0,0.33958814,0
O034876,C04894,P00913,2025-11-14 08:53:25.520138,0,0.39213565,0
O034877,C04187,P00212,2025-11-14 09:06:31.779794,0,0.44666165,0
O034878,C00981,P01067,2025-11-14 09:19:38.039450,0,0.35471615,0
O034879,C04623,P01118,2025-11-14 09:32:44.299107,0,0.17158929,0
O034880,C03703,P01629,2025-11-14 09:45:50.558763,0,0.7016985,1
O034881,C07297,P00446,2025-11-14 09:58:56.818420,0,0.22399773,0
O034882,C04804,P02394,2025-11-14 10:12:03.078076,1,0.49547,0
O034883,C02147,P02490,2025-11-14 10:25:09.337733,0,0.50531757,1
O034884,C07945,P00539,2025-11-14 10:38:15.597389,0,0.5261125,1
O034885,C04761,P00239,2025-11-14 10:51:21.857046,0,0.27973002,0
O034886,C07026,P00786,2025-11-14 11:04:28.116702,0,0.39289427,0
O034887,C03430,P00256,2025-11-14 11:17:34.376359,0,0.53207463,1
O034888,C07695,P00643,2025-11-14 11:30:40.636015,0,0.23282918,0
O034889,C00161,P00543,2025-11-14 11:43:46.895672,0,0.7558557,1
O034890,C06371,P00890,2025-11-14 11:56:53.155328,0,0.15498506,0
O034891,C02672,P01006,2025-11-14 12:09:59.414985,0,0.18426353,0
O034892,C02526,P01765,2025-11-14 12:23:05.674641,0,0.5909506,1
O034893,C05081,P02312,2025-11-14 12:36:11.934298,0,0.27067327,0
O034894,C00566,P02388,2025-11-14 12:49:18.193954,0,0.54239076,1
O034895,C03216,P02155,2025-11-14 13:02:24.453611,1,0.5546854,1
O034896,C04270,P02444,2025-11-14 13:15:30.713267,1,0.31377035,0
O034897,C03611,P00888,2025-11-14 13:28:36.972924,0,0.353961,0
O034898,C04871,P01680,2025-11-14 13:41:43.232580,0,0.33466932,0
O034899,C00883,P01156,2025-11-14 13:54:49.492237,0,0.29855028,0
O034900,C06255,P02108,2025-11-14 14:07:55.751893,0,0.2793107,0
O034901,C06554,P00027,2025-11-14 14:21:02.011550,1,0.37037495,0
O034902,C02421,P01450,2025-11-14 14:34:08.271206,1,0.6045753,1
O034903,C00296,P02416,2025-11-14 14:47:14.530863,0,0.4094564,0
O034904,C06505,P02133,2025-11-14 15:00:20.790519,0,0.27630872,0
O034905,C06896,P01002,2025-11-14 15:13:27.050176,0,0.15468222,0
O034906,C06584,P00766,2025-11-14 15:26:33.309832,0,0.57494986,1
O034907,C00669,P02034,2025-11-14 15:39:39.569489,0,0.661956,1
O034908,C06403,P00690,2025-11-14 15:52:45.829145,0,0.30522516,0
O034909,C06163,P00905,2025-11-14 16:05:52.088802,1,0.5365664,1
O034910,C00952,P00763,2025-11-14 16:18:58.348458,0,0.19337644,0
O034911,C06795,P02084,2025-11-14 16:32:04.608115,1,0.21453284,0
O034912,C06078,P01323,2025-11-14 16:45:10.867771,0,0.24233942,0
O034913,C01949,P01482,2025-11-14 16:58:17.127428,0,0.68625444,1
O034914,C07518,P00448,2025-11-14 17:11:23.387084,1,0.5758658,1
O034915,C07182,P01319,2025-11-14 17:24:29.646741,0,0.45711097,0
O034916,C07857,P01974,2025-11-14 17:37:35.906397,0,0.78511995,1
O034917,C02549,P02052,2025-11-14 17:50:42.166054,0,0.37181625,0
O034918,C02143,P01494,2025-11-14 18:03:48.425710,1,0.6528961,1
O034919,C06969,P02380,2025-11-14 18:16:54.685367,0,0.8229549,1
O034920,C03737,P00067,2025-11-14 18:30:00.945023,0,0.3285189,0
O034921,C07062,P01283,2025-11-14 18:43:07.204680,0,0.33720714,0
O034922,C01209,P00216,2025-11-14 18:56:13.464336,0,0.48913565,0
O034923,C06589,P00154,2025-11-14 19:09:19.723993,0,0.26704276,0
O034924,C02174,P02411,2025-11-14 19:22:25.983649,0,0.53336364,1
O034925,C04539,P00623,2025-11-14 19:35:32.243306,0,0.28064927,0
O034926,C06397,P00026,2025-11-14 19:48:38.502962,0,0.25580406,0
O034927,C06173,P00224,2025-11-14 20:01:44.762619,0,0.43216535,0
O034928,C05483,P01671,2025-11-14 20:14:51.022275,0,0.45203018,0
O034929,C07995,P01346,2025-11-14 20:27:57.281932,0,0.5843628,1
O034930,C01147,P01477,2025-11-14 20:41:03.541588,0,0.65844727,1
O034931,C07105,P00643,2025-11-14 20:54:09.801245,0,0.5637596,1
O034932,C07532,P02288,2025-11-14 21:07:16.060901,1,0.7743036,1
O034933,C07964,P00755,2025-11-14 21:20:22.320558,0,0.582121,1
O034934,C05228,P00605,2025-11-14 21:33:28.580214,0,0.5013687,1
O034935,C04062,P00019,2025-11-14 21:46:34.839870,1,0.53956354,1
O034936,C04635,P00099,2025-11-14 21:59:41.099527,1,0.46783307,0
O034937,C04376,P00875,2025-11-14 22:12:47.359183,0,0.46089306,0
O034938,C01439,P02198,2025-11-14 22:25:53.618840,0,0.4581369,0
O034939,C03224,P01536,2025-11-14 22:38:59.878496,0,0.3770981,0
O034940,C01695,P02313,2025-11-14 22:52:06.138153,1,0.33190337,0
O034941,C07407,P01973,2025-11-14 23:05:12.397809,0,0.36990023,0
O034942,C00042,P02016,2025-11-14 23:18:18.657466,0,0.20493282,0
O034943,C06177,P00895,2025-11-14 23:31:24.917122,0,0.417149,0
O034944,C05084,P00410,2025-11-14 23:44:31.176779,0,0.47590193,0
O034945,C02537,P01532,2025-11-14 23:57:37.436435,0,0.300989,0
O034946,C07800,P01225,2025-11-15 00:10:43.696092,0,0.7144063,1
O034947,C00614,P00800,2025-11-15 00:23:49.955748,0,0.3666411,0
O034948,C02775,P00585,2025-11-15 00:36:56.215405,0,0.555451,1
O034949,C01283,P00856,2025-11-15 00:50:02.475061,0,0.61465055,1
O034950,C03644,P01425,2025-11-15 01:03:08.734718,0,0.22855456,0
O034951,C00383,P01300,2025-11-15 01:16:14.994374,1,0.7801166,1
O034952,C01004,P01537,2025-11-15 01:29:21.254031,1,0.36345664,0
O034953,C00821,P01845,2025-11-15 01:42:27.513687,1,0.609332,1
O034954,C00606,P02142,2025-11-15 01:55:33.773344,0,0.6766751,1
O034955,C07706,P00929,2025-11-15 02:08:40.033000,1,0.51597565,1
O034956,C02705,P00871,2025-11-15 02:21:46.292657,1,0.33709013,0
O034957,C07218,P01729,2025-11-15 02:34:52.552313,0,0.535757,1
O034958,C00223,P00464,2025-11-15 02:47:58.811970,1,0.37535805,0
O034959,C01120,P00312,2025-11-15 03:01:05.071626,0,0.24682188,0
O034960,C00511,P02029,2025-11-15 03:14:11.331283,0,0.58313507,1
O034961,C02007,P02014,2025-11-15 03:27:17.590939,0,0.5249709,1
O034962,C06509,P00114,2025-11-15 03:40:23.850596,0,0.21440768,0
O034963,C03482,P01531,2025-11-15 03:53:30.110252,1,0.20790145,0
O034964,C01376,P00679,2025-11-15 04:06:36.369909,0,0.6729477,1
O034965,C04116,P02211,2025-11-15 04:19:42.629565,0,0.26454931,0
O034966,C05999,P01325,2025-11-15 04:32:48.889222,0,0.25021923,0
O034967,C06950,P00776,2025-11-15 04:45:55.148878,0,0.3089231,0
O034968,C05066,P01503,2025-11-15 04:59:01.408535,0,0.35457465,0
O034969,C02702,P00549,2025-11-15 05:12:07.668191,0,0.3551145,0
O034970,C01250,P02035,2025-11-15 05:25:13.927848,1,0.67788935,1
O034971,C01434,P01078,2025-11-15 05:38:20.187504,0,0.44880548,0
O034972,C06972,P01536,2025-11-15 05:51:26.447161,1,0.3473046,0
O034973,C02273,P01991,2025-11-15 06:04:32.706817,1,0.48696002,0
O034974,C03698,P00760,2025-11-15 06:17:38.966474,0,0.5260362,1
O034975,C05683,P00900,2025-11-15 06:30:45.226130,0,0.76325613,1
O034976,C03485,P00806,2025-11-15 06:43:51.485787,1,0.7145336,1
O034977,C00021,P01387,2025-11-15 06:56:57.745443,0,0.3329879,0
O034978,C00886,P00392,2025-11-15 07:10:04.005100,0,0.6374921,1
O034979,C07261,P01505,2025-11-15 07:23:10.264756,0,0.57792836,1
O034980,C02567,P00409,2025-11-15 07:36:16.524413,0,0.25751436,0
O034981,C00480,P02121,2025-11-15 07:49:22.784069,0,0.26859292,0
O034982,C06185,P02083,2025-11-15 08:02:29.043726,0,0.6488242,1
O034983,C07219,P01618,2025-11-15 08:15:35.303382,0,0.23926856,0
O034984,C07049,P01283,2025-11-15 08:28:41.563039,1,0.71961194,1
O034985,C00922,P00231,2025-11-15 08:41:47.822695,0,0.44694152,0
O034986,C03279,P02397,2025-11-15 08:54:54.082352,0,0.3817067,0
O034987,C07647,P00942,2025-11-15 09:08:00.342008,0,0.19385049,0
O034988,C06767,P00865,2025-11-15 09:21:06.601665,1,0.77984387,1
O034989,C07161,P00162,2025-11-15 09:34:12.861321,0,0.69053906,1
O034990,C06494,P01169,2025-11-15 09:47:19.120978,1,0.33166978,0
O034991,C07343,P00478,2025-11-15 10:00:25.380634,0,0.3310331,0
O034992,C01344,P02480,2025-11-15 10:13:31.640291,0,0.4836563,0
O034993,C00951,P02009,2025-11-15 10:26:37.899947,0,0.26394898,0
O034994,C01848,P01456,2025-11-15 10:39:44.159603,1,0.64793026,1
O034995,C02082,P00950,2025-11-15 10:52:50.419260,0,0.47328654,0
O034996,C05910,P01068,2025-11-15 11:05:56.678916,1,0.6077109,1
O034997,C04107,P01834,2025-11-15 11:19:02.938573,0,0.46476465,0
O034998,C00107,P00340,2025-11-15 11:32:09.198229,0,0.25627056,0
O034999,C07424,P00047,2025-11-15 11:45:15.457886,0,0.49309933,0
O035000,C04352,P00281,2025-11-15 11:58:21.717542,0,0.4365386,0
O035001,C07102,P00007,2025-11-15 12:11:27.977199,0,0.5529807,1
O035002,C02412,P01295,2025-11-15 12:24:34.236855,0,0.51879656,1
O035003,C04731,P00418,2025-11-15 12:37:40.496512,0,0.4666947,0
O035004,C01785,P02037,2025-11-15 12:50:46.756168,1,0.70236784,1
O035005,C01520,P01669,2025-11-15 13:03:53.015825,0,0.27737355,0
O035006,C03799,P02244,2025-11-15 13:16:59.275481,0,0.20553428,0
O035007,C03793,P01061,2025-11-15 13:30:05.535138,0,0.5831683,1
O035008,C06813,P00295,2025-11-15 13:43:11.794794,1,0.7476089,1
O035009,C00158,P00195,2025-11-15 13:56:18.054451,0,0.3712307,0
O035010,C04110,P01440,2025-11-15 14:09:24.314107,0,0.31003067,0
O035011,C06064,P01980,2025-11-15 14:22:30.573764,0,0.344715,0
O035012,C07645,P01083,2025-11-15 14:35:36.833420,0,0.4374947,0
O035013,C04677,P01509,2025-11-15 14:48:43.093077,1,0.70917904,1
O035014,C07406,P01126,2025-11-15 15:01:49.352733,0,0.69600993,1
O035015,C01266,P01436,2025-11-15 15:14:55.612390,0,0.3638986,0
O035016,C01662,P00596,2025-11-15 15:28:01.872046,0,0.7605113,1
O035017,C07717,P01322,2025-11-15 15:41:08.131703,1,0.62971073,1
O035018,C03605,P01877,2025-11-15 15:54:14.391359,0,0.36486402,0
O035019,C04137,P02235,2025-11-15 16:07:20.651016,0,0.45188448,0
O035020,C03280,P01204,2025-11-15 16:20:26.910672,1,0.6754914,1
O035021,C01141,P00234,2025-11-15 16:33:33.170329,0,0.6565603,1
O035022,C00846,P00076,2025-11-15 16:46:39.429985,0,0.3478965,0
O035023,C06673,P01821,2025-11-15 16:59:45.689642,0,0.40570822,0
O035024,C01492,P00687,2025-11-15 17:12:51.949298,1,0.24088149,0
O035025,C03709,P02200,2025-11-15 17:25:58.208955,0,0.18979101,0
O035026,C04287,P02177,2025-11-15 17:39:04.468611,0,0.31147885,0
O035027,C06506,P00935,2025-11-15 17:52:10.728268,0,0.6110949,1
O035028,C05392,P01680,2025-11-15 18:05:16.987924,0,0.5304084,1
O035029,C04845,P01469,2025-11-15 18:18:23.247581,1,0.51721525,1
O035030,C04530,P01821,2025-11-15 18:31:29.507237,0,0.38344753,0
O035031,C00008,P00126,2025-11-15 18:44:35.766894,0,0.5053341,1
O035032,C03341,P01990,2025-11-15 18:57:42.026550,1,0.70804423,1
O035033,C02821,P01404,2025-11-15 19:10:48.286207,1,0.67430544,1
O035034,C06498,P00678,2025-11-15 19:23:54.545863,0,0.52947795,1
O035035,C05502,P00127,2025-11-15 19:37:00.805520,0,0.30869436,0
O035036,C06775,P00446,2025-11-15 19:50:07.065176,0,0.37559643,0
O035037,C04095,P00909,2025-11-15 20:03:13.324833,0,0.21226472,0
O035038,C05385,P00654,2025-11-15 20:16:19.584489,1,0.35020712,0
O035039,C01091,P02223,2025-11-15 20:29:25.844146,0,0.44543356,0
O035040,C01668,P00139,2025-11-15 20:42:32.103802,0,0.39897937,0
O035041,C06874,P00636,2025-11-15 20:55:38.363459,0,0.6123318,1
O035042,C02738,P02368,2025-11-15 21:08:44.623115,0,0.5381386,1
O035043,C01733,P00149,2025-11-15 21:21:50.882772,1,0.2757551,0
O035044,C05669,P01525,2025-11-15 21:34:57.142428,1,0.30108488,0
O035045,C02092,P00268,2025-11-15 21:48:03.402085,0,0.2943092,0
O035046,C01175,P01337,2025-11-15 22:01:09.661741,0,0.7361311,1
O035047,C07961,P00202,2025-11-15 22:14:15.921398,0,0.4079382,0
O035048,C00253,P02301,2025-11-15 22:27:22.181054,0,0.15143403,0
O035049,C04796,P00997,2025-11-15 22:40:28.440711,0,0.16972941,0
O035050,C05659,P01063,2025-11-15 22:53:34.700367,0,0.61359084,1
O035051,C07787,P01165,2025-11-15 23:06:40.960024,0,0.26687866,0
O035052,C07217,P00874,2025-11-15 23:19:47.219680,0,0.3900623,0
O035053,C00548,P02059,2025-11-15 23:32:53.479336,0,0.59716547,1
O035054,C01159,P00152,2025-11-15 23:45:59.738993,0,0.5445229,1
O035055,C01417,P00705,2025-11-15 23:59:05.998649,1,0.7533086,1
O035056,C00630,P02228,2025-11-16 00:12:12.258306,1,0.59688216,1
O035057,C00755,P01549,2025-11-16 00:25:18.517962,0,0.49438488,0
O035058,C04339,P02089,2025-11-16 00:38:24.777619,0,0.71476704,1
O035059,C06354,P00854,2025-11-16 00:51:31.037275,1,0.39321485,0
O035060,C07475,P00210,2025-11-16 01:04:37.296932,0,0.5835729,1
O035061,C01524,P01330,2025-11-16 01:17:43.556588,0,0.5920021,1
O035062,C06829,P00165,2025-11-16 01:30:49.816245,0,0.343663,0
O035063,C00494,P01765,2025-11-16 01:43:56.075901,0,0.7617936,1
O035064,C00331,P01291,2025-11-16 01:57:02.335558,0,0.16175795,0
O035065,C07438,P00906,2025-11-16 02:10:08.595214,1,0.64434797,1
O035066,C00809,P01549,2025-11-16 02:23:14.854871,1,0.25499666,0
O035067,C02153,P01864,2025-11-16 02:36:21.114527,0,0.4801166,0
O035068,C04863,P00165,2025-11-16 02:49:27.374184,0,0.28038558,0
O035069,C04336,P00912,2025-11-16 03:02:33.633840,0,0.37834534,0
O035070,C03057,P01666,2025-11-16 03:15:39.893497,0,0.4337244,0
O035071,C00631,P01098,2025-11-16 03:28:46.153153,1,0.28836662,0
O035072,C01014,P01444,2025-11-16 03:41:52.412810,0,0.3336841,0
O035073,C07203,P00340,2025-11-16 03:54:58.672466,0,0.6766021,1
O035074,C03062,P01909,2025-11-16 04:08:04.932123,0,0.5127778,1
O035075,C02499,P02142,2025-11-16 04:21:11.191779,0,0.42785686,0
O035076,C01092,P02320,2025-11-16 04:34:17.451436,0,0.22914673,0
O035077,C01766,P01323,2025-11-16 04:47:23.711092,0,0.35506165,0
O035078,C00873,P00446,2025-11-16 05:00:29.970749,0,0.36112317,0
O035079,C07582,P01682,2025-11-16 05:13:36.230405,0,0.41462687,0
O035080,C06314,P01951,2025-11-16 05:26:42.490062,0,0.18313594,0
O035081,C05746,P01951,2025-11-16 05:39:48.749718,0,0.6264366,1
O035082,C02696,P00622,2025-11-16 05:52:55.009375,0,0.57545614,1
O035083,C05786,P00040,2025-11-16 06:06:01.269031,1,0.29930705,0
O035084,C00995,P02149,2025-11-16 06:19:07.528688,0,0.40437746,0
O035085,C07953,P00425,2025-11-16 06:32:13.788344,0,0.24062204,0
O035086,C04641,P01000,2025-11-16 06:45:20.048001,0,0.67994577,1
O035087,C04449,P02445,2025-11-16 06:58:26.307657,0,0.44196534,0
O035088,C05925,P02298,2025-11-16 07:11:32.567314,1,0.5534648,1
O035089,C01247,P00777,2025-11-16 07:24:38.826970,0,0.62622005,1
O035090,C01886,P01523,2025-11-16 07:37:45.086627,0,0.33054793,0
O035091,C03790,P01347,2025-11-16 07:50:51.346283,1,0.6766346,1
O035092,C04478,P00126,2025-11-16 08:03:57.605940,0,0.5709739,1
O035093,C01283,P00819,2025-11-16 08:17:03.865596,0,0.39797637,0
O035094,C00006,P02154,2025-11-16 08:30:10.125253,1,0.771836,1
O035095,C04929,P02204,2025-11-16 08:43:16.384909,0,0.38161045,0
O035096,C03128,P01106,2025-11-16 08:56:22.644566,0,0.3742577,0
O035097,C03871,P00100,2025-11-16 09:09:28.904222,0,0.16873255,0
O035098,C06883,P01581,2025-11-16 09:22:35.163879,0,0.2655177,0
O035099,C01634,P01921,2025-11-16 09:35:41.423535,0,0.24886896,0
O035100,C06600,P02407,2025-11-16 09:48:47.683192,0,0.51159793,1
O035101,C05692,P00150,2025-11-16 10:01:53.942848,1,0.21363515,0
O035102,C05162,P01096,2025-11-16 10:15:00.202505,0,0.29078546,0
O035103,C06329,P01928,2025-11-16 10:28:06.462161,0,0.18539268,0
O035104,C07556,P00972,2025-11-16 10:41:12.721818,1,0.5657825,1
O035105,C00918,P01748,2025-11-16 10:54:18.981474,1,0.4060897,0
O035106,C03952,P02370,2025-11-16 11:07:25.241131,0,0.26014373,0
O035107,C05377,P01210,2025-11-16 11:20:31.500787,0,0.26097128,0
O035108,C03053,P00599,2025-11-16 11:33:37.760444,0,0.57526976,1
O035109,C02033,P01992,2025-11-16 11:46:44.020100,0,0.6486187,1
O035110,C02664,P01009,2025-11-16 11:59:50.279756,0,0.68003565,1
O035111,C02780,P00421,2025-11-16 12:12:56.539413,1,0.51493067,1
O035112,C04662,P01895,2025-11-16 12:26:02.799069,0,0.27662426,0
O035113,C02270,P00074,2025-11-16 12:39:09.058726,0,0.6065489,1
O035114,C00126,P01448,2025-11-16 12:52:15.318382,0,0.5809357,1
O035115,C04957,P02421,2025-11-16 13:05:21.578039,0,0.55787015,1
O035116,C04059,P00750,2025-11-16 13:18:27.837695,0,0.27920973,0
O035117,C05980,P00808,2025-11-16 13:31:34.097352,1,0.660166,1
O035118,C02356,P01057,2025-11-16 13:44:40.357008,0,0.31880894,0
O035119,C03272,P02047,2025-11-16 13:57:46.616665,0,0.19443128,0
O035120,C02089,P02492,2025-11-16 14:10:52.876321,0,0.74408597,1
O035121,C04265,P00758,2025-11-16 14:23:59.135978,0,0.31959128,0
O035122,C04356,P01869,2025-11-16 14:37:05.395634,0,0.3562311,0
O035123,C02756,P00360,2025-11-16 14:50:11.655291,1,0.42996946,0
O035124,C00890,P02415,2025-11-16 15:03:17.914947,0,0.3223113,0
O035125,C05383,P02077,2025-11-16 15:16:24.174604,1,0.4462734,0
O035126,C02880,P00228,2025-11-16 15:29:30.434260,0,0.12974957,0
O035127,C05845,P02198,2025-11-16 15:42:36.693917,0,0.54170763,1
O035128,C04759,P00173,2025-11-16 15:55:42.953573,1,0.31627375,0
O035129,C01534,P00951,2025-11-16 16:08:49.213230,0,0.17498766,0
O035130,C05396,P00094,2025-11-16 16:21:55.472886,0,0.42279518,0
O035131,C05580,P00945,2025-11-16 16:35:01.732543,0,0.29608306,0
O035132,C02734,P02262,2025-11-16 16:48:07.992199,0,0.31556627,0
O035133,C04182,P00503,2025-11-16 17:01:14.251856,0,0.51479465,1
O035134,C03116,P01698,2025-11-16 17:14:20.511512,1,0.483368,0
O035135,C00166,P01321,2025-11-16 17:27:26.771169,0,0.6821594,1
O035136,C06893,P00642,2025-11-16 17:40:33.030825,0,0.51932687,1
O035137,C06701,P02385,2025-11-16 17:53:39.290482,0,0.18959978,0
O035138,C04930,P01412,2025-11-16 18:06:45.550138,0,0.33600983,0
O035139,C04754,P01033,2025-11-16 18:19:51.809795,1,0.5925513,1
O035140,C06745,P00507,2025-11-16 18:32:58.069451,1,0.6731197,1
O035141,C01651,P02415,2025-11-16 18:46:04.329108,0,0.4473588,0
O035142,C03370,P01509,2025-11-16 18:59:10.588764,1,0.7194798,1
O035143,C00173,P01621,2025-11-16 19:12:16.848421,0,0.5769991,1
O035144,C02553,P00779,2025-11-16 19:25:23.108077,0,0.37628242,0
O035145,C05764,P00371,2025-11-16 19:38:29.367734,0,0.69033396,1
O035146,C05947,P01588,2025-11-16 19:51:35.627390,1,0.21195428,0
O035147,C04193,P01323,2025-11-16 20:04:41.887047,0,0.6191991,1
O035148,C05984,P00334,2025-11-16 20:17:48.146703,0,0.2612323,0
O035149,C06627,P02317,2025-11-16 20:30:54.406360,0,0.59629923,1
O035150,C07638,P00636,2025-11-16 20:44:00.666016,1,0.7410807,1
O035151,C06053,P00421,2025-11-16 20:57:06.925673,0,0.49027023,0
O035152,C03106,P00048,2025-11-16 21:10:13.185329,0,0.453533,0
O035153,C00801,P00718,2025-11-16 21:23:19.444986,1,0.2897921,0
O035154,C05864,P02058,2025-11-16 21:36:25.704642,0,0.28187022,0
O035155,C02846,P01018,2025-11-16 21:49:31.964299,1,0.2341811,0
O035156,C05937,P02008,2025-11-16 22:02:38.223955,0,0.5004772,1
O035157,C04746,P01624,2025-11-16 22:15:44.483612,0,0.4244708,0
O035158,C01951,P00847,2025-11-16 22:28:50.743268,0,0.49523088,0
O035159,C03181,P01880,2025-11-16 22:41:57.002925,0,0.3343021,0
O035160,C02124,P00414,2025-11-16 22:55:03.262581,0,0.6132485,1
O035161,C02249,P01277,2025-11-16 23:08:09.522238,0,0.36199182,0
O035162,C00140,P00151,2025-11-16 23:21:15.781894,0,0.316126,0
O035163,C01248,P01380,2025-11-16 23:34:22.041551,1,0.19615415,0
O035164,C01605,P01735,2025-11-16 23:47:28.301207,0,0.5583848,1
O035165,C01366,P01510,2025-11-17 00:00:34.560864,1,0.54194504,1
O035166,C07921,P00357,2025-11-17 00:13:40.820520,1,0.6718741,1
O035167,C06499,P00163,2025-11-17 00:26:47.080177,0,0.38608962,0
O035168,C06123,P00788,2025-11-17 00:39:53.339833,0,0.7114247,1
O035169,C07978,P01146,2025-11-17 00:52:59.599489,0,0.62934995,1
O035170,C00177,P02115,2025-11-17 01:06:05.859146,0,0.72329664,1
O035171,C07373,P02442,2025-11-17 01:19:12.118802,1,0.22193348,0
O035172,C04919,P00107,2025-11-17 01:32:18.378459,0,0.71805114,1
O035173,C03424,P01909,2025-11-17 01:45:24.638115,0,0.33327731,0
O035174,C01176,P00683,2025-11-17 01:58:30.897772,0,0.17553006,0
O035175,C04539,P00438,2025-11-17 02:11:37.157428,0,0.44928002,0
O035176,C03916,P02416,2025-11-17 02:24:43.417085,1,0.4592195,0
O035177,C03131,P00098,2025-11-17 02:37:49.676741,0,0.07450542,0
O035178,C02779,P00293,2025-11-17 02:50:55.936398,0,0.57460725,1
O035179,C01351,P01396,2025-11-17 03:04:02.196054,0,0.38092774,0
O035180,C07713,P00293,2025-11-17 03:17:08.455711,0,0.3959776,0
O035181,C04387,P00479,2025-11-17 03:30:14.715367,1,0.544308,1
O035182,C04301,P02259,2025-11-17 03:43:20.975024,0,0.58465683,1
O035183,C01610,P02246,2025-11-17 03:56:27.234680,0,0.28772894,0
O035184,C05228,P02254,2025-11-17 04:09:33.494337,1,0.46191263,0
O035185,C07485,P00356,2025-11-17 04:22:39.753993,0,0.3632344,0
O035186,C05881,P01781,2025-11-17 04:35:46.013650,1,0.488493,0
O035187,C06549,P01762,2025-11-17 04:48:52.273306,0,0.15470757,0
O035188,C07430,P01737,2025-11-17 05:01:58.532963,1,0.45158938,0
O035189,C04964,P01139,2025-11-17 05:15:04.792619,0,0.54344285,1
O035190,C04957,P01601,2025-11-17 05:28:11.052276,0,0.44064757,0
O035191,C01668,P01335,2025-11-17 05:41:17.311932,0,0.35543275,0
O035192,C03827,P01546,2025-11-17 05:54:23.571589,0,0.25932255,0
O035193,C07793,P01556,2025-11-17 06:07:29.831245,1,0.51400834,1
O035194,C07859,P01428,2025-11-17 06:20:36.090902,0,0.42474076,0
O035195,C00992,P00217,2025-11-17 06:33:42.350558,1,0.4807214,0
O035196,C01761,P02330,2025-11-17 06:46:48.610215,0,0.5735209,1
O035197,C07407,P00933,2025-11-17 06:59:54.869871,0,0.41313058,0
O035198,C07874,P01389,2025-11-17 07:13:01.129528,0,0.30324525,0
O035199,C04437,P02482,2025-11-17 07:26:07.389184,1,0.28536615,0
O035200,C07194,P01759,2025-11-17 07:39:13.648841,0,0.3643978,0
O035201,C02013,P00725,2025-11-17 07:52:19.908497,0,0.22508292,0
O035202,C02134,P01355,2025-11-17 08:05:26.168154,0,0.29399103,0
O035203,C04675,P00594,2025-11-17 08:18:32.427810,0,0.48663262,0
O035204,C01594,P01119,2025-11-17 08:31:38.687467,0,0.33050013,0
O035205,C05244,P01383,2025-11-17 08:44:44.947123,0,0.49442545,0
O035206,C06268,P01469,2025-11-17 08:57:51.206780,0,0.7061239,1
O035207,C07713,P01983,2025-11-17 09:10:57.466436,1,0.60847384,1
O035208,C02445,P01103,2025-11-17 09:24:03.726093,1,0.6991168,1
O035209,C02528,P02160,2025-11-17 09:37:09.985749,0,0.7078791,1
O035210,C03361,P01028,2025-11-17 09:50:16.245406,1,0.48032418,0
O035211,C03712,P00977,2025-11-17 10:03:22.505062,0,0.192534,0
O035212,C00660,P00032,2025-11-17 10:16:28.764719,1,0.49532136,0
O035213,C03791,P01041,2025-11-17 10:29:35.024375,0,0.3109277,0
O035214,C07969,P01359,2025-11-17 10:42:41.284032,0,0.17534646,0
O035215,C02012,P01141,2025-11-17 10:55:47.543688,0,0.3706602,0
O035216,C05886,P01733,2025-11-17 11:08:53.803345,0,0.30869418,0
O035217,C07662,P00723,2025-11-17 11:22:00.063001,0,0.29607084,0
O035218,C04696,P01701,2025-11-17 11:35:06.322658,0,0.6380147,1
O035219,C03041,P02068,2025-11-17 11:48:12.582314,0,0.18355858,0
O035220,C04066,P00870,2025-11-17 12:01:18.841971,0,0.4580469,0
O035221,C02339,P01325,2025-11-17 12:14:25.101627,1,0.2421816,0
O035222,C03726,P02146,2025-11-17 12:27:31.361284,0,0.26851806,0
O035223,C07227,P00980,2025-11-17 12:40:37.620940,0,0.23266071,0
O035224,C03981,P00643,2025-11-17 12:53:43.880597,0,0.2685934,0
O035225,C05490,P01028,2025-11-17 13:06:50.140253,0,0.7394148,1
O035226,C02294,P00718,2025-11-17 13:19:56.399909,0,0.6619768,1
O035227,C06862,P00949,2025-11-17 13:33:02.659566,0,0.71736753,1
O035228,C05260,P01759,2025-11-17 13:46:08.919222,0,0.27674195,0
O035229,C05356,P01774,2025-11-17 13:59:15.178879,0,0.49476898,0
O035230,C06727,P00458,2025-11-17 14:12:21.438535,1,0.50418675,1
O035231,C07427,P02142,2025-11-17 14:25:27.698192,1,0.6528594,1
O035232,C01802,P00008,2025-11-17 14:38:33.957848,1,0.6286188,1
O035233,C03796,P01555,2025-11-17 14:51:40.217505,1,0.4932338,0
O035234,C02054,P01864,2025-11-17 15:04:46.477161,0,0.33131278,0
O035235,C05540,P00274,2025-11-17 15:17:52.736818,0,0.16268246,0
O035236,C02605,P00393,2025-11-17 15:30:58.996474,0,0.25533983,0
O035237,C06496,P02126,2025-11-17 15:44:05.256131,0,0.15947126,0
O035238,C07385,P01081,2025-11-17 15:57:11.515787,0,0.3054262,0
O035239,C02650,P01448,2025-11-17 16:10:17.775444,0,0.617781,1
O035240,C05359,P01204,2025-11-17 16:23:24.035100,0,0.6901174,1
O035241,C02750,P00915,2025-11-17 16:36:30.294757,0,0.51268905,1
O035242,C03773,P01499,2025-11-17 16:49:36.554413,0,0.7175179,1
O035243,C00963,P00782,2025-11-17 17:02:42.814070,0,0.5676676,1
O035244,C03347,P01087,2025-11-17 17:15:49.073726,1,0.49825186,0
O035245,C00721,P01445,2025-11-17 17:28:55.333383,0,0.41870412,0
O035246,C01027,P00574,2025-11-17 17:42:01.593039,0,0.3754841,0
O035247,C05789,P00875,2025-11-17 17:55:07.852696,0,0.43267083,0
O035248,C05921,P01936,2025-11-17 18:08:14.112352,0,0.109801486,0
O035249,C07986,P00538,2025-11-17 18:21:20.372009,1,0.50089955,1
O035250,C05997,P00645,2025-11-17 18:34:26.631665,0,0.27234954,0
O035251,C02742,P01731,2025-11-17 18:47:32.891322,1,0.6565127,1
O035252,C02245,P01155,2025-11-17 19:00:39.150978,0,0.37886822,0
O035253,C03447,P02231,2025-11-17 19:13:45.410635,0,0.42737886,0
O035254,C07359,P00117,2025-11-17 19:26:51.670291,0,0.1098348,0
O035255,C05261,P00113,2025-11-17 19:39:57.929948,0,0.7083974,1
O035256,C04569,P00450,2025-11-17 19:53:04.189604,1,0.55270976,1
O035257,C04043,P02020,2025-11-17 20:06:10.449261,0,0.62627417,1
O035258,C06662,P00336,2025-11-17 20:19:16.708917,0,0.14956276,0
O035259,C06072,P00326,2025-11-17 20:32:22.968574,0,0.4688182,0
O035260,C07227,P01064,2025-11-17 20:45:29.228230,0,0.6339964,1
O035261,C07273,P02406,2025-11-17 20:58:35.487887,0,0.37733126,0
O035262,C05958,P01027,2025-11-17 21:11:41.747543,0,0.3491761,0
O035263,C02661,P01030,2025-11-17 21:24:48.007200,1,0.6084518,1
O035264,C07279,P00412,2025-11-17 21:37:54.266856,0,0.5003188,1
O035265,C06477,P01054,2025-11-17 21:51:00.526513,0,0.18000594,0
O035266,C03402,P02111,2025-11-17 22:04:06.786169,0,0.5317848,1
O035267,C03613,P02275,2025-11-17 22:17:13.045826,0,0.67761487,1
O035268,C06719,P01240,2025-11-17 22:30:19.305482,0,0.2165146,0
O035269,C07262,P01295,2025-11-17 22:43:25.565139,0,0.6901875,1
O035270,C06278,P01969,2025-11-17 22:56:31.824795,1,0.64902854,1
O035271,C01373,P02253,2025-11-17 23:09:38.084452,1,0.54667485,1
O035272,C06380,P01498,2025-11-17 23:22:44.344108,1,0.28576824,0
O035273,C06024,P00026,2025-11-17 23:35:50.603765,0,0.35016394,0
O035274,C00735,P00164,2025-11-17 23:48:56.863421,0,0.5868049,1
O035275,C01920,P00038,2025-11-18 00:02:03.123078,0,0.33126587,0
O035276,C04838,P01530,2025-11-18 00:15:09.382734,0,0.71242785,1
O035277,C01559,P01009,2025-11-18 00:28:15.642391,1,0.76857734,1
O035278,C00362,P00555,2025-11-18 00:41:21.902047,0,0.574804,1
O035279,C02563,P00890,2025-11-18 00:54:28.161704,1,0.52865463,1
O035280,C02740,P00862,2025-11-18 01:07:34.421360,0,0.2375656,0
O035281,C05302,P02122,2025-11-18 01:20:40.681017,1,0.28284824,0
O035282,C01343,P02166,2025-11-18 01:33:46.940673,0,0.38513872,0
O035283,C03609,P02482,2025-11-18 01:46:53.200330,0,0.20764153,0
O035284,C03013,P01685,2025-11-18 01:59:59.459986,0,0.4093464,0
O035285,C02765,P02116,2025-11-18 02:13:05.719642,0,0.43130687,0
O035286,C04881,P01338,2025-11-18 02:26:11.979299,0,0.24246542,0
O035287,C01410,P00517,2025-11-18 02:39:18.238955,0,0.47734168,0
O035288,C02561,P00357,2025-11-18 02:52:24.498612,0,0.62914217,1
O035289,C06945,P01772,2025-11-18 03:05:30.758268,0,0.38712204,0
O035290,C03457,P00206,2025-11-18 03:18:37.017925,0,0.5559273,1
O035291,C07383,P01226,2025-11-18 03:31:43.277581,0,0.4133044,0
O035292,C02602,P01168,2025-11-18 03:44:49.537238,0,0.17201598,0
O035293,C06596,P01181,2025-11-18 03:57:55.796894,0,0.60752404,1
O035294,C00877,P00897,2025-11-18 04:11:02.056551,0,0.5316922,1
O035295,C04460,P00635,2025-11-18 04:24:08.316207,0,0.7596532,1
O035296,C06974,P01980,2025-11-18 04:37:14.575864,0,0.27837113,0
O035297,C03476,P01752,2025-11-18 04:50:20.835520,0,0.49583665,0
O035298,C04588,P00337,2025-11-18 05:03:27.095177,0,0.23330416,0
O035299,C05109,P01220,2025-11-18 05:16:33.354833,0,0.23921855,0
O035300,C00222,P00870,2025-11-18 05:29:39.614490,0,0.22577669,0
O035301,C06011,P01743,2025-11-18 05:42:45.874146,0,0.26136416,0
O035302,C06297,P01605,2025-11-18 05:55:52.133803,0,0.43792063,0
O035303,C04246,P01334,2025-11-18 06:08:58.393459,0,0.49661052,0
O035304,C05625,P02344,2025-11-18 06:22:04.653116,1,0.76957357,1
O035305,C02957,P01397,2025-11-18 06:35:10.912772,1,0.63034904,1
O035306,C03339,P00279,2025-11-18 06:48:17.172429,0,0.14679016,0
O035307,C02015,P00247,2025-11-18 07:01:23.432085,1,0.8420105,1
O035308,C03816,P02140,2025-11-18 07:14:29.691742,0,0.715458,1
O035309,C03577,P01608,2025-11-18 07:27:35.951398,0,0.6270703,1
O035310,C04461,P01973,2025-11-18 07:40:42.211055,0,0.28613433,0
O035311,C06355,P02021,2025-11-18 07:53:48.470711,0,0.58387685,1
O035312,C00391,P01545,2025-11-18 08:06:54.730368,0,0.53065634,1
O035313,C06940,P02000,2025-11-18 08:20:00.990024,0,0.429729,0
O035314,C01736,P00447,2025-11-18 08:33:07.249681,1,0.40842482,0
O035315,C04394,P00880,2025-11-18 08:46:13.509337,1,0.5546214,1
O035316,C00515,P01258,2025-11-18 08:59:19.768994,0,0.13445467,0
O035317,C06104,P01765,2025-11-18 09:12:26.028650,0,0.6871346,1
O035318,C04006,P01640,2025-11-18 09:25:32.288307,0,0.45320696,0
O035319,C06895,P02476,2025-11-18 09:38:38.547963,0,0.46383756,0
O035320,C00901,P00183,2025-11-18 09:51:44.807620,1,0.668592,1
O035321,C07447,P00181,2025-11-18 10:04:51.067276,0,0.3462382,0
O035322,C00863,P01958,2025-11-18 10:17:57.326933,0,0.40872803,0
O035323,C06008,P00244,2025-11-18 10:31:03.586589,1,0.76535547,1
O035324,C04122,P02415,2025-11-18 10:44:09.846246,0,0.15906432,0
O035325,C05282,P01331,2025-11-18 10:57:16.105902,0,0.41451788,0
O035326,C02536,P01631,2025-11-18 11:10:22.365559,1,0.32470918,0
O035327,C05703,P01054,2025-11-18 11:23:28.625215,1,0.26283216,0
O035328,C00528,P00992,2025-11-18 11:36:34.884872,0,0.38459444,0
O035329,C02459,P00153,2025-11-18 11:49:41.144528,0,0.16805334,0
O035330,C04761,P01853,2025-11-18 12:02:47.404185,0,0.3273791,0
O035331,C05290,P01801,2025-11-18 12:15:53.663841,0,0.3009373,0
O035332,C06183,P01138,2025-11-18 12:28:59.923498,0,0.21920992,0
O035333,C06672,P00877,2025-11-18 12:42:06.183154,0,0.31556347,0
O035334,C06358,P01440,2025-11-18 12:55:12.442811,0,0.48849756,0
O035335,C05493,P00603,2025-11-18 13:08:18.702467,0,0.2777878,0
O035336,C01547,P00054,2025-11-18 13:21:24.962124,0,0.41493782,0
O035337,C05494,P02173,2025-11-18 13:34:31.221780,0,0.20993744,0
O035338,C00665,P01114,2025-11-18 13:47:37.481437,0,0.36641505,0
O035339,C00150,P00966,2025-11-18 14:00:43.741093,1,0.65942556,1
O035340,C01116,P02481,2025-11-18 14:13:50.000750,0,0.45867646,0
O035341,C04781,P01364,2025-11-18 14:26:56.260406,0,0.27649215,0
O035342,C06130,P00405,2025-11-18 14:40:02.520063,0,0.31178042,0
O035343,C07089,P00041,2025-11-18 14:53:08.779719,0,0.5665999,1
O035344,C03380,P02057,2025-11-18 15:06:15.039375,0,0.19040611,0
O035345,C07157,P00499,2025-11-18 15:19:21.299032,0,0.65789425,1
O035346,C03529,P00935,2025-11-18 15:32:27.558688,0,0.67658126,1
O035347,C02769,P01794,2025-11-18 15:45:33.818345,0,0.21024872,0
O035348,C05841,P00691,2025-11-18 15:58:40.078001,0,0.36995903,0
O035349,C01392,P02215,2025-11-18 16:11:46.337658,0,0.34503505,0
O035350,C04548,P02330,2025-11-18 16:24:52.597314,1,0.8460468,1
O035351,C07131,P01249,2025-11-18 16:37:58.856971,0,0.17932075,0
O035352,C01467,P01152,2025-11-18 16:51:05.116627,0,0.6080111,1
O035353,C06462,P02309,2025-11-18 17:04:11.376284,0,0.21324506,0
O035354,C06986,P02494,2025-11-18 17:17:17.635940,0,0.4290096,0
O035355,C00845,P01073,2025-11-18 17:30:23.895597,0,0.21273191,0
O035356,C02485,P01393,2025-11-18 17:43:30.155253,0,0.16938494,0
O035357,C00570,P00479,2025-11-18 17:56:36.414910,1,0.5042439,1
O035358,C01758,P01097,2025-11-18 18:09:42.674566,1,0.50292176,1
O035359,C00701,P00125,2025-11-18 18:22:48.934223,0,0.41056177,0
O035360,C06600,P00690,2025-11-18 18:35:55.193879,1,0.64826953,1
O035361,C01636,P00609,2025-11-18 18:49:01.453536,0,0.6722622,1
O035362,C06174,P00082,2025-11-18 19:02:07.713192,0,0.3078504,0
O035363,C05841,P00628,2025-11-18 19:15:13.972849,0,0.37771472,0
O035364,C02384,P01928,2025-11-18 19:28:20.232505,0,0.2522201,0
O035365,C00548,P00067,2025-11-18 19:41:26.492162,0,0.39312735,0
O035366,C05468,P00877,2025-11-18 19:54:32.751818,0,0.33949205,0
O035367,C03581,P01304,2025-11-18 20:07:39.011475,0,0.3663069,0
O035368,C04866,P01882,2025-11-18 20:20:45.271131,0,0.3297139,0
O035369,C02823,P02144,2025-11-18 20:33:51.530788,0,0.5574469,1
O035370,C00375,P02259,2025-11-18 20:46:57.790444,1,0.36523214,0
O035371,C04625,P02491,2025-11-18 21:00:04.050101,1,0.6509133,1
O035372,C03296,P00738,2025-11-18 21:13:10.309757,1,0.7118288,1
O035373,C02679,P00775,2025-11-18 21:26:16.569414,1,0.5718864,1
O035374,C03452,P00800,2025-11-18 21:39:22.829070,0,0.35650498,0
O035375,C06842,P01672,2025-11-18 21:52:29.088727,1,0.66368765,1
O035376,C04266,P02489,2025-11-18 22:05:35.348383,0,0.2620674,0
O035377,C05923,P00652,2025-11-18 22:18:41.608040,1,0.6074677,1
O035378,C05258,P01006,2025-11-18 22:31:47.867696,0,0.4799492,0
O035379,C05396,P00551,2025-11-18 22:44:54.127353,1,0.37999153,0
O035380,C01312,P02039,2025-11-18 22:58:00.387009,0,0.10948017,0
O035381,C03462,P00990,2025-11-18 23:11:06.646666,0,0.17045638,0
O035382,C03941,P01573,2025-11-18 23:24:12.906322,0,0.2688732,0
O035383,C03770,P00143,2025-11-18 23:37:19.165979,0,0.33393413,0
O035384,C00855,P00117,2025-11-18 23:50:25.425635,0,0.2762959,0
O035385,C00303,P01572,2025-11-19 00:03:31.685292,1,0.6403478,1
O035386,C04615,P00409,2025-11-19 00:16:37.944948,0,0.14098352,0
O035387,C06044,P01522,2025-11-19 00:29:44.204605,0,0.3230309,0
O035388,C04024,P01629,2025-11-19 00:42:50.464261,0,0.59424144,1
O035389,C03065,P02284,2025-11-19 00:55:56.723918,0,0.09311179,0
O035390,C02223,P02305,2025-11-19 01:09:02.983574,0,0.07875102,0
O035391,C01120,P02202,2025-11-19 01:22:09.243231,0,0.18825826,0
O035392,C03783,P00068,2025-11-19 01:35:15.502887,0,0.40972725,0
O035393,C05134,P02190,2025-11-19 01:48:21.762544,0,0.46682748,0
O035394,C05962,P00101,2025-11-19 02:01:28.022200,0,0.85302496,1
O035395,C04477,P02195,2025-11-19 02:14:34.281857,0,0.53511155,1
O035396,C02693,P00640,2025-11-19 02:27:40.541513,0,0.16699511,0
O035397,C02575,P02102,2025-11-19 02:40:46.801170,0,0.15467268,0
O035398,C02618,P00922,2025-11-19 02:53:53.060826,0,0.4494091,0
O035399,C05959,P00849,2025-11-19 03:06:59.320483,1,0.50374824,1
O035400,C05148,P00521,2025-11-19 03:20:05.580139,1,0.7033315,1
O035401,C06148,P00295,2025-11-19 03:33:11.839795,0,0.7467707,1
O035402,C01904,P00591,2025-11-19 03:46:18.099452,1,0.5781566,1
O035403,C01732,P00856,2025-11-19 03:59:24.359108,0,0.7517124,1
O035404,C04636,P00319,2025-11-19 04:12:30.618765,0,0.2189023,0
O035405,C07726,P00196,2025-11-19 04:25:36.878421,1,0.57998705,1
O035406,C00322,P00818,2025-11-19 04:38:43.138078,0,0.40164605,0
O035407,C02475,P02492,2025-11-19 04:51:49.397734,0,0.7214103,1
O035408,C05857,P01170,2025-11-19 05:04:55.657391,0,0.46807083,0
O035409,C06169,P01467,2025-11-19 05:18:01.917047,0,0.60272664,1
O035410,C07667,P02204,2025-11-19 05:31:08.176704,0,0.5118358,1
O035411,C04987,P00094,2025-11-19 05:44:14.436360,0,0.22949235,0
O035412,C02174,P01032,2025-11-19 05:57:20.696017,0,0.2926416,0
O035413,C01432,P01430,2025-11-19 06:10:26.955673,0,0.49727425,0
O035414,C04006,P02326,2025-11-19 06:23:33.215330,0,0.4062267,0
O035415,C07825,P00529,2025-11-19 06:36:39.474986,0,0.2704506,0
O035416,C00702,P01452,2025-11-19 06:49:45.734643,0,0.3783474,0
O035417,C05638,P00207,2025-11-19 07:02:51.994299,0,0.57067245,1
O035418,C00959,P01646,2025-11-19 07:15:58.253956,0,0.58198285,1
O035419,C05355,P02029,2025-11-19 07:29:04.513612,1,0.46644643,0
O035420,C03576,P02297,2025-11-19 07:42:10.773269,0,0.53059125,1
O035421,C05841,P02338,2025-11-19 07:55:17.032925,1,0.7036842,1
O035422,C01295,P00356,2025-11-19 08:08:23.292582,0,0.22011936,0
O035423,C05652,P01652,2025-11-19 08:21:29.552238,0,0.46116573,0
O035424,C06659,P01323,2025-11-19 08:34:35.811895,0,0.3038965,0
O035425,C05798,P02074,2025-11-19 08:47:42.071551,0,0.36906758,0
O035426,C07961,P00770,2025-11-19 09:00:48.331208,1,0.4592389,0
O035427,C00393,P00484,2025-11-19 09:13:54.590864,0,0.36105034,0
O035428,C05772,P02393,2025-11-19 09:27:00.850521,0,0.60668606,1
O035429,C05975,P00433,2025-11-19 09:40:07.110177,1,0.65670574,1
O035430,C05839,P02264,2025-11-19 09:53:13.369834,0,0.32008922,0
O035431,C04989,P02047,2025-11-19 10:06:19.629490,0,0.23409048,0
O035432,C06742,P01385,2025-11-19 10:19:25.889147,1,0.24918447,0
O035433,C00982,P01918,2025-11-19 10:32:32.148803,0,0.46799687,0
O035434,C02552,P01114,2025-11-19 10:45:38.408460,0,0.19641246,0
O035435,C06992,P00367,2025-11-19 10:58:44.668116,0,0.32030886,0
O035436,C07595,P00721,2025-11-19 11:11:50.927773,0,0.72766435,1
O035437,C02500,P02065,2025-11-19 11:24:57.187429,0,0.46084896,0
O035438,C00787,P01263,2025-11-19 11:38:03.447086,1,0.21977244,0
O035439,C00047,P01523,2025-11-19 11:51:09.706742,0,0.236117,0
O035440,C04759,P01677,2025-11-19 12:04:15.966399,0,0.34359375,0
O035441,C06495,P00863,2025-11-19 12:17:22.226055,1,0.7282213,1
O035442,C03675,P01374,2025-11-19 12:30:28.485712,0,0.39362505,0
O035443,C02018,P01884,2025-11-19 12:43:34.745368,0,0.5873778,1
O035444,C02621,P02098,2025-11-19 12:56:41.005025,0,0.6692441,1
O035445,C03969,P02348,2025-11-19 13:09:47.264681,0,0.3723199,0
O035446,C06709,P00855,2025-11-19 13:22:53.524338,0,0.24573931,0
O035447,C05137,P02338,2025-11-19 13:35:59.783994,1,0.7773364,1
O035448,C01232,P00389,2025-11-19 13:49:06.043651,0,0.58064586,1
O035449,C01935,P01948,2025-11-19 14:02:12.303307,1,0.477661,0
O035450,C00269,P02165,2025-11-19 14:15:18.562964,0,0.29206964,0
O035451,C05086,P00009,2025-11-19 14:28:24.822620,1,0.598753,1
O035452,C04768,P00780,2025-11-19 14:41:31.082277,1,0.51001024,1
O035453,C05379,P01052,2025-11-19 14:54:37.341933,0,0.6559032,1
O035454,C07284,P01813,2025-11-19 15:07:43.601590,0,0.67121845,1
O035455,C01236,P02068,2025-11-19 15:20:49.861246,0,0.49472183,0
O035456,C06112,P00206,2025-11-19 15:33:56.120903,1,0.5159189,1
O035457,C00975,P01380,2025-11-19 15:47:02.380559,0,0.45841783,0
O035458,C06379,P01913,2025-11-19 16:00:08.640216,1,0.5427203,1
O035459,C07426,P00561,2025-11-19 16:13:14.899872,0,0.41965875,0
O035460,C04651,P00006,2025-11-19 16:26:21.159528,0,0.51380086,1
O035461,C05875,P01002,2025-11-19 16:39:27.419185,0,0.40346283,0
O035462,C04709,P00223,2025-11-19 16:52:33.678841,1,0.41448542,0
O035463,C07281,P00152,2025-11-19 17:05:39.938498,0,0.46980932,0
O035464,C06028,P00318,2025-11-19 17:18:46.198154,0,0.54563755,1
O035465,C00825,P00441,2025-11-19 17:31:52.457811,0,0.7571721,1
O035466,C07052,P01240,2025-11-19 17:44:58.717467,1,0.4418169,0
O035467,C02285,P02249,2025-11-19 17:58:04.977124,0,0.45431158,0
O035468,C00848,P00468,2025-11-19 18:11:11.236780,0,0.61068434,1
O035469,C05421,P01346,2025-11-19 18:24:17.496437,0,0.35799,0
O035470,C01512,P02237,2025-11-19 18:37:23.756093,0,0.45629427,0
O035471,C00991,P01675,2025-11-19 18:50:30.015750,0,0.31690833,0
O035472,C05397,P01462,2025-11-19 19:03:36.275406,0,0.56646496,1
O035473,C00499,P00868,2025-11-19 19:16:42.535063,0,0.6108852,1
O035474,C07934,P00282,2025-11-19 19:29:48.794719,0,0.45546508,0
O035475,C05894,P00180,2025-11-19 19:42:55.054376,0,0.32420555,0
O035476,C06888,P01392,2025-11-19 19:56:01.314032,0,0.4447352,0
O035477,C04486,P00480,2025-11-19 20:09:07.573689,0,0.5717975,1
O035478,C06466,P01144,2025-11-19 20:22:13.833345,1,0.2535202,0
O035479,C04851,P00296,2025-11-19 20:35:20.093002,0,0.67698985,1
O035480,C02504,P02127,2025-11-19 20:48:26.352658,0,0.22088228,0
O035481,C03792,P00200,2025-11-19 21:01:32.612315,0,0.18924312,0
O035482,C03992,P00883,2025-11-19 21:14:38.871971,0,0.57008296,1
O035483,C06782,P00972,2025-11-19 21:27:45.131628,0,0.5828954,1
O035484,C03806,P00376,2025-11-19 21:40:51.391284,1,0.29878834,0
O035485,C06624,P00318,2025-11-19 21:53:57.650941,1,0.36388773,0
O035486,C04995,P01647,2025-11-19 22:07:03.910597,0,0.23255761,0
O035487,C02161,P00799,2025-11-19 22:20:10.170254,0,0.4219412,0
O035488,C03473,P02272,2025-11-19 22:33:16.429910,1,0.34009728,0
O035489,C02639,P01333,2025-11-19 22:46:22.689567,0,0.42221966,0
O035490,C04734,P01568,2025-11-19 22:59:28.949223,0,0.32656416,0
O035491,C06466,P00770,2025-11-19 23:12:35.208880,0,0.4228269,0
O035492,C07118,P02073,2025-11-19 23:25:41.468536,1,0.16956636,0
O035493,C04444,P01372,2025-11-19 23:38:47.728193,0,0.3317528,0
O035494,C03361,P00099,2025-11-19 23:51:53.987849,0,0.23618071,0
O035495,C06340,P00399,2025-11-20 00:05:00.247506,0,0.6546206,1
O035496,C00412,P00633,2025-11-20 00:18:06.507162,0,0.20444061,0
O035497,C02765,P00183,2025-11-20 00:31:12.766819,0,0.6379273,1
O035498,C02159,P01967,2025-11-20 00:44:19.026475,0,0.19806375,0
O035499,C00870,P02311,2025-11-20 00:57:25.286132,0,0.5009905,1
O035500,C05602,P00209,2025-11-20 01:10:31.545788,0,0.3404503,0
O035501,C03170,P00554,2025-11-20 01:23:37.805445,0,0.22353256,0
O035502,C07154,P00186,2025-11-20 01:36:44.065101,0,0.34011742,0
O035503,C04517,P00789,2025-11-20 01:49:50.324758,0,0.7366402,1
O035504,C02581,P02179,2025-11-20 02:02:56.584414,0,0.3493229,0
O035505,C05400,P00352,2025-11-20 02:16:02.844071,0,0.55257285,1
O035506,C00041,P02213,2025-11-20 02:29:09.103727,0,0.47076935,0
O035507,C05355,P01432,2025-11-20 02:42:15.363384,0,0.51420873,1
O035508,C07536,P02170,2025-11-20 02:55:21.623040,0,0.6261786,1
O035509,C01311,P01028,2025-11-20 03:08:27.882697,0,0.47387606,0
O035510,C07608,P02272,2025-11-20 03:21:34.142353,0,0.36711955,0
O035511,C06888,P01499,2025-11-20 03:34:40.402010,0,0.756824,1
O035512,C07541,P00728,2025-11-20 03:47:46.661666,0,0.63826257,1
O035513,C04701,P00349,2025-11-20 04:00:52.921323,0,0.27386397,0
O035514,C07753,P01069,2025-11-20 04:13:59.180979,0,0.27442968,0
O035515,C00895,P01489,2025-11-20 04:27:05.440636,0,0.29093266,0
O035516,C06471,P01103,2025-11-20 04:40:11.700292,1,0.66449517,1
O035517,C03986,P00153,2025-11-20 04:53:17.959949,0,0.18094131,0
O035518,C06551,P01776,2025-11-20 05:06:24.219605,0,0.35718042,0
O035519,C02455,P02014,2025-11-20 05:19:30.479261,1,0.61720216,1
O035520,C02058,P00340,2025-11-20 05:32:36.738918,0,0.27756026,0
O035521,C00161,P02066,2025-11-20 05:45:42.998574,0,0.7934298,1
O035522,C07686,P01445,2025-11-20 05:58:49.258231,0,0.4850588,0
O035523,C04422,P01596,2025-11-20 06:11:55.517887,0,0.29016647,0
O035524,C05511,P01232,2025-11-20 06:25:01.777544,0,0.28468096,0
O035525,C07844,P00014,2025-11-20 06:38:08.037200,0,0.7303798,1
O035526,C01253,P02078,2025-11-20 06:51:14.296857,1,0.37115848,0
O035527,C07020,P01154,2025-11-20 07:04:20.556513,1,0.30592203,0
O035528,C06605,P00694,2025-11-20 07:17:26.816170,1,0.59084517,1
O035529,C03923,P01889,2025-11-20 07:30:33.075826,0,0.50464314,1
O035530,C01014,P00759,2025-11-20 07:43:39.335483,0,0.44837344,0
O035531,C06528,P02093,2025-11-20 07:56:45.595139,1,0.6366831,1
O035532,C04999,P01552,2025-11-20 08:09:51.854796,1,0.55129766,1
O035533,C04085,P01633,2025-11-20 08:22:58.114452,0,0.3317642,0
O035534,C01448,P00880,2025-11-20 08:36:04.374109,0,0.7262233,1
O035535,C01353,P02325,2025-11-20 08:49:10.633765,0,0.69702417,1
O035536,C05811,P01518,2025-11-20 09:02:16.893422,0,0.48998877,0
O035537,C01054,P00831,2025-11-20 09:15:23.153078,0,0.27065405,0
O035538,C07992,P01305,2025-11-20 09:28:29.412735,0,0.49698678,0
O035539,C02312,P00173,2025-11-20 09:41:35.672391,0,0.22939831,0
O035540,C03613,P02500,2025-11-20 09:54:41.932048,1,0.55872154,1
O035541,C00992,P00763,2025-11-20 10:07:48.191704,0,0.22748995,0
O035542,C02387,P01164,2025-11-20 10:20:54.451361,0,0.24814631,0
O035543,C00786,P02427,2025-11-20 10:34:00.711017,0,0.60059416,1
O035544,C04995,P01811,2025-11-20 10:47:06.970674,0,0.42307195,0
O035545,C07400,P02359,2025-11-20 11:00:13.230330,1,0.18215552,0
O035546,C05709,P01184,2025-11-20 11:13:19.489987,0,0.32438964,0
O035547,C04015,P01271,2025-11-20 11:26:25.749643,0,0.39450336,0
O035548,C06036,P01133,2025-11-20 11:39:32.009300,0,0.6449846,1
O035549,C02224,P02124,2025-11-20 11:52:38.268956,0,0.36810714,0
O035550,C01767,P00319,2025-11-20 12:05:44.528613,0,0.2204438,0
O035551,C01410,P01071,2025-11-20 12:18:50.788269,0,0.32224876,0
O035552,C01458,P01846,2025-11-20 12:31:57.047926,0,0.44023162,0
O035553,C07230,P00280,2025-11-20 12:45:03.307582,0,0.34389842,0
O035554,C06205,P01858,2025-11-20 12:58:09.567239,0,0.6742677,1
O035555,C02885,P02106,2025-11-20 13:11:15.826895,0,0.22790354,0
O035556,C03440,P00396,2025-11-20 13:24:22.086552,0,0.36855623,0
O035557,C05179,P00040,2025-11-20 13:37:28.346208,1,0.5997795,1
O035558,C05668,P01847,2025-11-20 13:50:34.605865,0,0.5137577,1
O035559,C05960,P00005,2025-11-20 14:03:40.865521,0,0.26985425,0
O035560,C05495,P00128,2025-11-20 14:16:47.125178,0,0.32540888,0
O035561,C07137,P00139,2025-11-20 14:29:53.384834,0,0.46451172,0
O035562,C05195,P00559,2025-11-20 14:42:59.644491,1,0.23612885,0
O035563,C03763,P02099,2025-11-20 14:56:05.904147,0,0.3271655,0
O035564,C03907,P00189,2025-11-20 15:09:12.163804,0,0.16837987,0
O035565,C04150,P02330,2025-11-20 15:22:18.423460,1,0.52143794,1
O035566,C01345,P00031,2025-11-20 15:35:24.683117,0,0.70306623,1
O035567,C01163,P00909,2025-11-20 15:48:30.942773,0,0.3242023,0
O035568,C07957,P00539,2025-11-20 16:01:37.202430,0,0.6213486,1
O035569,C07001,P00858,2025-11-20 16:14:43.462086,0,0.427211,0
O035570,C04601,P00938,2025-11-20 16:27:49.721743,0,0.2001284,0
O035571,C03364,P00773,2025-11-20 16:40:55.981399,0,0.30235577,0
O035572,C05227,P01993,2025-11-20 16:54:02.241056,0,0.30148283,0
O035573,C02571,P01698,2025-11-20 17:07:08.500712,0,0.4135595,0
O035574,C06729,P00352,2025-11-20 17:20:14.760369,0,0.17172338,0
O035575,C02994,P00874,2025-11-20 17:33:21.020025,0,0.45632243,0
O035576,C00774,P01162,2025-11-20 17:46:27.279681,0,0.30159202,0
O035577,C05017,P02315,2025-11-20 17:59:33.539338,0,0.7998807,1
O035578,C01445,P01300,2025-11-20 18:12:39.798994,0,0.86643475,1
O035579,C06337,P01064,2025-11-20 18:25:46.058651,0,0.80832344,1
O035580,C03862,P01563,2025-11-20 18:38:52.318307,0,0.3262273,0
O035581,C01976,P02209,2025-11-20 18:51:58.577964,1,0.46631595,0
O035582,C02100,P00354,2025-11-20 19:05:04.837620,0,0.8040929,1
O035583,C06243,P00428,2025-11-20 19:18:11.097277,0,0.5270171,1
O035584,C02127,P01461,2025-11-20 19:31:17.356933,0,0.57728076,1
O035585,C00563,P01522,2025-11-20 19:44:23.616590,0,0.6492494,1
O035586,C01417,P00512,2025-11-20 19:57:29.876246,0,0.10336787,0
O035587,C07150,P02322,2025-11-20 20:10:36.135903,0,0.5945753,1
O035588,C04804,P01462,2025-11-20 20:23:42.395559,0,0.5794805,1
O035589,C03072,P00347,2025-11-20 20:36:48.655216,0,0.34834608,0
O035590,C04736,P00168,2025-11-20 20:49:54.914872,0,0.6682187,1
O035591,C07391,P02266,2025-11-20 21:03:01.174529,0,0.2822035,0
O035592,C06942,P00009,2025-11-20 21:16:07.434185,0,0.3723908,0
O035593,C01635,P02078,2025-11-20 21:29:13.693842,0,0.20639259,0
O035594,C04191,P01063,2025-11-20 21:42:19.953498,0,0.3879442,0
O035595,C03279,P02369,2025-11-20 21:55:26.213155,1,0.5695178,1
O035596,C05606,P01883,2025-11-20 22:08:32.472811,0,0.36281207,0
O035597,C02047,P01219,2025-11-20 22:21:38.732468,0,0.6312134,1
O035598,C03365,P01504,2025-11-20 22:34:44.992124,0,0.31780738,0
O035599,C06975,P00763,2025-11-20 22:47:51.251781,0,0.4368325,0
O035600,C03010,P01287,2025-11-20 23:00:57.511437,0,0.5184731,1
O035601,C03858,P02337,2025-11-20 23:14:03.771094,0,0.32694188,0
O035602,C06948,P02438,2025-11-20 23:27:10.030750,0,0.3190749,0
O035603,C02976,P01977,2025-11-20 23:40:16.290407,1,0.7842586,1
O035604,C07943,P01576,2025-11-20 23:53:22.550063,0,0.3541521,0
O035605,C00971,P00298,2025-11-21 00:06:28.809720,0,0.43789846,0
O035606,C00276,P00666,2025-11-21 00:19:35.069376,0,0.25241986,0
O035607,C04767,P01859,2025-11-21 00:32:41.329033,0,0.4864449,0
O035608,C05252,P01017,2025-11-21 00:45:47.588689,1,0.7371686,1
O035609,C04705,P01372,2025-11-21 00:58:53.848346,0,0.36321464,0
O035610,C02029,P00085,2025-11-21 01:12:00.108002,0,0.41305014,0
O035611,C03548,P01357,2025-11-21 01:25:06.367659,1,0.729805,1
O035612,C01922,P01773,2025-11-21 01:38:12.627315,0,0.25033182,0
O035613,C02459,P00158,2025-11-21 01:51:18.886972,0,0.3963987,0
O035614,C05151,P01149,2025-11-21 02:04:25.146628,0,0.18928865,0
O035615,C04599,P00278,2025-11-21 02:17:31.406285,0,0.2743271,0
O035616,C00805,P01841,2025-11-21 02:30:37.665941,1,0.57404315,1
O035617,C00471,P00473,2025-11-21 02:43:43.925598,0,0.2756576,0
O035618,C07838,P02415,2025-11-21 02:56:50.185254,0,0.30988172,0
O035619,C01243,P01387,2025-11-21 03:09:56.444911,0,0.32311624,0
O035620,C07842,P00212,2025-11-21 03:23:02.704567,1,0.41147038,0
O035621,C00204,P01911,2025-11-21 03:36:08.964224,1,0.68919575,1
O035622,C02629,P02247,2025-11-21 03:49:15.223880,0,0.4191417,0
O035623,C06606,P00082,2025-11-21 04:02:21.483537,1,0.36237445,0
O035624,C05364,P00679,2025-11-21 04:15:27.743193,0,0.5183048,1
O035625,C07548,P02147,2025-11-21 04:28:34.002850,1,0.66336,1
O035626,C00731,P01383,2025-11-21 04:41:40.262506,0,0.5481865,1
O035627,C07156,P02416,2025-11-21 04:54:46.522163,1,0.3430914,0
O035628,C00206,P01977,2025-11-21 05:07:52.781819,1,0.5893958,1
O035629,C05709,P00573,2025-11-21 05:20:59.041476,0,0.6151389,1
O035630,C01639,P01392,2025-11-21 05:34:05.301132,0,0.20735583,0
O035631,C07658,P02131,2025-11-21 05:47:11.560789,0,0.35803136,0
O035632,C00537,P01337,2025-11-21 06:00:17.820445,1,0.45358685,0
O035633,C05708,P00082,2025-11-21 06:13:24.080102,0,0.4640379,0
O035634,C00001,P01658,2025-11-21 06:26:30.339758,0,0.6924787,1
O035635,C04416,P01554,2025-11-21 06:39:36.599414,0,0.5760259,1
O035636,C00804,P00239,2025-11-21 06:52:42.859071,0,0.18357706,0
O035637,C07508,P02143,2025-11-21 07:05:49.118727,0,0.4471837,0
O035638,C00061,P02379,2025-11-21 07:18:55.378384,0,0.38517645,0
O035639,C07013,P01303,2025-11-21 07:32:01.638040,0,0.31161967,0
O035640,C01968,P01727,2025-11-21 07:45:07.897697,0,0.38227996,0
O035641,C01652,P00569,2025-11-21 07:58:14.157353,0,0.39193138,0
O035642,C06080,P01793,2025-11-21 08:11:20.417010,0,0.21119832,0
O035643,C04604,P00892,2025-11-21 08:24:26.676666,0,0.24725394,0
O035644,C06139,P01906,2025-11-21 08:37:32.936323,0,0.65243554,1
O035645,C04208,P01454,2025-11-21 08:50:39.195979,1,0.2646389,0
O035646,C01617,P01507,2025-11-21 09:03:45.455636,0,0.33322546,0
O035647,C02575,P01398,2025-11-21 09:16:51.715292,0,0.19066994,0
O035648,C01863,P02180,2025-11-21 09:29:57.974949,1,0.7032835,1
O035649,C01932,P01282,2025-11-21 09:43:04.234605,1,0.3656432,0
O035650,C04332,P02335,2025-11-21 09:56:10.494262,0,0.30838054,0
O035651,C07039,P00091,2025-11-21 10:09:16.753918,0,0.47654217,0
O035652,C05659,P02099,2025-11-21 10:22:23.013575,0,0.45773715,0
O035653,C06696,P01725,2025-11-21 10:35:29.273231,1,0.49915943,0
O035654,C01160,P00397,2025-11-21 10:48:35.532888,0,0.64632475,1
O035655,C03368,P00130,2025-11-21 11:01:41.792544,0,0.61871576,1
O035656,C04720,P00622,2025-11-21 11:14:48.052201,0,0.4807192,0
O035657,C02506,P02344,2025-11-21 11:27:54.311857,0,0.5228367,1
O035658,C00404,P01572,2025-11-21 11:41:00.571514,0,0.37597445,0
O035659,C06810,P02215,2025-11-21 11:54:06.831170,0,0.3179448,0
O035660,C01610,P01392,2025-11-21 12:07:13.090827,0,0.2732471,0
O035661,C07736,P00485,2025-11-21 12:20:19.350483,0,0.6531818,1
O035662,C01402,P01768,2025-11-21 12:33:25.610140,0,0.25723538,0
O035663,C06375,P00287,2025-11-21 12:46:31.869796,0,0.47658277,0
O035664,C02436,P00739,2025-11-21 12:59:38.129453,0,0.29550973,0
O035665,C06054,P02143,2025-11-21 13:12:44.389109,0,0.71938026,1
O035666,C05943,P01244,2025-11-21 13:25:50.648766,0,0.33102092,0
O035667,C04703,P02106,2025-11-21 13:38:56.908422,0,0.30169111,0
O035668,C04088,P02443,2025-11-21 13:52:03.168079,0,0.57504076,1
O035669,C03183,P00659,2025-11-21 14:05:09.427735,0,0.2307722,0
O035670,C06386,P02031,2025-11-21 14:18:15.687392,1,0.3942197,0
O035671,C03937,P01755,2025-11-21 14:31:21.947048,0,0.22600013,0
O035672,C06968,P01816,2025-11-21 14:44:28.206705,0,0.33201954,0
O035673,C05525,P01256,2025-11-21 14:57:34.466361,1,0.7602682,1
O035674,C04712,P01855,2025-11-21 15:10:40.726018,0,0.24466376,0
O035675,C03816,P00172,2025-11-21 15:23:46.985674,0,0.6089067,1
O035676,C05258,P00100,2025-11-21 15:36:53.245331,0,0.5976688,1
O035677,C07479,P00404,2025-11-21 15:49:59.504987,0,0.27094477,0
O035678,C00123,P00441,2025-11-21 16:03:05.764644,0,0.5800044,1
O035679,C03341,P01380,2025-11-21 16:16:12.024300,1,0.6458011,1
O035680,C06215,P01393,2025-11-21 16:29:18.283957,0,0.43430647,0
O035681,C03192,P02038,2025-11-21 16:42:24.543613,0,0.31213617,0
O035682,C02219,P01205,2025-11-21 16:55:30.803270,0,0.49027744,0
O035683,C06689,P02221,2025-11-21 17:08:37.062926,0,0.44614902,0
O035684,C05752,P00572,2025-11-21 17:21:43.322583,1,0.6383957,1
O035685,C05090,P00023,2025-11-21 17:34:49.582239,0,0.4507406,0
O035686,C05521,P01544,2025-11-21 17:47:55.841896,0,0.5850248,1
O035687,C06402,P02101,2025-11-21 18:01:02.101552,0,0.66439456,1
O035688,C00860,P01827,2025-11-21 18:14:08.361209,1,0.6115048,1
O035689,C02341,P00398,2025-11-21 18:27:14.620865,1,0.5586314,1
O035690,C06111,P00155,2025-11-21 18:40:20.880522,0,0.23615305,0
O035691,C05942,P01852,2025-11-21 18:53:27.140178,0,0.3332351,0
O035692,C05264,P01399,2025-11-21 19:06:33.399834,1,0.40605876,0
O035693,C07259,P02437,2025-11-21 19:19:39.659491,0,0.34237233,0
O035694,C03970,P01299,2025-11-21 19:32:45.919147,1,0.27781662,0
O035695,C00478,P00143,2025-11-21 19:45:52.178804,0,0.36797926,0
O035696,C06870,P00393,2025-11-21 19:58:58.438460,1,0.48115212,0
O035697,C02004,P00793,2025-11-21 20:12:04.698117,0,0.6247046,1
O035698,C01956,P01798,2025-11-21 20:25:10.957773,0,0.46017534,0
O035699,C06290,P00903,2025-11-21 20:38:17.217430,0,0.56526524,1
O035700,C04159,P00197,2025-11-21 20:51:23.477086,0,0.64274937,1
O035701,C06952,P01097,2025-11-21 21:04:29.736743,0,0.6790371,1
O035702,C01621,P02464,2025-11-21 21:17:35.996399,0,0.66756153,1
O035703,C05769,P01031,2025-11-21 21:30:42.256056,0,0.5246133,1
O035704,C05598,P00064,2025-11-21 21:43:48.515712,0,0.4746754,0
O035705,C05715,P00087,2025-11-21 21:56:54.775369,0,0.47250596,0
O035706,C07712,P01654,2025-11-21 22:10:01.035025,0,0.48724756,0
O035707,C07126,P02007,2025-11-21 22:23:07.294682,0,0.16871633,0
O035708,C00176,P00775,2025-11-21 22:36:13.554338,0,0.4819354,0
O035709,C06084,P00054,2025-11-21 22:49:19.813995,1,0.50843847,1
O035710,C02199,P01299,2025-11-21 23:02:26.073651,1,0.495603,0
O035711,C00812,P00871,2025-11-21 23:15:32.333308,0,0.323891,0
O035712,C05376,P00764,2025-11-21 23:28:38.592964,0,0.28571844,0
O035713,C02571,P00518,2025-11-21 23:41:44.852621,1,0.22912402,0
O035714,C05912,P01441,2025-11-21 23:54:51.112277,0,0.65661025,1
O035715,C04537,P01256,2025-11-22 00:07:57.371934,0,0.63459265,1
O035716,C07128,P00470,2025-11-22 00:21:03.631590,0,0.45798984,0
O035717,C03075,P01494,2025-11-22 00:34:09.891247,1,0.45490497,0
O035718,C06472,P01475,2025-11-22 00:47:16.150903,1,0.61038274,1
O035719,C07632,P00901,2025-11-22 01:00:22.410560,0,0.19328158,0
O035720,C06289,P02452,2025-11-22 01:13:28.670216,1,0.61643064,1
O035721,C02225,P00260,2025-11-22 01:26:34.929873,0,0.28907734,0
O035722,C06603,P00427,2025-11-22 01:39:41.189529,0,0.21897669,0
O035723,C01596,P01525,2025-11-22 01:52:47.449186,1,0.6568212,1
O035724,C03788,P01958,2025-11-22 02:05:53.708842,0,0.17545652,0
O035725,C03671,P02054,2025-11-22 02:18:59.968499,0,0.34778267,0
O035726,C03932,P01408,2025-11-22 02:32:06.228155,0,0.2596734,0
O035727,C05862,P01506,2025-11-22 02:45:12.487812,0,0.6697765,1
O035728,C01313,P01003,2025-11-22 02:58:18.747468,1,0.55123574,1
O035729,C05016,P00899,2025-11-22 03:11:25.007125,0,0.432695,0
O035730,C01153,P01465,2025-11-22 03:24:31.266781,1,0.65710574,1
O035731,C05911,P01879,2025-11-22 03:37:37.526438,1,0.5397126,1
O035732,C07674,P01557,2025-11-22 03:50:43.786094,0,0.26710403,0
O035733,C06385,P00434,2025-11-22 04:03:50.045751,1,0.66979676,1
O035734,C01321,P01841,2025-11-22 04:16:56.305407,0,0.51073074,1
O035735,C06063,P00026,2025-11-22 04:30:02.565064,1,0.31399757,0
O035736,C01614,P00455,2025-11-22 04:43:08.824720,1,0.7437365,1
O035737,C05202,P00985,2025-11-22 04:56:15.084377,1,0.7139032,1
O035738,C01409,P01880,2025-11-22 05:09:21.344033,0,0.5827244,1
O035739,C01068,P00773,2025-11-22 05:22:27.603690,0,0.2171996,0
O035740,C05232,P01538,2025-11-22 05:35:33.863346,0,0.30037376,0
O035741,C03844,P00287,2025-11-22 05:48:40.123003,0,0.1851306,0
O035742,C00094,P02120,2025-11-22 06:01:46.382659,0,0.35452873,0
O035743,C03997,P01174,2025-11-22 06:14:52.642316,0,0.37415105,0
O035744,C05705,P00705,2025-11-22 06:27:58.901972,0,0.7208296,1
O035745,C07356,P00130,2025-11-22 06:41:05.161629,0,0.38580897,0
O035746,C06937,P01888,2025-11-22 06:54:11.421285,0,0.2038901,0
O035747,C02724,P01568,2025-11-22 07:07:17.680942,0,0.32809734,0
O035748,C03390,P00628,2025-11-22 07:20:23.940598,0,0.38267884,0
O035749,C07055,P01507,2025-11-22 07:33:30.200255,1,0.4164213,0
O035750,C03907,P01624,2025-11-22 07:46:36.459911,0,0.33397502,0
O035751,C06594,P00703,2025-11-22 07:59:42.719567,0,0.45819739,0
O035752,C00678,P01527,2025-11-22 08:12:48.979224,1,0.80268776,1
O035753,C05723,P02083,2025-11-22 08:25:55.238880,0,0.27759427,0
O035754,C00617,P00618,2025-11-22 08:39:01.498537,0,0.31241754,0
O035755,C00290,P01684,2025-11-22 08:52:07.758193,1,0.7277635,1
O035756,C06288,P02442,2025-11-22 09:05:14.017850,0,0.23043853,0
O035757,C05315,P01005,2025-11-22 09:18:20.277506,0,0.328084,0
O035758,C05544,P02483,2025-11-22 09:31:26.537163,0,0.18483439,0
O035759,C05949,P02176,2025-11-22 09:44:32.796819,0,0.25160232,0
O035760,C05851,P02391,2025-11-22 09:57:39.056476,0,0.5233408,1
O035761,C06960,P01329,2025-11-22 10:10:45.316132,0,0.2805411,0
O035762,C06061,P02253,2025-11-22 10:23:51.575789,1,0.46096307,0
O035763,C03504,P02289,2025-11-22 10:36:57.835445,0,0.3050556,0
O035764,C02963,P01954,2025-11-22 10:50:04.095102,0,0.10376831,0
O035765,C02514,P00885,2025-11-22 11:03:10.354758,0,0.24732858,0
O035766,C05820,P00056,2025-11-22 11:16:16.614415,0,0.53719276,1
O035767,C07879,P02448,2025-11-22 11:29:22.874071,1,0.5179802,1
O035768,C03283,P00717,2025-11-22 11:42:29.133728,0,0.6986574,1
O035769,C04525,P00821,2025-11-22 11:55:35.393384,0,0.48293844,0
O035770,C00242,P02489,2025-11-22 12:08:41.653041,0,0.32873717,0
O035771,C07591,P01361,2025-11-22 12:21:47.912697,0,0.24101268,0
O035772,C01629,P01556,2025-11-22 12:34:54.172354,0,0.64055735,1
O035773,C02009,P01474,2025-11-22 12:48:00.432010,0,0.37790355,0
O035774,C02978,P01698,2025-11-22 13:01:06.691667,0,0.54025185,1
O035775,C01793,P01622,2025-11-22 13:14:12.951323,0,0.3415782,0
O035776,C00175,P00803,2025-11-22 13:27:19.210980,0,0.5284758,1
O035777,C05609,P01762,2025-11-22 13:40:25.470636,0,0.16423994,0
O035778,C04112,P01715,2025-11-22 13:53:31.730293,0,0.43166867,0
O035779,C05987,P02094,2025-11-22 14:06:37.989949,0,0.2771183,0
O035780,C04247,P00840,2025-11-22 14:19:44.249606,0,0.65019524,1
O035781,C05358,P01014,2025-11-22 14:32:50.509262,0,0.16804075,0
O035782,C02710,P01818,2025-11-22 14:45:56.768919,1,0.23475122,0
O035783,C01034,P00549,2025-11-22 14:59:03.028575,0,0.29932624,0
O035784,C05055,P02315,2025-11-22 15:12:09.288232,1,0.4705516,0
O035785,C05791,P01924,2025-11-22 15:25:15.547888,0,0.36607045,0
O035786,C02834,P01151,2025-11-22 15:38:21.807545,0,0.6599723,1
O035787,C06537,P02215,2025-11-22 15:51:28.067201,0,0.51441145,1
O035788,C07480,P02042,2025-11-22 16:04:34.326858,0,0.41235262,0
O035789,C04767,P00356,2025-11-22 16:17:40.586514,0,0.334585,0
O035790,C07547,P02287,2025-11-22 16:30:46.846171,0,0.6645858,1
O035791,C01387,P01749,2025-11-22 16:43:53.105827,1,0.54439205,1
O035792,C04017,P00498,2025-11-22 16:56:59.365484,0,0.49497145,0
O035793,C02566,P02322,2025-11-22 17:10:05.625140,0,0.6552605,1
O035794,C00698,P02066,2025-11-22 17:23:11.884797,1,0.7315157,1
O035795,C03663,P01631,2025-11-22 17:36:18.144453,0,0.29078358,0
O035796,C02166,P01657,2025-11-22 17:49:24.404110,0,0.6578092,1
O035797,C02305,P00857,2025-11-22 18:02:30.663766,0,0.12413824,0
O035798,C04951,P01322,2025-11-22 18:15:36.923423,0,0.62028265,1
O035799,C04624,P01577,2025-11-22 18:28:43.183079,0,0.19562216,0
O035800,C02489,P01584,2025-11-22 18:41:49.442736,1,0.74140656,1
O035801,C03192,P00645,2025-11-22 18:54:55.702392,0,0.48811468,0
O035802,C06507,P00296,2025-11-22 19:08:01.962049,1,0.6099059,1
O035803,C02487,P02033,2025-11-22 19:21:08.221705,0,0.46243492,0
O035804,C03447,P02154,2025-11-22 19:34:14.481362,1,0.7314721,1
O035805,C06505,P01529,2025-11-22 19:47:20.741018,0,0.2311032,0
O035806,C02567,P00779,2025-11-22 20:00:27.000675,0,0.3620631,0
O035807,C01306,P02188,2025-11-22 20:13:33.260331,0,0.44842044,0
O035808,C04896,P00848,2025-11-22 20:26:39.519988,0,0.59130543,1
O035809,C02683,P00032,2025-11-22 20:39:45.779644,0,0.30628812,0
O035810,C05965,P01532,2025-11-22 20:52:52.039300,0,0.23784366,0
O035811,C04718,P00056,2025-11-22 21:05:58.298957,1,0.2943059,0
O035812,C01928,P00416,2025-11-22 21:19:04.558613,0,0.5364492,1
O035813,C07694,P01410,2025-11-22 21:32:10.818270,0,0.36533254,0
O035814,C06346,P02395,2025-11-22 21:45:17.077926,0,0.41655028,0
O035815,C03220,P00041,2025-11-22 21:58:23.337583,1,0.5896731,1
O035816,C02110,P00697,2025-11-22 22:11:29.597239,1,0.50336653,1
O035817,C07026,P01399,2025-11-22 22:24:35.856896,0,0.58214545,1
O035818,C04387,P00814,2025-11-22 22:37:42.116552,0,0.2958204,0
O035819,C04273,P00768,2025-11-22 22:50:48.376209,0,0.18876952,0
O035820,C03550,P01544,2025-11-22 23:03:54.635865,1,0.5033075,1
O035821,C01513,P01823,2025-11-22 23:17:00.895522,0,0.40561765,0
O035822,C03948,P01053,2025-11-22 23:30:07.155178,0,0.68100804,1
O035823,C07427,P01025,2025-11-22 23:43:13.414835,1,0.6791417,1
O035824,C01116,P01540,2025-11-22 23:56:19.674491,0,0.518432,1
O035825,C01112,P00423,2025-11-23 00:09:25.934148,0,0.41003734,0
O035826,C04211,P01918,2025-11-23 00:22:32.193804,1,0.25649917,0
O035827,C06690,P00279,2025-11-23 00:35:38.453461,0,0.21803308,0
O035828,C01468,P00457,2025-11-23 00:48:44.713117,0,0.35042006,0
O035829,C00395,P01222,2025-11-23 01:01:50.972774,0,0.7156644,1
O035830,C02380,P01856,2025-11-23 01:14:57.232430,0,0.23266244,0
O035831,C01725,P02126,2025-11-23 01:28:03.492087,0,0.31354874,0
O035832,C06917,P00654,2025-11-23 01:41:09.751743,0,0.10117703,0
O035833,C03479,P01463,2025-11-23 01:54:16.011400,1,0.7131671,1
O035834,C06025,P00857,2025-11-23 02:07:22.271056,0,0.38430887,0
O035835,C03013,P01051,2025-11-23 02:20:28.530713,1,0.34388137,0
O035836,C05364,P01871,2025-11-23 02:33:34.790369,0,0.35006964,0
O035837,C00128,P00681,2025-11-23 02:46:41.050026,0,0.25827914,0
O035838,C05661,P01579,2025-11-23 02:59:47.309682,0,0.26685867,0
O035839,C00864,P01911,2025-11-23 03:12:53.569339,1,0.73067373,1
O035840,C06167,P01420,2025-11-23 03:25:59.828995,0,0.43840545,0
O035841,C01840,P00798,2025-11-23 03:39:06.088652,0,0.35283935,0
O035842,C00317,P00861,2025-11-23 03:52:12.348308,1,0.70766413,1
O035843,C04740,P00257,2025-11-23 04:05:18.607965,0,0.56331146,1
O035844,C02210,P01127,2025-11-23 04:18:24.867621,1,0.47685066,0
O035845,C00150,P00874,2025-11-23 04:31:31.127278,1,0.41633892,0
O035846,C01361,P01740,2025-11-23 04:44:37.386934,0,0.6555377,1
O035847,C05393,P00701,2025-11-23 04:57:43.646591,0,0.44334647,0
O035848,C06886,P01792,2025-11-23 05:10:49.906247,0,0.60841966,1
O035849,C02105,P01057,2025-11-23 05:23:56.165904,0,0.27292624,0
O035850,C05221,P02341,2025-11-23 05:37:02.425560,0,0.40857095,0
O035851,C07291,P00964,2025-11-23 05:50:08.685217,0,0.45437467,0
O035852,C03852,P01666,2025-11-23 06:03:14.944873,1,0.64090294,1
O035853,C06415,P01277,2025-11-23 06:16:21.204530,0,0.5391531,1
O035854,C06768,P01749,2025-11-23 06:29:27.464186,0,0.48964176,0
O035855,C05864,P01713,2025-11-23 06:42:33.723843,0,0.2042488,0
O035856,C00439,P01260,2025-11-23 06:55:39.983499,0,0.23287137,0
O035857,C01955,P01960,2025-11-23 07:08:46.243156,1,0.4145953,0
O035858,C00102,P01317,2025-11-23 07:21:52.502812,0,0.20371504,0
O035859,C00503,P00761,2025-11-23 07:34:58.762469,1,0.6504438,1
O035860,C00989,P01916,2025-11-23 07:48:05.022125,1,0.36857495,0
O035861,C00580,P00781,2025-11-23 08:01:11.281782,1,0.52901953,1
O035862,C02105,P02034,2025-11-23 08:14:17.541438,0,0.567819,1
O035863,C00019,P02066,2025-11-23 08:27:23.801095,0,0.6304002,1
O035864,C03280,P00487,2025-11-23 08:40:30.060751,0,0.62097615,1
O035865,C06950,P02399,2025-11-23 08:53:36.320408,0,0.3881666,0
O035866,C01064,P00168,2025-11-23 09:06:42.580064,1,0.6922478,1
O035867,C01985,P01176,2025-11-23 09:19:48.839720,0,0.1785463,0
O035868,C04418,P02352,2025-11-23 09:32:55.099377,0,0.64259756,1
O035869,C04354,P01374,2025-11-23 09:46:01.359033,0,0.4994934,0
O035870,C04973,P00184,2025-11-23 09:59:07.618690,0,0.4580051,0
O035871,C03693,P01649,2025-11-23 10:12:13.878346,0,0.24959397,0
O035872,C04131,P01893,2025-11-23 10:25:20.138003,0,0.3666445,0
O035873,C00314,P01977,2025-11-23 10:38:26.397659,0,0.54249626,1
O035874,C03252,P02117,2025-11-23 10:51:32.657316,1,0.61462903,1
O035875,C07186,P00305,2025-11-23 11:04:38.916972,0,0.6695103,1
O035876,C05892,P00871,2025-11-23 11:17:45.176629,0,0.19565436,0
O035877,C05397,P00581,2025-11-23 11:30:51.436285,1,0.4301082,0
O035878,C06173,P00513,2025-11-23 11:43:57.695942,1,0.23566253,0
O035879,C03910,P00787,2025-11-23 11:57:03.955598,0,0.53892595,1
O035880,C02340,P00069,2025-11-23 12:10:10.215255,0,0.17233491,0
O035881,C05365,P00493,2025-11-23 12:23:16.474911,0,0.24250782,0
O035882,C00759,P02032,2025-11-23 12:36:22.734568,0,0.27454993,0
O035883,C06148,P01148,2025-11-23 12:49:28.994224,0,0.45660728,0
O035884,C02791,P01198,2025-11-23 13:02:35.253881,0,0.3631918,0
O035885,C04117,P02426,2025-11-23 13:15:41.513537,0,0.27216086,0
O035886,C05424,P00578,2025-11-23 13:28:47.773194,0,0.36494523,0
O035887,C06752,P00575,2025-11-23 13:41:54.032850,0,0.057838798,0
O035888,C00247,P02319,2025-11-23 13:55:00.292507,0,0.22975433,0
O035889,C05534,P01663,2025-11-23 14:08:06.552163,0,0.38500452,0
O035890,C03020,P01118,2025-11-23 14:21:12.811820,0,0.18529749,0
O035891,C07438,P02057,2025-11-23 14:34:19.071476,0,0.2637242,0
O035892,C06143,P00647,2025-11-23 14:47:25.331133,0,0.4874231,0
O035893,C03840,P00497,2025-11-23 15:00:31.590789,0,0.21385221,0
O035894,C04353,P00703,2025-11-23 15:13:37.850446,0,0.51689345,1
O035895,C04752,P02196,2025-11-23 15:26:44.110102,0,0.49304754,0
O035896,C06872,P01229,2025-11-23 15:39:50.369759,0,0.29572967,0
O035897,C03644,P00817,2025-11-23 15:52:56.629415,0,0.49130008,0
O035898,C00993,P01581,2025-11-23 16:06:02.889072,0,0.36281362,0
O035899,C06062,P01125,2025-11-23 16:19:09.148728,0,0.19169593,0
O035900,C04109,P02427,2025-11-23 16:32:15.408385,0,0.7007186,1
O035901,C01092,P00011,2025-11-23 16:45:21.668041,0,0.28096816,0
O035902,C05570,P00943,2025-11-23 16:58:27.927698,0,0.22015102,0
O035903,C07382,P00827,2025-11-23 17:11:34.187354,0,0.39194268,0
O035904,C03309,P01621,2025-11-23 17:24:40.447011,1,0.5909863,1
O035905,C03650,P00425,2025-11-23 17:37:46.706667,0,0.4184225,0
O035906,C03612,P01197,2025-11-23 17:50:52.966324,0,0.4431797,0
O035907,C05033,P02171,2025-11-23 18:03:59.225980,1,0.49460042,0
O035908,C03939,P02096,2025-11-23 18:17:05.485637,0,0.6232165,1
O035909,C02147,P01697,2025-11-23 18:30:11.745293,0,0.33310488,0
O035910,C01237,P02174,2025-11-23 18:43:18.004950,0,0.1975231,0
O035911,C01491,P01722,2025-11-23 18:56:24.264606,0,0.50198156,1
O035912,C04117,P00053,2025-11-23 19:09:30.524263,0,0.37886775,0
O035913,C05975,P02411,2025-11-23 19:22:36.783919,0,0.636337,1
O035914,C02003,P00195,2025-11-23 19:35:43.043576,0,0.4174152,0
O035915,C05790,P01871,2025-11-23 19:48:49.303232,0,0.24732663,0
O035916,C03257,P00488,2025-11-23 20:01:55.562889,0,0.7667204,1
O035917,C00551,P01822,2025-11-23 20:15:01.822545,0,0.26356968,0
O035918,C01685,P00304,2025-11-23 20:28:08.082202,0,0.51482785,1
O035919,C01224,P00302,2025-11-23 20:41:14.341858,0,0.69671375,1
O035920,C03106,P00729,2025-11-23 20:54:20.601515,1,0.5281421,1
O035921,C05149,P00508,2025-11-23 21:07:26.861171,0,0.4567435,0
O035922,C05833,P02441,2025-11-23 21:20:33.120828,0,0.16361424,0
O035923,C02890,P00547,2025-11-23 21:33:39.380484,0,0.71077645,1
O035924,C03871,P01962,2025-11-23 21:46:45.640141,0,0.5177665,1
O035925,C00145,P02343,2025-11-23 21:59:51.899797,0,0.5239857,1
O035926,C06466,P00300,2025-11-23 22:12:58.159453,1,0.71961516,1
O035927,C01595,P00913,2025-11-23 22:26:04.419110,0,0.35810727,0
O035928,C06451,P02376,2025-11-23 22:39:10.678766,0,0.1834914,0
O035929,C01979,P02397,2025-11-23 22:52:16.938423,0,0.38493302,0
O035930,C01257,P01887,2025-11-23 23:05:23.198079,0,0.30946365,0
O035931,C04452,P00962,2025-11-23 23:18:29.457736,1,0.5593644,1
O035932,C00480,P00420,2025-11-23 23:31:35.717392,0,0.44689116,0
O035933,C02330,P01720,2025-11-23 23:44:41.977049,0,0.12516691,0
O035934,C02382,P02293,2025-11-23 23:57:48.236705,0,0.2864916,0
O035935,C03709,P00161,2025-11-24 00:10:54.496362,0,0.23006111,0
O035936,C04223,P01408,2025-11-24 00:24:00.756018,1,0.4180106,0
O035937,C05553,P01489,2025-11-24 00:37:07.015675,0,0.34098735,0
O035938,C02500,P02493,2025-11-24 00:50:13.275331,0,0.2687715,0
O035939,C01779,P00554,2025-11-24 01:03:19.534988,0,0.3601075,0
O035940,C00344,P02347,2025-11-24 01:16:25.794644,0,0.36122036,0
O035941,C06873,P02152,2025-11-24 01:29:32.054301,0,0.40824848,0
O035942,C04184,P00835,2025-11-24 01:42:38.313957,1,0.5514524,1
O035943,C04063,P00363,2025-11-24 01:55:44.573614,1,0.46609116,0
O035944,C03927,P02290,2025-11-24 02:08:50.833270,0,0.63605785,1
O035945,C03964,P01739,2025-11-24 02:21:57.092927,0,0.37417078,0
O035946,C05774,P01436,2025-11-24 02:35:03.352583,0,0.3062266,0
O035947,C05337,P02486,2025-11-24 02:48:09.612240,1,0.39155716,0
O035948,C01983,P00645,2025-11-24 03:01:15.871896,0,0.43175387,0
O035949,C01573,P00976,2025-11-24 03:14:22.131553,0,0.71244496,1
O035950,C00523,P02467,2025-11-24 03:27:28.391209,0,0.45811376,0
O035951,C06987,P01699,2025-11-24 03:40:34.650866,1,0.721582,1
O035952,C05492,P00122,2025-11-24 03:53:40.910522,0,0.37442878,0
O035953,C06996,P01510,2025-11-24 04:06:47.170179,0,0.5886553,1
O035954,C05582,P02145,2025-11-24 04:19:53.429835,1,0.2795931,0
O035955,C04281,P02122,2025-11-24 04:32:59.689492,0,0.4428557,0
O035956,C00003,P00112,2025-11-24 04:46:05.949148,0,0.37225738,0
O035957,C06597,P02022,2025-11-24 04:59:12.208805,0,0.55831724,1
O035958,C03078,P01457,2025-11-24 05:12:18.468461,1,0.19026649,0
O035959,C01256,P00869,2025-11-24 05:25:24.728118,0,0.4599314,0
O035960,C02055,P01412,2025-11-24 05:38:30.987774,0,0.49023506,0
O035961,C03714,P00926,2025-11-24 05:51:37.247431,0,0.24003333,0
O035962,C07901,P00042,2025-11-24 06:04:43.507087,0,0.7494875,1
O035963,C03419,P02300,2025-11-24 06:17:49.766744,0,0.31362435,0
O035964,C04499,P00088,2025-11-24 06:30:56.026400,0,0.5378273,1
O035965,C00003,P01954,2025-11-24 06:44:02.286057,0,0.07012588,0
O035966,C01582,P01205,2025-11-24 06:57:08.545713,0,0.64877367,1
O035967,C04806,P00560,2025-11-24 07:10:14.805370,0,0.28310412,0
O035968,C04699,P00896,2025-11-24 07:23:21.065026,1,0.5778058,1
O035969,C05611,P02088,2025-11-24 07:36:27.324683,0,0.1861416,0
O035970,C01356,P02342,2025-11-24 07:49:33.584339,0,0.733773,1
O035971,C00514,P01130,2025-11-24 08:02:39.843996,0,0.37116468,0
O035972,C04817,P01809,2025-11-24 08:15:46.103652,1,0.79718566,1
O035973,C07866,P02347,2025-11-24 08:28:52.363309,1,0.3761078,0
O035974,C07042,P00575,2025-11-24 08:41:58.622965,0,0.21885854,0
O035975,C05149,P01759,2025-11-24 08:55:04.882622,1,0.52548957,1
O035976,C04299,P00705,2025-11-24 09:08:11.142278,0,0.46034604,0
O035977,C00990,P00710,2025-11-24 09:21:17.401935,0,0.49041274,0
O035978,C04194,P02031,2025-11-24 09:34:23.661591,0,0.41159308,0
O035979,C03982,P00775,2025-11-24 09:47:29.921248,0,0.56029874,1
O035980,C00307,P02466,2025-11-24 10:00:36.180904,1,0.28686288,0
O035981,C07090,P00365,2025-11-24 10:13:42.440561,0,0.45643187,0
O035982,C04963,P01118,2025-11-24 10:26:48.700217,0,0.15259868,0
O035983,C03420,P01356,2025-11-24 10:39:54.959873,1,0.24354139,0
O035984,C00538,P00589,2025-11-24 10:53:01.219530,1,0.5153616,1
O035985,C02659,P01118,2025-11-24 11:06:07.479186,0,0.33984607,0
O035986,C04581,P01643,2025-11-24 11:19:13.738843,0,0.27838728,0
O035987,C07527,P00858,2025-11-24 11:32:19.998499,0,0.41800964,0
O035988,C04483,P00248,2025-11-24 11:45:26.258156,0,0.5472102,1
O035989,C02669,P00776,2025-11-24 11:58:32.517812,1,0.20571664,0
O035990,C02129,P01671,2025-11-24 12:11:38.777469,0,0.29652932,0
O035991,C01456,P00157,2025-11-24 12:24:45.037125,0,0.49013066,0
O035992,C07659,P00042,2025-11-24 12:37:51.296782,0,0.57282,1
O035993,C05953,P01412,2025-11-24 12:50:57.556438,0,0.6285422,1
O035994,C01362,P02403,2025-11-24 13:04:03.816095,0,0.1379223,0
O035995,C05568,P00497,2025-11-24 13:17:10.075751,0,0.26429817,0
O035996,C02419,P00090,2025-11-24 13:30:16.335408,0,0.58013105,1
O035997,C03193,P00865,2025-11-24 13:43:22.595064,0,0.61955684,1
O035998,C06830,P01125,2025-11-24 13:56:28.854721,0,0.2430369,0
O035999,C05988,P00640,2025-11-24 14:09:35.114377,0,0.30719027,0
O036000,C07634,P01475,2025-11-24 14:22:41.374034,0,0.47986427,0
O036001,C05271,P00434,2025-11-24 14:35:47.633690,1,0.3997106,0
O036002,C07459,P02016,2025-11-24 14:48:53.893347,0,0.3542393,0
O036003,C00999,P00922,2025-11-24 15:02:00.153003,0,0.4584292,0
O036004,C06312,P00421,2025-11-24 15:15:06.412660,1,0.61983573,1
O036005,C03702,P01974,2025-11-24 15:28:12.672316,1,0.70822203,1
O036006,C00987,P01542,2025-11-24 15:41:18.931973,0,0.80098,1
O036007,C04736,P01033,2025-11-24 15:54:25.191629,0,0.52972823,1
O036008,C00248,P00484,2025-11-24 16:07:31.451286,1,0.21968372,0
O036009,C04617,P01315,2025-11-24 16:20:37.710942,1,0.7005414,1
O036010,C03069,P00729,2025-11-24 16:33:43.970599,0,0.4671207,0
O036011,C07149,P01511,2025-11-24 16:46:50.230255,1,0.6728158,1
O036012,C05992,P01606,2025-11-24 16:59:56.489912,0,0.5894926,1
O036013,C05189,P01525,2025-11-24 17:13:02.749568,1,0.22927056,0
O036014,C07977,P00083,2025-11-24 17:26:09.009225,0,0.31350535,0
O036015,C03809,P01060,2025-11-24 17:39:15.268881,0,0.3266236,0
O036016,C06688,P00566,2025-11-24 17:52:21.528538,0,0.290305,0
O036017,C03602,P00186,2025-11-24 18:05:27.788194,1,0.16207068,0
O036018,C07097,P00310,2025-11-24 18:18:34.047851,0,0.61272174,1
O036019,C05678,P01363,2025-11-24 18:31:40.307507,0,0.45896348,0
O036020,C03195,P00260,2025-11-24 18:44:46.567164,0,0.33541095,0
O036021,C01329,P00193,2025-11-24 18:57:52.826820,0,0.5307524,1
O036022,C02178,P02262,2025-11-24 19:10:59.086477,0,0.28312686,0
O036023,C06717,P00519,2025-11-24 19:24:05.346133,1,0.27678728,0
O036024,C03574,P01825,2025-11-24 19:37:11.605790,0,0.42169127,0
O036025,C04631,P01092,2025-11-24 19:50:17.865446,0,0.49672228,0
O036026,C03583,P00320,2025-11-24 20:03:24.125103,0,0.3170768,0
O036027,C02114,P00076,2025-11-24 20:16:30.384759,0,0.24489088,0
O036028,C04826,P02352,2025-11-24 20:29:36.644416,0,0.6235801,1
O036029,C01611,P02249,2025-11-24 20:42:42.904072,0,0.4239411,0
O036030,C00315,P01274,2025-11-24 20:55:49.163729,0,0.30218086,0
O036031,C06131,P01840,2025-11-24 21:08:55.423385,0,0.33400014,0
O036032,C04525,P01767,2025-11-24 21:22:01.683042,0,0.37773767,0
O036033,C07665,P02421,2025-11-24 21:35:07.942698,1,0.5979218,1
O036034,C01274,P01360,2025-11-24 21:48:14.202355,0,0.51314735,1
O036035,C00113,P00602,2025-11-24 22:01:20.462011,0,0.40735176,0
O036036,C00880,P02418,2025-11-24 22:14:26.721668,0,0.36201188,0
O036037,C05242,P01762,2025-11-24 22:27:32.981324,0,0.09564992,0
O036038,C03755,P00901,2025-11-24 22:40:39.240981,0,0.5662443,1
O036039,C00812,P01835,2025-11-24 22:53:45.500637,0,0.6318416,1
O036040,C04537,P00199,2025-11-24 23:06:51.760294,1,0.73444724,1
O036041,C00586,P01966,2025-11-24 23:19:58.019950,0,0.5084093,1
O036042,C05574,P01891,2025-11-24 23:33:04.279606,0,0.17061312,0
O036043,C00981,P00613,2025-11-24 23:46:10.539263,1,0.20057991,0
O036044,C02635,P01766,2025-11-24 23:59:16.798919,0,0.29181176,0
O036045,C06994,P01299,2025-11-25 00:12:23.058576,1,0.565055,1
O036046,C07415,P00237,2025-11-25 00:25:29.318232,0,0.3466681,0
O036047,C06879,P00708,2025-11-25 00:38:35.577889,1,0.28873777,0
O036048,C00537,P00331,2025-11-25 00:51:41.837545,0,0.31602174,0
O036049,C06312,P00460,2025-11-25 01:04:48.097202,0,0.68487006,1
O036050,C07608,P02241,2025-11-25 01:17:54.356858,1,0.7276831,1
O036051,C04167,P00880,2025-11-25 01:31:00.616515,1,0.6858484,1
O036052,C05678,P00137,2025-11-25 01:44:06.876171,0,0.5782335,1
O036053,C01203,P01889,2025-11-25 01:57:13.135828,0,0.5337405,1
O036054,C03082,P00906,2025-11-25 02:10:19.395484,1,0.6666611,1
O036055,C02553,P00895,2025-11-25 02:23:25.655141,0,0.44689563,0
O036056,C06358,P01776,2025-11-25 02:36:31.914797,1,0.4023385,0
O036057,C00202,P01543,2025-11-25 02:49:38.174454,0,0.44447052,0
O036058,C04443,P01669,2025-11-25 03:02:44.434110,0,0.18698391,0
O036059,C04892,P02119,2025-11-25 03:15:50.693767,0,0.42107606,0
O036060,C05747,P00287,2025-11-25 03:28:56.953423,0,0.37816885,0
O036061,C01217,P00006,2025-11-25 03:42:03.213080,0,0.4068523,0
O036062,C00607,P00642,2025-11-25 03:55:09.472736,0,0.5278394,1
O036063,C02159,P00451,2025-11-25 04:08:15.732393,0,0.4048649,0
O036064,C02733,P02397,2025-11-25 04:21:21.992049,0,0.2183811,0
O036065,C05113,P00062,2025-11-25 04:34:28.251706,0,0.6418843,1
O036066,C02606,P01324,2025-11-25 04:47:34.511362,1,0.16585584,0
O036067,C04281,P01910,2025-11-25 05:00:40.771019,1,0.58408844,1
O036068,C04636,P01513,2025-11-25 05:13:47.030675,0,0.35271162,0
O036069,C01385,P02039,2025-11-25 05:26:53.290332,1,0.17457008,0
O036070,C05983,P01437,2025-11-25 05:39:59.549988,0,0.42490667,0
O036071,C07792,P02102,2025-11-25 05:53:05.809645,0,0.36434278,0
O036072,C01543,P00322,2025-11-25 06:06:12.069301,1,0.60705465,1
O036073,C06446,P00886,2025-11-25 06:19:18.328958,0,0.31759605,0
O036074,C05951,P00822,2025-11-25 06:32:24.588614,0,0.34756702,0
O036075,C05910,P00637,2025-11-25 06:45:30.848271,0,0.6707775,1
O036076,C04855,P02214,2025-11-25 06:58:37.107927,0,0.50729084,1
O036077,C07477,P01158,2025-11-25 07:11:43.367584,0,0.38699302,0
O036078,C05368,P01528,2025-11-25 07:24:49.627240,0,0.19573092,0
O036079,C04990,P00440,2025-11-25 07:37:55.886897,0,0.21639754,0
O036080,C03245,P00610,2025-11-25 07:51:02.146553,1,0.74104404,1
O036081,C05162,P01255,2025-11-25 08:04:08.406210,0,0.32362705,0
O036082,C01428,P01062,2025-11-25 08:17:14.665866,0,0.40312728,0
O036083,C01588,P01827,2025-11-25 08:30:20.925523,0,0.5956271,1
O036084,C03590,P00245,2025-11-25 08:43:27.185179,0,0.5879182,1
O036085,C07513,P00568,2025-11-25 08:56:33.444836,0,0.8137131,1
O036086,C02532,P01616,2025-11-25 09:09:39.704492,0,0.6725033,1
O036087,C02187,P01730,2025-11-25 09:22:45.964149,0,0.5614651,1
O036088,C03546,P00422,2025-11-25 09:35:52.223805,0,0.38966954,0
O036089,C01777,P00528,2025-11-25 09:48:58.483462,0,0.58807707,1
O036090,C05262,P00074,2025-11-25 10:02:04.743118,1,0.70296645,1
O036091,C07867,P00456,2025-11-25 10:15:11.002775,0,0.3248333,0
O036092,C01029,P01484,2025-11-25 10:28:17.262431,1,0.624383,1
O036093,C06600,P01982,2025-11-25 10:41:23.522088,0,0.52521366,1
O036094,C07759,P01683,2025-11-25 10:54:29.781744,0,0.2272039,0
O036095,C06147,P02111,2025-11-25 11:07:36.041401,0,0.63261056,1
O036096,C02245,P00209,2025-11-25 11:20:42.301057,0,0.48750803,0
O036097,C02911,P00369,2025-11-25 11:33:48.560714,0,0.4866997,0
O036098,C07192,P00736,2025-11-25 11:46:54.820370,0,0.6978928,1
O036099,C05222,P01253,2025-11-25 12:00:01.080027,0,0.17956866,0
O036100,C03770,P02283,2025-11-25 12:13:07.339683,1,0.28897128,0
O036101,C03986,P00691,2025-11-25 12:26:13.599339,1,0.19034009,0
O036102,C05060,P02306,2025-11-25 12:39:19.858996,0,0.22538066,0
O036103,C04916,P00832,2025-11-25 12:52:26.118652,0,0.67267287,1
O036104,C04292,P02206,2025-11-25 13:05:32.378309,0,0.40259418,0
O036105,C00589,P00228,2025-11-25 13:18:38.637965,0,0.28384414,0
O036106,C06034,P02255,2025-11-25 13:31:44.897622,1,0.30284977,0
O036107,C04612,P02154,2025-11-25 13:44:51.157278,0,0.6455426,1
O036108,C01660,P00648,2025-11-25 13:57:57.416935,0,0.36316803,0
O036109,C03190,P01084,2025-11-25 14:11:03.676591,0,0.5434124,1
O036110,C07049,P01154,2025-11-25 14:24:09.936248,0,0.55138236,1
O036111,C00546,P02237,2025-11-25 14:37:16.195904,0,0.3134862,0
O036112,C02866,P02437,2025-11-25 14:50:22.455561,0,0.5423054,1
O036113,C02367,P01154,2025-11-25 15:03:28.715217,0,0.46326137,0
O036114,C03473,P01018,2025-11-25 15:16:34.974874,0,0.50517684,1
O036115,C03206,P02037,2025-11-25 15:29:41.234530,0,0.35199416,0
O036116,C05491,P00781,2025-11-25 15:42:47.494187,0,0.75704956,1
O036117,C01817,P01048,2025-11-25 15:55:53.753843,1,0.38439897,0
O036118,C01750,P01945,2025-11-25 16:09:00.013500,0,0.35814464,0
O036119,C05702,P01219,2025-11-25 16:22:06.273156,0,0.60556066,1
O036120,C06851,P01506,2025-11-25 16:35:12.532813,1,0.7017752,1
O036121,C07414,P00730,2025-11-25 16:48:18.792469,0,0.4833945,0
O036122,C07912,P00585,2025-11-25 17:01:25.052126,0,0.55579835,1
O036123,C03970,P02320,2025-11-25 17:14:31.311782,0,0.16828978,0
O036124,C01693,P01341,2025-11-25 17:27:37.571439,1,0.7179458,1
O036125,C00812,P01095,2025-11-25 17:40:43.831095,0,0.6700077,1
O036126,C03186,P00924,2025-11-25 17:53:50.090752,1,0.28192487,0
O036127,C00458,P01871,2025-11-25 18:06:56.350408,0,0.40077013,0
O036128,C07294,P00586,2025-11-25 18:20:02.610065,0,0.3266192,0
O036129,C02714,P00002,2025-11-25 18:33:08.869721,0,0.48809788,0
O036130,C07056,P02240,2025-11-25 18:46:15.129378,1,0.57518566,1
O036131,C05525,P01946,2025-11-25 18:59:21.389034,0,0.68014586,1
O036132,C06164,P01304,2025-11-25 19:12:27.648691,0,0.28976157,0
O036133,C05611,P00774,2025-11-25 19:25:33.908347,0,0.16021863,0
O036134,C02511,P01794,2025-11-25 19:38:40.168004,0,0.26076674,0
O036135,C01268,P01276,2025-11-25 19:51:46.427660,0,0.23387782,0
O036136,C05078,P01152,2025-11-25 20:04:52.687317,0,0.483377,0
O036137,C00878,P00021,2025-11-25 20:17:58.946973,1,0.7863784,1
O036138,C04915,P00742,2025-11-25 20:31:05.206630,0,0.34546322,0
O036139,C05220,P00488,2025-11-25 20:44:11.466286,0,0.76772135,1
O036140,C06212,P02090,2025-11-25 20:57:17.725943,1,0.8363305,1
O036141,C05339,P01828,2025-11-25 21:10:23.985599,0,0.8107867,1
O036142,C05686,P02064,2025-11-25 21:23:30.245256,0,0.32309878,0
O036143,C05477,P01399,2025-11-25 21:36:36.504912,0,0.6309595,1
O036144,C06961,P00469,2025-11-25 21:49:42.764569,0,0.30615607,0
O036145,C05860,P02255,2025-11-25 22:02:49.024225,1,0.4128027,0
O036146,C06076,P00260,2025-11-25 22:15:55.283882,0,0.5359296,1
O036147,C07074,P01184,2025-11-25 22:29:01.543538,0,0.27259713,0
O036148,C05554,P01368,2025-11-25 22:42:07.803195,1,0.585345,1
O036149,C04139,P00851,2025-11-25 22:55:14.062851,0,0.6758799,1
O036150,C03301,P01289,2025-11-25 23:08:20.322508,0,0.55699587,1
O036151,C03739,P00583,2025-11-25 23:21:26.582164,0,0.71294427,1
O036152,C01684,P00307,2025-11-25 23:34:32.841821,1,0.40066785,0
O036153,C03413,P02247,2025-11-25 23:47:39.101477,1,0.44143128,0
O036154,C01106,P01495,2025-11-26 00:00:45.361134,0,0.3949226,0
O036155,C07167,P00502,2025-11-26 00:13:51.620790,1,0.2363507,0
O036156,C00649,P02209,2025-11-26 00:26:57.880447,1,0.25261265,0
O036157,C03688,P01819,2025-11-26 00:40:04.140103,1,0.2914531,0
O036158,C01181,P02030,2025-11-26 00:53:10.399759,0,0.24754532,0
O036159,C07129,P00847,2025-11-26 01:06:16.659416,1,0.66645753,1
O036160,C02306,P01907,2025-11-26 01:19:22.919072,1,0.56837785,1
O036161,C03228,P01497,2025-11-26 01:32:29.178729,0,0.20241514,0
O036162,C07001,P02132,2025-11-26 01:45:35.438385,1,0.600931,1
O036163,C04542,P01422,2025-11-26 01:58:41.698042,0,0.7012512,1
O036164,C02208,P00295,2025-11-26 02:11:47.957698,0,0.563449,1
O036165,C06972,P01511,2025-11-26 02:24:54.217355,0,0.782944,1
O036166,C01328,P01052,2025-11-26 02:38:00.477011,0,0.60881925,1
O036167,C07737,P02324,2025-11-26 02:51:06.736668,0,0.2490851,0
O036168,C05864,P00499,2025-11-26 03:04:12.996324,0,0.3862436,0
O036169,C01944,P01043,2025-11-26 03:17:19.255981,1,0.54159594,1
O036170,C05086,P02109,2025-11-26 03:30:25.515637,0,0.71230614,1
O036171,C01546,P00657,2025-11-26 03:43:31.775294,0,0.5019764,1
O036172,C07034,P00337,2025-11-26 03:56:38.034950,0,0.42802295,0
O036173,C05269,P01114,2025-11-26 04:09:44.294607,1,0.4213477,0
O036174,C04342,P02220,2025-11-26 04:22:50.554263,0,0.19943814,0
O036175,C05031,P00188,2025-11-26 04:35:56.813920,0,0.17926016,0
O036176,C04644,P02444,2025-11-26 04:49:03.073576,0,0.25378954,0
O036177,C05620,P00243,2025-11-26 05:02:09.333233,0,0.518115,1
O036178,C01236,P01456,2025-11-26 05:15:15.592889,1,0.612591,1
O036179,C07872,P01952,2025-11-26 05:28:21.852546,0,0.646658,1
O036180,C06349,P01801,2025-11-26 05:41:28.112202,0,0.2664584,0
O036181,C04623,P01131,2025-11-26 05:54:34.371859,0,0.2605057,0
O036182,C03263,P00166,2025-11-26 06:07:40.631515,1,0.2783375,0
O036183,C05037,P01794,2025-11-26 06:20:46.891172,1,0.26216233,0
O036184,C04861,P00717,2025-11-26 06:33:53.150828,0,0.6574704,1
O036185,C02234,P01575,2025-11-26 06:46:59.410485,0,0.49163553,0
O036186,C06912,P02058,2025-11-26 07:00:05.670141,0,0.2523318,0
O036187,C01936,P02085,2025-11-26 07:13:11.929798,0,0.4968542,0
O036188,C04168,P02146,2025-11-26 07:26:18.189454,0,0.32452878,0
O036189,C02461,P01020,2025-11-26 07:39:24.449111,0,0.54968375,1
O036190,C07294,P01587,2025-11-26 07:52:30.708767,0,0.38327643,0
O036191,C03128,P00448,2025-11-26 08:05:36.968424,0,0.36915597,0
O036192,C04853,P02316,2025-11-26 08:18:43.228080,0,0.4101971,0
O036193,C00902,P02275,2025-11-26 08:31:49.487737,0,0.5302284,1
O036194,C04762,P00088,2025-11-26 08:44:55.747393,0,0.39114702,0
O036195,C02460,P00285,2025-11-26 08:58:02.007050,0,0.21075194,0
O036196,C02175,P02167,2025-11-26 09:11:08.266706,0,0.75186235,1
O036197,C01601,P01704,2025-11-26 09:24:14.526363,0,0.21657406,0
O036198,C00840,P02420,2025-11-26 09:37:20.786019,0,0.55457217,1
O036199,C00040,P02088,2025-11-26 09:50:27.045676,0,0.20257652,0
O036200,C05545,P01915,2025-11-26 10:03:33.305332,0,0.3031799,0
O036201,C05881,P01061,2025-11-26 10:16:39.564989,1,0.69905216,1
O036202,C03419,P02215,2025-11-26 10:29:45.824645,0,0.31027782,0
O036203,C06738,P02499,2025-11-26 10:42:52.084302,0,0.29166126,0
O036204,C02363,P01003,2025-11-26 10:55:58.343958,0,0.5345248,1
O036205,C04302,P01927,2025-11-26 11:09:04.603615,0,0.3001269,0
O036206,C06542,P01896,2025-11-26 11:22:10.863271,0,0.7630113,1
O036207,C04442,P02099,2025-11-26 11:35:17.122928,0,0.2091691,0
O036208,C05285,P00806,2025-11-26 11:48:23.382584,0,0.6776964,1
O036209,C01502,P00794,2025-11-26 12:01:29.642241,0,0.5206032,1
O036210,C03775,P01395,2025-11-26 12:14:35.901897,1,0.5184479,1
O036211,C06829,P00069,2025-11-26 12:27:42.161554,0,0.39438358,0
O036212,C06744,P01858,2025-11-26 12:40:48.421210,0,0.62106615,1
O036213,C07981,P02021,2025-11-26 12:53:54.680867,1,0.31440747,0
O036214,C05190,P00275,2025-11-26 13:07:00.940523,0,0.19647941,0
O036215,C07488,P01991,2025-11-26 13:20:07.200180,0,0.69539887,1
O036216,C00074,P00794,2025-11-26 13:33:13.459836,1,0.26654845,0
O036217,C05738,P00674,2025-11-26 13:46:19.719492,0,0.23996082,0
O036218,C07776,P00379,2025-11-26 13:59:25.979149,0,0.31140697,0
O036219,C04854,P00833,2025-11-26 14:12:32.238805,0,0.4379225,0
O036220,C03844,P01489,2025-11-26 14:25:38.498462,0,0.19689988,0
O036221,C03057,P00213,2025-11-26 14:38:44.758118,0,0.6227986,1
O036222,C05496,P01871,2025-11-26 14:51:51.017775,0,0.2066359,0
O036223,C07732,P01995,2025-11-26 15:04:57.277431,0,0.2785781,0
O036224,C02301,P00358,2025-11-26 15:18:03.537088,0,0.4564572,0
O036225,C07742,P01977,2025-11-26 15:31:09.796744,0,0.72993696,1
O036226,C00586,P01469,2025-11-26 15:44:16.056401,0,0.61460435,1
O036227,C04567,P00599,2025-11-26 15:57:22.316057,0,0.5640599,1
O036228,C00195,P00129,2025-11-26 16:10:28.575714,0,0.42485365,0
O036229,C07371,P00314,2025-11-26 16:23:34.835370,0,0.624662,1
O036230,C04701,P00536,2025-11-26 16:36:41.095027,0,0.20111336,0
O036231,C03161,P01840,2025-11-26 16:49:47.354683,0,0.25661483,0
O036232,C02872,P02287,2025-11-26 17:02:53.614340,0,0.45608017,0
O036233,C02572,P02438,2025-11-26 17:15:59.873996,1,0.3217875,0
O036234,C00294,P00565,2025-11-26 17:29:06.133653,0,0.19386703,0
O036235,C00095,P00988,2025-11-26 17:42:12.393309,0,0.18930437,0
O036236,C06189,P01978,2025-11-26 17:55:18.652966,0,0.44518903,0
O036237,C00122,P00113,2025-11-26 18:08:24.912622,0,0.5598104,1
O036238,C04503,P01178,2025-11-26 18:21:31.172279,0,0.12288267,0
O036239,C06499,P00824,2025-11-26 18:34:37.431935,0,0.2607457,0
O036240,C05000,P02208,2025-11-26 18:47:43.691592,0,0.31287774,0
O036241,C04994,P00933,2025-11-26 19:00:49.951248,1,0.30852163,0
O036242,C01133,P01898,2025-11-26 19:13:56.210905,0,0.23901595,0
O036243,C05445,P02339,2025-11-26 19:27:02.470561,0,0.38333988,0
O036244,C03676,P00568,2025-11-26 19:40:08.730218,1,0.79812574,1
O036245,C04595,P00614,2025-11-26 19:53:14.989874,1,0.5146184,1
O036246,C03833,P00043,2025-11-26 20:06:21.249531,1,0.62495625,1
O036247,C04735,P01233,2025-11-26 20:19:27.509187,0,0.47761542,0
O036248,C02160,P02268,2025-11-26 20:32:33.768844,0,0.75110686,1
O036249,C05334,P02396,2025-11-26 20:45:40.028500,0,0.13940533,0
O036250,C07687,P00735,2025-11-26 20:58:46.288157,0,0.66999143,1
O036251,C03522,P01896,2025-11-26 21:11:52.547813,0,0.68292457,1
O036252,C06525,P01623,2025-11-26 21:24:58.807470,0,0.41842863,0
O036253,C01821,P01897,2025-11-26 21:38:05.067126,1,0.62845814,1
O036254,C04458,P00599,2025-11-26 21:51:11.326783,0,0.8171753,1
O036255,C02243,P01529,2025-11-26 22:04:17.586439,1,0.5602686,1
O036256,C01595,P00437,2025-11-26 22:17:23.846096,0,0.2794539,0
O036257,C06882,P00179,2025-11-26 22:30:30.105752,0,0.30969414,0
O036258,C00291,P01618,2025-11-26 22:43:36.365409,0,0.3458707,0
O036259,C04553,P00075,2025-11-26 22:56:42.625065,0,0.36740196,0
O036260,C06796,P01417,2025-11-26 23:09:48.884722,0,0.60740024,1
O036261,C05744,P00995,2025-11-26 23:22:55.144378,0,0.574249,1
O036262,C01077,P00887,2025-11-26 23:36:01.404035,0,0.3060941,0
O036263,C02255,P01606,2025-11-26 23:49:07.663691,0,0.6757794,1
O036264,C07031,P00045,2025-11-27 00:02:13.923348,0,0.5330387,1
O036265,C01399,P01511,2025-11-27 00:15:20.183004,1,0.7056157,1
O036266,C01938,P01222,2025-11-27 00:28:26.442661,1,0.70300585,1
O036267,C06672,P00535,2025-11-27 00:41:32.702317,0,0.7517082,1
O036268,C04189,P02432,2025-11-27 00:54:38.961974,0,0.55471015,1
O036269,C04501,P01923,2025-11-27 01:07:45.221630,1,0.48142052,0
O036270,C03542,P00748,2025-11-27 01:20:51.481287,0,0.25292677,0
O036271,C05192,P00056,2025-11-27 01:33:57.740943,0,0.56213796,1
O036272,C00127,P01745,2025-11-27 01:47:04.000600,1,0.40305755,0
O036273,C02241,P00410,2025-11-27 02:00:10.260256,0,0.5876348,1
O036274,C07951,P00214,2025-11-27 02:13:16.519912,0,0.33962315,0
O036275,C05794,P01277,2025-11-27 02:26:22.779569,0,0.34665713,0
O036276,C07593,P02294,2025-11-27 02:39:29.039225,1,0.3793579,0
O036277,C01434,P00552,2025-11-27 02:52:35.298882,1,0.5425534,1
O036278,C04111,P00640,2025-11-27 03:05:41.558538,0,0.30865258,0
O036279,C03421,P00068,2025-11-27 03:18:47.818195,1,0.50315773,1
O036280,C04545,P00502,2025-11-27 03:31:54.077851,0,0.22562759,0
O036281,C04305,P01880,2025-11-27 03:45:00.337508,0,0.48670185,0
O036282,C06797,P00309,2025-11-27 03:58:06.597164,1,0.59719115,1
O036283,C02269,P00722,2025-11-27 04:11:12.856821,0,0.3827978,0
O036284,C07857,P02299,2025-11-27 04:24:19.116477,0,0.73630106,1
O036285,C04205,P01782,2025-11-27 04:37:25.376134,0,0.23473941,0
O036286,C07010,P00433,2025-11-27 04:50:31.635790,1,0.75318694,1
O036287,C07020,P02321,2025-11-27 05:03:37.895447,0,0.3623657,0
O036288,C00425,P00534,2025-11-27 05:16:44.155103,0,0.5654148,1
O036289,C03596,P02317,2025-11-27 05:29:50.414760,1,0.6727381,1
O036290,C03354,P02371,2025-11-27 05:42:56.674416,0,0.29676732,0
O036291,C03826,P01266,2025-11-27 05:56:02.934073,0,0.18066484,0
O036292,C06791,P00013,2025-11-27 06:09:09.193729,0,0.46677908,0
O036293,C00712,P02328,2025-11-27 06:22:15.453386,0,0.3631571,0
O036294,C05501,P02037,2025-11-27 06:35:21.713042,0,0.3902195,0
O036295,C03404,P01004,2025-11-27 06:48:27.972699,0,0.8094853,1
O036296,C04484,P00596,2025-11-27 07:01:34.232355,1,0.6982673,1
O036297,C06050,P01802,2025-11-27 07:14:40.492012,0,0.29363552,0
O036298,C04537,P00472,2025-11-27 07:27:46.751668,0,0.30357304,0
O036299,C07395,P00441,2025-11-27 07:40:53.011325,0,0.7158634,1
O036300,C06927,P00280,2025-11-27 07:53:59.270981,1,0.5456938,1
O036301,C03663,P01356,2025-11-27 08:07:05.530638,0,0.30145812,0
O036302,C07796,P01153,2025-11-27 08:20:11.790294,0,0.2630788,0
O036303,C06067,P00123,2025-11-27 08:33:18.049951,0,0.21106446,0
O036304,C07280,P00808,2025-11-27 08:46:24.309607,0,0.7103856,1
O036305,C01841,P00911,2025-11-27 08:59:30.569264,0,0.47737592,0
O036306,C02560,P00571,2025-11-27 09:12:36.828920,0,0.21843822,0
O036307,C05954,P01306,2025-11-27 09:25:43.088577,1,0.65434283,1
O036308,C03208,P00526,2025-11-27 09:38:49.348233,0,0.19527996,0
O036309,C05838,P00650,2025-11-27 09:51:55.607890,0,0.30814746,0
O036310,C07059,P00988,2025-11-27 10:05:01.867546,0,0.15180609,0
O036311,C07429,P00466,2025-11-27 10:18:08.127203,0,0.36942998,0
O036312,C05362,P02156,2025-11-27 10:31:14.386859,0,0.71111214,1
O036313,C00866,P01783,2025-11-27 10:44:20.646516,0,0.7018085,1
O036314,C00041,P02393,2025-11-27 10:57:26.906172,0,0.48473206,0
O036315,C02465,P01577,2025-11-27 11:10:33.165829,0,0.31293195,0
O036316,C05563,P00257,2025-11-27 11:23:39.425485,1,0.6134714,1
O036317,C02900,P01041,2025-11-27 11:36:45.685142,0,0.42242077,0
O036318,C05466,P00698,2025-11-27 11:49:51.944798,0,0.33993882,0
O036319,C05012,P00435,2025-11-27 12:02:58.204455,0,0.15917464,0
O036320,C02752,P00267,2025-11-27 12:16:04.464111,0,0.39661962,0
O036321,C01946,P02297,2025-11-27 12:29:10.723768,0,0.58559364,1
O036322,C03908,P01671,2025-11-27 12:42:16.983424,0,0.38793942,0
O036323,C02132,P01049,2025-11-27 12:55:23.243081,0,0.28697667,0
O036324,C00333,P02114,2025-11-27 13:08:29.502737,0,0.5143028,1
O036325,C04535,P00657,2025-11-27 13:21:35.762394,0,0.623272,1
O036326,C01998,P00026,2025-11-27 13:34:42.022050,0,0.29053646,0
O036327,C01870,P00445,2025-11-27 13:47:48.281707,1,0.5961795,1
O036328,C04556,P01238,2025-11-27 14:00:54.541363,1,0.62099177,1
O036329,C01719,P00659,2025-11-27 14:14:00.801020,1,0.43061775,0
O036330,C00752,P00160,2025-11-27 14:27:07.060676,0,0.3190983,0
O036331,C00011,P01000,2025-11-27 14:40:13.320333,1,0.7005197,1
O036332,C01500,P02341,2025-11-27 14:53:19.579989,0,0.23211697,0
O036333,C02408,P00974,2025-11-27 15:06:25.839645,0,0.30859733,0
O036334,C06389,P00513,2025-11-27 15:19:32.099302,0,0.19054736,0
O036335,C04709,P01066,2025-11-27 15:32:38.358958,0,0.4785673,0
O036336,C01068,P01596,2025-11-27 15:45:44.618615,0,0.20000845,0
O036337,C00381,P00543,2025-11-27 15:58:50.878271,0,0.29869708,0
O036338,C01569,P00925,2025-11-27 16:11:57.137928,0,0.376309,0
O036339,C03794,P01570,2025-11-27 16:25:03.397584,0,0.11825835,0
O036340,C04651,P00989,2025-11-27 16:38:09.657241,0,0.48678407,0
O036341,C02641,P02351,2025-11-27 16:51:15.916897,0,0.39489383,0
O036342,C00585,P00844,2025-11-27 17:04:22.176554,0,0.3663963,0
O036343,C06757,P01898,2025-11-27 17:17:28.436210,0,0.3247499,0
O036344,C03121,P00979,2025-11-27 17:30:34.695867,1,0.46068683,0
O036345,C00490,P01938,2025-11-27 17:43:40.955523,0,0.6801317,1
O036346,C06495,P01251,2025-11-27 17:56:47.215180,1,0.42961472,0
O036347,C00507,P01780,2025-11-27 18:09:53.474836,1,0.35443336,0
O036348,C03726,P01362,2025-11-27 18:22:59.734493,0,0.25208685,0
O036349,C04346,P01223,2025-11-27 18:36:05.994149,0,0.38277745,0
O036350,C00355,P01997,2025-11-27 18:49:12.253806,0,0.17078757,0
O036351,C01800,P00109,2025-11-27 19:02:18.513462,0,0.13966776,0
O036352,C04910,P01677,2025-11-27 19:15:24.773119,0,0.30770254,0
O036353,C01308,P00191,2025-11-27 19:28:31.032775,0,0.39386472,0
O036354,C02398,P01704,2025-11-27 19:41:37.292432,0,0.18207516,0
O036355,C05198,P00718,2025-11-27 19:54:43.552088,0,0.36775362,0
O036356,C00562,P02063,2025-11-27 20:07:49.811745,0,0.34863943,0
O036357,C07640,P01435,2025-11-27 20:20:56.071401,0,0.27087027,0
O036358,C07252,P00902,2025-11-27 20:34:02.331058,0,0.30992252,0
O036359,C07310,P02080,2025-11-27 20:47:08.590714,0,0.5197928,1
O036360,C01367,P02380,2025-11-27 21:00:14.850371,0,0.7460229,1
O036361,C05724,P00793,2025-11-27 21:13:21.110027,0,0.545906,1
O036362,C03222,P01289,2025-11-27 21:26:27.369684,0,0.43654734,0
O036363,C02062,P01976,2025-11-27 21:39:33.629340,0,0.51636297,1
O036364,C02994,P00610,2025-11-27 21:52:39.888997,0,0.59193635,1
O036365,C03660,P00559,2025-11-27 22:05:46.148653,0,0.17537703,0
O036366,C03010,P00132,2025-11-27 22:18:52.408310,1,0.61556613,1
O036367,C01167,P00251,2025-11-27 22:31:58.667966,0,0.39088887,0
O036368,C02819,P02159,2025-11-27 22:45:04.927623,0,0.44597325,0
O036369,C07536,P02369,2025-11-27 22:58:11.187279,1,0.76057786,1
O036370,C01713,P01094,2025-11-27 23:11:17.446936,0,0.29939562,0
O036371,C05808,P00929,2025-11-27 23:24:23.706592,0,0.6371372,1
O036372,C03073,P01266,2025-11-27 23:37:29.966249,0,0.15850817,0
O036373,C03072,P02372,2025-11-27 23:50:36.225905,0,0.3365198,0
O036374,C00959,P00492,2025-11-28 00:03:42.485562,0,0.5296689,1
O036375,C05805,P00399,2025-11-28 00:16:48.745218,0,0.28871962,0
O036376,C07087,P01428,2025-11-28 00:29:55.004875,0,0.25816673,0
O036377,C03245,P00271,2025-11-28 00:43:01.264531,0,0.5606737,1
O036378,C06220,P00999,2025-11-28 00:56:07.524188,0,0.61564636,1
O036379,C03575,P00750,2025-11-28 01:09:13.783844,0,0.3934782,0
O036380,C05176,P00815,2025-11-28 01:22:20.043501,1,0.56981665,1
O036381,C07973,P01681,2025-11-28 01:35:26.303157,0,0.2818615,0
O036382,C07672,P01797,2025-11-28 01:48:32.562814,0,0.23046802,0
O036383,C02673,P01810,2025-11-28 02:01:38.822470,0,0.3510089,0
O036384,C07045,P01048,2025-11-28 02:14:45.082127,0,0.50227314,1
O036385,C02179,P00875,2025-11-28 02:27:51.341783,0,0.38411158,0
O036386,C03962,P01601,2025-11-28 02:40:57.601440,0,0.5928773,1
O036387,C02890,P01752,2025-11-28 02:54:03.861096,0,0.68667686,1
O036388,C06001,P01139,2025-11-28 03:07:10.120753,1,0.17365271,0
O036389,C01476,P00979,2025-11-28 03:20:16.380409,0,0.28184095,0
O036390,C00705,P02035,2025-11-28 03:33:22.640066,0,0.63423723,1
O036391,C03877,P01923,2025-11-28 03:46:28.899722,0,0.45671138,0
O036392,C07018,P01526,2025-11-28 03:59:35.159378,0,0.58805037,1
O036393,C01271,P00995,2025-11-28 04:12:41.419035,0,0.5567752,1
O036394,C07894,P01097,2025-11-28 04:25:47.678691,0,0.44117233,0
O036395,C05967,P00705,2025-11-28 04:38:53.938348,1,0.6791687,1
O036396,C05033,P00728,2025-11-28 04:52:00.198004,0,0.43340135,0
O036397,C06366,P01303,2025-11-28 05:05:06.457661,0,0.28554356,0
O036398,C03565,P01092,2025-11-28 05:18:12.717317,0,0.6460362,1
O036399,C02241,P02048,2025-11-28 05:31:18.976974,0,0.6732814,1
O036400,C06816,P02484,2025-11-28 05:44:25.236630,0,0.42937198,0
O036401,C01594,P01611,2025-11-28 05:57:31.496287,0,0.29998815,0
O036402,C01172,P00852,2025-11-28 06:10:37.755943,1,0.4522306,0
O036403,C02696,P02379,2025-11-28 06:23:44.015600,0,0.41374132,0
O036404,C05836,P00063,2025-11-28 06:36:50.275256,0,0.41386646,0
O036405,C03564,P00609,2025-11-28 06:49:56.534913,0,0.6532039,1
O036406,C00923,P00048,2025-11-28 07:03:02.794569,0,0.34509668,0
O036407,C07759,P01266,2025-11-28 07:16:09.054226,0,0.24348648,0
O036408,C01346,P01574,2025-11-28 07:29:15.313882,0,0.56749946,1
O036409,C04227,P01692,2025-11-28 07:42:21.573539,0,0.27417883,0
O036410,C03824,P00074,2025-11-28 07:55:27.833195,0,0.5534701,1
O036411,C02085,P00517,2025-11-28 08:08:34.092852,0,0.247892,0
O036412,C01354,P00117,2025-11-28 08:21:40.352508,0,0.20441931,0
O036413,C00444,P01351,2025-11-28 08:34:46.612165,1,0.70183474,1
O036414,C06253,P01686,2025-11-28 08:47:52.871821,0,0.3140875,0
O036415,C05157,P02126,2025-11-28 09:00:59.131478,0,0.32635176,0
O036416,C04616,P01582,2025-11-28 09:14:05.391134,0,0.5697048,1
O036417,C03028,P02428,2025-11-28 09:27:11.650791,0,0.28261685,0
O036418,C05538,P01812,2025-11-28 09:40:17.910447,0,0.371573,0
O036419,C07930,P02443,2025-11-28 09:53:24.170104,0,0.60895044,1
O036420,C03650,P02311,2025-11-28 10:06:30.429760,0,0.32827324,0
O036421,C03431,P01359,2025-11-28 10:19:36.689417,0,0.3616406,0
O036422,C05828,P01194,2025-11-28 10:32:42.949073,0,0.2537084,0
O036423,C07898,P00821,2025-11-28 10:45:49.208730,1,0.69137067,1
O036424,C06084,P02233,2025-11-28 10:58:55.468386,0,0.33126122,0
O036425,C07818,P01231,2025-11-28 11:12:01.728043,0,0.2791521,0
O036426,C06111,P01461,2025-11-28 11:25:07.987699,0,0.5008338,1
O036427,C07480,P01883,2025-11-28 11:38:14.247356,0,0.2872149,0
O036428,C07854,P02200,2025-11-28 11:51:20.507012,0,0.52624995,1
O036429,C02711,P01830,2025-11-28 12:04:26.766669,0,0.4113906,0
O036430,C03969,P02475,2025-11-28 12:17:33.026325,0,0.45005512,0
O036431,C01850,P00874,2025-11-28 12:30:39.285982,0,0.6719476,1
O036432,C04003,P00579,2025-11-28 12:43:45.545638,0,0.28400868,0
O036433,C05602,P01339,2025-11-28 12:56:51.805295,0,0.5646267,1
O036434,C05144,P01817,2025-11-28 13:09:58.064951,1,0.19989744,0
O036435,C07362,P00184,2025-11-28 13:23:04.324608,0,0.56390554,1
O036436,C02696,P02205,2025-11-28 13:36:10.584264,0,0.64699566,1
O036437,C07758,P00985,2025-11-28 13:49:16.843921,0,0.6548757,1
O036438,C04531,P00070,2025-11-28 14:02:23.103577,0,0.5669595,1
O036439,C00884,P01170,2025-11-28 14:15:29.363234,0,0.36730248,0
O036440,C00334,P00034,2025-11-28 14:28:35.622890,0,0.5541951,1
O036441,C05853,P01816,2025-11-28 14:41:41.882547,0,0.26328018,0
O036442,C05984,P00532,2025-11-28 14:54:48.142203,1,0.32339063,0
O036443,C04051,P01206,2025-11-28 15:07:54.401860,0,0.6329286,1
O036444,C00967,P00410,2025-11-28 15:21:00.661516,0,0.60309935,1
O036445,C02852,P00119,2025-11-28 15:34:06.921173,0,0.55423295,1
O036446,C05085,P01133,2025-11-28 15:47:13.180829,1,0.76697564,1
O036447,C05044,P00708,2025-11-28 16:00:19.440486,0,0.611619,1
O036448,C06512,P02255,2025-11-28 16:13:25.700142,1,0.30077568,0
O036449,C04418,P01482,2025-11-28 16:26:31.959798,1,0.5718475,1
O036450,C04828,P02228,2025-11-28 16:39:38.219455,0,0.43596798,0
O036451,C03482,P01546,2025-11-28 16:52:44.479111,0,0.27349642,0
O036452,C01049,P00285,2025-11-28 17:05:50.738768,0,0.6132475,1
O036453,C06069,P01999,2025-11-28 17:18:56.998424,0,0.27779642,0
O036454,C03740,P02157,2025-11-28 17:32:03.258081,0,0.30051595,0
O036455,C00325,P00134,2025-11-28 17:45:09.517737,0,0.70332366,1
O036456,C03999,P00387,2025-11-28 17:58:15.777394,0,0.32131615,0
O036457,C04927,P01972,2025-11-28 18:11:22.037050,0,0.20880836,0
O036458,C04077,P00873,2025-11-28 18:24:28.296707,0,0.4457765,0
O036459,C01566,P00133,2025-11-28 18:37:34.556363,0,0.35991043,0
O036460,C02754,P01528,2025-11-28 18:50:40.816020,0,0.28270078,0
O036461,C06029,P01832,2025-11-28 19:03:47.075676,0,0.41043055,0
O036462,C07724,P00700,2025-11-28 19:16:53.335333,1,0.46889928,0
O036463,C00599,P02004,2025-11-28 19:29:59.594989,0,0.5807911,1
O036464,C02522,P00714,2025-11-28 19:43:05.854646,0,0.38975942,0
O036465,C01974,P01245,2025-11-28 19:56:12.114302,0,0.36398613,0
O036466,C00605,P00728,2025-11-28 20:09:18.373959,0,0.71025234,1
O036467,C06431,P00854,2025-11-28 20:22:24.633615,0,0.31681895,0
O036468,C06413,P01122,2025-11-28 20:35:30.893272,1,0.74710464,1
O036469,C06890,P01387,2025-11-28 20:48:37.152928,1,0.46720833,0
O036470,C02659,P00115,2025-11-28 21:01:43.412585,0,0.43550512,0
O036471,C01752,P01133,2025-11-28 21:14:49.672241,0,0.7145092,1
O036472,C00801,P01530,2025-11-28 21:27:55.931898,1,0.4993363,0
O036473,C04829,P02112,2025-11-28 21:41:02.191554,0,0.61503124,1
O036474,C00155,P00943,2025-11-28 21:54:08.451211,0,0.26082096,0
O036475,C06178,P00003,2025-11-28 22:07:14.710867,0,0.44586086,0
O036476,C00382,P01544,2025-11-28 22:20:20.970524,0,0.51011986,1
O036477,C02194,P00378,2025-11-28 22:33:27.230180,0,0.48609728,0
O036478,C03546,P00357,2025-11-28 22:46:33.489837,0,0.5798643,1
O036479,C03476,P02434,2025-11-28 22:59:39.749493,0,0.32008332,0
O036480,C06904,P01807,2025-11-28 23:12:46.009150,0,0.4963106,0
O036481,C05269,P00788,2025-11-28 23:25:52.268806,0,0.6751221,1
O036482,C02069,P01201,2025-11-28 23:38:58.528463,1,0.4701345,0
O036483,C03667,P02312,2025-11-28 23:52:04.788119,0,0.63535064,1
O036484,C04434,P00263,2025-11-29 00:05:11.047776,0,0.50775486,1
O036485,C04721,P01733,2025-11-29 00:18:17.307432,0,0.3451539,0
O036486,C01445,P01656,2025-11-29 00:31:23.567089,1,0.7648062,1
O036487,C01139,P00085,2025-11-29 00:44:29.826745,0,0.30913213,0
O036488,C04522,P01571,2025-11-29 00:57:36.086402,0,0.6116441,1
O036489,C05053,P00853,2025-11-29 01:10:42.346058,0,0.27331313,0
O036490,C06730,P02025,2025-11-29 01:23:48.605715,0,0.4414856,0
O036491,C04012,P01914,2025-11-29 01:36:54.865371,0,0.7421691,1
O036492,C05373,P02262,2025-11-29 01:50:01.125028,1,0.2885004,0
O036493,C00695,P01502,2025-11-29 02:03:07.384684,0,0.72960556,1
O036494,C03624,P01571,2025-11-29 02:16:13.644341,0,0.5911038,1
O036495,C07082,P02209,2025-11-29 02:29:19.903997,0,0.61042553,1
O036496,C05684,P01040,2025-11-29 02:42:26.163654,0,0.32620585,0
O036497,C06554,P00457,2025-11-29 02:55:32.423310,0,0.28120065,0
O036498,C05059,P01939,2025-11-29 03:08:38.682967,0,0.64202833,1
O036499,C00527,P01214,2025-11-29 03:21:44.942623,0,0.4598222,0
O036500,C03949,P01898,2025-11-29 03:34:51.202280,0,0.20703427,0
O036501,C03221,P01820,2025-11-29 03:47:57.461936,0,0.33301133,0
O036502,C00921,P02232,2025-11-29 04:01:03.721593,1,0.6586868,1
O036503,C04272,P02144,2025-11-29 04:14:09.981249,0,0.40111127,0
O036504,C04474,P01914,2025-11-29 04:27:16.240906,1,0.7224623,1
O036505,C01539,P02318,2025-11-29 04:40:22.500562,0,0.2798208,0
O036506,C00425,P01519,2025-11-29 04:53:28.760219,0,0.35427034,0
O036507,C00149,P01042,2025-11-29 05:06:35.019875,0,0.7008702,1
O036508,C00506,P01425,2025-11-29 05:19:41.279531,0,0.3783443,0
O036509,C04196,P02367,2025-11-29 05:32:47.539188,0,0.6362311,1
O036510,C01832,P01441,2025-11-29 05:45:53.798844,0,0.55245465,1
O036511,C06583,P00898,2025-11-29 05:59:00.058501,0,0.38755292,0
O036512,C00551,P01185,2025-11-29 06:12:06.318157,0,0.49620357,0
O036513,C05092,P00414,2025-11-29 06:25:12.577814,0,0.698663,1
O036514,C01330,P01726,2025-11-29 06:38:18.837470,1,0.26445666,0
O036515,C05953,P01869,2025-11-29 06:51:25.097127,0,0.4382183,0
O036516,C04479,P02170,2025-11-29 07:04:31.356783,0,0.5093521,1
O036517,C01912,P02459,2025-11-29 07:17:37.616440,0,0.22110651,0
O036518,C03141,P00530,2025-11-29 07:30:43.876096,0,0.49752784,0
O036519,C04228,P01293,2025-11-29 07:43:50.135753,0,0.6961336,1
O036520,C04851,P01551,2025-11-29 07:56:56.395409,0,0.20604752,0
O036521,C07583,P01739,2025-11-29 08:10:02.655066,1,0.3063713,0
O036522,C00820,P01598,2025-11-29 08:23:08.914722,0,0.6186796,1
O036523,C07238,P01795,2025-11-29 08:36:15.174379,0,0.33963108,0
O036524,C05982,P01888,2025-11-29 08:49:21.434035,0,0.27242008,0
O036525,C01755,P00649,2025-11-29 09:02:27.693692,1,0.7017997,1
O036526,C01691,P01550,2025-11-29 09:15:33.953348,0,0.31351703,0
O036527,C06560,P01707,2025-11-29 09:28:40.213005,0,0.66897583,1
O036528,C06236,P00764,2025-11-29 09:41:46.472661,1,0.45467538,0
O036529,C03289,P00305,2025-11-29 09:54:52.732318,0,0.686907,1
O036530,C05325,P00161,2025-11-29 10:07:58.991974,0,0.17293054,0
O036531,C04293,P00011,2025-11-29 10:21:05.251631,0,0.3077404,0
O036532,C06631,P00857,2025-11-29 10:34:11.511287,0,0.21931441,0
O036533,C03215,P01529,2025-11-29 10:47:17.770944,1,0.48813012,0
O036534,C05810,P00877,2025-11-29 11:00:24.030600,0,0.2872102,0
O036535,C02163,P02036,2025-11-29 11:13:30.290257,1,0.63629305,1
O036536,C00558,P01484,2025-11-29 11:26:36.549913,0,0.5407409,1
O036537,C00462,P00094,2025-11-29 11:39:42.809570,0,0.3357291,0
O036538,C06350,P01804,2025-11-29 11:52:49.069226,1,0.5336916,1
O036539,C01313,P01144,2025-11-29 12:05:55.328883,0,0.27213848,0
O036540,C05380,P02191,2025-11-29 12:19:01.588539,1,0.6494678,1
O036541,C00380,P02174,2025-11-29 12:32:07.848196,0,0.38342696,0
O036542,C05349,P00737,2025-11-29 12:45:14.107852,0,0.3558001,0
O036543,C01858,P01775,2025-11-29 12:58:20.367509,1,0.17463218,0
O036544,C04085,P01685,2025-11-29 13:11:26.627165,0,0.23122866,0
O036545,C07014,P01088,2025-11-29 13:24:32.886822,0,0.30401474,0
O036546,C05193,P00503,2025-11-29 13:37:39.146478,1,0.5403089,1
O036547,C01626,P01469,2025-11-29 13:50:45.406135,1,0.5221812,1
O036548,C05347,P00039,2025-11-29 14:03:51.665791,0,0.38328928,0
O036549,C04623,P01618,2025-11-29 14:16:57.925448,0,0.2822159,0
O036550,C06738,P01745,2025-11-29 14:30:04.185104,1,0.25430068,0
O036551,C00319,P00723,2025-11-29 14:43:10.444761,0,0.42574903,0
O036552,C02063,P01404,2025-11-29 14:56:16.704417,0,0.7575023,1
O036553,C04271,P00993,2025-11-29 15:09:22.964074,0,0.25649086,0
O036554,C06761,P02258,2025-11-29 15:22:29.223730,1,0.6809876,1
O036555,C03140,P00181,2025-11-29 15:35:35.483387,0,0.273837,0
O036556,C04332,P01530,2025-11-29 15:48:41.743043,0,0.59880406,1
O036557,C02728,P01121,2025-11-29 16:01:48.002700,0,0.7337538,1
O036558,C06417,P02140,2025-11-29 16:14:54.262356,0,0.72745687,1
O036559,C06597,P02477,2025-11-29 16:28:00.522013,0,0.63913506,1
O036560,C02891,P02486,2025-11-29 16:41:06.781669,1,0.58805376,1
O036561,C01016,P01012,2025-11-29 16:54:13.041326,0,0.2671045,0
O036562,C00824,P01088,2025-11-29 17:07:19.300982,0,0.15542234,0
O036563,C02538,P01887,2025-11-29 17:20:25.560639,1,0.25776696,0
O036564,C00763,P00926,2025-11-29 17:33:31.820295,0,0.19385438,0
O036565,C03680,P01198,2025-11-29 17:46:38.079952,0,0.26081827,0
O036566,C06991,P00217,2025-11-29 17:59:44.339608,0,0.55832195,1
O036567,C02628,P02233,2025-11-29 18:12:50.599264,0,0.33170798,0
O036568,C04626,P02218,2025-11-29 18:25:56.858921,0,0.46800604,0
O036569,C06945,P02471,2025-11-29 18:39:03.118577,1,0.36976466,0
O036570,C07766,P02403,2025-11-29 18:52:09.378234,0,0.3121029,0
O036571,C01230,P00903,2025-11-29 19:05:15.637890,0,0.28332585,0
O036572,C07742,P02498,2025-11-29 19:18:21.897547,0,0.35390413,0
O036573,C02652,P01692,2025-11-29 19:31:28.157203,0,0.2465,0
O036574,C05457,P00834,2025-11-29 19:44:34.416860,0,0.5617729,1
O036575,C02766,P02180,2025-11-29 19:57:40.676516,0,0.395805,0
O036576,C06026,P01137,2025-11-29 20:10:46.936173,0,0.3958656,0
O036577,C05434,P01001,2025-11-29 20:23:53.195829,0,0.3360371,0
O036578,C01075,P00442,2025-11-29 20:36:59.455486,0,0.6479635,1
O036579,C06407,P00233,2025-11-29 20:50:05.715142,1,0.628285,1
O036580,C00622,P01337,2025-11-29 21:03:11.974799,0,0.52480835,1
O036581,C06187,P01433,2025-11-29 21:16:18.234455,1,0.5704832,1
O036582,C04890,P00514,2025-11-29 21:29:24.494112,0,0.49822736,0
O036583,C04603,P00047,2025-11-29 21:42:30.753768,0,0.41656965,0
O036584,C03663,P00279,2025-11-29 21:55:37.013425,0,0.17925292,0
O036585,C01097,P00859,2025-11-29 22:08:43.273081,0,0.16437498,0
O036586,C03976,P00224,2025-11-29 22:21:49.532738,1,0.56093043,1
O036587,C02975,P01567,2025-11-29 22:34:55.792394,0,0.6025639,1
O036588,C06948,P00394,2025-11-29 22:48:02.052051,1,0.5636116,1
O036589,C07847,P01288,2025-11-29 23:01:08.311707,0,0.33459777,0
O036590,C00144,P01152,2025-11-29 23:14:14.571364,0,0.47490796,0
O036591,C03238,P00714,2025-11-29 23:27:20.831020,0,0.07270385,0
O036592,C06735,P00771,2025-11-29 23:40:27.090677,0,0.41888887,0
O036593,C01666,P00209,2025-11-29 23:53:33.350333,0,0.5694042,1
O036594,C07201,P01435,2025-11-30 00:06:39.609990,0,0.2069337,0
O036595,C00862,P00946,2025-11-30 00:19:45.869646,1,0.58768755,1
O036596,C00525,P01220,2025-11-30 00:32:52.129303,0,0.16240598,0
O036597,C02064,P02130,2025-11-30 00:45:58.388959,0,0.6655009,1
O036598,C02637,P01393,2025-11-30 00:59:04.648616,0,0.23343386,0
O036599,C02562,P00205,2025-11-30 01:12:10.908272,0,0.25867027,0
O036600,C07331,P00993,2025-11-30 01:25:17.167929,0,0.38175568,0
O036601,C05680,P01255,2025-11-30 01:38:23.427585,0,0.49733552,0
O036602,C03136,P00122,2025-11-30 01:51:29.687242,0,0.5479117,1
O036603,C02148,P00133,2025-11-30 02:04:35.946898,0,0.21786767,0
O036604,C05360,P00877,2025-11-30 02:17:42.206555,0,0.21173713,0
O036605,C05034,P00789,2025-11-30 02:30:48.466211,1,0.5864968,1
O036606,C03054,P01456,2025-11-30 02:43:54.725868,0,0.21903913,0
O036607,C00640,P00783,2025-11-30 02:57:00.985524,1,0.558463,1
O036608,C01326,P00953,2025-11-30 03:10:07.245181,0,0.33313322,0
O036609,C06243,P01639,2025-11-30 03:23:13.504837,0,0.58909374,1
O036610,C07786,P00376,2025-11-30 03:36:19.764494,0,0.6428402,1
O036611,C07580,P00036,2025-11-30 03:49:26.024150,0,0.3885791,0
O036612,C04467,P00856,2025-11-30 04:02:32.283807,0,0.40936804,0
O036613,C02587,P02081,2025-11-30 04:15:38.543463,0,0.29834872,0
O036614,C06356,P00350,2025-11-30 04:28:44.803120,0,0.3211763,0
O036615,C00612,P01825,2025-11-30 04:41:51.062776,0,0.5252329,1
O036616,C01940,P02456,2025-11-30 04:54:57.322433,0,0.44419697,0
O036617,C06080,P01462,2025-11-30 05:08:03.582089,0,0.5047955,1
O036618,C02297,P01198,2025-11-30 05:21:09.841746,0,0.35389492,0
O036619,C05972,P02204,2025-11-30 05:34:16.101402,0,0.27611965,0
O036620,C04625,P02276,2025-11-30 05:47:22.361059,0,0.33157068,0
O036621,C05835,P00141,2025-11-30 06:00:28.620715,0,0.26593024,0
O036622,C06737,P00391,2025-11-30 06:13:34.880372,0,0.3328256,0
O036623,C02457,P01314,2025-11-30 06:26:41.140028,0,0.34234905,0
O036624,C02321,P01048,2025-11-30 06:39:47.399684,0,0.5332233,1
O036625,C04162,P01753,2025-11-30 06:52:53.659341,0,0.23057438,0
O036626,C01837,P01159,2025-11-30 07:05:59.918997,0,0.6144073,1
O036627,C04584,P00019,2025-11-30 07:19:06.178654,1,0.6490013,1
O036628,C06928,P00959,2025-11-30 07:32:12.438310,0,0.52245295,1
O036629,C07434,P00656,2025-11-30 07:45:18.697967,0,0.61544526,1
O036630,C07442,P00764,2025-11-30 07:58:24.957623,0,0.5432637,1
O036631,C05831,P02175,2025-11-30 08:11:31.217280,0,0.31692606,0
O036632,C07094,P01566,2025-11-30 08:24:37.476936,0,0.2896768,0
O036633,C07346,P01999,2025-11-30 08:37:43.736593,0,0.5007378,1
O036634,C06695,P02363,2025-11-30 08:50:49.996249,0,0.26144186,0
O036635,C03747,P00721,2025-11-30 09:03:56.255906,0,0.2928255,0
O036636,C01526,P02175,2025-11-30 09:17:02.515562,0,0.25872386,0
O036637,C00941,P01254,2025-11-30 09:30:08.775219,0,0.44120836,0
O036638,C06124,P01725,2025-11-30 09:43:15.034875,0,0.64127517,1
O036639,C02438,P01254,2025-11-30 09:56:21.294532,0,0.3641631,0
O036640,C02730,P01507,2025-11-30 10:09:27.554188,1,0.24259475,0
O036641,C00346,P02173,2025-11-30 10:22:33.813845,1,0.25225216,0
O036642,C03759,P00924,2025-11-30 10:35:40.073501,0,0.284459,0
O036643,C07408,P00265,2025-11-30 10:48:46.333158,0,0.558748,1
O036644,C06837,P01397,2025-11-30 11:01:52.592814,1,0.6662359,1
O036645,C03290,P00731,2025-11-30 11:14:58.852471,0,0.5215245,1
O036646,C03825,P02193,2025-11-30 11:28:05.112127,0,0.46602678,0
O036647,C06950,P01456,2025-11-30 11:41:11.371784,0,0.3051863,0
O036648,C02156,P02290,2025-11-30 11:54:17.631440,1,0.4151082,0
O036649,C06266,P02298,2025-11-30 12:07:23.891097,0,0.4136321,0
O036650,C05881,P01241,2025-11-30 12:20:30.150753,0,0.7364439,1
O036651,C04272,P00593,2025-11-30 12:33:36.410410,0,0.3413769,0
O036652,C00524,P01744,2025-11-30 12:46:42.670066,0,0.25333458,0
O036653,C00048,P02257,2025-11-30 12:59:48.929723,1,0.34929594,0
O036654,C01011,P01414,2025-11-30 13:12:55.189379,0,0.22383057,0
O036655,C00832,P02479,2025-11-30 13:26:01.449036,0,0.42240435,0
O036656,C02171,P00006,2025-11-30 13:39:07.708692,0,0.4655374,0
O036657,C05417,P02201,2025-11-30 13:52:13.968349,0,0.30262297,0
O036658,C06212,P01643,2025-11-30 14:05:20.228005,1,0.4667073,0
O036659,C07324,P00351,2025-11-30 14:18:26.487662,0,0.2359998,0
O036660,C01348,P00286,2025-11-30 14:31:32.747318,0,0.38097835,0
O036661,C07836,P01899,2025-11-30 14:44:39.006975,0,0.41396943,0
O036662,C00117,P00339,2025-11-30 14:57:45.266631,0,0.479648,0
O036663,C04904,P02321,2025-11-30 15:10:51.526288,0,0.35531566,0
O036664,C06590,P01042,2025-11-30 15:23:57.785944,0,0.640253,1
O036665,C02825,P00011,2025-11-30 15:37:04.045601,0,0.17643692,0
O036666,C05103,P02035,2025-11-30 15:50:10.305257,1,0.5713757,1
O036667,C06006,P02190,2025-11-30 16:03:16.564914,0,0.37947387,0
O036668,C07639,P00863,2025-11-30 16:16:22.824570,0,0.47332498,0
O036669,C07162,P02101,2025-11-30 16:29:29.084227,0,0.5119716,1
O036670,C00945,P01599,2025-11-30 16:42:35.343883,1,0.73130083,1
O036671,C03511,P02466,2025-11-30 16:55:41.603540,0,0.46450236,0
O036672,C05985,P00410,2025-11-30 17:08:47.863196,0,0.65876436,1
O036673,C01393,P01305,2025-11-30 17:21:54.122853,0,0.1603096,0
O036674,C03699,P02408,2025-11-30 17:35:00.382509,0,0.63330024,1
O036675,C07836,P00061,2025-11-30 17:48:06.642166,0,0.51134366,1
O036676,C07369,P00228,2025-11-30 18:01:12.901822,0,0.17540754,0
O036677,C01694,P00682,2025-11-30 18:14:19.161479,0,0.3325803,0
O036678,C06783,P00507,2025-11-30 18:27:25.421135,1,0.62531537,1
O036679,C05018,P01973,2025-11-30 18:40:31.680792,0,0.17453182,0
O036680,C00331,P01191,2025-11-30 18:53:37.940448,0,0.16087408,0
O036681,C07311,P00999,2025-11-30 19:06:44.200105,0,0.35860705,0
O036682,C03615,P02495,2025-11-30 19:19:50.459761,0,0.40258735,0
O036683,C01817,P01238,2025-11-30 19:32:56.719417,0,0.60711163,1
O036684,C05119,P00170,2025-11-30 19:46:02.979074,0,0.17073244,0
O036685,C02147,P00601,2025-11-30 19:59:09.238730,1,0.369448,0
O036686,C07699,P01031,2025-11-30 20:12:15.498387,0,0.5571841,1
O036687,C02418,P00663,2025-11-30 20:25:21.758043,0,0.31501576,0
O036688,C05086,P01582,2025-11-30 20:38:28.017700,0,0.4776906,0
O036689,C06299,P00317,2025-11-30 20:51:34.277356,0,0.45803276,0
O036690,C04194,P00057,2025-11-30 21:04:40.537013,0,0.37733844,0
O036691,C03526,P01835,2025-11-30 21:17:46.796669,0,0.678774,1
O036692,C03137,P01515,2025-11-30 21:30:53.056326,0,0.4894352,0
O036693,C05342,P02196,2025-11-30 21:43:59.315982,0,0.7176991,1
O036694,C03009,P00280,2025-11-30 21:57:05.575639,0,0.49283254,0
O036695,C04596,P01047,2025-11-30 22:10:11.835295,0,0.4153654,0
O036696,C02096,P01137,2025-11-30 22:23:18.094952,0,0.49806294,0
O036697,C07225,P00816,2025-11-30 22:36:24.354608,0,0.107100666,0
O036698,C00599,P00708,2025-11-30 22:49:30.614265,0,0.20128965,0
O036699,C07193,P02262,2025-11-30 23:02:36.873921,0,0.25137258,0
O036700,C00618,P01999,2025-11-30 23:15:43.133578,1,0.3266028,0
O036701,C07968,P00766,2025-11-30 23:28:49.393234,0,0.65633434,1
O036702,C07127,P01308,2025-11-30 23:41:55.652891,0,0.38865528,0
O036703,C06149,P00422,2025-11-30 23:55:01.912547,0,0.3499215,0
O036704,C02900,P01510,2025-12-01 00:08:08.172204,1,0.5704227,1
O036705,C05650,P02047,2025-12-01 00:21:14.431860,0,0.2661852,0
O036706,C03034,P00818,2025-12-01 00:34:20.691517,0,0.5139628,1
O036707,C03416,P00039,2025-12-01 00:47:26.951173,0,0.25479403,0
O036708,C02515,P00537,2025-12-01 01:00:33.210830,0,0.28699252,0
O036709,C02275,P00252,2025-12-01 01:13:39.470486,0,0.246782,0
O036710,C05936,P01627,2025-12-01 01:26:45.730143,0,0.87829274,1
O036711,C03155,P01450,2025-12-01 01:39:51.989799,0,0.34351575,0
O036712,C06967,P00658,2025-12-01 01:52:58.249456,1,0.60468394,1
O036713,C02763,P01437,2025-12-01 02:06:04.509112,1,0.44244385,0
O036714,C02764,P00265,2025-12-01 02:19:10.768769,0,0.39549384,0
O036715,C04572,P01370,2025-12-01 02:32:17.028425,0,0.38963944,0
O036716,C01603,P00322,2025-12-01 02:45:23.288082,0,0.2780301,0
O036717,C00058,P00634,2025-12-01 02:58:29.547738,1,0.54998237,1
O036718,C05106,P00994,2025-12-01 03:11:35.807395,1,0.23750225,0
O036719,C05822,P01637,2025-12-01 03:24:42.067051,0,0.2423465,0
O036720,C06438,P01945,2025-12-01 03:37:48.326708,0,0.41894826,0
O036721,C01231,P00514,2025-12-01 03:50:54.586364,0,0.5035724,1
O036722,C05173,P01185,2025-12-01 04:04:00.846021,0,0.56411743,1
O036723,C03575,P01669,2025-12-01 04:17:07.105677,0,0.2518269,0
O036724,C04391,P02475,2025-12-01 04:30:13.365334,1,0.40486303,0
O036725,C07748,P00523,2025-12-01 04:43:19.624990,0,0.3643785,0
O036726,C06146,P00194,2025-12-01 04:56:25.884647,1,0.6829493,1
O036727,C03977,P00559,2025-12-01 05:09:32.144303,0,0.22375526,0
O036728,C06575,P00419,2025-12-01 05:22:38.403960,0,0.11703108,0
O036729,C07922,P00267,2025-12-01 05:35:44.663616,0,0.4255467,0
O036730,C04282,P00227,2025-12-01 05:48:50.923273,0,0.2431175,0
O036731,C00701,P01087,2025-12-01 06:01:57.182929,0,0.22194009,0
O036732,C04196,P00926,2025-12-01 06:15:03.442586,0,0.4204263,0
O036733,C01291,P01572,2025-12-01 06:28:09.702242,1,0.4040771,0
O036734,C03183,P00335,2025-12-01 06:41:15.961899,0,0.57840395,1
O036735,C05043,P00770,2025-12-01 06:54:22.221555,0,0.41540232,0
O036736,C00940,P02053,2025-12-01 07:07:28.481212,1,0.44575387,0
O036737,C06833,P00151,2025-12-01 07:20:34.740868,0,0.28329,0
O036738,C01366,P00656,2025-12-01 07:33:41.000525,1,0.70249224,1
O036739,C02759,P01496,2025-12-01 07:46:47.260181,0,0.2845563,0
O036740,C01961,P00282,2025-12-01 07:59:53.519837,0,0.5939184,1
O036741,C05765,P00879,2025-12-01 08:12:59.779494,1,0.61198175,1
O036742,C05004,P00688,2025-12-01 08:26:06.039150,0,0.36555415,0
O036743,C05936,P00600,2025-12-01 08:39:12.298807,1,0.646781,1
O036744,C03071,P02444,2025-12-01 08:52:18.558463,0,0.21631537,0
O036745,C04902,P02006,2025-12-01 09:05:24.818120,0,0.39594918,0
O036746,C03620,P01835,2025-12-01 09:18:31.077776,0,0.50948536,1
O036747,C06933,P01669,2025-12-01 09:31:37.337433,0,0.59981084,1
O036748,C01774,P02005,2025-12-01 09:44:43.597089,1,0.7414685,1
O036749,C01969,P01937,2025-12-01 09:57:49.856746,0,0.5178861,1
O036750,C01910,P00293,2025-12-01 10:10:56.116402,0,0.60718167,1
O036751,C05557,P01044,2025-12-01 10:24:02.376059,1,0.24897124,0
O036752,C05102,P02120,2025-12-01 10:37:08.635715,0,0.33475453,0
O036753,C03278,P01180,2025-12-01 10:50:14.895372,0,0.7326179,1
O036754,C07751,P01735,2025-12-01 11:03:21.155028,0,0.75398445,1
O036755,C06061,P01516,2025-12-01 11:16:27.414685,0,0.26445714,0
O036756,C00323,P00447,2025-12-01 11:29:33.674341,0,0.27940604,0
O036757,C05015,P01052,2025-12-01 11:42:39.933998,0,0.5847104,1
O036758,C03111,P01350,2025-12-01 11:55:46.193654,1,0.3827899,0
O036759,C00571,P01494,2025-12-01 12:08:52.453311,0,0.29937565,0
O036760,C04365,P01560,2025-12-01 12:21:58.712967,0,0.20725225,0
O036761,C06741,P00247,2025-12-01 12:35:04.972624,0,0.6910774,1
O036762,C06222,P01156,2025-12-01 12:48:11.232280,0,0.16247684,0
O036763,C04735,P00252,2025-12-01 13:01:17.491937,0,0.55826765,1
O036764,C04622,P00235,2025-12-01 13:14:23.751593,0,0.19656597,0
O036765,C00844,P01406,2025-12-01 13:27:30.011250,0,0.30970988,0
O036766,C04546,P01165,2025-12-01 13:40:36.270906,1,0.50851357,1
O036767,C04978,P00504,2025-12-01 13:53:42.530563,0,0.48453304,0
O036768,C01301,P01278,2025-12-01 14:06:48.790219,0,0.6060887,1
O036769,C03575,P00471,2025-12-01 14:19:55.049876,1,0.4608782,0
O036770,C01488,P01879,2025-12-01 14:33:01.309532,1,0.6474618,1
O036771,C00625,P01859,2025-12-01 14:46:07.569189,0,0.5140841,1
O036772,C00873,P01190,2025-12-01 14:59:13.828845,1,0.6396999,1
O036773,C06382,P00132,2025-12-01 15:12:20.088502,0,0.73583895,1
O036774,C07854,P01208,2025-12-01 15:25:26.348158,0,0.5822359,1
O036775,C06468,P01213,2025-12-01 15:38:32.607815,0,0.6712523,1
O036776,C00762,P00793,2025-12-01 15:51:38.867471,1,0.44164753,0
O036777,C07274,P01353,2025-12-01 16:04:45.127128,1,0.45738912,0
O036778,C02503,P02068,2025-12-01 16:17:51.386784,0,0.29585886,0
O036779,C05181,P02088,2025-12-01 16:30:57.646441,0,0.48983908,0
O036780,C03282,P00903,2025-12-01 16:44:03.906097,0,0.56344724,1
O036781,C07543,P00114,2025-12-01 16:57:10.165754,0,0.38992095,0
O036782,C01928,P01538,2025-12-01 17:10:16.425410,0,0.3965128,0
O036783,C03176,P00316,2025-12-01 17:23:22.685067,0,0.3855068,0
O036784,C04255,P02476,2025-12-01 17:36:28.944723,0,0.4006673,0
O036785,C01962,P00199,2025-12-01 17:49:35.204380,1,0.70730954,1
O036786,C06174,P01186,2025-12-01 18:02:41.464036,1,0.29677248,0
O036787,C02005,P00920,2025-12-01 18:15:47.723693,0,0.23341174,0
O036788,C07635,P01880,2025-12-01 18:28:53.983349,0,0.44652206,0
O036789,C00547,P00437,2025-12-01 18:42:00.243006,0,0.27275923,0
O036790,C00996,P01368,2025-12-01 18:55:06.502662,0,0.5645151,1
O036791,C05315,P02112,2025-12-01 19:08:12.762319,0,0.3676393,0
O036792,C05600,P02262,2025-12-01 19:21:19.021975,1,0.40024474,0
O036793,C00693,P01519,2025-12-01 19:34:25.281632,0,0.4904834,0
O036794,C01908,P01884,2025-12-01 19:47:31.541288,0,0.6806138,1
O036795,C01512,P00726,2025-12-01 20:00:37.800945,0,0.41299495,0
O036796,C07423,P00594,2025-12-01 20:13:44.060601,0,0.33009556,0
O036797,C05633,P01471,2025-12-01 20:26:50.320258,0,0.2608027,0
O036798,C04475,P02213,2025-12-01 20:39:56.579914,0,0.4467919,0
O036799,C04192,P02468,2025-12-01 20:53:02.839570,1,0.50689656,1
O036800,C03042,P00762,2025-12-01 21:06:09.099227,0,0.3308272,0
O036801,C06929,P02033,2025-12-01 21:19:15.358883,0,0.16535604,0
O036802,C00476,P00001,2025-12-01 21:32:21.618540,0,0.35196462,0
O036803,C07703,P00148,2025-12-01 21:45:27.878196,1,0.8069498,1
O036804,C07950,P00704,2025-12-01 21:58:34.137853,1,0.28809857,0
O036805,C07610,P00333,2025-12-01 22:11:40.397509,0,0.57339305,1
O036806,C06238,P02247,2025-12-01 22:24:46.657166,0,0.6104236,1
O036807,C05845,P01789,2025-12-01 22:37:52.916822,0,0.27104115,0
O036808,C05149,P00967,2025-12-01 22:50:59.176479,0,0.79309237,1
O036809,C06304,P01410,2025-12-01 23:04:05.436135,0,0.31963712,0
O036810,C01597,P00278,2025-12-01 23:17:11.695792,0,0.5182489,1
O036811,C03284,P01617,2025-12-01 23:30:17.955448,1,0.4930824,0
O036812,C04978,P00156,2025-12-01 23:43:24.215105,0,0.30369616,0
O036813,C02445,P00852,2025-12-01 23:56:30.474761,0,0.3960299,0
O036814,C00279,P00372,2025-12-02 00:09:36.734418,1,0.72467554,1
O036815,C05808,P01053,2025-12-02 00:22:42.994074,0,0.70423335,1
O036816,C02335,P01402,2025-12-02 00:35:49.253731,0,0.25231564,0
O036817,C05029,P00148,2025-12-02 00:48:55.513387,0,0.7286068,1
O036818,C07680,P00143,2025-12-02 01:02:01.773044,0,0.49151903,0
O036819,C04593,P01561,2025-12-02 01:15:08.032700,0,0.4352538,0
O036820,C07521,P00851,2025-12-02 01:28:14.292357,0,0.8350433,1
O036821,C06841,P02313,2025-12-02 01:41:20.552013,0,0.44967028,0
O036822,C03470,P01352,2025-12-02 01:54:26.811670,0,0.5484074,1
O036823,C06094,P00687,2025-12-02 02:07:33.071326,0,0.16637547,0
O036824,C06633,P02165,2025-12-02 02:20:39.330983,0,0.56115514,1
O036825,C05911,P00390,2025-12-02 02:33:45.590639,0,0.4286852,0
O036826,C01806,P00982,2025-12-02 02:46:51.850296,0,0.40062982,0
O036827,C03756,P00311,2025-12-02 02:59:58.109952,1,0.3933251,0
O036828,C05104,P01476,2025-12-02 03:13:04.369609,0,0.49204987,0
O036829,C03314,P01586,2025-12-02 03:26:10.629265,1,0.6423898,1
O036830,C01306,P01230,2025-12-02 03:39:16.888922,0,0.39172095,0
O036831,C06250,P02024,2025-12-02 03:52:23.148578,1,0.7497909,1
O036832,C01205,P00652,2025-12-02 04:05:29.408235,0,0.5643689,1
O036833,C00498,P00269,2025-12-02 04:18:35.667891,0,0.4689074,0
O036834,C06875,P01970,2025-12-02 04:31:41.927548,0,0.42737043,0
O036835,C06773,P02276,2025-12-02 04:44:48.187204,0,0.19405532,0
O036836,C05478,P01345,2025-12-02 04:57:54.446861,0,0.33466652,0
O036837,C04456,P02430,2025-12-02 05:11:00.706517,0,0.50818187,1
O036838,C04861,P00191,2025-12-02 05:24:06.966174,0,0.3746348,0
O036839,C04769,P00682,2025-12-02 05:37:13.225830,1,0.42499188,0
O036840,C07613,P00418,2025-12-02 05:50:19.485487,0,0.6584267,1
O036841,C04770,P00556,2025-12-02 06:03:25.745143,0,0.24396966,0
O036842,C03448,P01061,2025-12-02 06:16:32.004800,1,0.48073485,0
O036843,C05539,P01176,2025-12-02 06:29:38.264456,0,0.19945896,0
O036844,C00645,P00810,2025-12-02 06:42:44.524113,0,0.22152452,0
O036845,C01251,P00717,2025-12-02 06:55:50.783769,1,0.6422346,1
O036846,C00215,P01598,2025-12-02 07:08:57.043426,0,0.71939826,1
O036847,C05820,P02118,2025-12-02 07:22:03.303082,0,0.13932543,0
O036848,C01985,P01734,2025-12-02 07:35:09.562739,0,0.58888763,1
O036849,C00459,P02443,2025-12-02 07:48:15.822395,0,0.59998965,1
O036850,C01822,P00973,2025-12-02 08:01:22.082052,0,0.43191507,0
O036851,C02780,P01780,2025-12-02 08:14:28.341708,0,0.2759353,0
O036852,C01766,P00522,2025-12-02 08:27:34.601365,0,0.5229769,1
O036853,C07911,P00720,2025-12-02 08:40:40.861021,0,0.3841586,0
O036854,C04807,P00112,2025-12-02 08:53:47.120678,0,0.4220786,0
O036855,C01967,P01963,2025-12-02 09:06:53.380334,0,0.2792974,0
O036856,C05499,P01840,2025-12-02 09:19:59.639991,0,0.2807765,0
O036857,C05905,P00192,2025-12-02 09:33:05.899647,0,0.33000535,0
O036858,C06413,P00362,2025-12-02 09:46:12.159303,1,0.67003113,1
O036859,C04543,P01798,2025-12-02 09:59:18.418960,0,0.42309287,0
O036860,C00768,P02287,2025-12-02 10:12:24.678616,0,0.6277684,1
O036861,C01391,P01604,2025-12-02 10:25:30.938273,0,0.7315258,1
O036862,C07049,P01265,2025-12-02 10:38:37.197929,0,0.6441066,1
O036863,C07798,P00479,2025-12-02 10:51:43.457586,1,0.72394186,1
O036864,C04375,P00474,2025-12-02 11:04:49.717242,0,0.3170108,0
O036865,C01747,P00064,2025-12-02 11:17:55.976899,0,0.28970742,0
O036866,C05743,P02415,2025-12-02 11:31:02.236555,0,0.37745622,0
O036867,C06268,P02413,2025-12-02 11:44:08.496212,0,0.2404591,0
O036868,C05278,P00604,2025-12-02 11:57:14.755868,0,0.5301183,1
O036869,C02332,P00374,2025-12-02 12:10:21.015525,0,0.20647186,0
O036870,C04238,P02137,2025-12-02 12:23:27.275181,0,0.18066385,0
O036871,C00982,P00343,2025-12-02 12:36:33.534838,0,0.3291906,0
O036872,C01404,P01693,2025-12-02 12:49:39.794494,0,0.39192772,0
O036873,C06426,P00155,2025-12-02 13:02:46.054151,0,0.25971726,0
O036874,C07412,P00342,2025-12-02 13:15:52.313807,1,0.57617486,1
O036875,C01823,P00751,2025-12-02 13:28:58.573464,1,0.3361232,0
O036876,C02082,P02069,2025-12-02 13:42:04.833120,0,0.5342898,1
O036877,C06185,P01849,2025-12-02 13:55:11.092777,0,0.7455286,1
O036878,C05925,P02136,2025-12-02 14:08:17.352433,0,0.6450374,1
O036879,C02171,P02054,2025-12-02 14:21:23.612090,0,0.18553582,0
O036880,C03829,P02247,2025-12-02 14:34:29.871746,0,0.45522824,0
O036881,C02956,P02016,2025-12-02 14:47:36.131403,0,0.4170925,0
O036882,C04298,P00068,2025-12-02 15:00:42.391059,1,0.32713363,0
O036883,C00049,P02266,2025-12-02 15:13:48.650716,0,0.39891145,0
O036884,C00332,P01719,2025-12-02 15:26:54.910372,0,0.5088056,1
O036885,C04555,P00333,2025-12-02 15:40:01.170029,0,0.48582804,0
O036886,C04968,P01922,2025-12-02 15:53:07.429685,0,0.3105822,0
O036887,C02351,P01685,2025-12-02 16:06:13.689342,0,0.21084735,0
O036888,C00218,P01592,2025-12-02 16:19:19.948998,0,0.60244143,1
O036889,C00218,P00542,2025-12-02 16:32:26.208655,0,0.51707596,1
O036890,C05960,P02108,2025-12-02 16:45:32.468311,0,0.40568683,0
O036891,C06745,P02242,2025-12-02 16:58:38.727968,0,0.16709006,0
O036892,C05210,P01263,2025-12-02 17:11:44.987624,0,0.28390026,0
O036893,C00332,P01370,2025-12-02 17:24:51.247281,1,0.41710812,0
O036894,C02609,P01567,2025-12-02 17:37:57.506937,0,0.5873542,1
O036895,C05845,P00420,2025-12-02 17:51:03.766594,0,0.4855457,0
O036896,C06061,P01468,2025-12-02 18:04:10.026250,0,0.36242005,0
O036897,C03730,P01892,2025-12-02 18:17:16.285907,0,0.6169397,1
O036898,C06882,P01899,2025-12-02 18:30:22.545563,0,0.26242054,0
O036899,C02836,P02042,2025-12-02 18:43:28.805220,1,0.39711592,0
O036900,C00621,P00066,2025-12-02 18:56:35.064876,0,0.50092065,1
O036901,C06552,P00062,2025-12-02 19:09:41.324533,0,0.7413672,1
O036902,C06466,P00929,2025-12-02 19:22:47.584189,0,0.67919374,1
O036903,C05458,P00104,2025-12-02 19:35:53.843846,0,0.47959602,0
O036904,C07335,P00604,2025-12-02 19:49:00.103502,1,0.49877787,0
O036905,C00130,P00859,2025-12-02 20:02:06.363159,0,0.19081369,0
O036906,C05769,P00910,2025-12-02 20:15:12.622815,0,0.33133394,0
O036907,C06135,P01685,2025-12-02 20:28:18.882472,0,0.25495446,0
O036908,C03219,P01864,2025-12-02 20:41:25.142128,0,0.26076105,0
O036909,C03076,P00863,2025-12-02 20:54:31.401785,1,0.597952,1
O036910,C01622,P02483,2025-12-02 21:07:37.661441,0,0.22982812,0
O036911,C03398,P00445,2025-12-02 21:20:43.921098,1,0.3519227,0
O036912,C04738,P01927,2025-12-02 21:33:50.180754,0,0.25947073,0
O036913,C05442,P00353,2025-12-02 21:46:56.440411,0,0.60897964,1
O036914,C00925,P00559,2025-12-02 22:00:02.700067,0,0.45629036,0
O036915,C00474,P02131,2025-12-02 22:13:08.959723,0,0.16337642,0
O036916,C07270,P00324,2025-12-02 22:26:15.219380,0,0.33395734,0
O036917,C03716,P02104,2025-12-02 22:39:21.479036,0,0.57033104,1
O036918,C02168,P00451,2025-12-02 22:52:27.738693,0,0.4345532,0
O036919,C05564,P00718,2025-12-02 23:05:33.998349,0,0.3417087,0
O036920,C02082,P00479,2025-12-02 23:18:40.258006,0,0.47337615,0
O036921,C06610,P00264,2025-12-02 23:31:46.517662,0,0.502751,1
O036922,C02124,P01889,2025-12-02 23:44:52.777319,0,0.5572838,1
O036923,C02154,P01064,2025-12-02 23:57:59.036975,0,0.6901065,1
O036924,C02437,P00049,2025-12-03 00:11:05.296632,0,0.7430676,1
O036925,C06434,P02471,2025-12-03 00:24:11.556288,0,0.3993368,0
O036926,C06349,P01831,2025-12-03 00:37:17.815945,0,0.3823637,0
O036927,C05296,P01472,2025-12-03 00:50:24.075601,0,0.4836748,0
O036928,C02287,P00224,2025-12-03 01:03:30.335258,0,0.38371316,0
O036929,C05617,P02397,2025-12-03 01:16:36.594914,0,0.33756796,0
O036930,C07707,P01137,2025-12-03 01:29:42.854571,0,0.42308688,0
O036931,C01848,P00276,2025-12-03 01:42:49.114227,0,0.44727096,0
O036932,C06417,P01930,2025-12-03 01:55:55.373884,0,0.40679735,0
O036933,C05558,P02115,2025-12-03 02:09:01.633540,0,0.6185985,1
O036934,C01929,P02064,2025-12-03 02:22:07.893197,0,0.19840504,0
O036935,C02196,P01121,2025-12-03 02:35:14.152853,1,0.5222026,1
O036936,C05525,P02442,2025-12-03 02:48:20.412510,1,0.5097556,1
O036937,C01043,P01938,2025-12-03 03:01:26.672166,0,0.49878636,0
O036938,C07943,P00692,2025-12-03 03:14:32.931823,0,0.4731158,0
O036939,C01056,P01740,2025-12-03 03:27:39.191479,0,0.61386025,1
O036940,C04372,P01012,2025-12-03 03:40:45.451136,0,0.3423365,0
O036941,C03367,P01560,2025-12-03 03:53:51.710792,0,0.31020972,0
O036942,C06522,P01898,2025-12-03 04:06:57.970449,1,0.21418194,0
O036943,C05198,P00178,2025-12-03 04:20:04.230105,0,0.25185886,0
O036944,C01965,P01953,2025-12-03 04:33:10.489762,0,0.47667292,0
O036945,C07457,P01037,2025-12-03 04:46:16.749418,0,0.5433299,1
O036946,C06562,P01960,2025-12-03 04:59:23.009075,0,0.5246848,1
O036947,C02811,P02028,2025-12-03 05:12:29.268731,0,0.38586417,0
O036948,C06514,P01346,2025-12-03 05:25:35.528388,0,0.37581605,0
O036949,C06760,P00467,2025-12-03 05:38:41.788044,0,0.54377174,1
O036950,C04470,P02282,2025-12-03 05:51:48.047701,0,0.3872762,0
O036951,C02053,P01847,2025-12-03 06:04:54.307357,0,0.569039,1
O036952,C01528,P01306,2025-12-03 06:18:00.567014,0,0.6430818,1
O036953,C01288,P01176,2025-12-03 06:31:06.826670,0,0.25197095,0
O036954,C02704,P00768,2025-12-03 06:44:13.086327,1,0.3193173,0
O036955,C03215,P01502,2025-12-03 06:57:19.345983,0,0.6815482,1
O036956,C07600,P00243,2025-12-03 07:10:25.605640,0,0.4977879,0
O036957,C05518,P01497,2025-12-03 07:23:31.865296,0,0.18387108,0
O036958,C04365,P02367,2025-12-03 07:36:38.124953,0,0.27013722,0
O036959,C02322,P00429,2025-12-03 07:49:44.384609,1,0.23711164,0
O036960,C05827,P00827,2025-12-03 08:02:50.644266,0,0.3398731,0
O036961,C02705,P00574,2025-12-03 08:15:56.903922,0,0.3564814,0
O036962,C00202,P02221,2025-12-03 08:29:03.163579,0,0.56242543,1
O036963,C07964,P02388,2025-12-03 08:42:09.423235,0,0.651649,1
O036964,C05694,P01575,2025-12-03 08:55:15.682892,0,0.6903771,1
O036965,C03085,P00058,2025-12-03 09:08:21.942548,0,0.58808565,1
O036966,C03957,P00655,2025-12-03 09:21:28.202205,1,0.701206,1
O036967,C03362,P01172,2025-12-03 09:34:34.461861,0,0.5223134,1
O036968,C00744,P01902,2025-12-03 09:47:40.721518,0,0.46800396,0
O036969,C05858,P01245,2025-12-03 10:00:46.981174,0,0.28674042,0
O036970,C01254,P01710,2025-12-03 10:13:53.240831,1,0.67361337,1
O036971,C01374,P01735,2025-12-03 10:26:59.500487,1,0.7863335,1
O036972,C04119,P02315,2025-12-03 10:40:05.760144,1,0.8617422,1
O036973,C02030,P02080,2025-12-03 10:53:12.019800,0,0.35855463,0
O036974,C01768,P00492,2025-12-03 11:06:18.279456,0,0.37395245,0
O036975,C03629,P01605,2025-12-03 11:19:24.539113,0,0.34179845,0
O036976,C03795,P01061,2025-12-03 11:32:30.798769,1,0.71590513,1
O036977,C00001,P01903,2025-12-03 11:45:37.058426,0,0.3848411,0
O036978,C06292,P00450,2025-12-03 11:58:43.318082,0,0.42999586,0
O036979,C01773,P02362,2025-12-03 12:11:49.577739,1,0.21674077,0
O036980,C02163,P01559,2025-12-03 12:24:55.837395,0,0.32039484,0
O036981,C06495,P00169,2025-12-03 12:38:02.097052,0,0.41713092,0
O036982,C06091,P02024,2025-12-03 12:51:08.356708,0,0.7554204,1
O036983,C01515,P00411,2025-12-03 13:04:14.616365,0,0.44647357,0
O036984,C00457,P00587,2025-12-03 13:17:20.876021,0,0.7077998,1
O036985,C04555,P02085,2025-12-03 13:30:27.135678,0,0.37681177,0
O036986,C05737,P01439,2025-12-03 13:43:33.395334,0,0.3121902,0
O036987,C01933,P01520,2025-12-03 13:56:39.654991,1,0.43657595,0
O036988,C00845,P00721,2025-12-03 14:09:45.914647,1,0.39322454,0
O036989,C00240,P01572,2025-12-03 14:22:52.174304,1,0.2669422,0
O036990,C06608,P01338,2025-12-03 14:35:58.433960,0,0.15728745,0
O036991,C00448,P01842,2025-12-03 14:49:04.693617,1,0.47045428,0
O036992,C05455,P02341,2025-12-03 15:02:10.953273,0,0.32424822,0
O036993,C05548,P01749,2025-12-03 15:15:17.212930,0,0.28562343,0
O036994,C07808,P01922,2025-12-03 15:28:23.472586,0,0.32911402,0
O036995,C02634,P01013,2025-12-03 15:41:29.732243,1,0.65756613,1
O036996,C07125,P01362,2025-12-03 15:54:35.991899,0,0.26404515,0
O036997,C06364,P01728,2025-12-03 16:07:42.251556,1,0.60277164,1
O036998,C06433,P01317,2025-12-03 16:20:48.511212,0,0.2995093,0
O036999,C07294,P00056,2025-12-03 16:33:54.770869,0,0.6572273,1
O037000,C07550,P00065,2025-12-03 16:47:01.030525,0,0.4640987,0
O037001,C03777,P01833,2025-12-03 17:00:07.290182,1,0.46035898,0
O037002,C02306,P02230,2025-12-03 17:13:13.549838,0,0.31881192,0
O037003,C02193,P01771,2025-12-03 17:26:19.809495,0,0.5574846,1
O037004,C04264,P02277,2025-12-03 17:39:26.069151,0,0.3138795,0
O037005,C01799,P01660,2025-12-03 17:52:32.328808,1,0.7163686,1
O037006,C02271,P00955,2025-12-03 18:05:38.588464,1,0.25209758,0
O037007,C00446,P00249,2025-12-03 18:18:44.848121,0,0.6217512,1
O037008,C01933,P01958,2025-12-03 18:31:51.107777,0,0.4556522,0
O037009,C00580,P01758,2025-12-03 18:44:57.367434,0,0.23206213,0
O037010,C06878,P02329,2025-12-03 18:58:03.627090,0,0.30449337,0
O037011,C06240,P00789,2025-12-03 19:11:09.886747,0,0.7646838,1
O037012,C04120,P02456,2025-12-03 19:24:16.146403,0,0.23551317,0
O037013,C06188,P02454,2025-12-03 19:37:22.406060,1,0.39955106,0
O037014,C07461,P01764,2025-12-03 19:50:28.665716,0,0.30387348,0
O037015,C03754,P01045,2025-12-03 20:03:34.925373,1,0.6732008,1
O037016,C04128,P00834,2025-12-03 20:16:41.185029,0,0.38436058,0
O037017,C06009,P02277,2025-12-03 20:29:47.444686,0,0.3902555,0
O037018,C04599,P00115,2025-12-03 20:42:53.704342,1,0.2693537,0
O037019,C05744,P00883,2025-12-03 20:55:59.963999,1,0.5217013,1
O037020,C06600,P00255,2025-12-03 21:09:06.223655,0,0.68835175,1
O037021,C05312,P00363,2025-12-03 21:22:12.483312,0,0.7286014,1
O037022,C01592,P01500,2025-12-03 21:35:18.742968,0,0.26896757,0
O037023,C02516,P01566,2025-12-03 21:48:25.002625,0,0.273236,0
O037024,C04407,P00097,2025-12-03 22:01:31.262281,0,0.20149133,0
O037025,C05588,P01716,2025-12-03 22:14:37.521938,0,0.20213999,0
O037026,C04809,P02164,2025-12-03 22:27:43.781594,0,0.38632032,0
O037027,C01500,P01893,2025-12-03 22:40:50.041251,0,0.24228819,0
O037028,C00534,P00669,2025-12-03 22:53:56.300907,0,0.2254472,0
O037029,C04233,P02321,2025-12-03 23:07:02.560564,1,0.51967895,1
O037030,C06604,P01820,2025-12-03 23:20:08.820220,1,0.46729943,0
O037031,C07325,P01038,2025-12-03 23:33:15.079876,0,0.4622548,0
O037032,C00646,P02059,2025-12-03 23:46:21.339533,0,0.5315162,1
O037033,C07563,P00018,2025-12-03 23:59:27.599189,1,0.8263154,1
O037034,C06909,P01603,2025-12-04 00:12:33.858846,0,0.25335035,0
O037035,C04723,P01022,2025-12-04 00:25:40.118502,0,0.27303317,0
O037036,C02183,P00603,2025-12-04 00:38:46.378159,1,0.40508047,0
O037037,C03765,P01142,2025-12-04 00:51:52.637815,0,0.37588242,0
O037038,C02072,P01438,2025-12-04 01:04:58.897472,1,0.47373196,0
O037039,C04221,P00826,2025-12-04 01:18:05.157128,0,0.41169602,0
O037040,C03188,P00504,2025-12-04 01:31:11.416785,1,0.7982029,1
O037041,C06736,P00154,2025-12-04 01:44:17.676441,0,0.21750993,0
O037042,C04891,P01568,2025-12-04 01:57:23.936098,0,0.2547318,0
O037043,C03944,P01690,2025-12-04 02:10:30.195754,1,0.37784433,0
O037044,C00746,P00184,2025-12-04 02:23:36.455411,1,0.65257186,1
O037045,C05414,P02051,2025-12-04 02:36:42.715067,0,0.18648092,0
O037046,C04232,P00547,2025-12-04 02:49:48.974724,0,0.585645,1
O037047,C05151,P01555,2025-12-04 03:02:55.234380,0,0.36263627,0
O037048,C04160,P02337,2025-12-04 03:16:01.494037,0,0.12146183,0
O037049,C01933,P01515,2025-12-04 03:29:07.753693,0,0.67135966,1
O037050,C05773,P00557,2025-12-04 03:42:14.013350,0,0.35268545,0
O037051,C00314,P00290,2025-12-04 03:55:20.273006,0,0.20894416,0
O037052,C06386,P02123,2025-12-04 04:08:26.532663,0,0.25846782,0
O037053,C03373,P01281,2025-12-04 04:21:32.792319,1,0.4906684,0
O037054,C04224,P02015,2025-12-04 04:34:39.051976,0,0.36027348,0
O037055,C07459,P00350,2025-12-04 04:47:45.311632,0,0.4299654,0
O037056,C04565,P00290,2025-12-04 05:00:51.571289,0,0.25057697,0
O037057,C02229,P00008,2025-12-04 05:13:57.830945,0,0.59083587,1
O037058,C03799,P02238,2025-12-04 05:27:04.090602,0,0.6124024,1
O037059,C06685,P01533,2025-12-04 05:40:10.350258,0,0.34637934,0
O037060,C03164,P01084,2025-12-04 05:53:16.609915,0,0.3344498,0
O037061,C02026,P01983,2025-12-04 06:06:22.869571,0,0.54656875,1
O037062,C04861,P01892,2025-12-04 06:19:29.129228,1,0.6194409,1
O037063,C00982,P00492,2025-12-04 06:32:35.388884,0,0.3724228,0
O037064,C01809,P01153,2025-12-04 06:45:41.648541,0,0.34139684,0
O037065,C03005,P01481,2025-12-04 06:58:47.908197,0,0.2102797,0
O037066,C05837,P00065,2025-12-04 07:11:54.167854,1,0.6980282,1
O037067,C07017,P00220,2025-12-04 07:25:00.427510,0,0.4669883,0
O037068,C04557,P02470,2025-12-04 07:38:06.687167,0,0.22110443,0
O037069,C02148,P00692,2025-12-04 07:51:12.946823,0,0.5099305,1
O037070,C03572,P00384,2025-12-04 08:04:19.206480,0,0.29977223,0
O037071,C00523,P01347,2025-12-04 08:17:25.466136,0,0.5301969,1
O037072,C01271,P00255,2025-12-04 08:30:31.725793,1,0.6142356,1
O037073,C06121,P01280,2025-12-04 08:43:37.985449,0,0.4372655,0
O037074,C07240,P00190,2025-12-04 08:56:44.245106,0,0.4636784,0
O037075,C03987,P01006,2025-12-04 09:09:50.504762,0,0.30755416,0
O037076,C05820,P01925,2025-12-04 09:22:56.764419,1,0.49768442,0
O037077,C02596,P00021,2025-12-04 09:36:03.024075,0,0.59918404,1
O037078,C05954,P00522,2025-12-04 09:49:09.283732,1,0.6548025,1
O037079,C02376,P01593,2025-12-04 10:02:15.543388,1,0.54592085,1
O037080,C05350,P00234,2025-12-04 10:15:21.803045,0,0.2989725,0
O037081,C02988,P00376,2025-12-04 10:28:28.062701,0,0.456682,0
O037082,C07130,P00740,2025-12-04 10:41:34.322358,1,0.64050937,1
O037083,C00987,P00461,2025-12-04 10:54:40.582014,1,0.45966002,0
O037084,C05574,P02379,2025-12-04 11:07:46.841671,0,0.25232115,0
O037085,C02393,P01546,2025-12-04 11:20:53.101327,0,0.53304696,1
O037086,C05732,P01004,2025-12-04 11:33:59.360984,1,0.46660894,0
O037087,C01711,P02314,2025-12-04 11:47:05.620640,0,0.4669128,0
O037088,C05268,P01617,2025-12-04 12:00:11.880297,1,0.29825473,0
O037089,C07380,P01707,2025-12-04 12:13:18.139953,1,0.6946601,1
O037090,C07435,P01007,2025-12-04 12:26:24.399609,1,0.7089278,1
O037091,C03388,P01033,2025-12-04 12:39:30.659266,0,0.51840204,1
O037092,C05685,P00958,2025-12-04 12:52:36.918922,0,0.69617605,1
O037093,C06592,P02068,2025-12-04 13:05:43.178579,0,0.25497004,0
O037094,C05411,P02210,2025-12-04 13:18:49.438235,0,0.43727106,0
O037095,C07460,P01084,2025-12-04 13:31:55.697892,0,0.46829623,0
O037096,C03119,P00425,2025-12-04 13:45:01.957548,0,0.39896598,0
O037097,C02763,P01349,2025-12-04 13:58:08.217205,0,0.15234293,0
O037098,C01796,P01421,2025-12-04 14:11:14.476861,0,0.3815571,0
O037099,C07959,P01203,2025-12-04 14:24:20.736518,0,0.5785643,1
O037100,C03270,P02284,2025-12-04 14:37:26.996174,0,0.091677554,0
O037101,C00927,P01975,2025-12-04 14:50:33.255831,0,0.5641729,1
O037102,C01042,P00278,2025-12-04 15:03:39.515487,1,0.37245318,0
O037103,C07348,P00990,2025-12-04 15:16:45.775144,0,0.17602551,0
O037104,C01975,P02145,2025-12-04 15:29:52.034800,0,0.30956608,0
O037105,C03096,P01029,2025-12-04 15:42:58.294457,0,0.6734686,1
O037106,C07139,P01128,2025-12-04 15:56:04.554113,0,0.6946037,1
O037107,C03807,P01319,2025-12-04 16:09:10.813770,0,0.43780184,0
O037108,C05623,P01935,2025-12-04 16:22:17.073426,1,0.6304451,1
O037109,C00269,P01394,2025-12-04 16:35:23.333083,1,0.61845845,1
O037110,C04270,P01243,2025-12-04 16:48:29.592739,1,0.32103437,0
O037111,C04254,P01732,2025-12-04 17:01:35.852396,1,0.47825107,0
O037112,C01294,P00739,2025-12-04 17:14:42.112052,0,0.35755348,0
O037113,C00060,P01469,2025-12-04 17:27:48.371709,0,0.6141646,1
O037114,C00552,P00499,2025-12-04 17:40:54.631365,1,0.45460904,0
O037115,C04473,P00803,2025-12-04 17:54:00.891022,1,0.39048237,0
O037116,C07674,P00125,2025-12-04 18:07:07.150678,0,0.33533192,0
O037117,C05196,P00339,2025-12-04 18:20:13.410335,0,0.5682613,1
O037118,C03811,P02058,2025-12-04 18:33:19.669991,1,0.45932388,0
O037119,C02505,P00422,2025-12-04 18:46:25.929648,0,0.534965,1
O037120,C06799,P01870,2025-12-04 18:59:32.189304,0,0.561374,1
O037121,C03534,P01717,2025-12-04 19:12:38.448961,0,0.6112542,1
O037122,C04719,P00957,2025-12-04 19:25:44.708617,0,0.315388,0
O037123,C00534,P00863,2025-12-04 19:38:50.968274,0,0.6047748,1
O037124,C03552,P00906,2025-12-04 19:51:57.227930,0,0.61861974,1
O037125,C02125,P01002,2025-12-04 20:05:03.487587,0,0.14766519,0
O037126,C02721,P01616,2025-12-04 20:18:09.747243,0,0.60743904,1
O037127,C07967,P00360,2025-12-04 20:31:16.006900,1,0.5776003,1
O037128,C01647,P01978,2025-12-04 20:44:22.266556,0,0.40835604,0
O037129,C04668,P00672,2025-12-04 20:57:28.526213,0,0.3746412,0
O037130,C04046,P00173,2025-12-04 21:10:34.785869,0,0.57106805,1
O037131,C01576,P01259,2025-12-04 21:23:41.045526,1,0.53966177,1
O037132,C01281,P02077,2025-12-04 21:36:47.305182,0,0.50364906,1
O037133,C05474,P02043,2025-12-04 21:49:53.564839,1,0.7983874,1
O037134,C05484,P00414,2025-12-04 22:02:59.824495,1,0.53017217,1
O037135,C05434,P00961,2025-12-04 22:16:06.084152,0,0.5195541,1
O037136,C07954,P00401,2025-12-04 22:29:12.343808,0,0.47846645,0
O037137,C04945,P02122,2025-12-04 22:42:18.603465,0,0.36283243,0
O037138,C05406,P01868,2025-12-04 22:55:24.863121,0,0.28190696,0
O037139,C04627,P00762,2025-12-04 23:08:31.122778,1,0.50023204,1
O037140,C01734,P02306,2025-12-04 23:21:37.382434,0,0.3566058,0
O037141,C01144,P00263,2025-12-04 23:34:43.642091,0,0.42955676,0
O037142,C07220,P01139,2025-12-04 23:47:49.901747,0,0.48902193,0
O037143,C00644,P00646,2025-12-05 00:00:56.161404,1,0.62707746,1
O037144,C03607,P01284,2025-12-05 00:14:02.421060,1,0.33644086,0
O037145,C04865,P00713,2025-12-05 00:27:08.680717,1,0.6534009,1
O037146,C06946,P00662,2025-12-05 00:40:14.940373,0,0.2557298,0
O037147,C05813,P00607,2025-12-05 00:53:21.200030,0,0.6404017,1
O037148,C02781,P00702,2025-12-05 01:06:27.459686,0,0.22864662,0
O037149,C02957,P01468,2025-12-05 01:19:33.719342,0,0.50583476,1
O037150,C03402,P01138,2025-12-05 01:32:39.978999,0,0.25130588,0
O037151,C01830,P01883,2025-12-05 01:45:46.238655,0,0.3319567,0
O037152,C01000,P01123,2025-12-05 01:58:52.498312,0,0.47864598,0
O037153,C05766,P01268,2025-12-05 02:11:58.757968,0,0.41712052,0
O037154,C00777,P00059,2025-12-05 02:25:05.017625,0,0.16191126,0
O037155,C01181,P00899,2025-12-05 02:38:11.277281,0,0.58289254,1
O037156,C01246,P00130,2025-12-05 02:51:17.536938,0,0.52678,1
O037157,C04482,P00722,2025-12-05 03:04:23.796594,0,0.26026088,0
O037158,C06941,P01245,2025-12-05 03:17:30.056251,1,0.5482075,1
O037159,C05095,P01379,2025-12-05 03:30:36.315907,0,0.23206547,0
O037160,C02080,P00915,2025-12-05 03:43:42.575564,0,0.44854653,0
O037161,C06672,P01660,2025-12-05 03:56:48.835220,0,0.715065,1
O037162,C06184,P01805,2025-12-05 04:09:55.094877,0,0.38853574,0
O037163,C06940,P02279,2025-12-05 04:23:01.354533,1,0.5671801,1
O037164,C03208,P00717,2025-12-05 04:36:07.614190,1,0.69140613,1
O037165,C04696,P02051,2025-12-05 04:49:13.873846,0,0.2995313,0
O037166,C02134,P01266,2025-12-05 05:02:20.133503,0,0.3297845,0
O037167,C01907,P01503,2025-12-05 05:15:26.393159,1,0.55705065,1
O037168,C04447,P00875,2025-12-05 05:28:32.652816,0,0.43811157,0
O037169,C06926,P01230,2025-12-05 05:41:38.912472,1,0.31995472,0
O037170,C07810,P00349,2025-12-05 05:54:45.172129,0,0.4011566,0
O037171,C03843,P02253,2025-12-05 06:07:51.431785,0,0.47849268,0
O037172,C04652,P01330,2025-12-05 06:20:57.691442,0,0.7320622,1
O037173,C02045,P01724,2025-12-05 06:34:03.951098,1,0.7249827,1
O037174,C06803,P01999,2025-12-05 06:47:10.210755,0,0.48357987,0
O037175,C03726,P00774,2025-12-05 07:00:16.470411,0,0.14965795,0
O037176,C03880,P02251,2025-12-05 07:13:22.730068,1,0.54772234,1
O037177,C02853,P00910,2025-12-05 07:26:28.989724,0,0.2725688,0
O037178,C03558,P01716,2025-12-05 07:39:35.249381,0,0.49776036,0
O037179,C02689,P00193,2025-12-05 07:52:41.509037,0,0.3756277,0
O037180,C05644,P00010,2025-12-05 08:05:47.768694,0,0.41366115,0
O037181,C02896,P00522,2025-12-05 08:18:54.028350,0,0.5629609,1
O037182,C02903,P00588,2025-12-05 08:32:00.288007,1,0.8433893,1
O037183,C03228,P00822,2025-12-05 08:45:06.547663,0,0.22187887,0
O037184,C07350,P00623,2025-12-05 08:58:12.807320,0,0.46962693,0
O037185,C04473,P00766,2025-12-05 09:11:19.066976,0,0.56065464,1
O037186,C07071,P02161,2025-12-05 09:24:25.326633,0,0.32275954,0
O037187,C03939,P00305,2025-12-05 09:37:31.586289,1,0.7449019,1
O037188,C04150,P02071,2025-12-05 09:50:37.845946,0,0.26230237,0
O037189,C02943,P00151,2025-12-05 10:03:44.105602,1,0.5500932,1
O037190,C03362,P01736,2025-12-05 10:16:50.365259,0,0.38343835,0
O037191,C04023,P00238,2025-12-05 10:29:56.624915,0,0.7299795,1
O037192,C00187,P00458,2025-12-05 10:43:02.884572,1,0.3935159,0
O037193,C06955,P00211,2025-12-05 10:56:09.144228,0,0.5302584,1
O037194,C02051,P02362,2025-12-05 11:09:15.403885,0,0.39383996,0
O037195,C01431,P01766,2025-12-05 11:22:21.663541,0,0.34502396,0
O037196,C01788,P02103,2025-12-05 11:35:27.923198,0,0.4079277,0
O037197,C05937,P00491,2025-12-05 11:48:34.182854,0,0.42348477,0
O037198,C07574,P01869,2025-12-05 12:01:40.442511,0,0.22257309,0
O037199,C05617,P01197,2025-12-05 12:14:46.702167,0,0.45462057,0
O037200,C02510,P02056,2025-12-05 12:27:52.961824,1,0.61831856,1
O037201,C06691,P00505,2025-12-05 12:40:59.221480,1,0.39480737,0
O037202,C01911,P00766,2025-12-05 12:54:05.481137,0,0.5081466,1
O037203,C05356,P01263,2025-12-05 13:07:11.740793,0,0.2628337,0
O037204,C07930,P02217,2025-12-05 13:20:18.000450,0,0.6426374,1
O037205,C05490,P01182,2025-12-05 13:33:24.260106,0,0.5319766,1
O037206,C05457,P00535,2025-12-05 13:46:30.519762,0,0.66359687,1
O037207,C06829,P00913,2025-12-05 13:59:36.779419,0,0.4041726,0
O037208,C00644,P01327,2025-12-05 14:12:43.039075,1,0.673116,1
O037209,C03964,P00272,2025-12-05 14:25:49.298732,0,0.5899193,1
O037210,C03939,P02187,2025-12-05 14:38:55.558388,1,0.6340272,1
O037211,C03707,P00209,2025-12-05 14:52:01.818045,0,0.49538514,0
O037212,C06366,P00752,2025-12-05 15:05:08.077701,1,0.34151328,0
O037213,C06122,P00852,2025-12-05 15:18:14.337358,0,0.46994275,0
O037214,C01963,P01727,2025-12-05 15:31:20.597014,0,0.5569016,1
O037215,C00134,P01021,2025-12-05 15:44:26.856671,0,0.40655953,0
O037216,C06177,P00563,2025-12-05 15:57:33.116327,1,0.62951386,1
O037217,C01871,P01349,2025-12-05 16:10:39.375984,0,0.23699333,0
O037218,C02111,P00407,2025-12-05 16:23:45.635640,0,0.64037836,1
O037219,C03803,P01858,2025-12-05 16:36:51.895297,0,0.61993307,1
O037220,C06100,P00340,2025-12-05 16:49:58.154953,1,0.34284326,0
O037221,C03520,P00078,2025-12-05 17:03:04.414610,0,0.250532,0
O037222,C06409,P00187,2025-12-05 17:16:10.674266,0,0.5475947,1
O037223,C01138,P02411,2025-12-05 17:29:16.933923,1,0.706762,1
O037224,C00653,P01865,2025-12-05 17:42:23.193579,0,0.36238587,0
O037225,C02856,P02432,2025-12-05 17:55:29.453236,0,0.46736068,0
O037226,C00053,P01776,2025-12-05 18:08:35.712892,0,0.28061405,0
O037227,C00314,P01625,2025-12-05 18:21:41.972549,1,0.25521863,0
O037228,C06682,P00681,2025-12-05 18:34:48.232205,0,0.17893776,0
O037229,C04116,P00630,2025-12-05 18:47:54.491862,0,0.55969286,1
O037230,C04534,P01039,2025-12-05 19:01:00.751518,0,0.2605004,0
O037231,C02825,P01170,2025-12-05 19:14:07.011175,0,0.25869566,0
O037232,C06829,P02179,2025-12-05 19:27:13.270831,0,0.5197637,1
O037233,C00016,P01209,2025-12-05 19:40:19.530488,0,0.41392732,0
O037234,C06752,P00033,2025-12-05 19:53:25.790144,0,0.12079364,0
O037235,C06725,P00971,2025-12-05 20:06:32.049801,1,0.3731523,0
O037236,C07560,P00852,2025-12-05 20:19:38.309457,0,0.14631812,0
O037237,C04678,P01382,2025-12-05 20:32:44.569114,0,0.24985653,0
O037238,C03740,P02302,2025-12-05 20:45:50.828770,1,0.5390714,1
O037239,C07689,P01198,2025-12-05 20:58:57.088427,0,0.34325147,0
O037240,C07205,P01745,2025-12-05 21:12:03.348083,0,0.4360491,0
O037241,C02142,P01832,2025-12-05 21:25:09.607740,0,0.2083768,0
O037242,C03456,P01209,2025-12-05 21:38:15.867396,0,0.6824513,1
O037243,C00491,P00372,2025-12-05 21:51:22.127053,0,0.36441517,0
O037244,C02179,P01734,2025-12-05 22:04:28.386709,0,0.6074318,1
O037245,C05804,P00861,2025-12-05 22:17:34.646366,0,0.64737475,1
O037246,C06053,P01345,2025-12-05 22:30:40.906022,0,0.245476,0
O037247,C03967,P02324,2025-12-05 22:43:47.165679,0,0.59683937,1
O037248,C07120,P00190,2025-12-05 22:56:53.425335,0,0.6251011,1
O037249,C04498,P00881,2025-12-05 23:09:59.684992,1,0.5307582,1
O037250,C06583,P00490,2025-12-05 23:23:05.944648,0,0.6012712,1
O037251,C00347,P00780,2025-12-05 23:36:12.204305,1,0.40829903,0
O037252,C07546,P00885,2025-12-05 23:49:18.463961,0,0.4605543,0
O037253,C04919,P01653,2025-12-06 00:02:24.723618,0,0.7783015,1
O037254,C05379,P00291,2025-12-06 00:15:30.983274,0,0.33456776,0
O037255,C06603,P01576,2025-12-06 00:28:37.242931,0,0.35536775,0
O037256,C06967,P00544,2025-12-06 00:41:43.502587,0,0.48837134,0
O037257,C04229,P02074,2025-12-06 00:54:49.762244,0,0.42706382,0
O037258,C02885,P02191,2025-12-06 01:07:56.021900,0,0.3102567,0
O037259,C07301,P01550,2025-12-06 01:21:02.281557,0,0.37592962,0
O037260,C00703,P01057,2025-12-06 01:34:08.541213,0,0.36133593,0
O037261,C03833,P01843,2025-12-06 01:47:14.800870,0,0.39966854,0
O037262,C07935,P00630,2025-12-06 02:00:21.060526,1,0.6040861,1
O037263,C02928,P00205,2025-12-06 02:13:27.320183,0,0.24113405,0
O037264,C07706,P00814,2025-12-06 02:26:33.579839,0,0.280612,0
O037265,C01383,P01526,2025-12-06 02:39:39.839495,1,0.5891412,1
O037266,C03616,P01575,2025-12-06 02:52:46.099152,0,0.6229861,1
O037267,C04758,P02014,2025-12-06 03:05:52.358808,1,0.5327347,1
O037268,C05782,P00097,2025-12-06 03:18:58.618465,0,0.38563278,0
O037269,C03878,P00535,2025-12-06 03:32:04.878121,1,0.8518408,1
O037270,C05305,P01597,2025-12-06 03:45:11.137778,0,0.27590936,0
O037271,C01254,P01244,2025-12-06 03:58:17.397434,1,0.6127892,1
O037272,C02279,P00025,2025-12-06 04:11:23.657091,0,0.5969661,1
O037273,C05703,P00525,2025-12-06 04:24:29.916747,0,0.6158817,1
O037274,C00422,P00118,2025-12-06 04:37:36.176404,1,0.41402012,0
O037275,C01885,P02032,2025-12-06 04:50:42.436060,0,0.4452342,0
O037276,C01826,P00164,2025-12-06 05:03:48.695717,0,0.20167564,0
O037277,C00943,P00424,2025-12-06 05:16:54.955373,0,0.6185666,1
O037278,C06056,P00169,2025-12-06 05:30:01.215030,0,0.3804668,0
O037279,C02703,P01704,2025-12-06 05:43:07.474686,0,0.38115054,0
O037280,C02104,P00545,2025-12-06 05:56:13.734343,0,0.52084947,1
O037281,C04135,P01126,2025-12-06 06:09:19.993999,0,0.3307864,0
O037282,C01920,P00207,2025-12-06 06:22:26.253656,1,0.44587234,0
O037283,C05040,P00253,2025-12-06 06:35:32.513312,1,0.6240542,1
O037284,C04640,P01473,2025-12-06 06:48:38.772969,0,0.44526646,0
O037285,C06038,P00452,2025-12-06 07:01:45.032625,1,0.44829398,0
O037286,C02347,P01764,2025-12-06 07:14:51.292282,1,0.77924824,1
O037287,C04072,P02381,2025-12-06 07:27:57.551938,0,0.23848745,0
O037288,C04808,P00483,2025-12-06 07:41:03.811595,0,0.17517932,0
O037289,C06940,P00826,2025-12-06 07:54:10.071251,0,0.7611362,1
O037290,C07671,P02478,2025-12-06 08:07:16.330908,0,0.65594333,1
O037291,C04339,P00395,2025-12-06 08:20:22.590564,0,0.5183524,1
O037292,C02309,P02364,2025-12-06 08:33:28.850221,0,0.13854459,0
O037293,C01498,P00902,2025-12-06 08:46:35.109877,0,0.33978224,0
O037294,C01382,P01008,2025-12-06 08:59:41.369534,0,0.6451626,1
O037295,C03936,P01762,2025-12-06 09:12:47.629190,0,0.33899188,0
O037296,C01547,P02416,2025-12-06 09:25:53.888847,1,0.22645728,0
O037297,C03190,P01697,2025-12-06 09:39:00.148503,1,0.24910344,0
O037298,C03629,P00689,2025-12-06 09:52:06.408160,0,0.3186343,0
O037299,C06156,P00205,2025-12-06 10:05:12.667816,1,0.33376908,0
O037300,C01062,P01221,2025-12-06 10:18:18.927473,0,0.45741466,0
O037301,C03581,P01118,2025-12-06 10:31:25.187129,0,0.36876386,0
O037302,C06159,P02484,2025-12-06 10:44:31.446786,1,0.5731391,1
O037303,C06882,P01013,2025-12-06 10:57:37.706442,0,0.6257463,1
O037304,C02159,P01718,2025-12-06 11:10:43.966099,0,0.47831094,0
O037305,C07443,P00633,2025-12-06 11:23:50.225755,0,0.33033723,0
O037306,C03749,P02309,2025-12-06 11:36:56.485412,0,0.21664318,0
O037307,C05669,P01099,2025-12-06 11:50:02.745068,0,0.16776289,0
O037308,C02692,P01275,2025-12-06 12:03:09.004725,0,0.34623176,0
O037309,C00057,P00792,2025-12-06 12:16:15.264381,0,0.35428593,0
O037310,C02806,P00601,2025-12-06 12:29:21.524038,0,0.29971835,0
O037311,C04635,P00864,2025-12-06 12:42:27.783694,0,0.72635716,1
O037312,C06663,P00875,2025-12-06 12:55:34.043351,0,0.26956028,0
O037313,C04580,P01868,2025-12-06 13:08:40.303007,0,0.33235013,0
O037314,C03594,P02469,2025-12-06 13:21:46.562664,1,0.72272414,1
O037315,C01466,P00352,2025-12-06 13:34:52.822320,0,0.38436425,0
O037316,C03147,P00191,2025-12-06 13:47:59.081977,0,0.38334814,0
O037317,C03454,P00439,2025-12-06 14:01:05.341633,1,0.5017353,1
O037318,C07054,P01705,2025-12-06 14:14:11.601290,1,0.497348,0
O037319,C01290,P01665,2025-12-06 14:27:17.860946,0,0.4616902,0
O037320,C05429,P02404,2025-12-06 14:40:24.120603,1,0.7571954,1
O037321,C06059,P02431,2025-12-06 14:53:30.380259,0,0.39230514,0
O037322,C02133,P02247,2025-12-06 15:06:36.639915,0,0.41361186,0
O037323,C05756,P01279,2025-12-06 15:19:42.899572,0,0.8122195,1
O037324,C04177,P02135,2025-12-06 15:32:49.159228,0,0.38202363,0
O037325,C03420,P01681,2025-12-06 15:45:55.418885,1,0.19385517,0
O037326,C06541,P00265,2025-12-06 15:59:01.678541,1,0.7765529,1
O037327,C06312,P01756,2025-12-06 16:12:07.938198,0,0.2881933,0
O037328,C01642,P02397,2025-12-06 16:25:14.197854,0,0.23221909,0
O037329,C02282,P00044,2025-12-06 16:38:20.457511,1,0.34382895,0
O037330,C07272,P00083,2025-12-06 16:51:26.717167,1,0.4194601,0
O037331,C03534,P02014,2025-12-06 17:04:32.976824,0,0.30592406,0
O037332,C04108,P00774,2025-12-06 17:17:39.236480,0,0.23819721,0
O037333,C03412,P00079,2025-12-06 17:30:45.496137,0,0.3566809,0
O037334,C03321,P02382,2025-12-06 17:43:51.755793,0,0.4939267,0
O037335,C07084,P00672,2025-12-06 17:56:58.015450,0,0.38115746,0
O037336,C02986,P01917,2025-12-06 18:10:04.275106,0,0.21845825,0
O037337,C03561,P01868,2025-12-06 18:23:10.534763,0,0.31954035,0
O037338,C06494,P02402,2025-12-06 18:36:16.794419,0,0.43946445,0
O037339,C04611,P00668,2025-12-06 18:49:23.054076,0,0.42730013,0
O037340,C01817,P00600,2025-12-06 19:02:29.313732,0,0.51183224,1
O037341,C01311,P02392,2025-12-06 19:15:35.573389,0,0.27310383,0
O037342,C00547,P01799,2025-12-06 19:28:41.833045,0,0.26688322,0
O037343,C04865,P00057,2025-12-06 19:41:48.092702,0,0.6355705,1
O037344,C04601,P01909,2025-12-06 19:54:54.352358,0,0.17028078,0
O037345,C03505,P01248,2025-12-06 20:08:00.612015,0,0.070472725,0
O037346,C01824,P02089,2025-12-06 20:21:06.871671,0,0.7678391,1
O037347,C06574,P01182,2025-12-06 20:34:13.131328,0,0.31530797,0
O037348,C04275,P01976,2025-12-06 20:47:19.390984,0,0.5115921,1
O037349,C06329,P00957,2025-12-06 21:00:25.650641,0,0.13981234,0
O037350,C02124,P01253,2025-12-06 21:13:31.910297,0,0.1354216,0
O037351,C00521,P00184,2025-12-06 21:26:38.169954,1,0.72239834,1
O037352,C04995,P00039,2025-12-06 21:39:44.429610,0,0.2000171,0
O037353,C01123,P00551,2025-12-06 21:52:50.689267,0,0.5358696,1
O037354,C07960,P01441,2025-12-06 22:05:56.948923,1,0.6309672,1
O037355,C04994,P01605,2025-12-06 22:19:03.208580,0,0.15334599,0
O037356,C03068,P02081,2025-12-06 22:32:09.468236,0,0.29338253,0
O037357,C07977,P00880,2025-12-06 22:45:15.727893,0,0.6205522,1
O037358,C04992,P01051,2025-12-06 22:58:21.987549,0,0.4818885,0
O037359,C03283,P01943,2025-12-06 23:11:28.247206,0,0.37141553,0
O037360,C01174,P00799,2025-12-06 23:24:34.506862,0,0.40921253,0
O037361,C03587,P01395,2025-12-06 23:37:40.766519,0,0.26134208,0
O037362,C05973,P00887,2025-12-06 23:50:47.026175,0,0.3278754,0
O037363,C03640,P01939,2025-12-07 00:03:53.285832,0,0.725074,1
O037364,C06290,P01629,2025-12-07 00:16:59.545488,0,0.7463822,1
O037365,C02638,P02171,2025-12-07 00:30:05.805145,1,0.6929735,1
O037366,C04332,P01022,2025-12-07 00:43:12.064801,0,0.4674921,0
O037367,C02184,P02461,2025-12-07 00:56:18.324458,0,0.8425578,1
O037368,C06289,P01149,2025-12-07 01:09:24.584114,1,0.42723584,0
O037369,C07797,P01177,2025-12-07 01:22:30.843771,1,0.7618511,1
O037370,C02761,P01849,2025-12-07 01:35:37.103427,0,0.49219733,0
O037371,C04583,P00176,2025-12-07 01:48:43.363084,0,0.34606013,0
O037372,C07194,P01452,2025-12-07 02:01:49.622740,0,0.1459405,0
O037373,C04194,P01461,2025-12-07 02:14:55.882397,0,0.6117257,1
O037374,C06826,P01479,2025-12-07 02:28:02.142053,0,0.67530674,1
O037375,C05577,P01174,2025-12-07 02:41:08.401710,0,0.19463007,0
O037376,C04478,P01744,2025-12-07 02:54:14.661366,0,0.20389399,0
O037377,C02421,P00682,2025-12-07 03:07:20.921023,1,0.5562534,1
O037378,C05237,P02218,2025-12-07 03:20:27.180679,0,0.26248816,0
O037379,C04461,P00634,2025-12-07 03:33:33.440336,1,0.75033337,1
O037380,C07855,P01153,2025-12-07 03:46:39.699992,0,0.41737434,0
O037381,C03997,P02476,2025-12-07 03:59:45.959648,0,0.38405022,0
O037382,C07763,P00340,2025-12-07 04:12:52.219305,0,0.2125893,0
O037383,C05852,P00240,2025-12-07 04:25:58.478961,0,0.13140216,0
O037384,C05667,P02126,2025-12-07 04:39:04.738618,0,0.17502475,0
O037385,C05513,P00118,2025-12-07 04:52:10.998274,0,0.30895427,0
O037386,C03678,P01138,2025-12-07 05:05:17.257931,0,0.37341815,0
O037387,C02203,P01954,2025-12-07 05:18:23.517587,0,0.26567233,0
O037388,C01288,P01996,2025-12-07 05:31:29.777244,0,0.21106522,0
O037389,C00976,P00744,2025-12-07 05:44:36.036900,0,0.35401648,0
O037390,C07665,P01919,2025-12-07 05:57:42.296557,0,0.5819632,1
O037391,C03596,P00646,2025-12-07 06:10:48.556213,0,0.5017743,1
O037392,C06017,P00819,2025-12-07 06:23:54.815870,0,0.6957275,1
O037393,C05664,P02100,2025-12-07 06:37:01.075526,0,0.4051165,0
O037394,C00927,P01099,2025-12-07 06:50:07.335183,1,0.21049224,0
O037395,C05545,P00687,2025-12-07 07:03:13.594839,0,0.06878787,0
O037396,C03316,P02467,2025-12-07 07:16:19.854496,0,0.2795181,0
O037397,C06834,P00910,2025-12-07 07:29:26.114152,0,0.29374632,0
O037398,C02932,P01389,2025-12-07 07:42:32.373809,0,0.28280073,0
O037399,C04514,P01537,2025-12-07 07:55:38.633465,0,0.16183932,0
O037400,C02840,P00902,2025-12-07 08:08:44.893122,0,0.34781086,0
O037401,C02828,P00566,2025-12-07 08:21:51.152778,0,0.22682041,0
O037402,C04835,P02471,2025-12-07 08:34:57.412435,0,0.4302946,0
O037403,C01237,P01014,2025-12-07 08:48:03.672091,0,0.1874805,0
O037404,C04353,P01962,2025-12-07 09:01:09.931748,1,0.74617356,1
O037405,C06307,P00084,2025-12-07 09:14:16.191404,1,0.6092233,1
O037406,C01967,P00091,2025-12-07 09:27:22.451061,0,0.1798752,0
O037407,C07240,P01822,2025-12-07 09:40:28.710717,0,0.19526759,0
O037408,C04061,P00794,2025-12-07 09:53:34.970374,0,0.33559802,0
O037409,C00605,P01393,2025-12-07 10:06:41.230030,0,0.3612302,0
O037410,C07376,P01759,2025-12-07 10:19:47.489687,0,0.24768543,0
O037411,C07620,P00685,2025-12-07 10:32:53.749343,1,0.34390837,0
O037412,C05361,P01394,2025-12-07 10:46:00.009000,1,0.67151594,1
O037413,C07863,P00609,2025-12-07 10:59:06.268656,0,0.6406146,1
O037414,C06521,P01940,2025-12-07 11:12:12.528313,0,0.42311165,0
O037415,C01100,P00283,2025-12-07 11:25:18.787969,0,0.18613438,0
O037416,C00162,P01774,2025-12-07 11:38:25.047626,0,0.83496827,1
O037417,C02124,P00701,2025-12-07 11:51:31.307282,1,0.24516933,0
O037418,C06414,P01589,2025-12-07 12:04:37.566939,0,0.50021756,1
O037419,C05242,P02035,2025-12-07 12:17:43.826595,0,0.4914041,0
O037420,C06289,P02242,2025-12-07 12:30:50.086252,0,0.25956997,0
O037421,C02189,P01615,2025-12-07 12:43:56.345908,0,0.43392,0
O037422,C05330,P01678,2025-12-07 12:57:02.605565,0,0.3495086,0
O037423,C07914,P02263,2025-12-07 13:10:08.865221,0,0.24139057,0
O037424,C05722,P01728,2025-12-07 13:23:15.124878,0,0.17396182,0
O037425,C04167,P02374,2025-12-07 13:36:21.384534,0,0.7032476,1
O037426,C05979,P00507,2025-12-07 13:49:27.644191,0,0.68796194,1
O037427,C03282,P02076,2025-12-07 14:02:33.903847,0,0.5401062,1
O037428,C03305,P00769,2025-12-07 14:15:40.163504,1,0.46950257,0
O037429,C06531,P00035,2025-12-07 14:28:46.423160,0,0.41853565,0
O037430,C00278,P00736,2025-12-07 14:41:52.682817,0,0.54830086,1
O037431,C02231,P02254,2025-12-07 14:54:58.942473,0,0.47559807,0
O037432,C05361,P01516,2025-12-07 15:08:05.202130,0,0.40454525,0
O037433,C03577,P00029,2025-12-07 15:21:11.461786,0,0.59997654,1
O037434,C00483,P00427,2025-12-07 15:34:17.721443,0,0.35173592,0
O037435,C03721,P01789,2025-12-07 15:47:23.981099,1,0.57647395,1
O037436,C05265,P00442,2025-12-07 16:00:30.240756,1,0.5371651,1
O037437,C03070,P01834,2025-12-07 16:13:36.500412,0,0.30967683,0
O037438,C06386,P01687,2025-12-07 16:26:42.760069,1,0.32232293,0
O037439,C05031,P00553,2025-12-07 16:39:49.019725,0,0.27451584,0
O037440,C06210,P00133,2025-12-07 16:52:55.279381,0,0.32860807,0
O037441,C01823,P02314,2025-12-07 17:06:01.539038,0,0.46864554,0
O037442,C04637,P00519,2025-12-07 17:19:07.798694,1,0.27566147,0
O037443,C06228,P01926,2025-12-07 17:32:14.058351,0,0.26656458,0
O037444,C06975,P00334,2025-12-07 17:45:20.318007,0,0.35768947,0
O037445,C06294,P01284,2025-12-07 17:58:26.577664,0,0.20576446,0
O037446,C07059,P01938,2025-12-07 18:11:32.837320,1,0.4375588,0
O037447,C00179,P00951,2025-12-07 18:24:39.096977,0,0.18115886,0
O037448,C02501,P00519,2025-12-07 18:37:45.356633,0,0.36903077,0
O037449,C07066,P00821,2025-12-07 18:50:51.616290,1,0.5618452,1
O037450,C06136,P01447,2025-12-07 19:03:57.875946,0,0.611873,1
O037451,C07715,P02085,2025-12-07 19:17:04.135603,1,0.37918764,0
O037452,C02751,P00546,2025-12-07 19:30:10.395259,0,0.23699656,0
O037453,C04298,P00477,2025-12-07 19:43:16.654916,1,0.5519645,1
O037454,C07225,P01474,2025-12-07 19:56:22.914572,0,0.23054722,0
O037455,C03205,P01525,2025-12-07 20:09:29.174229,0,0.31693327,0
O037456,C01477,P00960,2025-12-07 20:22:35.433885,0,0.6620547,1
O037457,C02872,P00764,2025-12-07 20:35:41.693542,0,0.23899457,0
O037458,C07461,P01177,2025-12-07 20:48:47.953198,0,0.53597295,1
O037459,C03153,P01322,2025-12-07 21:01:54.212855,0,0.65735906,1
O037460,C01249,P01046,2025-12-07 21:15:00.472511,0,0.5399796,1
O037461,C05765,P01142,2025-12-07 21:28:06.732168,0,0.6581346,1
O037462,C07004,P01139,2025-12-07 21:41:12.991824,0,0.23743352,0
O037463,C01635,P02170,2025-12-07 21:54:19.251481,0,0.38570037,0
O037464,C02769,P00733,2025-12-07 22:07:25.511137,0,0.29970008,0
O037465,C07729,P02382,2025-12-07 22:20:31.770794,0,0.285177,0
O037466,C01575,P02411,2025-12-07 22:33:38.030450,0,0.6083842,1
O037467,C00825,P00542,2025-12-07 22:46:44.290107,0,0.6222264,1
O037468,C03373,P01210,2025-12-07 22:59:50.549763,0,0.47556922,0
O037469,C00294,P02477,2025-12-07 23:12:56.809420,0,0.47098774,0
O037470,C03232,P00867,2025-12-07 23:26:03.069076,1,0.5778552,1
O037471,C02352,P00674,2025-12-07 23:39:09.328733,0,0.6732788,1
O037472,C01401,P00257,2025-12-07 23:52:15.588389,0,0.45712054,0
O037473,C02470,P01385,2025-12-08 00:05:21.848046,0,0.28979197,0
O037474,C05183,P00427,2025-12-08 00:18:28.107702,0,0.23726313,0
O037475,C01342,P00709,2025-12-08 00:31:34.367359,1,0.48455307,0
O037476,C07881,P00733,2025-12-08 00:44:40.627015,1,0.3127188,0
O037477,C02461,P02296,2025-12-08 00:57:46.886672,0,0.582562,1
O037478,C00077,P01888,2025-12-08 01:10:53.146328,1,0.34911913,0
O037479,C00027,P00964,2025-12-08 01:23:59.405985,1,0.5187358,1
O037480,C06874,P00240,2025-12-08 01:37:05.665641,0,0.35464394,0
O037481,C01101,P01770,2025-12-08 01:50:11.925298,1,0.42686772,0
O037482,C02090,P00177,2025-12-08 02:03:18.184954,0,0.1706024,0
O037483,C00933,P00192,2025-12-08 02:16:24.444611,1,0.49661523,0
O037484,C05215,P02355,2025-12-08 02:29:30.704267,0,0.1845309,0
O037485,C04151,P02329,2025-12-08 02:42:36.963924,0,0.3958267,0
O037486,C05233,P01495,2025-12-08 02:55:43.223580,1,0.65108484,1
O037487,C06171,P00653,2025-12-08 03:08:49.483237,0,0.58825654,1
O037488,C00013,P01904,2025-12-08 03:21:55.742893,0,0.34174517,0
O037489,C01179,P00382,2025-12-08 03:35:02.002550,0,0.30058762,0
O037490,C01162,P01031,2025-12-08 03:48:08.262206,0,0.3439459,0
O037491,C03268,P00352,2025-12-08 04:01:14.521863,0,0.286765,0
O037492,C00621,P01714,2025-12-08 04:14:20.781519,0,0.29054037,0
O037493,C05982,P01130,2025-12-08 04:27:27.041176,0,0.50942624,1
O037494,C05134,P02469,2025-12-08 04:40:33.300832,1,0.62185496,1
O037495,C07716,P00067,2025-12-08 04:53:39.560489,1,0.39355427,0
O037496,C04653,P01825,2025-12-08 05:06:45.820145,0,0.5735129,1
O037497,C02281,P01771,2025-12-08 05:19:52.079801,0,0.7506512,1
O037498,C03598,P00075,2025-12-08 05:32:58.339458,0,0.24730103,0
O037499,C07080,P02003,2025-12-08 05:46:04.599114,0,0.29987356,0
O037500,C05551,P01862,2025-12-08 05:59:10.858771,1,0.48746207,0
O037501,C02922,P01047,2025-12-08 06:12:17.118427,0,0.34550214,0
O037502,C05592,P00116,2025-12-08 06:25:23.378084,0,0.5533762,1
O037503,C04749,P01350,2025-12-08 06:38:29.637740,0,0.29323986,0
O037504,C02260,P02045,2025-12-08 06:51:35.897397,1,0.6044039,1
O037505,C07589,P00593,2025-12-08 07:04:42.157053,0,0.392086,0
O037506,C02895,P01343,2025-12-08 07:17:48.416710,0,0.2475534,0
O037507,C04120,P02317,2025-12-08 07:30:54.676366,0,0.7051727,1
O037508,C06320,P00039,2025-12-08 07:44:00.936023,1,0.55733365,1
O037509,C06780,P00505,2025-12-08 07:57:07.195679,0,0.16574767,0
O037510,C04574,P01524,2025-12-08 08:10:13.455336,1,0.4693124,0
O037511,C03446,P01511,2025-12-08 08:23:19.714992,0,0.7860415,1
O037512,C02349,P00924,2025-12-08 08:36:25.974649,0,0.23577297,0
O037513,C05979,P01862,2025-12-08 08:49:32.234305,1,0.6809702,1
O037514,C03967,P01744,2025-12-08 09:02:38.493962,0,0.59687793,1
O037515,C02894,P01426,2025-12-08 09:15:44.753618,0,0.42092788,0
O037516,C03503,P00983,2025-12-08 09:28:51.013275,1,0.48493233,0
O037517,C00637,P01516,2025-12-08 09:41:57.272931,0,0.2900547,0
O037518,C07498,P01612,2025-12-08 09:55:03.532588,1,0.6098986,1
O037519,C03753,P02314,2025-12-08 10:08:09.792244,0,0.3817395,0
O037520,C04863,P00388,2025-12-08 10:21:16.051901,0,0.5540834,1
O037521,C06203,P02312,2025-12-08 10:34:22.311557,0,0.6678947,1
O037522,C07201,P00047,2025-12-08 10:47:28.571214,0,0.27221337,0
O037523,C06726,P02175,2025-12-08 11:00:34.830870,0,0.08417129,0
O037524,C01677,P02282,2025-12-08 11:13:41.090527,0,0.10514055,0
O037525,C01915,P00341,2025-12-08 11:26:47.350183,0,0.2952734,0
O037526,C06735,P01887,2025-12-08 11:39:53.609840,0,0.17379746,0
O037527,C07815,P02352,2025-12-08 11:52:59.869496,0,0.63019156,1
O037528,C01116,P00325,2025-12-08 12:06:06.129153,0,0.46369767,0
O037529,C03010,P00793,2025-12-08 12:19:12.388809,1,0.76648134,1
O037530,C04324,P01100,2025-12-08 12:32:18.648466,1,0.6058598,1
O037531,C03250,P00628,2025-12-08 12:45:24.908122,0,0.25969988,0
O037532,C06731,P00081,2025-12-08 12:58:31.167779,0,0.47480866,0
O037533,C04506,P02355,2025-12-08 13:11:37.427435,0,0.20538333,0
O037534,C07559,P02499,2025-12-08 13:24:43.687092,1,0.44323,0
O037535,C01467,P02402,2025-12-08 13:37:49.946748,0,0.33026686,0
O037536,C00805,P02121,2025-12-08 13:50:56.206405,0,0.15526032,0
O037537,C02621,P00161,2025-12-08 14:04:02.466061,0,0.36446077,0
O037538,C04383,P01160,2025-12-08 14:17:08.725718,0,0.34586653,0
O037539,C02370,P02256,2025-12-08 14:30:14.985374,0,0.59056485,1
O037540,C02043,P00022,2025-12-08 14:43:21.245031,0,0.49482068,0
O037541,C00789,P00341,2025-12-08 14:56:27.504687,1,0.1958889,0
O037542,C06173,P01929,2025-12-08 15:09:33.764344,0,0.36381897,0
O037543,C01724,P00994,2025-12-08 15:22:40.024000,0,0.13724878,0
O037544,C05982,P00445,2025-12-08 15:35:46.283657,1,0.4278483,0
O037545,C02103,P00196,2025-12-08 15:48:52.543313,1,0.5308677,1
O037546,C07778,P01581,2025-12-08 16:01:58.802970,1,0.29676458,0
O037547,C02000,P00262,2025-12-08 16:15:05.062626,0,0.58209705,1
O037548,C00076,P01416,2025-12-08 16:28:11.322283,0,0.544981,1
O037549,C02276,P01613,2025-12-08 16:41:17.581939,0,0.4891733,0
O037550,C05501,P01306,2025-12-08 16:54:23.841596,1,0.6215478,1
O037551,C01236,P00902,2025-12-08 17:07:30.101252,0,0.63517654,1
O037552,C00962,P00992,2025-12-08 17:20:36.360909,1,0.40482542,0
O037553,C04545,P02043,2025-12-08 17:33:42.620565,1,0.5060345,1
O037554,C07070,P01926,2025-12-08 17:46:48.880222,0,0.26610306,0
O037555,C04135,P00640,2025-12-08 17:59:55.139878,0,0.19180351,0
O037556,C03223,P01616,2025-12-08 18:13:01.399534,0,0.6806789,1
O037557,C03553,P01797,2025-12-08 18:26:07.659191,0,0.29689696,0
O037558,C01908,P00264,2025-12-08 18:39:13.918847,0,0.5118242,1
O037559,C06345,P00973,2025-12-08 18:52:20.178504,0,0.40548387,0
O037560,C07509,P01470,2025-12-08 19:05:26.438160,0,0.48228884,0
O037561,C04898,P01141,2025-12-08 19:18:32.697817,0,0.34963128,0
O037562,C00776,P01061,2025-12-08 19:31:38.957473,0,0.7251594,1
O037563,C07605,P01535,2025-12-08 19:44:45.217130,0,0.32218432,0
O037564,C07905,P00928,2025-12-08 19:57:51.476786,0,0.5975603,1
O037565,C07874,P00077,2025-12-08 20:10:57.736443,0,0.3193044,0
O037566,C05264,P00896,2025-12-08 20:24:03.996099,0,0.40285912,0
O037567,C02890,P00894,2025-12-08 20:37:10.255756,0,0.65855455,1
O037568,C03137,P01093,2025-12-08 20:50:16.515412,0,0.38170427,0
O037569,C07763,P00687,2025-12-08 21:03:22.775069,0,0.060987536,0
O037570,C00748,P00691,2025-12-08 21:16:29.034725,1,0.3818744,0
O037571,C06299,P01972,2025-12-08 21:29:35.294382,1,0.23006195,0
O037572,C02552,P00989,2025-12-08 21:42:41.554038,0,0.44499707,0
O037573,C02594,P02259,2025-12-08 21:55:47.813695,0,0.42852136,0
O037574,C06433,P00685,2025-12-08 22:08:54.073351,0,0.37338263,0
O037575,C07758,P01793,2025-12-08 22:22:00.333008,0,0.49298748,0
O037576,C03332,P01986,2025-12-08 22:35:06.592664,0,0.14613566,0
O037577,C00229,P00530,2025-12-08 22:48:12.852321,0,0.41250038,0
O037578,C01885,P00214,2025-12-08 23:01:19.111977,1,0.5846731,1
O037579,C07182,P01924,2025-12-08 23:14:25.371634,0,0.36619028,0
O037580,C00865,P01625,2025-12-08 23:27:31.631290,0,0.3176924,0
O037581,C05320,P00546,2025-12-08 23:40:37.890947,0,0.4621073,0
O037582,C00941,P01452,2025-12-08 23:53:44.150603,0,0.3742779,0
O037583,C00705,P01379,2025-12-09 00:06:50.410260,0,0.42955467,0
O037584,C07068,P02342,2025-12-09 00:19:56.669916,0,0.40233687,0
O037585,C04053,P01841,2025-12-09 00:33:02.929573,0,0.62530005,1
O037586,C00741,P01557,2025-12-09 00:46:09.189229,1,0.3402701,0
O037587,C07910,P00323,2025-12-09 00:59:15.448886,1,0.3126466,0
O037588,C04878,P02366,2025-12-09 01:12:21.708542,0,0.63180834,1
O037589,C00621,P02347,2025-12-09 01:25:27.968199,0,0.27651295,0
O037590,C05026,P01617,2025-12-09 01:38:34.227855,0,0.25666344,0
O037591,C07898,P00833,2025-12-09 01:51:40.487512,1,0.5762261,1
O037592,C01876,P02361,2025-12-09 02:04:46.747168,0,0.39952496,0
O037593,C05709,P01009,2025-12-09 02:17:53.006825,0,0.44745544,0
O037594,C03942,P00137,2025-12-09 02:30:59.266481,0,0.7252184,1
O037595,C01823,P01187,2025-12-09 02:44:05.526138,0,0.31847176,0
O037596,C04174,P01834,2025-12-09 02:57:11.785794,1,0.2933727,0
O037597,C01222,P00382,2025-12-09 03:10:18.045451,0,0.32014883,0
O037598,C01928,P01136,2025-12-09 03:23:24.305107,1,0.43894145,0
O037599,C03047,P00074,2025-12-09 03:36:30.564764,1,0.67772347,1
O037600,C01317,P00840,2025-12-09 03:49:36.824420,0,0.75487876,1
O037601,C06438,P00995,2025-12-09 04:02:43.084077,1,0.6178705,1
O037602,C03295,P01928,2025-12-09 04:15:49.343733,0,0.5859102,1
O037603,C07723,P00102,2025-12-09 04:28:55.603390,0,0.34322274,0
O037604,C02553,P00192,2025-12-09 04:42:01.863046,0,0.40743795,0
O037605,C04529,P00371,2025-12-09 04:55:08.122703,0,0.33237603,0
O037606,C02312,P01594,2025-12-09 05:08:14.382359,0,0.38559356,0
O037607,C04742,P02052,2025-12-09 05:21:20.642016,1,0.28989017,0
O037608,C04705,P02407,2025-12-09 05:34:26.901672,1,0.5124971,1
O037609,C04591,P00363,2025-12-09 05:47:33.161329,0,0.8165703,1
O037610,C01795,P00307,2025-12-09 06:00:39.420985,0,0.37738618,0
O037611,C03883,P00477,2025-12-09 06:13:45.680642,1,0.6363731,1
O037612,C02249,P01633,2025-12-09 06:26:51.940298,1,0.29651076,0
O037613,C05698,P01781,2025-12-09 06:39:58.199955,1,0.5880243,1
O037614,C01972,P01638,2025-12-09 06:53:04.459611,0,0.6508667,1
O037615,C01107,P01357,2025-12-09 07:06:10.719267,0,0.5501566,1
O037616,C05544,P00968,2025-12-09 07:19:16.978924,0,0.5639372,1
O037617,C00453,P01993,2025-12-09 07:32:23.238580,0,0.16655578,0
O037618,C02768,P01771,2025-12-09 07:45:29.498237,0,0.43166104,0
O037619,C01314,P01875,2025-12-09 07:58:35.757893,0,0.41994897,0
O037620,C01855,P01094,2025-12-09 08:11:42.017550,0,0.5922961,1
O037621,C03860,P00843,2025-12-09 08:24:48.277206,1,0.5355781,1
O037622,C04930,P00869,2025-12-09 08:37:54.536863,0,0.29891866,0
O037623,C04602,P01144,2025-12-09 08:51:00.796519,0,0.26667255,0
O037624,C02164,P02112,2025-12-09 09:04:07.056176,0,0.34032777,0
O037625,C06827,P01284,2025-12-09 09:17:13.315832,0,0.31652752,0
O037626,C05101,P00689,2025-12-09 09:30:19.575489,0,0.28179085,0
O037627,C00813,P01353,2025-12-09 09:43:25.835145,0,0.5504325,1
O037628,C02910,P02147,2025-12-09 09:56:32.094802,0,0.70080125,1
O037629,C04122,P00671,2025-12-09 10:09:38.354458,1,0.3219169,0
O037630,C02829,P01271,2025-12-09 10:22:44.614115,0,0.63900584,1
O037631,C04319,P01322,2025-12-09 10:35:50.873771,0,0.65353894,1
O037632,C01527,P00639,2025-12-09 10:48:57.133428,0,0.553301,1
O037633,C02854,P01767,2025-12-09 11:02:03.393084,0,0.18159209,0
O037634,C02476,P00976,2025-12-09 11:15:09.652741,0,0.75181586,1
O037635,C02205,P00713,2025-12-09 11:28:15.912397,0,0.45177904,0
O037636,C04252,P00097,2025-12-09 11:41:22.172054,0,0.2954378,0
O037637,C07551,P01037,2025-12-09 11:54:28.431710,1,0.55110514,1
O037638,C02427,P00568,2025-12-09 12:07:34.691367,0,0.7181044,1
O037639,C00025,P01793,2025-12-09 12:20:40.951023,0,0.37485525,0
O037640,C06246,P01995,2025-12-09 12:33:47.210680,0,0.30876443,0
O037641,C03156,P01156,2025-12-09 12:46:53.470336,0,0.21221715,0
O037642,C00096,P00743,2025-12-09 12:59:59.729993,0,0.6040225,1
O037643,C00320,P02004,2025-12-09 13:13:05.989649,0,0.6567812,1
O037644,C01112,P01270,2025-12-09 13:26:12.249306,1,0.69019234,1
O037645,C03559,P00797,2025-12-09 13:39:18.508962,0,0.26941895,0
O037646,C02246,P01651,2025-12-09 13:52:24.768619,0,0.6787045,1
O037647,C02237,P00517,2025-12-09 14:05:31.028275,0,0.5020007,1
O037648,C06880,P01921,2025-12-09 14:18:37.287932,0,0.24233164,0
O037649,C04808,P00849,2025-12-09 14:31:43.547588,1,0.36264053,0
O037650,C05581,P00017,2025-12-09 14:44:49.807245,1,0.4996174,0
O037651,C01003,P01780,2025-12-09 14:57:56.066901,0,0.47024518,0
O037652,C06700,P02325,2025-12-09 15:11:02.326558,1,0.78262115,1
O037653,C01090,P01379,2025-12-09 15:24:08.586214,0,0.35011005,0
O037654,C03808,P00940,2025-12-09 15:37:14.845871,0,0.23839968,0
O037655,C03161,P00454,2025-12-09 15:50:21.105527,0,0.23928158,0
O037656,C07050,P00975,2025-12-09 16:03:27.365184,0,0.2225547,0
O037657,C02401,P01542,2025-12-09 16:16:33.624840,1,0.5136858,1
O037658,C07504,P02247,2025-12-09 16:29:39.884497,0,0.23766851,0
O037659,C01871,P01200,2025-12-09 16:42:46.144153,0,0.31741288,0
O037660,C01037,P02356,2025-12-09 16:55:52.403810,0,0.47044826,0
O037661,C03467,P02294,2025-12-09 17:08:58.663466,0,0.5984708,1
O037662,C02787,P00834,2025-12-09 17:22:04.923123,1,0.7577412,1
O037663,C02526,P00365,2025-12-09 17:35:11.182779,0,0.19576845,0
O037664,C03397,P00809,2025-12-09 17:48:17.442436,0,0.34242868,0
O037665,C03899,P01130,2025-12-09 18:01:23.702092,0,0.3377832,0
O037666,C04337,P00455,2025-12-09 18:14:29.961749,0,0.26035288,0
O037667,C00320,P00803,2025-12-09 18:27:36.221405,0,0.2781155,0
O037668,C02609,P01937,2025-12-09 18:40:42.481062,1,0.70995235,1
O037669,C05709,P00058,2025-12-09 18:53:48.740718,0,0.5950601,1
O037670,C06552,P00203,2025-12-09 19:06:55.000375,0,0.36767152,0
O037671,C04569,P00390,2025-12-09 19:20:01.260031,0,0.55477947,1
O037672,C07171,P02234,2025-12-09 19:33:07.519687,0,0.67395115,1
O037673,C03934,P01828,2025-12-09 19:46:13.779344,0,0.7079129,1
O037674,C00488,P01355,2025-12-09 19:59:20.039000,0,0.36368752,0
O037675,C05424,P01894,2025-12-09 20:12:26.298657,0,0.28714186,0
O037676,C04835,P01631,2025-12-09 20:25:32.558313,0,0.45498917,0
O037677,C05122,P01449,2025-12-09 20:38:38.817970,1,0.7446912,1
O037678,C04569,P02103,2025-12-09 20:51:45.077626,0,0.61736965,1
O037679,C02034,P00084,2025-12-09 21:04:51.337283,0,0.6800379,1
O037680,C07117,P01054,2025-12-09 21:17:57.596939,0,0.15391476,0
O037681,C06371,P00724,2025-12-09 21:31:03.856596,0,0.5323873,1
O037682,C05385,P00173,2025-12-09 21:44:10.116252,0,0.28656802,0
O037683,C01810,P02366,2025-12-09 21:57:16.375909,0,0.4730364,0
O037684,C02701,P01997,2025-12-09 22:10:22.635565,0,0.27151543,0
O037685,C04450,P00878,2025-12-09 22:23:28.895222,0,0.2769235,0
O037686,C04321,P00289,2025-12-09 22:36:35.154878,0,0.26869887,0
O037687,C04378,P01804,2025-12-09 22:49:41.414535,0,0.73324734,1
O037688,C05497,P02481,2025-12-09 23:02:47.674191,0,0.48497227,0
O037689,C07518,P00703,2025-12-09 23:15:53.933848,0,0.514102,1
O037690,C02536,P00915,2025-12-09 23:29:00.193504,1,0.6797296,1
O037691,C02851,P00485,2025-12-09 23:42:06.453161,0,0.6451849,1
O037692,C00668,P01183,2025-12-09 23:55:12.712817,0,0.44725132,0
O037693,C04864,P00659,2025-12-10 00:08:18.972474,1,0.35239944,0
O037694,C05321,P01751,2025-12-10 00:21:25.232130,0,0.35844445,0
O037695,C04664,P00127,2025-12-10 00:34:31.491787,0,0.46838057,0
O037696,C04407,P01342,2025-12-10 00:47:37.751443,0,0.12623303,0
O037697,C00568,P02167,2025-12-10 01:00:44.011100,0,0.61900395,1
O037698,C06520,P01005,2025-12-10 01:13:50.270756,0,0.3673294,0
O037699,C01711,P01675,2025-12-10 01:26:56.530413,0,0.31381828,0
O037700,C00652,P00595,2025-12-10 01:40:02.790069,0,0.4686102,0
O037701,C01110,P02431,2025-12-10 01:53:09.049726,0,0.32957092,0
O037702,C07351,P02343,2025-12-10 02:06:15.309382,0,0.5420898,1
O037703,C05875,P01696,2025-12-10 02:19:21.569039,1,0.67053413,1
O037704,C02087,P00774,2025-12-10 02:32:27.828695,0,0.60817456,1
O037705,C02387,P01935,2025-12-10 02:45:34.088352,0,0.7014047,1
O037706,C04649,P01938,2025-12-10 02:58:40.348008,1,0.7226135,1
O037707,C05044,P01371,2025-12-10 03:11:46.607665,1,0.5929077,1
O037708,C03129,P01641,2025-12-10 03:24:52.867321,0,0.3779684,0
O037709,C02955,P01900,2025-12-10 03:37:59.126978,0,0.43396834,0
O037710,C01605,P00140,2025-12-10 03:51:05.386634,0,0.5570429,1
O037711,C00885,P00562,2025-12-10 04:04:11.646291,0,0.43702784,0
O037712,C04680,P00105,2025-12-10 04:17:17.905947,0,0.222658,0
O037713,C05324,P01288,2025-12-10 04:30:24.165604,0,0.32899427,0
O037714,C04542,P01101,2025-12-10 04:43:30.425260,0,0.47225595,0
O037715,C03669,P02157,2025-12-10 04:56:36.684917,1,0.722301,1
O037716,C01017,P01603,2025-12-10 05:09:42.944573,0,0.6454698,1
O037717,C03686,P02239,2025-12-10 05:22:49.204230,0,0.31645438,0
O037718,C01504,P01979,2025-12-10 05:35:55.463886,0,0.35544232,0
O037719,C06733,P00232,2025-12-10 05:49:01.723543,0,0.53227144,1
O037720,C03995,P01467,2025-12-10 06:02:07.983199,0,0.2520953,0
O037721,C00861,P01474,2025-12-10 06:15:14.242856,0,0.26382032,0
O037722,C01274,P00500,2025-12-10 06:28:20.502512,0,0.2786883,0
O037723,C01218,P00683,2025-12-10 06:41:26.762169,1,0.2970042,0
O037724,C00483,P01102,2025-12-10 06:54:33.021825,0,0.7048267,1
O037725,C03745,P02343,2025-12-10 07:07:39.281482,1,0.27851328,0
O037726,C04403,P00261,2025-12-10 07:20:45.541138,1,0.7346284,1
O037727,C04099,P00030,2025-12-10 07:33:51.800795,0,0.53370726,1
O037728,C01160,P00540,2025-12-10 07:46:58.060451,1,0.45800525,0
O037729,C05621,P00189,2025-12-10 08:00:04.320108,1,0.34290254,0
O037730,C03410,P01129,2025-12-10 08:13:10.579764,0,0.44278365,0
O037731,C05736,P00886,2025-12-10 08:26:16.839420,0,0.36812824,0
O037732,C00622,P00999,2025-12-10 08:39:23.099077,0,0.64283824,1
O037733,C02820,P00881,2025-12-10 08:52:29.358733,0,0.6697552,1
O037734,C04774,P02304,2025-12-10 09:05:35.618390,0,0.28197742,0
O037735,C02160,P00689,2025-12-10 09:18:41.878046,0,0.40639594,0
O037736,C06837,P00050,2025-12-10 09:31:48.137703,0,0.33765626,0
O037737,C06884,P02426,2025-12-10 09:44:54.397359,0,0.3346521,0
O037738,C00752,P00239,2025-12-10 09:58:00.657016,0,0.3312602,0
O037739,C00881,P01164,2025-12-10 10:11:06.916672,0,0.54007304,1
O037740,C07358,P02356,2025-12-10 10:24:13.176329,0,0.47904596,0
O037741,C03419,P01426,2025-12-10 10:37:19.435985,0,0.35663584,0
O037742,C05982,P00809,2025-12-10 10:50:25.695642,0,0.30827796,0
O037743,C05132,P02307,2025-12-10 11:03:31.955298,0,0.81238484,1
O037744,C06807,P00717,2025-12-10 11:16:38.214955,0,0.71631175,1
O037745,C01251,P02136,2025-12-10 11:29:44.474611,1,0.5850071,1
O037746,C06912,P02456,2025-12-10 11:42:50.734268,0,0.21023616,0
O037747,C01503,P02473,2025-12-10 11:55:56.993924,0,0.6128125,1
O037748,C02157,P00658,2025-12-10 12:09:03.253581,0,0.5729567,1
O037749,C04502,P02484,2025-12-10 12:22:09.513237,0,0.6997241,1
O037750,C00384,P00565,2025-12-10 12:35:15.772894,0,0.2924808,0
O037751,C02208,P01935,2025-12-10 12:48:22.032550,0,0.50513625,1
O037752,C06519,P00442,2025-12-10 13:01:28.292207,0,0.5818743,1
O037753,C01500,P00739,2025-12-10 13:14:34.551863,0,0.35992497,0
O037754,C00166,P01546,2025-12-10 13:27:40.811520,0,0.34897512,0
O037755,C05326,P01086,2025-12-10 13:40:47.071176,0,0.21350291,0
O037756,C05679,P01501,2025-12-10 13:53:53.330833,0,0.22160244,0
O037757,C05630,P02003,2025-12-10 14:06:59.590489,0,0.3813577,0
O037758,C03437,P00859,2025-12-10 14:20:05.850146,0,0.21925762,0
O037759,C04856,P00382,2025-12-10 14:33:12.109802,0,0.16732387,0
O037760,C05050,P01200,2025-12-10 14:46:18.369459,0,0.5942286,1
O037761,C02635,P02053,2025-12-10 14:59:24.629115,0,0.40043136,0
O037762,C01323,P01772,2025-12-10 15:12:30.888772,1,0.2134874,0
O037763,C06318,P01104,2025-12-10 15:25:37.148428,0,0.26207498,0
O037764,C07835,P01203,2025-12-10 15:38:43.408085,1,0.60973984,1
O037765,C05737,P01799,2025-12-10 15:51:49.667741,1,0.22629827,0
O037766,C07139,P02009,2025-12-10 16:04:55.927398,0,0.47643888,0
O037767,C01921,P02259,2025-12-10 16:18:02.187054,0,0.7751284,1
O037768,C02463,P00829,2025-12-10 16:31:08.446711,1,0.115342915,0
O037769,C04008,P02412,2025-12-10 16:44:14.706367,1,0.74300355,1
O037770,C04977,P00038,2025-12-10 16:57:20.966024,1,0.29237455,0
O037771,C06408,P02105,2025-12-10 17:10:27.225680,1,0.65850425,1
O037772,C01178,P00356,2025-12-10 17:23:33.485337,1,0.16564047,0
O037773,C02462,P01868,2025-12-10 17:36:39.744993,0,0.571112,1
O037774,C00065,P01541,2025-12-10 17:49:46.004650,1,0.314943,0
O037775,C03763,P02387,2025-12-10 18:02:52.264306,0,0.64472574,1
O037776,C07237,P01119,2025-12-10 18:15:58.523963,0,0.4006468,0
O037777,C06068,P00223,2025-12-10 18:29:04.783619,1,0.5078014,1
O037778,C00705,P02322,2025-12-10 18:42:11.043276,1,0.65493405,1
O037779,C03853,P01984,2025-12-10 18:55:17.302932,0,0.6763052,1
O037780,C02018,P00497,2025-12-10 19:08:23.562589,0,0.3016734,0
O037781,C02012,P00299,2025-12-10 19:21:29.822245,0,0.3196195,0
O037782,C06291,P00375,2025-12-10 19:34:36.081902,0,0.3819798,0
O037783,C05232,P01162,2025-12-10 19:47:42.341558,0,0.3994611,0
O037784,C00341,P01507,2025-12-10 20:00:48.601215,0,0.3174766,0
O037785,C05168,P02152,2025-12-10 20:13:54.860871,0,0.65834695,1
O037786,C06874,P01985,2025-12-10 20:27:01.120528,1,0.6295615,1
O037787,C00761,P02340,2025-12-10 20:40:07.380184,0,0.3081959,0
O037788,C07399,P01344,2025-12-10 20:53:13.639840,0,0.28345707,0
O037789,C02883,P01349,2025-12-10 21:06:19.899497,0,0.59462655,1
O037790,C05950,P00899,2025-12-10 21:19:26.159153,1,0.36579913,0
O037791,C04502,P00924,2025-12-10 21:32:32.418810,0,0.5344657,1
O037792,C01902,P01001,2025-12-10 21:45:38.678466,0,0.2375434,0
O037793,C06360,P01923,2025-12-10 21:58:44.938123,1,0.5101159,1
O037794,C05906,P01158,2025-12-10 22:11:51.197779,0,0.16597256,0
O037795,C03351,P01308,2025-12-10 22:24:57.457436,0,0.3154972,0
O037796,C00951,P02363,2025-12-10 22:38:03.717092,1,0.21273251,0
O037797,C05063,P01878,2025-12-10 22:51:09.976749,1,0.62987345,1
O037798,C01479,P00552,2025-12-10 23:04:16.236405,0,0.4135335,0
O037799,C06123,P02139,2025-12-10 23:17:22.496062,0,0.7444171,1
O037800,C07052,P00274,2025-12-10 23:30:28.755718,0,0.39369282,0
O037801,C01515,P01246,2025-12-10 23:43:35.015375,0,0.7414922,1
O037802,C07926,P01353,2025-12-10 23:56:41.275031,1,0.5516834,1
O037803,C00885,P00742,2025-12-11 00:09:47.534688,0,0.4112634,0
O037804,C00155,P01509,2025-12-11 00:22:53.794344,0,0.6128567,1
O037805,C03293,P01736,2025-12-11 00:36:00.054001,0,0.23341213,0
O037806,C01131,P02021,2025-12-11 00:49:06.313657,0,0.2635806,0
O037807,C07015,P00852,2025-12-11 01:02:12.573314,1,0.5137225,1
O037808,C02824,P02020,2025-12-11 01:15:18.832970,0,0.4078377,0
O037809,C01756,P01566,2025-12-11 01:28:25.092627,0,0.24056268,0
O037810,C01245,P00857,2025-12-11 01:41:31.352283,0,0.43787548,0
O037811,C00649,P02435,2025-12-11 01:54:37.611940,0,0.44793683,0
O037812,C03286,P01781,2025-12-11 02:07:43.871596,0,0.45816645,0
O037813,C01331,P02042,2025-12-11 02:20:50.131253,0,0.2213191,0
O037814,C02510,P01507,2025-12-11 02:33:56.390909,0,0.44491807,0
O037815,C04054,P01628,2025-12-11 02:47:02.650566,1,0.27256924,0
O037816,C07443,P02423,2025-12-11 03:00:08.910222,0,0.64784014,1
O037817,C02193,P02286,2025-12-11 03:13:15.169879,0,0.21181351,0
O037818,C07293,P00784,2025-12-11 03:26:21.429535,0,0.35819957,0
O037819,C05683,P02336,2025-12-11 03:39:27.689192,1,0.8224197,1
O037820,C03536,P02485,2025-12-11 03:52:33.948848,0,0.48184592,0
O037821,C02884,P02037,2025-12-11 04:05:40.208505,1,0.53685117,1
O037822,C02307,P00878,2025-12-11 04:18:46.468161,0,0.43762282,0
O037823,C04162,P00030,2025-12-11 04:31:52.727818,1,0.31186768,0
O037824,C05090,P01117,2025-12-11 04:44:58.987474,0,0.17166282,0
O037825,C04950,P02478,2025-12-11 04:58:05.247131,1,0.6770953,1
O037826,C00854,P00222,2025-12-11 05:11:11.506787,0,0.10575731,0
O037827,C06892,P01875,2025-12-11 05:24:17.766444,1,0.42449027,0
O037828,C05119,P01088,2025-12-11 05:37:24.026100,0,0.18477623,0
O037829,C06122,P02076,2025-12-11 05:50:30.285757,0,0.40873912,0
O037830,C02064,P00043,2025-12-11 06:03:36.545413,0,0.6693186,1
O037831,C00353,P01974,2025-12-11 06:16:42.805070,1,0.7977332,1
O037832,C04768,P01135,2025-12-11 06:29:49.064726,1,0.4613793,0
O037833,C04878,P00617,2025-12-11 06:42:55.324383,1,0.33172715,0
O037834,C03211,P00294,2025-12-11 06:56:01.584039,0,0.21843468,0
O037835,C05472,P01984,2025-12-11 07:09:07.843696,0,0.627779,1
O037836,C03640,P00903,2025-12-11 07:22:14.103352,0,0.5766442,1
O037837,C01493,P00228,2025-12-11 07:35:20.363009,0,0.28841114,0
O037838,C02008,P01003,2025-12-11 07:48:26.622665,0,0.8005635,1
O037839,C03391,P00926,2025-12-11 08:01:32.882322,0,0.41614726,0
O037840,C07322,P02198,2025-12-11 08:14:39.141978,0,0.5990939,1
O037841,C02196,P02051,2025-12-11 08:27:45.401635,0,0.17419527,0
O037842,C05232,P02221,2025-12-11 08:40:51.661291,0,0.64343286,1
O037843,C01928,P00937,2025-12-11 08:53:57.920948,1,0.35222325,0
O037844,C01772,P00003,2025-12-11 09:07:04.180604,0,0.53018606,1
O037845,C02593,P02335,2025-12-11 09:20:10.440261,1,0.3974551,0
O037846,C01478,P01001,2025-12-11 09:33:16.699917,0,0.439678,0
O037847,C05914,P01206,2025-12-11 09:46:22.959573,0,0.4485641,0
O037848,C01445,P01162,2025-12-11 09:59:29.219230,0,0.5859209,1
O037849,C07496,P02414,2025-12-11 10:12:35.478886,0,0.45983288,0
O037850,C02472,P02154,2025-12-11 10:25:41.738543,0,0.5452572,1
O037851,C01161,P02065,2025-12-11 10:38:47.998199,1,0.57949394,1
O037852,C03630,P01623,2025-12-11 10:51:54.257856,0,0.4418017,0
O037853,C05750,P01386,2025-12-11 11:05:00.517512,0,0.31600875,0
O037854,C06962,P01204,2025-12-11 11:18:06.777169,0,0.50673103,1
O037855,C01747,P01891,2025-12-11 11:31:13.036825,1,0.118272595,0
O037856,C07491,P00986,2025-12-11 11:44:19.296482,1,0.37070054,0
O037857,C07153,P02160,2025-12-11 11:57:25.556138,0,0.5992359,1
O037858,C01950,P01454,2025-12-11 12:10:31.815795,0,0.24373302,0
O037859,C05346,P00336,2025-12-11 12:23:38.075451,1,0.23214304,0
O037860,C04818,P01179,2025-12-11 12:36:44.335108,0,0.6438091,1
O037861,C03295,P00331,2025-12-11 12:49:50.594764,0,0.6744704,1
O037862,C01677,P01142,2025-12-11 13:02:56.854421,0,0.28976002,0
O037863,C02371,P00725,2025-12-11 13:16:03.114077,0,0.47998902,0
O037864,C01811,P01061,2025-12-11 13:29:09.373734,0,0.7864303,1
O037865,C00203,P01686,2025-12-11 13:42:15.633390,0,0.20746125,0
O037866,C01480,P02070,2025-12-11 13:55:21.893047,0,0.23405933,0
O037867,C06931,P02432,2025-12-11 14:08:28.152703,0,0.45390895,0
O037868,C05454,P00307,2025-12-11 14:21:34.412360,0,0.31520012,0
O037869,C05176,P00427,2025-12-11 14:34:40.672016,0,0.29704,0
O037870,C04798,P00909,2025-12-11 14:47:46.931673,0,0.4023934,0
O037871,C01349,P01888,2025-12-11 15:00:53.191329,0,0.20379166,0
O037872,C07381,P02280,2025-12-11 15:13:59.450986,0,0.591868,1
O037873,C02150,P00788,2025-12-11 15:27:05.710642,0,0.73358834,1
O037874,C04841,P02397,2025-12-11 15:40:11.970299,0,0.3397067,0
O037875,C05467,P00314,2025-12-11 15:53:18.229955,0,0.55279654,1
O037876,C02108,P01872,2025-12-11 16:06:24.489612,0,0.61058134,1
O037877,C04514,P00884,2025-12-11 16:19:30.749268,0,0.51935476,1
O037878,C01710,P00387,2025-12-11 16:32:37.008925,1,0.52401036,1
O037879,C07925,P00158,2025-12-11 16:45:43.268581,0,0.39033142,0
O037880,C05838,P00037,2025-12-11 16:58:49.528238,1,0.3954444,0
O037881,C07438,P00070,2025-12-11 17:11:55.787894,0,0.3286692,0
O037882,C02378,P02395,2025-12-11 17:25:02.047551,0,0.5693117,1
O037883,C07900,P00301,2025-12-11 17:38:08.307207,0,0.27185097,0
O037884,C00683,P01482,2025-12-11 17:51:14.566864,0,0.63294995,1
O037885,C00852,P01573,2025-12-11 18:04:20.826520,0,0.27848685,0
O037886,C01537,P02048,2025-12-11 18:17:27.086177,0,0.5936948,1
O037887,C00176,P00011,2025-12-11 18:30:33.345833,0,0.22325408,0
O037888,C00572,P01797,2025-12-11 18:43:39.605490,1,0.64634687,1
O037889,C06224,P00176,2025-12-11 18:56:45.865146,0,0.24404496,0
O037890,C02674,P02325,2025-12-11 19:09:52.124803,1,0.66469115,1
O037891,C01533,P01642,2025-12-11 19:22:58.384459,0,0.18963414,0
O037892,C03390,P02473,2025-12-11 19:36:04.644116,1,0.55248684,1
O037893,C06164,P02268,2025-12-11 19:49:10.903772,0,0.61993873,1
O037894,C04894,P00691,2025-12-11 20:02:17.163429,0,0.40725458,0
O037895,C06709,P00542,2025-12-11 20:15:23.423085,0,0.37303218,0
O037896,C00082,P02260,2025-12-11 20:28:29.682742,0,0.7890799,1
O037897,C06752,P00760,2025-12-11 20:41:35.942398,0,0.0954761,0
O037898,C04425,P00666,2025-12-11 20:54:42.202055,0,0.42595354,0
O037899,C04034,P00428,2025-12-11 21:07:48.461711,0,0.20864734,0
O037900,C02444,P01766,2025-12-11 21:20:54.721368,1,0.26651245,0
O037901,C06575,P00396,2025-12-11 21:34:00.981024,0,0.18031655,0
O037902,C07098,P01407,2025-12-11 21:47:07.240681,0,0.26692355,0
O037903,C01708,P01460,2025-12-11 22:00:13.500337,0,0.4933802,0
O037904,C05247,P00692,2025-12-11 22:13:19.759994,0,0.5598403,1
O037905,C06221,P00458,2025-12-11 22:26:26.019650,0,0.4129947,0
O037906,C04442,P00037,2025-12-11 22:39:32.279306,0,0.19055781,0
O037907,C00692,P02096,2025-12-11 22:52:38.538963,0,0.3199817,0
O037908,C03023,P00748,2025-12-11 23:05:44.798619,0,0.26747397,0
O037909,C02721,P01954,2025-12-11 23:18:51.058276,0,0.27767757,0
O037910,C03840,P01607,2025-12-11 23:31:57.317932,0,0.13935488,0
O037911,C05130,P01049,2025-12-11 23:45:03.577589,0,0.31726307,0
O037912,C00023,P01328,2025-12-11 23:58:09.837245,0,0.20829232,0
O037913,C01037,P00178,2025-12-12 00:11:16.096902,0,0.27396217,0
O037914,C05467,P01843,2025-12-12 00:24:22.356558,0,0.3243518,0
O037915,C01878,P02208,2025-12-12 00:37:28.616215,0,0.2448643,0
O037916,C07611,P01314,2025-12-12 00:50:34.875871,1,0.2433937,0
O037917,C04117,P02051,2025-12-12 01:03:41.135528,0,0.2576893,0
O037918,C07758,P01039,2025-12-12 01:16:47.395184,0,0.4935746,0
O037919,C00306,P01751,2025-12-12 01:29:53.654841,1,0.21713369,0
O037920,C03237,P02171,2025-12-12 01:42:59.914497,1,0.40785626,0
O037921,C05492,P02157,2025-12-12 01:56:06.174154,0,0.3144786,0
O037922,C05850,P02090,2025-12-12 02:09:12.433810,1,0.4345087,0
O037923,C00093,P01213,2025-12-12 02:22:18.693467,0,0.32690328,0
O037924,C03713,P01074,2025-12-12 02:35:24.953123,0,0.28882432,0
O037925,C01584,P00002,2025-12-12 02:48:31.212780,0,0.23023371,0
O037926,C03626,P01858,2025-12-12 03:01:37.472436,1,0.8151426,1
O037927,C03781,P00649,2025-12-12 03:14:43.732093,0,0.41031215,0
O037928,C02212,P01517,2025-12-12 03:27:49.991749,0,0.30382055,0
O037929,C07566,P00987,2025-12-12 03:40:56.251406,0,0.3737137,0
O037930,C05846,P01737,2025-12-12 03:54:02.511062,0,0.6031853,1
O037931,C03279,P01206,2025-12-12 04:07:08.770719,0,0.44653532,0
O037932,C05749,P00955,2025-12-12 04:20:15.030375,0,0.21423496,0
O037933,C06992,P00798,2025-12-12 04:33:21.290032,1,0.44404215,0
O037934,C04946,P01950,2025-12-12 04:46:27.549688,0,0.668868,1
O037935,C05175,P00881,2025-12-12 04:59:33.809345,0,0.6766247,1
O037936,C05233,P01319,2025-12-12 05:12:40.069001,0,0.56507754,1
O037937,C06727,P01085,2025-12-12 05:25:46.328658,1,0.7648521,1
O037938,C01513,P02363,2025-12-12 05:38:52.588314,0,0.35586658,0
O037939,C01601,P01835,2025-12-12 05:51:58.847971,0,0.44799155,0
O037940,C04510,P00377,2025-12-12 06:05:05.107627,0,0.38950816,0
O037941,C06075,P00165,2025-12-12 06:18:11.367284,0,0.18304113,0
O037942,C07777,P00029,2025-12-12 06:31:17.626940,1,0.6910037,1
O037943,C03145,P00164,2025-12-12 06:44:23.886597,1,0.43741223,0
O037944,C07452,P02324,2025-12-12 06:57:30.146253,0,0.16784106,0
O037945,C04104,P01609,2025-12-12 07:10:36.405910,0,0.4533331,0
O037946,C02894,P01862,2025-12-12 07:23:42.665566,0,0.38370675,0
O037947,C04856,P00949,2025-12-12 07:36:48.925223,0,0.5651784,1
O037948,C01595,P02176,2025-12-12 07:49:55.184879,0,0.37410283,0
O037949,C01543,P00975,2025-12-12 08:03:01.444536,1,0.6365663,1
O037950,C00338,P00366,2025-12-12 08:16:07.704192,0,0.6352234,1
O037951,C00213,P01432,2025-12-12 08:29:13.963849,0,0.5982154,1
O037952,C01997,P01451,2025-12-12 08:42:20.223505,0,0.33531326,0
O037953,C07322,P01897,2025-12-12 08:55:26.483162,0,0.5766203,1
O037954,C03922,P02155,2025-12-12 09:08:32.742818,0,0.50902164,1
O037955,C05375,P01263,2025-12-12 09:21:39.002475,0,0.34701928,0
O037956,C01433,P01685,2025-12-12 09:34:45.262131,0,0.416153,0
O037957,C03574,P02171,2025-12-12 09:47:51.521788,0,0.442493,0
O037958,C02850,P02480,2025-12-12 10:00:57.781444,0,0.4864258,0
O037959,C01159,P02273,2025-12-12 10:14:04.041101,1,0.39793152,0
O037960,C04967,P02216,2025-12-12 10:27:10.300757,0,0.30544874,0
O037961,C04233,P02324,2025-12-12 10:40:16.560414,0,0.3506521,0
O037962,C03876,P02452,2025-12-12 10:53:22.820070,0,0.49090454,0
O037963,C03457,P01053,2025-12-12 11:06:29.079726,0,0.69076014,1
O037964,C02266,P01937,2025-12-12 11:19:35.339383,0,0.45190254,0
O037965,C05188,P01526,2025-12-12 11:32:41.599039,1,0.8066634,1
O037966,C02434,P00094,2025-12-12 11:45:47.858696,1,0.44173715,0
O037967,C00546,P01725,2025-12-12 11:58:54.118352,0,0.5030463,1
O037968,C04668,P00600,2025-12-12 12:12:00.378009,0,0.2605092,0
O037969,C03767,P00170,2025-12-12 12:25:06.637665,0,0.47280294,0
O037970,C05220,P01490,2025-12-12 12:38:12.897322,1,0.7127017,1
O037971,C04512,P01003,2025-12-12 12:51:19.156978,0,0.45014274,0
O037972,C06120,P00951,2025-12-12 13:04:25.416635,0,0.23234402,0
O037973,C00552,P00993,2025-12-12 13:17:31.676291,0,0.37960643,0
O037974,C06846,P01736,2025-12-12 13:30:37.935948,0,0.32708538,0
O037975,C05758,P00061,2025-12-12 13:43:44.195604,0,0.5627576,1
O037976,C05523,P02240,2025-12-12 13:56:50.455261,1,0.8281124,1
O037977,C02962,P02317,2025-12-12 14:09:56.714917,0,0.7661729,1
O037978,C03967,P00053,2025-12-12 14:23:02.974574,0,0.47167012,0
O037979,C02975,P01456,2025-12-12 14:36:09.234230,1,0.5670748,1
O037980,C01587,P00276,2025-12-12 14:49:15.493887,0,0.3197301,0
O037981,C00330,P00005,2025-12-12 15:02:21.753543,0,0.48615915,0
O037982,C07729,P00597,2025-12-12 15:15:28.013200,0,0.36342344,0
O037983,C00968,P01931,2025-12-12 15:28:34.272856,0,0.57332295,1
O037984,C04194,P00199,2025-12-12 15:41:40.532513,0,0.60575885,1
O037985,C05784,P01631,2025-12-12 15:54:46.792169,1,0.35628533,0
O037986,C01502,P00592,2025-12-12 16:07:53.051826,0,0.38772702,0
O037987,C01833,P01597,2025-12-12 16:20:59.311482,0,0.462083,0
O037988,C05303,P00475,2025-12-12 16:34:05.571139,0,0.63268566,1
O037989,C07038,P02382,2025-12-12 16:47:11.830795,0,0.4554813,0
O037990,C01844,P01756,2025-12-12 17:00:18.090452,0,0.2743286,0
O037991,C04740,P00131,2025-12-12 17:13:24.350108,0,0.63237846,1
O037992,C02860,P00597,2025-12-12 17:26:30.609765,0,0.4791879,0
O037993,C06277,P00782,2025-12-12 17:39:36.869421,0,0.3137814,0
O037994,C07759,P01458,2025-12-12 17:52:43.129078,0,0.2867852,0
O037995,C07480,P00698,2025-12-12 18:05:49.388734,1,0.392296,0
O037996,C01965,P01951,2025-12-12 18:18:55.648391,1,0.6472956,1
O037997,C04818,P01239,2025-12-12 18:32:01.908047,0,0.2027037,0
O037998,C06572,P00721,2025-12-12 18:45:08.167704,0,0.49662745,0
O037999,C06884,P02201,2025-12-12 18:58:14.427360,0,0.5159362,1
O038000,C00923,P02483,2025-12-12 19:11:20.687017,0,0.3715003,0
O038001,C01225,P00167,2025-12-12 19:24:26.946673,1,0.63564926,1
O038002,C06307,P00579,2025-12-12 19:37:33.206330,0,0.31812188,0
O038003,C02399,P00996,2025-12-12 19:50:39.465986,0,0.42042246,0
O038004,C03099,P00973,2025-12-12 20:03:45.725643,1,0.6343675,1
O038005,C00594,P01068,2025-12-12 20:16:51.985299,1,0.38249552,0
O038006,C03851,P01708,2025-12-12 20:29:58.244956,1,0.64755034,1
O038007,C01275,P02138,2025-12-12 20:43:04.504612,0,0.49493596,0
O038008,C06764,P00413,2025-12-12 20:56:10.764269,1,0.68865424,1
O038009,C06959,P02139,2025-12-12 21:09:17.023925,1,0.6940367,1
O038010,C05244,P00813,2025-12-12 21:22:23.283582,0,0.4711381,0
O038011,C04128,P00372,2025-12-12 21:35:29.543238,0,0.52221465,1
O038012,C04367,P01607,2025-12-12 21:48:35.802895,0,0.16645645,0
O038013,C01444,P00208,2025-12-12 22:01:42.062551,0,0.6377082,1
O038014,C04955,P01979,2025-12-12 22:14:48.322208,1,0.21114053,0
O038015,C01773,P02041,2025-12-12 22:27:54.581864,0,0.4410612,0
O038016,C07070,P02189,2025-12-12 22:41:00.841521,0,0.33251536,0
O038017,C07104,P00361,2025-12-12 22:54:07.101177,1,0.5253851,1
O038018,C07003,P00654,2025-12-12 23:07:13.360834,1,0.173424,0
O038019,C07905,P01878,2025-12-12 23:20:19.620490,0,0.79302627,1
O038020,C02155,P00214,2025-12-12 23:33:25.880147,0,0.3465369,0
O038021,C07427,P00594,2025-12-12 23:46:32.139803,0,0.46732745,0
O038022,C07022,P02027,2025-12-12 23:59:38.399459,0,0.20519538,0
O038023,C04259,P02435,2025-12-13 00:12:44.659116,0,0.73840725,1
O038024,C00001,P01544,2025-12-13 00:25:50.918772,0,0.72401834,1
O038025,C00509,P00256,2025-12-13 00:38:57.178429,0,0.4183467,0
O038026,C03595,P01858,2025-12-13 00:52:03.438085,1,0.60582423,1
O038027,C04019,P01952,2025-12-13 01:05:09.697742,1,0.56394446,1
O038028,C06128,P00096,2025-12-13 01:18:15.957398,0,0.44197875,0
O038029,C04429,P01104,2025-12-13 01:31:22.217055,1,0.27766347,0
O038030,C07159,P01950,2025-12-13 01:44:28.476711,0,0.7751228,1
O038031,C00813,P00747,2025-12-13 01:57:34.736368,1,0.2843716,0
O038032,C06676,P02396,2025-12-13 02:10:40.996024,0,0.4830587,0
O038033,C05583,P02208,2025-12-13 02:23:47.255681,0,0.35919744,0
O038034,C01689,P02357,2025-12-13 02:36:53.515337,0,0.7286808,1
O038035,C01108,P01185,2025-12-13 02:49:59.774994,0,0.74154025,1
O038036,C04761,P00478,2025-12-13 03:03:06.034650,0,0.30678996,0
O038037,C04824,P02337,2025-12-13 03:16:12.294307,0,0.5096313,1
O038038,C04174,P02459,2025-12-13 03:29:18.553963,0,0.48601815,0
O038039,C00947,P00316,2025-12-13 03:42:24.813620,0,0.45563596,0
O038040,C07307,P00909,2025-12-13 03:55:31.073276,0,0.37715262,0
O038041,C04748,P00826,2025-12-13 04:08:37.332933,0,0.6224675,1
O038042,C02559,P01861,2025-12-13 04:21:43.592589,0,0.6408926,1
O038043,C03986,P01075,2025-12-13 04:34:49.852246,0,0.18991312,0
O038044,C07432,P01771,2025-12-13 04:47:56.111902,0,0.5435081,1
O038045,C06438,P01438,2025-12-13 05:01:02.371559,0,0.17819223,0
O038046,C05654,P00747,2025-12-13 05:14:08.631215,0,0.30512106,0
O038047,C01444,P01007,2025-12-13 05:27:14.890872,0,0.41609564,0
O038048,C01876,P01775,2025-12-13 05:40:21.150528,0,0.241389,0
O038049,C06151,P01684,2025-12-13 05:53:27.410185,0,0.6343497,1
O038050,C03975,P01867,2025-12-13 06:06:33.669841,0,0.26221547,0
O038051,C00143,P01448,2025-12-13 06:19:39.929498,0,0.6586047,1
O038052,C04871,P02497,2025-12-13 06:32:46.189154,0,0.23692365,0
O038053,C07898,P01231,2025-12-13 06:45:52.448811,0,0.69111145,1
O038054,C03029,P00494,2025-12-13 06:58:58.708467,1,0.839167,1
O038055,C03263,P02149,2025-12-13 07:12:04.968124,0,0.27539095,0
O038056,C03694,P02345,2025-12-13 07:25:11.227780,0,0.58429474,1
O038057,C01931,P00411,2025-12-13 07:38:17.487437,0,0.17710519,0
O038058,C00193,P01932,2025-12-13 07:51:23.747093,0,0.3843529,0
O038059,C00789,P00855,2025-12-13 08:04:30.006750,0,0.26866582,0
O038060,C05351,P00097,2025-12-13 08:17:36.266406,1,0.5716727,1
O038061,C02841,P01353,2025-12-13 08:30:42.526063,1,0.5725778,1
O038062,C05635,P01607,2025-12-13 08:43:48.785719,0,0.18716475,0
O038063,C02304,P00719,2025-12-13 08:56:55.045376,1,0.37524825,0
O038064,C07976,P01491,2025-12-13 09:10:01.305032,0,0.578129,1
O038065,C01170,P02260,2025-12-13 09:23:07.564689,0,0.6724736,1
O038066,C01869,P00479,2025-12-13 09:36:13.824345,0,0.59326315,1
O038067,C06688,P01501,2025-12-13 09:49:20.084002,0,0.18652251,0
O038068,C00926,P02441,2025-12-13 10:02:26.343658,0,0.4728134,0
O038069,C00950,P01148,2025-12-13 10:15:32.603315,0,0.47089112,0
O038070,C03593,P02142,2025-12-13 10:28:38.862971,0,0.6297765,1
O038071,C06244,P00933,2025-12-13 10:41:45.122628,0,0.3716071,0
O038072,C00106,P00936,2025-12-13 10:54:51.382284,0,0.6394189,1
O038073,C05245,P00362,2025-12-13 11:07:57.641941,1,0.6571336,1
O038074,C02818,P02127,2025-12-13 11:21:03.901597,0,0.17017,0
O038075,C07385,P01225,2025-12-13 11:34:10.161254,0,0.60055906,1
O038076,C02766,P01173,2025-12-13 11:47:16.420910,0,0.5858586,1
O038077,C01907,P01301,2025-12-13 12:00:22.680567,1,0.28229368,0
O038078,C04543,P00884,2025-12-13 12:13:28.940223,0,0.6464605,1
O038079,C05828,P02307,2025-12-13 12:26:35.199879,0,0.46100518,0
O038080,C04204,P00124,2025-12-13 12:39:41.459536,0,0.22445041,0
O038081,C01911,P02341,2025-12-13 12:52:47.719192,0,0.28992936,0
O038082,C06985,P01677,2025-12-13 13:05:53.978849,0,0.3822344,0
O038083,C05106,P01552,2025-12-13 13:19:00.238505,0,0.4591427,0
O038084,C05568,P01574,2025-12-13 13:32:06.498162,0,0.57338965,1
O038085,C00959,P01143,2025-12-13 13:45:12.757818,1,0.7707526,1
O038086,C07548,P02223,2025-12-13 13:58:19.017475,0,0.617065,1
O038087,C03715,P01126,2025-12-13 14:11:25.277131,0,0.56922024,1
O038088,C03400,P00931,2025-12-13 14:24:31.536788,0,0.16574395,0
O038089,C03801,P00615,2025-12-13 14:37:37.796444,0,0.28168744,0
O038090,C06122,P01208,2025-12-13 14:50:44.056101,0,0.59393257,1
O038091,C02749,P01792,2025-12-13 15:03:50.315757,1,0.6902747,1
O038092,C04279,P01053,2025-12-13 15:16:56.575414,1,0.8962268,1
O038093,C00193,P01937,2025-12-13 15:30:02.835070,0,0.57747036,1
O038094,C02751,P01495,2025-12-13 15:43:09.094727,1,0.5276855,1
O038095,C06645,P00141,2025-12-13 15:56:15.354383,0,0.39549646,0
O038096,C03610,P01367,2025-12-13 16:09:21.614040,1,0.6777742,1
O038097,C07894,P00340,2025-12-13 16:22:27.873696,0,0.46308392,0
O038098,C05573,P01149,2025-12-13 16:35:34.133353,0,0.38174275,0
O038099,C01987,P00820,2025-12-13 16:48:40.393009,0,0.611229,1
O038100,C01977,P00910,2025-12-13 17:01:46.652666,0,0.25615615,0
O038101,C07303,P00406,2025-12-13 17:14:52.912322,0,0.42870975,0
O038102,C04494,P00883,2025-12-13 17:27:59.171979,0,0.5433781,1
O038103,C02745,P02242,2025-12-13 17:41:05.431635,0,0.19349222,0
O038104,C07268,P00612,2025-12-13 17:54:11.691292,0,0.4672813,0
O038105,C03381,P01902,2025-12-13 18:07:17.950948,0,0.72117066,1
O038106,C00443,P00878,2025-12-13 18:20:24.210605,0,0.21323338,0
O038107,C05931,P01823,2025-12-13 18:33:30.470261,0,0.36030874,0
O038108,C05230,P01722,2025-12-13 18:46:36.729918,1,0.54051334,1
O038109,C05563,P01034,2025-12-13 18:59:42.989574,0,0.6617277,1
O038110,C04786,P01415,2025-12-13 19:12:49.249231,0,0.095639005,0
O038111,C07557,P00178,2025-12-13 19:25:55.508887,0,0.394304,0
O038112,C07645,P00250,2025-12-13 19:39:01.768544,0,0.39349785,0
O038113,C05200,P00425,2025-12-13 19:52:08.028200,0,0.28377837,0
O038114,C06639,P02448,2025-12-13 20:05:14.287857,1,0.4424756,0
O038115,C05309,P00356,2025-12-13 20:18:20.547513,0,0.29568583,0
O038116,C07289,P01698,2025-12-13 20:31:26.807170,0,0.40889642,0
O038117,C01558,P00511,2025-12-13 20:44:33.066826,0,0.19861017,0
O038118,C06959,P01365,2025-12-13 20:57:39.326483,0,0.4811288,0
O038119,C04326,P02073,2025-12-13 21:10:45.586139,0,0.1741804,0
O038120,C01020,P00190,2025-12-13 21:23:51.845796,0,0.72663844,1
O038121,C07590,P00116,2025-12-13 21:36:58.105452,0,0.27090102,0
O038122,C02492,P02242,2025-12-13 21:50:04.365109,0,0.06794863,0
O038123,C03807,P01638,2025-12-13 22:03:10.624765,0,0.69091934,1
O038124,C07235,P01762,2025-12-13 22:16:16.884422,0,0.12223456,0
O038125,C06162,P00186,2025-12-13 22:29:23.144078,0,0.122005895,0
O038126,C03088,P01998,2025-12-13 22:42:29.403735,0,0.41923365,0
O038127,C07019,P00934,2025-12-13 22:55:35.663391,0,0.73668027,1
O038128,C05901,P00564,2025-12-13 23:08:41.923048,0,0.11461558,0
O038129,C06651,P00059,2025-12-13 23:21:48.182704,0,0.38629118,0
O038130,C03898,P00354,2025-12-13 23:34:54.442361,0,0.7027748,1
O038131,C02565,P00558,2025-12-13 23:48:00.702017,1,0.5834093,1
O038132,C02520,P02013,2025-12-14 00:01:06.961674,0,0.14826113,0
O038133,C00485,P01505,2025-12-14 00:14:13.221330,0,0.44921917,0
O038134,C02563,P00632,2025-12-14 00:27:19.480987,0,0.3520502,0
O038135,C02568,P00728,2025-12-14 00:40:25.740643,1,0.68735486,1
O038136,C02554,P00606,2025-12-14 00:53:32.000300,0,0.28720686,0
O038137,C03902,P00117,2025-12-14 01:06:38.259956,0,0.28474042,0
O038138,C00772,P01428,2025-12-14 01:19:44.519612,0,0.286485,0
O038139,C06148,P01682,2025-12-14 01:32:50.779269,0,0.40356737,0
O038140,C05443,P01562,2025-12-14 01:45:57.038925,0,0.3728998,0
O038141,C01200,P02279,2025-12-14 01:59:03.298582,0,0.8341913,1
O038142,C05177,P01514,2025-12-14 02:12:09.558238,0,0.4104431,0
O038143,C06131,P01708,2025-12-14 02:25:15.817895,0,0.7032892,1
O038144,C02808,P02139,2025-12-14 02:38:22.077551,0,0.409278,0
O038145,C05903,P00358,2025-12-14 02:51:28.337208,0,0.23473446,0
O038146,C02585,P02064,2025-12-14 03:04:34.596864,0,0.2325936,0
O038147,C06308,P00327,2025-12-14 03:17:40.856521,0,0.49140555,0
O038148,C03068,P02496,2025-12-14 03:30:47.116177,0,0.44243115,0
O038149,C07349,P01879,2025-12-14 03:43:53.375834,1,0.6557017,1
O038150,C06990,P01562,2025-12-14 03:56:59.635490,1,0.38350242,0
O038151,C04415,P00803,2025-12-14 04:10:05.895147,0,0.43279627,0
O038152,C00948,P01224,2025-12-14 04:23:12.154803,0,0.44931445,0
O038153,C03449,P01436,2025-12-14 04:36:18.414460,0,0.533167,1
O038154,C05139,P00597,2025-12-14 04:49:24.674116,0,0.5284215,1
O038155,C03076,P00092,2025-12-14 05:02:30.933773,0,0.59843045,1
O038156,C00705,P01486,2025-12-14 05:15:37.193429,0,0.44215366,0
O038157,C03035,P01258,2025-12-14 05:28:43.453086,0,0.17276298,0
O038158,C07476,P01123,2025-12-14 05:41:49.712742,0,0.695633,1
O038159,C06258,P00676,2025-12-14 05:54:55.972399,1,0.731829,1
O038160,C02291,P00064,2025-12-14 06:08:02.232055,1,0.34192964,0
O038161,C06893,P01228,2025-12-14 06:21:08.491712,1,0.58883405,1
O038162,C07504,P00271,2025-12-14 06:34:14.751368,0,0.3978793,0
O038163,C03745,P00914,2025-12-14 06:47:21.011025,1,0.09198818,0
O038164,C00353,P01008,2025-12-14 07:00:27.270681,0,0.7495256,1
O038165,C06284,P00658,2025-12-14 07:13:33.530338,0,0.4570151,0
O038166,C07084,P01910,2025-12-14 07:26:39.789994,0,0.5445747,1
O038167,C00376,P02273,2025-12-14 07:39:46.049651,0,0.6071526,1
O038168,C00080,P01158,2025-12-14 07:52:52.309307,0,0.55584925,1
O038169,C04226,P01592,2025-12-14 08:05:58.568964,1,0.70320314,1
O038170,C03446,P00300,2025-12-14 08:19:04.828620,0,0.6941575,1
O038171,C07619,P00753,2025-12-14 08:32:11.088277,0,0.4217719,0
O038172,C04094,P02173,2025-12-14 08:45:17.347933,0,0.28059328,0
O038173,C00596,P00333,2025-12-14 08:58:23.607590,0,0.53373116,1
O038174,C07817,P02138,2025-12-14 09:11:29.867246,0,0.3575474,0
O038175,C05242,P01332,2025-12-14 09:24:36.126903,1,0.16865931,0
O038176,C05998,P01943,2025-12-14 09:37:42.386559,0,0.19631043,0
O038177,C01237,P01844,2025-12-14 09:50:48.646216,0,0.17473271,0
O038178,C06161,P01870,2025-12-14 10:03:54.905872,0,0.7245627,1
O038179,C01303,P00848,2025-12-14 10:17:01.165529,0,0.26152438,0
O038180,C02677,P02304,2025-12-14 10:30:07.425185,0,0.23016413,0
O038181,C02684,P00890,2025-12-14 10:43:13.684842,0,0.4673312,0
O038182,C05189,P01533,2025-12-14 10:56:19.944498,1,0.33001193,0
O038183,C01186,P00778,2025-12-14 11:09:26.204155,0,0.29252937,0
O038184,C03163,P00987,2025-12-14 11:22:32.463811,1,0.3977042,0
O038185,C04799,P00396,2025-12-14 11:35:38.723468,0,0.23942961,0
O038186,C05348,P02285,2025-12-14 11:48:44.983124,0,0.5641336,1
O038187,C03070,P00379,2025-12-14 12:01:51.242781,0,0.3994854,0
O038188,C04182,P00802,2025-12-14 12:14:57.502437,0,0.15655932,0
O038189,C04827,P00763,2025-12-14 12:28:03.762094,0,0.24037038,0
O038190,C07568,P00991,2025-12-14 12:41:10.021750,0,0.20344743,0
O038191,C02069,P00785,2025-12-14 12:54:16.281407,0,0.2620815,0
O038192,C01392,P01855,2025-12-14 13:07:22.541063,0,0.2961196,0
O038193,C07551,P00609,2025-12-14 13:20:28.800720,1,0.66984177,1
O038194,C01418,P01708,2025-12-14 13:33:35.060376,0,0.58932036,1
O038195,C04646,P00308,2025-12-14 13:46:41.320033,0,0.26357257,0
O038196,C01980,P00237,2025-12-14 13:59:47.579689,0,0.3042042,0
O038197,C06665,P00442,2025-12-14 14:12:53.839345,0,0.7518226,1
O038198,C01601,P00853,2025-12-14 14:26:00.099002,0,0.2782208,0
O038199,C07089,P00317,2025-12-14 14:39:06.358658,0,0.40225208,0
O038200,C02858,P01968,2025-12-14 14:52:12.618315,0,0.6224629,1
O038201,C03260,P01904,2025-12-14 15:05:18.877971,0,0.27514356,0
O038202,C07360,P01358,2025-12-14 15:18:25.137628,0,0.58268505,1
O038203,C00077,P02249,2025-12-14 15:31:31.397284,0,0.36252743,0
O038204,C02344,P00576,2025-12-14 15:44:37.656941,0,0.21710214,0
O038205,C04389,P00042,2025-12-14 15:57:43.916597,0,0.6275994,1
O038206,C00572,P01751,2025-12-14 16:10:50.176254,1,0.83160686,1
O038207,C06549,P01830,2025-12-14 16:23:56.435910,0,0.48548406,0
O038208,C03854,P00127,2025-12-14 16:37:02.695567,0,0.27612013,0
O038209,C05581,P02434,2025-12-14 16:50:08.955223,1,0.27082458,0
O038210,C00439,P01491,2025-12-14 17:03:15.214880,0,0.26449224,0
O038211,C02840,P00800,2025-12-14 17:16:21.474536,0,0.28951117,0
O038212,C01894,P01041,2025-12-14 17:29:27.734193,0,0.3674817,0
O038213,C00014,P00946,2025-12-14 17:42:33.993849,0,0.53699684,1
O038214,C00771,P01938,2025-12-14 17:55:40.253506,0,0.63040894,1
O038215,C04644,P00673,2025-12-14 18:08:46.513162,0,0.4135866,0
O038216,C05155,P02242,2025-12-14 18:21:52.772819,0,0.07032129,0
O038217,C07781,P01857,2025-12-14 18:34:59.032475,0,0.19749928,0
O038218,C06546,P01130,2025-12-14 18:48:05.292132,0,0.25819913,0
O038219,C00022,P00007,2025-12-14 19:01:11.551788,0,0.39577666,0
O038220,C01746,P00064,2025-12-14 19:14:17.811445,0,0.3268414,0
O038221,C05504,P01578,2025-12-14 19:27:24.071101,1,0.4653491,0
O038222,C03643,P01000,2025-12-14 19:40:30.330758,1,0.7974852,1
O038223,C00132,P01134,2025-12-14 19:53:36.590414,0,0.2234829,0
O038224,C02655,P01210,2025-12-14 20:06:42.850071,1,0.54068613,1
O038225,C03647,P01934,2025-12-14 20:19:49.109727,0,0.22895068,0
O038226,C01458,P00738,2025-12-14 20:32:55.369384,0,0.73758,1
O038227,C04202,P01284,2025-12-14 20:46:01.629040,0,0.47514054,0
O038228,C00262,P02192,2025-12-14 20:59:07.888697,1,0.36626297,0
O038229,C07986,P01686,2025-12-14 21:12:14.148353,0,0.66862875,1
O038230,C05309,P01203,2025-12-14 21:25:20.408010,1,0.46441185,0
O038231,C05012,P01197,2025-12-14 21:38:26.667666,1,0.32981664,0
O038232,C01943,P00771,2025-12-14 21:51:32.927323,0,0.4907404,0
O038233,C01939,P01172,2025-12-14 22:04:39.186979,0,0.4957404,0
O038234,C02012,P00980,2025-12-14 22:17:45.446636,0,0.47821176,0
O038235,C07501,P01411,2025-12-14 22:30:51.706292,0,0.32919216,0
O038236,C07069,P00318,2025-12-14 22:43:57.965949,0,0.59185165,1
O038237,C05281,P02171,2025-12-14 22:57:04.225605,1,0.7174452,1
O038238,C03208,P01021,2025-12-14 23:10:10.485262,0,0.5903764,1
O038239,C00547,P01573,2025-12-14 23:23:16.744918,0,0.2432357,0
O038240,C03347,P00254,2025-12-14 23:36:23.004575,1,0.61806446,1
O038241,C07890,P01171,2025-12-14 23:49:29.264231,0,0.37209982,0
O038242,C06068,P00995,2025-12-15 00:02:35.523888,1,0.7198962,1
O038243,C05077,P01896,2025-12-15 00:15:41.783544,0,0.6002668,1
O038244,C06581,P01701,2025-12-15 00:28:48.043201,1,0.76236707,1
O038245,C04443,P02488,2025-12-15 00:41:54.302857,0,0.27531016,0
O038246,C05184,P00294,2025-12-15 00:55:00.562514,0,0.33472773,0
O038247,C03079,P00685,2025-12-15 01:08:06.822170,0,0.24800175,0
O038248,C00305,P01094,2025-12-15 01:21:13.081827,0,0.40241346,0
O038249,C04375,P00317,2025-12-15 01:34:19.341483,0,0.36320615,0
O038250,C01141,P01896,2025-12-15 01:47:25.601140,1,0.61923665,1
O038251,C02933,P00725,2025-12-15 02:00:31.860796,0,0.2661288,0
O038252,C04699,P00369,2025-12-15 02:13:38.120453,0,0.37989992,0
O038253,C05016,P01172,2025-12-15 02:26:44.380109,1,0.60251874,1
O038254,C02589,P02191,2025-12-15 02:39:50.639765,0,0.3341919,0
O038255,C07118,P02158,2025-12-15 02:52:56.899422,0,0.30047673,0
O038256,C05912,P02125,2025-12-15 03:06:03.159078,0,0.12323288,0
O038257,C01952,P01770,2025-12-15 03:19:09.418735,1,0.48806247,0
O038258,C04546,P02090,2025-12-15 03:32:15.678391,0,0.7965441,1
O038259,C05891,P01587,2025-12-15 03:45:21.938048,0,0.37329668,0
O038260,C03249,P02296,2025-12-15 03:58:28.197704,0,0.6727081,1
O038261,C07402,P01664,2025-12-15 04:11:34.457361,1,0.5875138,1
O038262,C06756,P02083,2025-12-15 04:24:40.717017,0,0.27975297,0
O038263,C01114,P02095,2025-12-15 04:37:46.976674,0,0.41092387,0
O038264,C03908,P01430,2025-12-15 04:50:53.236330,0,0.70199496,1
O038265,C01459,P00995,2025-12-15 05:03:59.495987,1,0.56878984,1
O038266,C05049,P00391,2025-12-15 05:17:05.755643,0,0.54879564,1
O038267,C07484,P00117,2025-12-15 05:30:12.015300,0,0.31118315,0
O038268,C01589,P02340,2025-12-15 05:43:18.274956,0,0.7591919,1
O038269,C07210,P00943,2025-12-15 05:56:24.534613,0,0.31240723,0
O038270,C02369,P00153,2025-12-15 06:09:30.794269,0,0.3185229,0
O038271,C01221,P01621,2025-12-15 06:22:37.053926,0,0.65630573,1
O038272,C03821,P00901,2025-12-15 06:35:43.313582,1,0.5016594,1
O038273,C06188,P00574,2025-12-15 06:48:49.573239,0,0.37276247,0
O038274,C02644,P02351,2025-12-15 07:01:55.832895,0,0.2870933,0
O038275,C07629,P00759,2025-12-15 07:15:02.092552,0,0.20956029,0
O038276,C06884,P02066,2025-12-15 07:28:08.352208,0,0.66179216,1
O038277,C01269,P01617,2025-12-15 07:41:14.611865,0,0.1835508,0
O038278,C01808,P01205,2025-12-15 07:54:20.871521,0,0.45752394,0
O038279,C03038,P01374,2025-12-15 08:07:27.131178,0,0.45135453,0
O038280,C07096,P00509,2025-12-15 08:20:33.390834,0,0.37331867,0
O038281,C07493,P02181,2025-12-15 08:33:39.650491,0,0.6055491,1
O038282,C01894,P01806,2025-12-15 08:46:45.910147,1,0.6559354,1
O038283,C06325,P01457,2025-12-15 08:59:52.169804,0,0.14117643,0
O038284,C02621,P02247,2025-12-15 09:12:58.429460,0,0.47537985,0
O038285,C06261,P01899,2025-12-15 09:26:04.689117,0,0.19378325,0
O038286,C05613,P00918,2025-12-15 09:39:10.948773,0,0.52158904,1
O038287,C02332,P02432,2025-12-15 09:52:17.208430,0,0.32008925,0
O038288,C01901,P01857,2025-12-15 10:05:23.468086,1,0.31022203,0
O038289,C05916,P00581,2025-12-15 10:18:29.727743,1,0.35881445,0
O038290,C03684,P00043,2025-12-15 10:31:35.987399,0,0.6913728,1
O038291,C05291,P01823,2025-12-15 10:44:42.247056,0,0.34794247,0
O038292,C02285,P01069,2025-12-15 10:57:48.506712,0,0.3336579,0
O038293,C07687,P01686,2025-12-15 11:10:54.766369,0,0.27044448,0
O038294,C06336,P01498,2025-12-15 11:24:01.026025,0,0.41515893,0
O038295,C00752,P02198,2025-12-15 11:37:07.285682,0,0.5954823,1
O038296,C00564,P00811,2025-12-15 11:50:13.545338,0,0.48355508,0
O038297,C01654,P00589,2025-12-15 12:03:19.804995,0,0.42795536,0
O038298,C00749,P00919,2025-12-15 12:16:26.064651,0,0.40986183,0
O038299,C00686,P01316,2025-12-15 12:29:32.324308,0,0.50073516,1
O038300,C04888,P01283,2025-12-15 12:42:38.583964,0,0.5825222,1
O038301,C05126,P01033,2025-12-15 12:55:44.843621,0,0.41219983,0
O038302,C04766,P02085,2025-12-15 13:08:51.103277,0,0.38474214,0
O038303,C03740,P01787,2025-12-15 13:21:57.362934,1,0.69298136,1
O038304,C03459,P02152,2025-12-15 13:35:03.622590,0,0.36657393,0
O038305,C04649,P02103,2025-12-15 13:48:09.882247,0,0.4758784,0
O038306,C02955,P00766,2025-12-15 14:01:16.141903,1,0.7660723,1
O038307,C02552,P00069,2025-12-15 14:14:22.401560,0,0.244964,0
O038308,C06872,P01419,2025-12-15 14:27:28.661216,0,0.5614239,1
O038309,C00414,P01797,2025-12-15 14:40:34.920873,0,0.28347436,0
O038310,C04202,P02450,2025-12-15 14:53:41.180529,0,0.78100955,1
O038311,C02981,P01212,2025-12-15 15:06:47.440186,1,0.31494382,0
O038312,C05331,P01926,2025-12-15 15:19:53.699842,0,0.57422197,1
O038313,C05571,P01928,2025-12-15 15:32:59.959498,0,0.25456238,0
O038314,C06702,P00203,2025-12-15 15:46:06.219155,0,0.33229268,0
O038315,C03365,P01189,2025-12-15 15:59:12.478811,0,0.20907488,0
O038316,C05581,P00343,2025-12-15 16:12:18.738468,0,0.19999672,0
O038317,C03462,P02249,2025-12-15 16:25:24.998124,0,0.35857958,0
O038318,C05630,P01673,2025-12-15 16:38:31.257781,0,0.3200354,0
O038319,C03433,P01304,2025-12-15 16:51:37.517437,0,0.40687418,0
O038320,C00875,P00058,2025-12-15 17:04:43.777094,0,0.47601938,0
O038321,C05591,P01165,2025-12-15 17:17:50.036750,0,0.34097102,0
O038322,C01345,P01311,2025-12-15 17:30:56.296407,1,0.6039969,1
O038323,C04297,P00960,2025-12-15 17:44:02.556063,0,0.5955727,1
O038324,C00318,P01569,2025-12-15 17:57:08.815720,0,0.66587996,1
O038325,C06599,P00799,2025-12-15 18:10:15.075376,0,0.38202202,0
O038326,C03195,P00437,2025-12-15 18:23:21.335033,0,0.32165027,0
O038327,C00578,P02260,2025-12-15 18:36:27.594689,0,0.62978655,1
O038328,C01596,P02493,2025-12-15 18:49:33.854346,1,0.7022827,1
O038329,C03505,P02006,2025-12-15 19:02:40.114002,0,0.186913,0
O038330,C04592,P02318,2025-12-15 19:15:46.373659,0,0.22924268,0
O038331,C04116,P01203,2025-12-15 19:28:52.633315,0,0.41764772,0
O038332,C02441,P01257,2025-12-15 19:41:58.892972,0,0.46521345,0
O038333,C02104,P00452,2025-12-15 19:55:05.152628,0,0.5149394,1
O038334,C00221,P02080,2025-12-15 20:08:11.412285,0,0.45310685,0
O038335,C01378,P02137,2025-12-15 20:21:17.671941,0,0.47465128,0
O038336,C07382,P01661,2025-12-15 20:34:23.931598,0,0.43221956,0
O038337,C05836,P00655,2025-12-15 20:47:30.191254,1,0.7074543,1
O038338,C01000,P00862,2025-12-15 21:00:36.450911,0,0.27837622,0
O038339,C06311,P01799,2025-12-15 21:13:42.710567,0,0.22431506,0
O038340,C06389,P00535,2025-12-15 21:26:48.970224,0,0.5152179,1
O038341,C00742,P01950,2025-12-15 21:39:55.229880,0,0.6327949,1
O038342,C03219,P00171,2025-12-15 21:53:01.489537,0,0.41346043,0
O038343,C07948,P00173,2025-12-15 22:06:07.749193,0,0.18566653,0
O038344,C00320,P01652,2025-12-15 22:19:14.008850,0,0.41153872,0
O038345,C00018,P02046,2025-12-15 22:32:20.268506,0,0.31050363,0
O038346,C01458,P01574,2025-12-15 22:45:26.528163,0,0.7276645,1
O038347,C05582,P00292,2025-12-15 22:58:32.787819,0,0.274522,0
O038348,C03025,P02090,2025-12-15 23:11:39.047476,1,0.5530459,1
O038349,C05558,P02200,2025-12-15 23:24:45.307132,0,0.35701403,0
O038350,C05182,P01256,2025-12-15 23:37:51.566789,0,0.7701531,1
O038351,C07294,P00499,2025-12-15 23:50:57.826445,0,0.2973361,0
O038352,C02519,P01252,2025-12-16 00:04:04.086102,0,0.55588377,1
O038353,C00528,P02143,2025-12-16 00:17:10.345758,1,0.4650088,0
O038354,C06108,P01942,2025-12-16 00:30:16.605415,1,0.6064789,1
O038355,C05982,P00153,2025-12-16 00:43:22.865071,0,0.37122884,0
O038356,C01460,P00566,2025-12-16 00:56:29.124728,0,0.40315604,0
O038357,C07890,P02353,2025-12-16 01:09:35.384384,1,0.44664526,0
O038358,C07916,P02289,2025-12-16 01:22:41.644041,0,0.33918232,0
O038359,C02196,P01064,2025-12-16 01:35:47.903697,0,0.6129902,1
O038360,C05678,P00509,2025-12-16 01:48:54.163354,0,0.51614624,1
O038361,C00388,P01110,2025-12-16 02:02:00.423010,0,0.22248192,0
O038362,C05266,P02124,2025-12-16 02:15:06.682667,0,0.15561259,0
O038363,C02665,P01089,2025-12-16 02:28:12.942323,0,0.3577816,0
O038364,C01164,P01892,2025-12-16 02:41:19.201980,0,0.7435902,1
O038365,C01449,P02024,2025-12-16 02:54:25.461636,0,0.68904865,1
O038366,C03575,P00369,2025-12-16 03:07:31.721293,0,0.46059427,0
O038367,C05763,P02045,2025-12-16 03:20:37.980949,1,0.52754694,1
O038368,C04106,P01808,2025-12-16 03:33:44.240606,0,0.19330783,0
O038369,C00196,P00412,2025-12-16 03:46:50.500262,0,0.6380105,1
O038370,C06060,P00180,2025-12-16 03:59:56.759918,0,0.37341985,0
O038371,C02525,P00910,2025-12-16 04:13:03.019575,0,0.43271446,0
O038372,C05913,P01531,2025-12-16 04:26:09.279231,0,0.5662519,1
O038373,C05346,P02080,2025-12-16 04:39:15.538888,0,0.38094896,0
O038374,C07187,P01124,2025-12-16 04:52:21.798544,0,0.3428562,0
O038375,C05905,P00866,2025-12-16 05:05:28.058201,0,0.55975777,1
O038376,C06183,P02050,2025-12-16 05:18:34.317857,0,0.21463281,0
O038377,C02110,P00230,2025-12-16 05:31:40.577514,0,0.43145967,0
O038378,C04344,P02256,2025-12-16 05:44:46.837170,1,0.64670926,1
O038379,C00722,P00677,2025-12-16 05:57:53.096827,0,0.4799673,0
O038380,C01629,P00924,2025-12-16 06:10:59.356483,0,0.49894485,0
O038381,C03444,P01957,2025-12-16 06:24:05.616140,0,0.82837254,1
O038382,C03391,P02355,2025-12-16 06:37:11.875796,0,0.35310787,0
O038383,C07322,P01401,2025-12-16 06:50:18.135453,0,0.5507443,1
O038384,C06893,P02120,2025-12-16 07:03:24.395109,0,0.3124459,0
O038385,C03146,P00648,2025-12-16 07:16:30.654766,0,0.473363,0
O038386,C06337,P01955,2025-12-16 07:29:36.914422,1,0.6212413,1
O038387,C05939,P00980,2025-12-16 07:42:43.174079,0,0.445166,0
O038388,C02698,P00297,2025-12-16 07:55:49.433735,0,0.37220576,0
O038389,C06730,P00469,2025-12-16 08:08:55.693392,0,0.34167647,0
O038390,C00380,P01140,2025-12-16 08:22:01.953048,0,0.22024983,0
O038391,C05052,P02282,2025-12-16 08:35:08.212705,0,0.31830204,0
O038392,C07412,P02012,2025-12-16 08:48:14.472361,0,0.69744045,1
O038393,C04214,P00378,2025-12-16 09:01:20.732018,1,0.7485375,1
O038394,C00355,P01071,2025-12-16 09:14:26.991674,0,0.120208405,0
O038395,C00810,P02360,2025-12-16 09:27:33.251331,0,0.2067975,0
O038396,C03488,P02139,2025-12-16 09:40:39.510987,1,0.70070714,1
O038397,C07171,P01670,2025-12-16 09:53:45.770644,1,0.7013907,1
O038398,C04260,P02263,2025-12-16 10:06:52.030300,0,0.30730444,0
O038399,C01429,P00576,2025-12-16 10:19:58.289957,0,0.3687417,0
O038400,C03248,P01530,2025-12-16 10:33:04.549613,1,0.49311197,0
O038401,C00255,P01445,2025-12-16 10:46:10.809270,0,0.6509955,1
O038402,C01645,P00092,2025-12-16 10:59:17.068926,1,0.7201197,1
O038403,C07270,P00647,2025-12-16 11:12:23.328583,0,0.22856799,0
O038404,C05506,P01164,2025-12-16 11:25:29.588239,0,0.3576294,0
O038405,C02540,P01354,2025-12-16 11:38:35.847896,0,0.24508512,0
O038406,C03408,P00638,2025-12-16 11:51:42.107552,0,0.22825171,0
O038407,C03863,P02332,2025-12-16 12:04:48.367209,0,0.1401656,0
O038408,C07890,P01317,2025-12-16 12:17:54.626865,0,0.18768662,0
O038409,C01044,P00318,2025-12-16 12:31:00.886522,1,0.77508354,1
O038410,C03377,P01255,2025-12-16 12:44:07.146178,0,0.2923592,0
O038411,C03225,P00947,2025-12-16 12:57:13.405835,0,0.42606276,0
O038412,C07459,P01973,2025-12-16 13:10:19.665491,0,0.22005409,0
O038413,C02365,P00062,2025-12-16 13:23:25.925148,0,0.5428953,1
O038414,C01175,P00121,2025-12-16 13:36:32.184804,0,0.6402321,1
O038415,C04283,P00373,2025-12-16 13:49:38.444461,0,0.72941244,1
O038416,C03802,P00030,2025-12-16 14:02:44.704117,0,0.6004779,1
O038417,C00394,P00437,2025-12-16 14:15:50.963774,1,0.52766204,1
O038418,C00300,P01906,2025-12-16 14:28:57.223430,1,0.47194442,0
O038419,C01002,P02069,2025-12-16 14:42:03.483087,0,0.45461684,0
O038420,C07300,P02271,2025-12-16 14:55:09.742743,0,0.5411411,1
O038421,C02161,P01570,2025-12-16 15:08:16.002400,0,0.333529,0
O038422,C02034,P00566,2025-12-16 15:21:22.262056,0,0.5763242,1
O038423,C03156,P02403,2025-12-16 15:34:28.521713,0,0.22535875,0
O038424,C00909,P00861,2025-12-16 15:47:34.781369,0,0.49546582,0
O038425,C07842,P02239,2025-12-16 16:00:41.041026,0,0.37489867,0
O038426,C07432,P01917,2025-12-16 16:13:47.300682,0,0.29569817,0
O038427,C04510,P01809,2025-12-16 16:26:53.560339,0,0.74050826,1
O038428,C06624,P01271,2025-12-16 16:39:59.819995,0,0.29226327,0
O038429,C00787,P00693,2025-12-16 16:53:06.079651,0,0.4586346,0
O038430,C05887,P01524,2025-12-16 17:06:12.339308,1,0.6123017,1
O038431,C05915,P00382,2025-12-16 17:19:18.598964,0,0.28365922,0
O038432,C01455,P00072,2025-12-16 17:32:24.858621,0,0.28913227,0
O038433,C07195,P02090,2025-12-16 17:45:31.118277,0,0.56286794,1
O038434,C03496,P02186,2025-12-16 17:58:37.377934,0,0.17840907,0
O038435,C05953,P02066,2025-12-16 18:11:43.637590,1,0.57288605,1
O038436,C06767,P00398,2025-12-16 18:24:49.897247,0,0.77204144,1
O038437,C07081,P00034,2025-12-16 18:37:56.156903,0,0.46185106,0
O038438,C05918,P01842,2025-12-16 18:51:02.416560,0,0.30956623,0
O038439,C07021,P01785,2025-12-16 19:04:08.676216,0,0.42991424,0
O038440,C00768,P00163,2025-12-16 19:17:14.935873,0,0.2993748,0
O038441,C00532,P00897,2025-12-16 19:30:21.195529,0,0.4922164,0
O038442,C05310,P02489,2025-12-16 19:43:27.455186,1,0.5485806,1
O038443,C02236,P00170,2025-12-16 19:56:33.714842,0,0.5490678,1
O038444,C06471,P02258,2025-12-16 20:09:39.974499,1,0.71697474,1
O038445,C07131,P00850,2025-12-16 20:22:46.234155,1,0.45859244,0
O038446,C00333,P02232,2025-12-16 20:35:52.493812,0,0.6793943,1
O038447,C01686,P00736,2025-12-16 20:48:58.753468,1,0.5921262,1
O038448,C05735,P00069,2025-12-16 21:02:05.013125,0,0.1998672,0
O038449,C05669,P01349,2025-12-16 21:15:11.272781,0,0.20684014,0
O038450,C07234,P00636,2025-12-16 21:28:17.532438,0,0.79359657,1
O038451,C00878,P01166,2025-12-16 21:41:23.792094,0,0.62146926,1
O038452,C03718,P02471,2025-12-16 21:54:30.051751,0,0.41323376,0
O038453,C04014,P01870,2025-12-16 22:07:36.311407,1,0.5161258,1
O038454,C05990,P01572,2025-12-16 22:20:42.571064,0,0.4792017,0
O038455,C00171,P02462,2025-12-16 22:33:48.830720,0,0.19920132,0
O038456,C02207,P00351,2025-12-16 22:46:55.090377,0,0.16648133,0
O038457,C04216,P01167,2025-12-16 23:00:01.350033,0,0.46394765,0
O038458,C04908,P01392,2025-12-16 23:13:07.609690,0,0.13258724,0
O038459,C06628,P02046,2025-12-16 23:26:13.869346,0,0.40316963,0
O038460,C05868,P02323,2025-12-16 23:39:20.129003,0,0.21099177,0
O038461,C06654,P01673,2025-12-16 23:52:26.388659,0,0.41796684,0
O038462,C05036,P02318,2025-12-17 00:05:32.648316,0,0.52595764,1
O038463,C07281,P01341,2025-12-17 00:18:38.907972,0,0.5254634,1
O038464,C01187,P00531,2025-12-17 00:31:45.167629,0,0.42436054,0
O038465,C07467,P01145,2025-12-17 00:44:51.427285,0,0.4476928,0
O038466,C05649,P01036,2025-12-17 00:57:57.686942,0,0.32854155,0
O038467,C01438,P01538,2025-12-17 01:11:03.946598,1,0.19072938,0
O038468,C05816,P00754,2025-12-17 01:24:10.206255,0,0.22489715,0
O038469,C00557,P00677,2025-12-17 01:37:16.465911,0,0.58772314,1
O038470,C06901,P00134,2025-12-17 01:50:22.725568,0,0.47639737,0
O038471,C07627,P01935,2025-12-17 02:03:28.985224,1,0.72331697,1
O038472,C07382,P02354,2025-12-17 02:16:35.244881,1,0.6736057,1
O038473,C05283,P00511,2025-12-17 02:29:41.504537,0,0.43811432,0
O038474,C00885,P01706,2025-12-17 02:42:47.764194,1,0.7664633,1
O038475,C05790,P02426,2025-12-17 02:55:54.023850,0,0.24335194,0
O038476,C04850,P01817,2025-12-17 03:09:00.283507,0,0.18135864,0
O038477,C02753,P01271,2025-12-17 03:22:06.543163,0,0.45071274,0
O038478,C02935,P00304,2025-12-17 03:35:12.802820,0,0.7756055,1
O038479,C06764,P00136,2025-12-17 03:48:19.062476,0,0.69575727,1
O038480,C03633,P00767,2025-12-17 04:01:25.322133,0,0.5200237,1
O038481,C06882,P01393,2025-12-17 04:14:31.581789,1,0.386325,0
O038482,C03509,P01365,2025-12-17 04:27:37.841446,0,0.5830237,1
O038483,C01186,P00678,2025-12-17 04:40:44.101102,0,0.707183,1
O038484,C02751,P00975,2025-12-17 04:53:50.360759,0,0.22570927,0
O038485,C06284,P02194,2025-12-17 05:06:56.620415,0,0.5004064,1
O038486,C05888,P02355,2025-12-17 05:20:02.880072,0,0.1966063,0
O038487,C03908,P00523,2025-12-17 05:33:09.139728,0,0.43483233,0
O038488,C06833,P01934,2025-12-17 05:46:15.399384,0,0.32469893,0
O038489,C06950,P01644,2025-12-17 05:59:21.659041,0,0.19779009,0
O038490,C05310,P00957,2025-12-17 06:12:27.918697,0,0.40880626,0
O038491,C06811,P02248,2025-12-17 06:25:34.178354,1,0.5263225,1
O038492,C00870,P02012,2025-12-17 06:38:40.438010,0,0.58590996,1
O038493,C07545,P01703,2025-12-17 06:51:46.697667,0,0.3463338,0
O038494,C00919,P01586,2025-12-17 07:04:52.957323,0,0.5619546,1
O038495,C03354,P01595,2025-12-17 07:17:59.216980,0,0.2951875,0
O038496,C03457,P02342,2025-12-17 07:31:05.476636,0,0.41202232,0
O038497,C07682,P00880,2025-12-17 07:44:11.736293,0,0.62271345,1
O038498,C00315,P01088,2025-12-17 07:57:17.995949,0,0.17530918,0
O038499,C00719,P02414,2025-12-17 08:10:24.255606,0,0.2056792,0
O038500,C06662,P01630,2025-12-17 08:23:30.515262,0,0.17232974,0
O038501,C03357,P02127,2025-12-17 08:36:36.774919,0,0.19456758,0
O038502,C02184,P02304,2025-12-17 08:49:43.034575,1,0.54746616,1
O038503,C01415,P01571,2025-12-17 09:02:49.294232,1,0.7898335,1
O038504,C04341,P02218,2025-12-17 09:15:55.553888,0,0.32564166,0
O038505,C04651,P02353,2025-12-17 09:29:01.813545,0,0.47422945,0
O038506,C07909,P01704,2025-12-17 09:42:08.073201,0,0.33879656,0
O038507,C02403,P00376,2025-12-17 09:55:14.332858,0,0.500895,1
O038508,C02500,P02315,2025-12-17 10:08:20.592514,0,0.39027542,0
O038509,C07289,P00255,2025-12-17 10:21:26.852171,1,0.4583789,0
O038510,C05877,P01588,2025-12-17 10:34:33.111827,0,0.27767387,0
O038511,C06020,P00257,2025-12-17 10:47:39.371484,0,0.4805748,0
O038512,C07200,P00506,2025-12-17 11:00:45.631140,0,0.26443663,0
O038513,C03793,P01002,2025-12-17 11:13:51.890797,0,0.49989614,0
O038514,C03071,P00183,2025-12-17 11:26:58.150453,0,0.49645734,0
O038515,C07484,P02400,2025-12-17 11:40:04.410110,0,0.2897138,0
O038516,C02557,P00276,2025-12-17 11:53:10.669766,1,0.063998066,0
O038517,C04572,P01036,2025-12-17 12:06:16.929423,0,0.4323748,0
O038518,C05900,P00458,2025-12-17 12:19:23.189079,0,0.26765928,0
O038519,C05655,P00979,2025-12-17 12:32:29.448736,0,0.2312302,0
O038520,C00534,P01698,2025-12-17 12:45:35.708392,0,0.4305344,0
O038521,C05751,P00293,2025-12-17 12:58:41.968049,0,0.54870075,1
O038522,C00151,P00594,2025-12-17 13:11:48.227705,1,0.36049145,0
O038523,C01331,P01861,2025-12-17 13:24:54.487362,1,0.63799757,1
O038524,C04484,P00129,2025-12-17 13:38:00.747018,0,0.5731101,1
O038525,C01633,P00118,2025-12-17 13:51:07.006675,0,0.40815392,0
O038526,C00129,P00240,2025-12-17 14:04:13.266331,0,0.22880968,0
O038527,C04905,P00350,2025-12-17 14:17:19.525988,0,0.38016623,0
O038528,C03217,P01500,2025-12-17 14:30:25.785644,0,0.43037647,0
O038529,C07020,P02436,2025-12-17 14:43:32.045301,0,0.6335251,1
O038530,C07585,P01385,2025-12-17 14:56:38.304957,0,0.40752316,0
O038531,C03107,P00124,2025-12-17 15:09:44.564614,0,0.23957056,0
O038532,C00962,P00860,2025-12-17 15:22:50.824270,0,0.34075478,0
O038533,C07842,P01632,2025-12-17 15:35:57.083927,0,0.28305548,0
O038534,C04633,P02209,2025-12-17 15:49:03.343583,0,0.2800245,0
O038535,C04922,P00981,2025-12-17 16:02:09.603240,0,0.6040954,1
O038536,C00295,P00970,2025-12-17 16:15:15.862896,1,0.4271212,0
O038537,C04695,P01531,2025-12-17 16:28:22.122553,1,0.36370018,0
O038538,C01375,P02110,2025-12-17 16:41:28.382209,0,0.26879078,0
O038539,C05902,P01534,2025-12-17 16:54:34.641866,1,0.27926302,0
O038540,C04780,P02411,2025-12-17 17:07:40.901522,0,0.7396612,1
O038541,C07110,P02212,2025-12-17 17:20:47.161179,0,0.6955909,1
O038542,C04132,P01975,2025-12-17 17:33:53.420835,1,0.65026414,1
O038543,C03896,P01336,2025-12-17 17:46:59.680492,1,0.4487545,0
O038544,C04861,P02416,2025-12-17 18:00:05.940148,0,0.31182873,0
O038545,C06146,P00280,2025-12-17 18:13:12.199804,1,0.65163314,1
O038546,C02279,P01426,2025-12-17 18:26:18.459461,0,0.64890784,1
O038547,C02787,P02143,2025-12-17 18:39:24.719117,0,0.6670947,1
O038548,C02761,P02255,2025-12-17 18:52:30.978774,0,0.22344014,0
O038549,C00195,P00449,2025-12-17 19:05:37.238430,0,0.21614571,0
O038550,C06986,P00275,2025-12-17 19:18:43.498087,1,0.45557213,0
O038551,C03467,P01990,2025-12-17 19:31:49.757743,1,0.6488555,1
O038552,C02102,P01017,2025-12-17 19:44:56.017400,0,0.65112364,1
O038553,C06385,P00678,2025-12-17 19:58:02.277056,1,0.86246467,1
O038554,C05167,P01824,2025-12-17 20:11:08.536713,0,0.28256017,0
O038555,C04310,P00977,2025-12-17 20:24:14.796369,1,0.3128443,0
O038556,C01973,P01725,2025-12-17 20:37:21.056026,0,0.7013319,1
O038557,C04904,P01143,2025-12-17 20:50:27.315682,0,0.44786346,0
O038558,C06298,P00573,2025-12-17 21:03:33.575339,1,0.76580226,1
O038559,C00103,P01919,2025-12-17 21:16:39.834995,1,0.7161389,1
O038560,C06047,P02266,2025-12-17 21:29:46.094652,1,0.2921161,0
O038561,C04652,P00742,2025-12-17 21:42:52.354308,0,0.52500576,1
O038562,C07182,P00771,2025-12-17 21:55:58.613965,1,0.7495582,1
O038563,C05390,P01991,2025-12-17 22:09:04.873621,0,0.5688723,1
O038564,C01659,P00613,2025-12-17 22:22:11.133278,0,0.26611903,0
O038565,C03464,P02223,2025-12-17 22:35:17.392934,1,0.5700005,1
O038566,C04047,P02236,2025-12-17 22:48:23.652591,0,0.63609,1
O038567,C07062,P02344,2025-12-17 23:01:29.912247,0,0.5602212,1
O038568,C01270,P02336,2025-12-17 23:14:36.171904,0,0.44955808,0
O038569,C07673,P02095,2025-12-17 23:27:42.431560,0,0.38020006,0
O038570,C03640,P00634,2025-12-17 23:40:48.691217,1,0.7061315,1
O038571,C00637,P00118,2025-12-17 23:53:54.950873,0,0.27532172,0
O038572,C05432,P01724,2025-12-18 00:07:01.210530,0,0.5404381,1
O038573,C06233,P01178,2025-12-18 00:20:07.470186,0,0.2503232,0
O038574,C01589,P01757,2025-12-18 00:33:13.729843,1,0.8521583,1
O038575,C04818,P00378,2025-12-18 00:46:19.989499,0,0.591231,1
O038576,C03997,P00555,2025-12-18 00:59:26.249156,0,0.54234064,1
O038577,C07256,P01088,2025-12-18 01:12:32.508812,0,0.2662661,0
O038578,C07817,P01275,2025-12-18 01:25:38.768469,0,0.49012998,0
O038579,C01603,P02217,2025-12-18 01:38:45.028125,0,0.5798871,1
O038580,C01457,P02403,2025-12-18 01:51:51.287782,0,0.333706,0
O038581,C05895,P02338,2025-12-18 02:04:57.547438,0,0.57583755,1
O038582,C02263,P00647,2025-12-18 02:18:03.807095,1,0.31508994,0
O038583,C06356,P00483,2025-12-18 02:31:10.066751,0,0.18640931,0
O038584,C02098,P01993,2025-12-18 02:44:16.326408,0,0.20026661,0
O038585,C00398,P00423,2025-12-18 02:57:22.586064,0,0.3791359,0
O038586,C06222,P02500,2025-12-18 03:10:28.845721,1,0.4549991,0
O038587,C02484,P02029,2025-12-18 03:23:35.105377,0,0.3183024,0
O038588,C07329,P01990,2025-12-18 03:36:41.365034,0,0.6065018,1
O038589,C04362,P01706,2025-12-18 03:49:47.624690,0,0.5923191,1
O038590,C06343,P00889,2025-12-18 04:02:53.884347,0,0.4493922,0
O038591,C06275,P01908,2025-12-18 04:16:00.144003,0,0.41452932,0
O038592,C04436,P00496,2025-12-18 04:29:06.403660,0,0.25164583,0
O038593,C00094,P02049,2025-12-18 04:42:12.663316,1,0.63401985,1
O038594,C00597,P00474,2025-12-18 04:55:18.922973,0,0.38316086,0
O038595,C00668,P00232,2025-12-18 05:08:25.182629,0,0.7028685,1
O038596,C02811,P02411,2025-12-18 05:21:31.442286,1,0.6942276,1
O038597,C01753,P01994,2025-12-18 05:34:37.701942,0,0.4182843,0
O038598,C01649,P02178,2025-12-18 05:47:43.961599,1,0.49482787,0
O038599,C04690,P00080,2025-12-18 06:00:50.221255,0,0.21420977,0
O038600,C03369,P00620,2025-12-18 06:13:56.480912,0,0.16856465,0
O038601,C01504,P01574,2025-12-18 06:27:02.740568,0,0.77027994,1
O038602,C03120,P01157,2025-12-18 06:40:09.000225,0,0.47126746,0
O038603,C00030,P00433,2025-12-18 06:53:15.259881,0,0.733063,1
O038604,C06510,P01826,2025-12-18 07:06:21.519537,0,0.5051008,1
O038605,C05332,P01077,2025-12-18 07:19:27.779194,0,0.13143422,0
O038606,C05594,P02115,2025-12-18 07:32:34.038850,0,0.5796225,1
O038607,C00969,P01295,2025-12-18 07:45:40.298507,0,0.15980406,0
O038608,C05935,P02282,2025-12-18 07:58:46.558163,0,0.38525623,0
O038609,C04120,P01631,2025-12-18 08:11:52.817820,0,0.20970826,0
O038610,C07779,P02174,2025-12-18 08:24:59.077476,1,0.40987018,0
O038611,C01341,P02187,2025-12-18 08:38:05.337133,0,0.60619354,1
O038612,C04669,P02127,2025-12-18 08:51:11.596789,0,0.13629864,0
O038613,C02758,P01581,2025-12-18 09:04:17.856446,0,0.4239324,0
O038614,C06009,P00783,2025-12-18 09:17:24.116102,0,0.38664955,0
O038615,C06231,P01752,2025-12-18 09:30:30.375759,0,0.6908694,1
O038616,C00879,P02456,2025-12-18 09:43:36.635415,1,0.24391848,0
O038617,C05929,P01787,2025-12-18 09:56:42.895072,1,0.56025136,1
O038618,C00774,P01073,2025-12-18 10:09:49.154728,0,0.16445646,0
O038619,C05871,P00422,2025-12-18 10:22:55.414385,0,0.40859666,0
O038620,C01889,P01796,2025-12-18 10:36:01.674041,0,0.43325698,0
O038621,C07260,P00798,2025-12-18 10:49:07.933698,0,0.17395887,0
O038622,C05311,P00316,2025-12-18 11:02:14.193354,0,0.4529078,0
O038623,C01063,P00901,2025-12-18 11:15:20.453011,0,0.34519392,0
O038624,C02770,P00048,2025-12-18 11:28:26.712667,0,0.32673478,0
O038625,C02781,P00419,2025-12-18 11:41:32.972324,0,0.2101009,0
O038626,C07312,P00389,2025-12-18 11:54:39.231980,1,0.64455605,1
O038627,C02689,P01047,2025-12-18 12:07:45.491637,0,0.4564829,0
O038628,C00851,P01225,2025-12-18 12:20:51.751293,0,0.4761373,0
O038629,C02717,P01584,2025-12-18 12:33:58.010950,0,0.45258263,0
O038630,C03559,P00141,2025-12-18 12:47:04.270606,0,0.26498452,0
O038631,C07180,P00248,2025-12-18 13:00:10.530263,1,0.5875313,1
O038632,C02513,P01724,2025-12-18 13:13:16.789919,1,0.53268194,1
O038633,C07402,P01856,2025-12-18 13:26:23.049576,0,0.52298903,1
O038634,C02807,P01535,2025-12-18 13:39:29.309232,1,0.5680919,1
O038635,C05199,P00188,2025-12-18 13:52:35.568889,0,0.40096062,0
O038636,C05892,P01119,2025-12-18 14:05:41.828545,0,0.3381698,0
O038637,C02961,P00484,2025-12-18 14:18:48.088202,0,0.28815964,0
O038638,C04184,P00993,2025-12-18 14:31:54.347858,1,0.33013982,0
O038639,C00459,P01820,2025-12-18 14:45:00.607515,0,0.44168445,0
O038640,C01316,P01608,2025-12-18 14:58:06.867171,1,0.608143,1
O038641,C01771,P00840,2025-12-18 15:11:13.126828,0,0.7842493,1
O038642,C00719,P00079,2025-12-18 15:24:19.386484,1,0.24509266,0
O038643,C03379,P02177,2025-12-18 15:37:25.646141,0,0.3158099,0
O038644,C02721,P00250,2025-12-18 15:50:31.905797,0,0.35935533,0
O038645,C07516,P02154,2025-12-18 16:03:38.165454,1,0.61308414,1
O038646,C02914,P00108,2025-12-18 16:16:44.425110,0,0.2961891,0
O038647,C05821,P01333,2025-12-18 16:29:50.684767,0,0.2609754,0
O038648,C07634,P02445,2025-12-18 16:42:56.944423,0,0.6349739,1
O038649,C06596,P00653,2025-12-18 16:56:03.204080,0,0.14988267,0
O038650,C02943,P02441,2025-12-18 17:09:09.463736,1,0.48016933,0
O038651,C05072,P01563,2025-12-18 17:22:15.723393,1,0.4028797,0
O038652,C02341,P00804,2025-12-18 17:35:21.983049,0,0.32413626,0
O038653,C03090,P02253,2025-12-18 17:48:28.242706,1,0.58184004,1
O038654,C00556,P00362,2025-12-18 18:01:34.502362,0,0.48547018,0
O038655,C00183,P02384,2025-12-18 18:14:40.762019,1,0.62261355,1
O038656,C04162,P01490,2025-12-18 18:27:47.021675,1,0.4584855,0
O038657,C03337,P01211,2025-12-18 18:40:53.281332,0,0.35943392,0
O038658,C02334,P01539,2025-12-18 18:53:59.540988,0,0.59937596,1
O038659,C05126,P00650,2025-12-18 19:07:05.800645,0,0.33913222,0
O038660,C05363,P01818,2025-12-18 19:20:12.060301,0,0.6588583,1
O038661,C02220,P02041,2025-12-18 19:33:18.319958,0,0.7615959,1
O038662,C01146,P01024,2025-12-18 19:46:24.579614,1,0.49387422,0
O038663,C07077,P00448,2025-12-18 19:59:30.839270,0,0.60332847,1
O038664,C06278,P01467,2025-12-18 20:12:37.098927,0,0.21014711,0
O038665,C06541,P01141,2025-12-18 20:25:43.358583,0,0.6045827,1
O038666,C04930,P00823,2025-12-18 20:38:49.618240,0,0.41329104,0
O038667,C04725,P01706,2025-12-18 20:51:55.877896,0,0.62326795,1
O038668,C02366,P00090,2025-12-18 21:05:02.137553,0,0.2946756,0
O038669,C02396,P00273,2025-12-18 21:18:08.397209,1,0.58255553,1
O038670,C05813,P00434,2025-12-18 21:31:14.656866,0,0.47823524,0
O038671,C06524,P00943,2025-12-18 21:44:20.916522,0,0.22814141,0
O038672,C06537,P00094,2025-12-18 21:57:27.176179,0,0.43135753,0
O038673,C02889,P02098,2025-12-18 22:10:33.435835,0,0.5102593,1
O038674,C06274,P00221,2025-12-18 22:23:39.695492,1,0.5013894,1
O038675,C02054,P00630,2025-12-18 22:36:45.955148,0,0.70058805,1
O038676,C07871,P00473,2025-12-18 22:49:52.214805,0,0.23210937,0
O038677,C04737,P00883,2025-12-18 23:02:58.474461,1,0.5064623,1
O038678,C05745,P00408,2025-12-18 23:16:04.734118,0,0.30369604,0
O038679,C01644,P00614,2025-12-18 23:29:10.993774,1,0.12479262,0
O038680,C02929,P00456,2025-12-18 23:42:17.253431,0,0.2808609,0
O038681,C04131,P01354,2025-12-18 23:55:23.513087,1,0.546804,1
O038682,C00629,P01855,2025-12-19 00:08:29.772744,0,0.5169953,1
O038683,C02147,P01154,2025-12-19 00:21:36.032400,1,0.497739,0
O038684,C05441,P02497,2025-12-19 00:34:42.292057,0,0.46530882,0
O038685,C05682,P01288,2025-12-19 00:47:48.551713,1,0.26128754,0
O038686,C05798,P02423,2025-12-19 01:00:54.811370,0,0.62037325,1
O038687,C01061,P01548,2025-12-19 01:14:01.071026,1,0.30863398,0
O038688,C03905,P00430,2025-12-19 01:27:07.330683,0,0.2290841,0
O038689,C06953,P02415,2025-12-19 01:40:13.590339,0,0.4175465,0
O038690,C02519,P02168,2025-12-19 01:53:19.849996,0,0.45972657,0
O038691,C00955,P00961,2025-12-19 02:06:26.109652,1,0.74280274,1
O038692,C05965,P01979,2025-12-19 02:19:32.369309,0,0.2944815,0
O038693,C01830,P00638,2025-12-19 02:32:38.628965,0,0.30078676,0
O038694,C02310,P00904,2025-12-19 02:45:44.888622,0,0.5453008,1
O038695,C02493,P01399,2025-12-19 02:58:51.148278,1,0.51279604,1
O038696,C00766,P01812,2025-12-19 03:11:57.407935,1,0.367857,0
O038697,C07188,P02173,2025-12-19 03:25:03.667591,1,0.2443711,0
O038698,C02159,P00142,2025-12-19 03:38:09.927248,1,0.4991396,0
O038699,C01422,P01662,2025-12-19 03:51:16.186904,0,0.6097722,1
O038700,C05879,P00405,2025-12-19 04:04:22.446561,0,0.23381956,0
O038701,C06823,P00561,2025-12-19 04:17:28.706217,0,0.3044209,0
O038702,C02802,P00342,2025-12-19 04:30:34.965874,1,0.5845879,1
O038703,C01977,P01850,2025-12-19 04:43:41.225530,0,0.33337614,0
O038704,C01850,P00567,2025-12-19 04:56:47.485187,0,0.74687254,1
O038705,C00981,P00271,2025-12-19 05:09:53.744843,0,0.25533515,0
O038706,C03888,P01644,2025-12-19 05:23:00.004500,1,0.34712532,0
O038707,C06481,P01081,2025-12-19 05:36:06.264156,0,0.47521374,0
O038708,C06611,P01389,2025-12-19 05:49:12.523813,0,0.2151528,0
O038709,C03730,P01775,2025-12-19 06:02:18.783469,1,0.55855656,1
O038710,C03533,P01126,2025-12-19 06:15:25.043126,0,0.60159034,1
O038711,C07970,P00736,2025-12-19 06:28:31.302782,1,0.6011975,1
O038712,C04779,P01206,2025-12-19 06:41:37.562439,0,0.39280823,0
O038713,C01562,P01210,2025-12-19 06:54:43.822095,1,0.51991105,1
O038714,C03813,P02136,2025-12-19 07:07:50.081752,0,0.7711515,1
O038715,C05163,P00680,2025-12-19 07:20:56.341408,0,0.20182766,0
O038716,C04527,P00383,2025-12-19 07:34:02.601065,0,0.34623015,0
O038717,C01383,P02002,2025-12-19 07:47:08.860721,0,0.4776408,0
O038718,C05601,P01734,2025-12-19 08:00:15.120378,1,0.49113727,0
O038719,C00332,P00112,2025-12-19 08:13:21.380034,0,0.49303454,0
O038720,C07075,P00425,2025-12-19 08:26:27.639690,0,0.3460639,0
O038721,C02847,P02028,2025-12-19 08:39:33.899347,1,0.42354727,0
O038722,C02840,P01376,2025-12-19 08:52:40.159003,0,0.30871764,0
O038723,C05708,P01375,2025-12-19 09:05:46.418660,1,0.68530947,1
O038724,C07442,P00461,2025-12-19 09:18:52.678316,1,0.3980102,0
O038725,C03925,P00148,2025-12-19 09:31:58.937973,0,0.6873745,1
O038726,C02293,P01280,2025-12-19 09:45:05.197629,1,0.58865476,1
O038727,C04096,P00316,2025-12-19 09:58:11.457286,1,0.42548385,0
O038728,C07546,P00107,2025-12-19 10:11:17.716942,0,0.7126013,1
O038729,C05709,P01490,2025-12-19 10:24:23.976599,0,0.62313366,1
O038730,C01825,P01654,2025-12-19 10:37:30.236255,0,0.25210905,0
O038731,C03650,P01822,2025-12-19 10:50:36.495912,0,0.49244457,0
O038732,C01047,P01277,2025-12-19 11:03:42.755568,0,0.35099965,0
O038733,C02000,P00269,2025-12-19 11:16:49.015225,0,0.20286836,0
O038734,C04812,P00152,2025-12-19 11:29:55.274881,0,0.587435,1
O038735,C02323,P02048,2025-12-19 11:43:01.534538,0,0.71261173,1
O038736,C06877,P00118,2025-12-19 11:56:07.794194,1,0.46051824,0
O038737,C04286,P00385,2025-12-19 12:09:14.053851,0,0.36525726,0
O038738,C07356,P01662,2025-12-19 12:22:20.313507,0,0.4856077,0
O038739,C02864,P02363,2025-12-19 12:35:26.573164,0,0.39457807,0
O038740,C06657,P00394,2025-12-19 12:48:32.832820,0,0.55548376,1
O038741,C00490,P01090,2025-12-19 13:01:39.092477,1,0.81683236,1
O038742,C01683,P00719,2025-12-19 13:14:45.352133,0,0.20835021,0
O038743,C00641,P00702,2025-12-19 13:27:51.611790,1,0.64005333,1
O038744,C07432,P02165,2025-12-19 13:40:57.871446,0,0.22884339,0
O038745,C03165,P02321,2025-12-19 13:54:04.131103,0,0.21250449,0
O038746,C07316,P01940,2025-12-19 14:07:10.390759,1,0.24090274,0
O038747,C06375,P01574,2025-12-19 14:20:16.650416,1,0.5609455,1
O038748,C00012,P01529,2025-12-19 14:33:22.910072,1,0.19831799,0
O038749,C01685,P01950,2025-12-19 14:46:29.169729,0,0.60150325,1
O038750,C01839,P02287,2025-12-19 14:59:35.429385,0,0.69388354,1
O038751,C03756,P01597,2025-12-19 15:12:41.689042,0,0.32366917,0
O038752,C01241,P01460,2025-12-19 15:25:47.948698,0,0.2800361,0
O038753,C04910,P00733,2025-12-19 15:38:54.208355,1,0.48733327,0
O038754,C06786,P00299,2025-12-19 15:52:00.468011,1,0.47131237,0
O038755,C00700,P01583,2025-12-19 16:05:06.727668,0,0.46305552,0
O038756,C04536,P01247,2025-12-19 16:18:12.987324,0,0.399945,0
O038757,C01441,P00097,2025-12-19 16:31:19.246981,0,0.17889988,0
O038758,C00408,P00281,2025-12-19 16:44:25.506637,0,0.66798675,1
O038759,C01064,P00376,2025-12-19 16:57:31.766294,0,0.27669305,0
O038760,C02147,P02154,2025-12-19 17:10:38.025950,0,0.69322085,1
O038761,C00729,P01053,2025-12-19 17:23:44.285607,0,0.66487336,1
O038762,C02906,P02461,2025-12-19 17:36:50.545263,0,0.5831627,1
O038763,C02548,P01828,2025-12-19 17:49:56.804920,0,0.6590922,1
O038764,C02535,P01189,2025-12-19 18:03:03.064576,0,0.14231022,0
O038765,C07389,P02018,2025-12-19 18:16:09.324233,0,0.45481747,0
O038766,C06975,P02382,2025-12-19 18:29:15.583889,0,0.4033565,0
O038767,C04784,P01026,2025-12-19 18:42:21.843546,0,0.36233565,0
O038768,C03761,P02434,2025-12-19 18:55:28.103202,1,0.44867426,0
O038769,C04351,P02175,2025-12-19 19:08:34.362859,0,0.09643055,0
O038770,C01888,P00760,2025-12-19 19:21:40.622515,0,0.40040424,0
O038771,C05917,P01126,2025-12-19 19:34:46.882172,0,0.5018887,1
O038772,C02871,P01230,2025-12-19 19:47:53.141828,1,0.74688905,1
O038773,C03174,P01021,2025-12-19 20:00:59.401485,1,0.53908885,1
O038774,C01976,P00546,2025-12-19 20:14:05.661141,0,0.5500345,1
O038775,C00940,P02192,2025-12-19 20:27:11.920798,0,0.25495708,0
O038776,C05562,P02265,2025-12-19 20:40:18.180454,0,0.46997482,0
O038777,C04463,P01858,2025-12-19 20:53:24.440111,0,0.73664993,1
O038778,C02012,P01929,2025-12-19 21:06:30.699767,0,0.340521,0
O038779,C03851,P01299,2025-12-19 21:19:36.959423,0,0.36938968,0
O038780,C00038,P01116,2025-12-19 21:32:43.219080,0,0.49054363,0
O038781,C00351,P00110,2025-12-19 21:45:49.478736,0,0.6545728,1
O038782,C04126,P02127,2025-12-19 21:58:55.738393,1,0.24591912,0
O038783,C06862,P02230,2025-12-19 22:12:01.998049,0,0.3287257,0
O038784,C03898,P01624,2025-12-19 22:25:08.257706,0,0.5309238,1
O038785,C07695,P01426,2025-12-19 22:38:14.517362,0,0.5037755,1
O038786,C03448,P00179,2025-12-19 22:51:20.777019,0,0.29610842,0
O038787,C02187,P00937,2025-12-19 23:04:27.036675,0,0.351939,0
O038788,C04855,P01069,2025-12-19 23:17:33.296332,0,0.12984854,0
O038789,C07612,P00801,2025-12-19 23:30:39.555988,0,0.40130076,0
O038790,C03923,P00882,2025-12-19 23:43:45.815645,0,0.512624,1
O038791,C00912,P01821,2025-12-19 23:56:52.075301,0,0.24362315,0
O038792,C05838,P00737,2025-12-20 00:09:58.334958,0,0.51061124,1
O038793,C06977,P01148,2025-12-20 00:23:04.594614,0,0.307297,0
O038794,C04705,P01864,2025-12-20 00:36:10.854271,0,0.3728926,0
O038795,C00387,P01507,2025-12-20 00:49:17.113927,0,0.47658587,0
O038796,C01099,P02224,2025-12-20 01:02:23.373584,0,0.38642997,0
O038797,C07681,P00232,2025-12-20 01:15:29.633240,1,0.52538276,1
O038798,C03521,P01136,2025-12-20 01:28:35.892897,1,0.44250098,0
O038799,C05572,P01836,2025-12-20 01:41:42.152553,0,0.37661517,0
O038800,C04153,P01506,2025-12-20 01:54:48.412210,0,0.60529727,1
O038801,C04663,P00057,2025-12-20 02:07:54.671866,0,0.3532609,0
O038802,C05871,P00110,2025-12-20 02:21:00.931523,1,0.649555,1
O038803,C07221,P01050,2025-12-20 02:34:07.191179,1,0.45073435,0
O038804,C02343,P00272,2025-12-20 02:47:13.450836,0,0.5664413,1
O038805,C05895,P00923,2025-12-20 03:00:19.710492,0,0.2822011,0
O038806,C00525,P01335,2025-12-20 03:13:25.970149,1,0.4175568,0
O038807,C04211,P00372,2025-12-20 03:26:32.229805,0,0.45333618,0
O038808,C02181,P01070,2025-12-20 03:39:38.489462,1,0.5256507,1
O038809,C02200,P02149,2025-12-20 03:52:44.749118,0,0.6946296,1
O038810,C06539,P00742,2025-12-20 04:05:51.008775,0,0.32509673,0
O038811,C00307,P01852,2025-12-20 04:18:57.268431,0,0.26107073,0
O038812,C06369,P01671,2025-12-20 04:32:03.528088,0,0.20396185,0
O038813,C04133,P02025,2025-12-20 04:45:09.787744,0,0.29833832,0
O038814,C00607,P00267,2025-12-20 04:58:16.047401,0,0.31791908,0
O038815,C02170,P00165,2025-12-20 05:11:22.307057,0,0.16703962,0
O038816,C00485,P02089,2025-12-20 05:24:28.566714,1,0.7166398,1
O038817,C07410,P02151,2025-12-20 05:37:34.826370,0,0.4913154,0
O038818,C02506,P02289,2025-12-20 05:50:41.086027,0,0.25455594,0
O038819,C02713,P00750,2025-12-20 06:03:47.345683,1,0.34371045,0
O038820,C02951,P01230,2025-12-20 06:16:53.605340,0,0.26989478,0
O038821,C06689,P02217,2025-12-20 06:29:59.864996,0,0.5548559,1
O038822,C04674,P01487,2025-12-20 06:43:06.124653,0,0.25858694,0
O038823,C06392,P00837,2025-12-20 06:56:12.384309,0,0.68362737,1
O038824,C07694,P01601,2025-12-20 07:09:18.643966,0,0.5677179,1
O038825,C05169,P01146,2025-12-20 07:22:24.903622,0,0.46667147,0
O038826,C06940,P02312,2025-12-20 07:35:31.163279,0,0.42153484,0
O038827,C02831,P00017,2025-12-20 07:48:37.422935,1,0.44056436,0
O038828,C07359,P00491,2025-12-20 08:01:43.682592,0,0.3190339,0
O038829,C02490,P01632,2025-12-20 08:14:49.942248,0,0.32186043,0
O038830,C00641,P00835,2025-12-20 08:27:56.201905,0,0.7682662,1
O038831,C07268,P02349,2025-12-20 08:41:02.461561,0,0.462266,0
O038832,C05239,P01957,2025-12-20 08:54:08.721218,0,0.5802343,1
O038833,C01473,P00203,2025-12-20 09:07:14.980874,0,0.4519792,0
O038834,C04890,P00668,2025-12-20 09:20:21.240531,1,0.4140187,0
O038835,C05619,P00451,2025-12-20 09:33:27.500187,0,0.4462337,0
O038836,C07657,P02217,2025-12-20 09:46:33.759843,0,0.5287448,1
O038837,C01622,P02338,2025-12-20 09:59:40.019500,1,0.70833015,1
O038838,C07336,P02428,2025-12-20 10:12:46.279156,0,0.4686093,0
O038839,C02279,P00620,2025-12-20 10:25:52.538813,1,0.18262927,0
O038840,C07802,P02070,2025-12-20 10:38:58.798469,0,0.4200281,0
O038841,C01707,P00801,2025-12-20 10:52:05.058126,0,0.60703444,1
O038842,C02983,P02153,2025-12-20 11:05:11.317782,0,0.34271675,0
O038843,C07026,P01470,2025-12-20 11:18:17.577439,1,0.4606408,0
O038844,C07411,P02246,2025-12-20 11:31:23.837095,0,0.3747607,0
O038845,C00414,P01647,2025-12-20 11:44:30.096752,1,0.243806,0
O038846,C00901,P01492,2025-12-20 11:57:36.356408,0,0.44773835,0
O038847,C05648,P00411,2025-12-20 12:10:42.616065,0,0.17119914,0
O038848,C04756,P01063,2025-12-20 12:23:48.875721,0,0.20195183,0
O038849,C00138,P01304,2025-12-20 12:36:55.135378,0,0.6070224,1
O038850,C03251,P00456,2025-12-20 12:50:01.395034,1,0.4726774,0
O038851,C00147,P00543,2025-12-20 13:03:07.654691,0,0.53609097,1
O038852,C05590,P01852,2025-12-20 13:16:13.914347,0,0.43415394,0
O038853,C06112,P01101,2025-12-20 13:29:20.174004,0,0.45861676,0
O038854,C07400,P02018,2025-12-20 13:42:26.433660,0,0.4921932,0
O038855,C07604,P00009,2025-12-20 13:55:32.693317,0,0.38496783,0
O038856,C01011,P00552,2025-12-20 14:08:38.952973,0,0.50059605,1
O038857,C03981,P02281,2025-12-20 14:21:45.212630,0,0.17156655,0
O038858,C05161,P00915,2025-12-20 14:34:51.472286,0,0.46382234,0
O038859,C05452,P02234,2025-12-20 14:47:57.731943,1,0.52216864,1
O038860,C07326,P00888,2025-12-20 15:01:03.991599,0,0.43693084,0
O038861,C07052,P00315,2025-12-20 15:14:10.251256,0,0.3849641,0
O038862,C02530,P00395,2025-12-20 15:27:16.510912,0,0.19906303,0
O038863,C07974,P02154,2025-12-20 15:40:22.770569,0,0.6339817,1
O038864,C04135,P01194,2025-12-20 15:53:29.030225,0,0.2446718,0
O038865,C00330,P00046,2025-12-20 16:06:35.289882,0,0.43594414,0
O038866,C03112,P02457,2025-12-20 16:19:41.549538,0,0.29053062,0
O038867,C05150,P00270,2025-12-20 16:32:47.809195,0,0.44866276,0
O038868,C02631,P02119,2025-12-20 16:45:54.068851,0,0.6187502,1
O038869,C05901,P01157,2025-12-20 16:59:00.328508,0,0.27651927,0
O038870,C04837,P00211,2025-12-20 17:12:06.588164,1,0.66162926,1
O038871,C06331,P01416,2025-12-20 17:25:12.847821,0,0.34330747,0
O038872,C07732,P01006,2025-12-20 17:38:19.107477,0,0.24402647,0
O038873,C03096,P01219,2025-12-20 17:51:25.367134,1,0.64435387,1
O038874,C01443,P02275,2025-12-20 18:04:31.626790,0,0.4667211,0
O038875,C00267,P01041,2025-12-20 18:17:37.886447,0,0.4092155,0
O038876,C00267,P00271,2025-12-20 18:30:44.146103,1,0.39083678,0
O038877,C00946,P01945,2025-12-20 18:43:50.405760,0,0.32056642,0
O038878,C03715,P00021,2025-12-20 18:56:56.665416,1,0.66071147,1
O038879,C03360,P02271,2025-12-20 19:10:02.925073,0,0.4393074,0
O038880,C06182,P01673,2025-12-20 19:23:09.184729,0,0.41012308,0
O038881,C05625,P00187,2025-12-20 19:36:15.444386,0,0.40735897,0
O038882,C07079,P01833,2025-12-20 19:49:21.704042,1,0.42123887,0
O038883,C05596,P01731,2025-12-20 20:02:27.963699,1,0.6552096,1
O038884,C07902,P01656,2025-12-20 20:15:34.223355,0,0.17267372,0
O038885,C04431,P01668,2025-12-20 20:28:40.483012,0,0.4105453,0
O038886,C07364,P01895,2025-12-20 20:41:46.742668,1,0.22864449,0
O038887,C03843,P00882,2025-12-20 20:54:53.002325,1,0.47384736,0
O038888,C00273,P01285,2025-12-20 21:07:59.261981,0,0.27434868,0
O038889,C05730,P01467,2025-12-20 21:21:05.521638,0,0.13403672,0
O038890,C01418,P00682,2025-12-20 21:34:11.781294,0,0.26655588,0
O038891,C01818,P00795,2025-12-20 21:47:18.040951,0,0.48517287,0
O038892,C06516,P00730,2025-12-20 22:00:24.300607,0,0.54118925,1
O038893,C01889,P00832,2025-12-20 22:13:30.560264,1,0.6110365,1
O038894,C00138,P00705,2025-12-20 22:26:36.819920,1,0.81001157,1
O038895,C06679,P01809,2025-12-20 22:39:43.079576,0,0.39073965,0
O038896,C04824,P00993,2025-12-20 22:52:49.339233,0,0.28107277,0
O038897,C06352,P00465,2025-12-20 23:05:55.598889,0,0.7093263,1
O038898,C03928,P00561,2025-12-20 23:19:01.858546,0,0.36390752,0
O038899,C06650,P01136,2025-12-20 23:32:08.118202,0,0.25319055,0
O038900,C02013,P00825,2025-12-20 23:45:14.377859,0,0.23162098,0
O038901,C01974,P02397,2025-12-20 23:58:20.637515,0,0.23874073,0
O038902,C03386,P00845,2025-12-21 00:11:26.897172,0,0.47823614,0
O038903,C04737,P02344,2025-12-21 00:24:33.156828,1,0.8239678,1
O038904,C06301,P01760,2025-12-21 00:37:39.416485,1,0.67471236,1
O038905,C03997,P01278,2025-12-21 00:50:45.676141,1,0.6342199,1
O038906,C03092,P00623,2025-12-21 01:03:51.935798,0,0.14671344,0
O038907,C06301,P02101,2025-12-21 01:16:58.195454,1,0.46043974,0
O038908,C01924,P02320,2025-12-21 01:30:04.455111,0,0.23385169,0
O038909,C05628,P01879,2025-12-21 01:43:10.714767,0,0.7363529,1
O038910,C01656,P02435,2025-12-21 01:56:16.974424,0,0.5956739,1
O038911,C04074,P00889,2025-12-21 02:09:23.234080,0,0.7304878,1
O038912,C02333,P02149,2025-12-21 02:22:29.493737,1,0.44483644,0
O038913,C04339,P01975,2025-12-21 02:35:35.753393,0,0.6940206,1
O038914,C01785,P01312,2025-12-21 02:48:42.013050,0,0.5988653,1
O038915,C02923,P02477,2025-12-21 03:01:48.272706,0,0.67014134,1
O038916,C00499,P01249,2025-12-21 03:14:54.532363,0,0.5628182,1
O038917,C05704,P01059,2025-12-21 03:28:00.792019,0,0.31443366,0
O038918,C05489,P00791,2025-12-21 03:41:07.051676,1,0.375149,0
O038919,C01899,P01026,2025-12-21 03:54:13.311332,0,0.33099338,0
O038920,C03367,P01422,2025-12-21 04:07:19.570989,0,0.49113873,0
O038921,C01442,P02275,2025-12-21 04:20:25.830645,0,0.75578254,1
O038922,C07102,P00759,2025-12-21 04:33:32.090302,0,0.39521816,0
O038923,C02238,P01545,2025-12-21 04:46:38.349958,0,0.23035584,0
O038924,C04468,P01308,2025-12-21 04:59:44.609615,0,0.19732983,0
O038925,C00479,P00098,2025-12-21 05:12:50.869271,0,0.116297945,0
O038926,C02746,P01567,2025-12-21 05:25:57.128928,1,0.37887847,0
O038927,C03258,P01131,2025-12-21 05:39:03.388584,1,0.27397704,0
O038928,C07796,P02200,2025-12-21 05:52:09.648241,1,0.2237142,0
O038929,C03034,P00784,2025-12-21 06:05:15.907897,0,0.24771447,0
O038930,C06338,P02082,2025-12-21 06:18:22.167554,0,0.313384,0
O038931,C00005,P00289,2025-12-21 06:31:28.427210,0,0.3356989,0
O038932,C02146,P02038,2025-12-21 06:44:34.686867,1,0.22605185,0
O038933,C06954,P02330,2025-12-21 06:57:40.946523,0,0.7091131,1
O038934,C02254,P02366,2025-12-21 07:10:47.206180,1,0.7054559,1
O038935,C02618,P00275,2025-12-21 07:23:53.465836,0,0.23835833,0
O038936,C07991,P01673,2025-12-21 07:36:59.725493,0,0.2601303,0
O038937,C03432,P02304,2025-12-21 07:50:05.985149,0,0.240844,0
O038938,C00471,P01766,2025-12-21 08:03:12.244806,0,0.3177562,0
O038939,C05874,P00848,2025-12-21 08:16:18.504462,0,0.47648147,0
O038940,C06334,P01610,2025-12-21 08:29:24.764119,0,0.6717662,1
O038941,C02948,P01903,2025-12-21 08:42:31.023775,1,0.36349025,0
O038942,C01065,P01387,2025-12-21 08:55:37.283432,0,0.5237911,1
O038943,C04488,P01356,2025-12-21 09:08:43.543088,0,0.5095859,1
O038944,C07019,P00286,2025-12-21 09:21:49.802745,1,0.63303256,1
O038945,C00662,P01059,2025-12-21 09:34:56.062401,0,0.2955942,0
O038946,C05148,P00904,2025-12-21 09:48:02.322058,0,0.79881054,1
O038947,C07903,P01690,2025-12-21 10:01:08.581714,0,0.37954947,0
O038948,C02613,P00291,2025-12-21 10:14:14.841371,0,0.25907,0
O038949,C02384,P00570,2025-12-21 10:27:21.101027,1,0.1728082,0
O038950,C00697,P01521,2025-12-21 10:40:27.360684,1,0.50241834,1
O038951,C07847,P00046,2025-12-21 10:53:33.620340,0,0.35316685,0
O038952,C02236,P00552,2025-12-21 11:06:39.879997,0,0.5072812,1
O038953,C01414,P01531,2025-12-21 11:19:46.139653,0,0.19916043,0
O038954,C01550,P01809,2025-12-21 11:32:52.399309,0,0.5784785,1
O038955,C05269,P01113,2025-12-21 11:45:58.658966,0,0.7647437,1
O038956,C00576,P00718,2025-12-21 11:59:04.918622,0,0.56215656,1
O038957,C04893,P00678,2025-12-21 12:12:11.178279,0,0.432626,0
O038958,C05736,P00450,2025-12-21 12:25:17.437935,0,0.56633043,1
O038959,C02473,P00382,2025-12-21 12:38:23.697592,0,0.3190679,0
O038960,C06384,P00710,2025-12-21 12:51:29.957248,0,0.34088683,0
O038961,C05090,P02011,2025-12-21 13:04:36.216905,0,0.66319406,1
O038962,C00633,P01413,2025-12-21 13:17:42.476561,0,0.4314863,0
O038963,C02848,P01112,2025-12-21 13:30:48.736218,1,0.32994527,0
O038964,C00898,P01189,2025-12-21 13:43:54.995874,0,0.2133814,0
O038965,C00513,P02375,2025-12-21 13:57:01.255531,1,0.7050549,1
O038966,C01546,P02449,2025-12-21 14:10:07.515187,0,0.4685743,0
O038967,C06978,P02088,2025-12-21 14:23:13.774844,0,0.4109837,0
O038968,C04485,P00041,2025-12-21 14:36:20.034500,0,0.38307044,0
O038969,C01074,P02478,2025-12-21 14:49:26.294157,1,0.74394935,1
O038970,C02124,P02410,2025-12-21 15:02:32.553813,0,0.23275982,0
O038971,C01409,P00791,2025-12-21 15:15:38.813470,0,0.47947058,0
O038972,C04140,P00409,2025-12-21 15:28:45.073126,0,0.2285529,0
O038973,C05162,P02034,2025-12-21 15:41:51.332783,1,0.4844978,0
O038974,C07904,P00493,2025-12-21 15:54:57.592439,0,0.43723798,0
O038975,C06388,P01514,2025-12-21 16:08:03.852096,0,0.42564312,0
O038976,C02551,P00006,2025-12-21 16:21:10.111752,1,0.35902402,0
O038977,C01856,P00504,2025-12-21 16:34:16.371409,0,0.46453214,0
O038978,C01125,P01194,2025-12-21 16:47:22.631065,0,0.3255625,0
O038979,C01198,P02218,2025-12-21 17:00:28.890722,0,0.1937725,0
O038980,C00037,P01677,2025-12-21 17:13:35.150378,0,0.22414282,0
O038981,C03531,P01924,2025-12-21 17:26:41.410035,0,0.1934716,0
O038982,C03294,P00428,2025-12-21 17:39:47.669691,0,0.35867625,0
O038983,C01355,P00531,2025-12-21 17:52:53.929348,0,0.55425775,1
O038984,C03971,P00672,2025-12-21 18:06:00.189004,0,0.25760773,0
O038985,C01058,P01688,2025-12-21 18:19:06.448661,0,0.87453383,1
O038986,C01368,P02011,2025-12-21 18:32:12.708317,0,0.7187767,1
O038987,C06421,P01156,2025-12-21 18:45:18.967974,0,0.30317974,0
O038988,C03623,P02454,2025-12-21 18:58:25.227630,0,0.3317255,0
O038989,C02085,P01951,2025-12-21 19:11:31.487287,1,0.22623189,0
O038990,C06725,P00378,2025-12-21 19:24:37.746943,1,0.7831899,1
O038991,C07954,P00451,2025-12-21 19:37:44.006600,0,0.63427514,1
O038992,C03075,P00093,2025-12-21 19:50:50.266256,1,0.4597358,0
O038993,C01315,P00062,2025-12-21 20:03:56.525913,1,0.530836,1
O038994,C04834,P02077,2025-12-21 20:17:02.785569,0,0.52375007,1
O038995,C01118,P00837,2025-12-21 20:30:09.045226,0,0.5402245,1
O038996,C04866,P00166,2025-12-21 20:43:15.304882,1,0.41287178,0
O038997,C01011,P02101,2025-12-21 20:56:21.564539,0,0.4176228,0
O038998,C03312,P00218,2025-12-21 21:09:27.824195,0,0.15433343,0
O038999,C06537,P01722,2025-12-21 21:22:34.083852,0,0.6933149,1
O039000,C02293,P01570,2025-12-21 21:35:40.343508,0,0.389719,0
O039001,C02761,P00046,2025-12-21 21:48:46.603165,0,0.342301,0
O039002,C05346,P01562,2025-12-21 22:01:52.862821,0,0.27528232,0
O039003,C04037,P00468,2025-12-21 22:14:59.122478,1,0.62365735,1
O039004,C02602,P02369,2025-12-21 22:28:05.382134,0,0.3851506,0
O039005,C02606,P01859,2025-12-21 22:41:11.641791,1,0.50517863,1
O039006,C06826,P01476,2025-12-21 22:54:17.901447,0,0.41801155,0
O039007,C01596,P00045,2025-12-21 23:07:24.161104,0,0.73937875,1
O039008,C05024,P01609,2025-12-21 23:20:30.420760,0,0.30825987,0
O039009,C03562,P00329,2025-12-21 23:33:36.680417,0,0.3090229,0
O039010,C00161,P00068,2025-12-21 23:46:42.940073,1,0.6232171,1
O039011,C03279,P02321,2025-12-21 23:59:49.199729,0,0.3251713,0
O039012,C00514,P00772,2025-12-22 00:12:55.459386,0,0.52187145,1
O039013,C05129,P01377,2025-12-22 00:26:01.719042,0,0.5601957,1
O039014,C02378,P01471,2025-12-22 00:39:07.978699,0,0.58749515,1
O039015,C02217,P00694,2025-12-22 00:52:14.238355,1,0.58785886,1
O039016,C03266,P01231,2025-12-22 01:05:20.498012,0,0.73560494,1
O039017,C07355,P01315,2025-12-22 01:18:26.757668,1,0.5768979,1
O039018,C01670,P00353,2025-12-22 01:31:33.017325,1,0.7883568,1
O039019,C05021,P00644,2025-12-22 01:44:39.276981,0,0.79586196,1
O039020,C07442,P00416,2025-12-22 01:57:45.536638,0,0.46287993,0
O039021,C00306,P02298,2025-12-22 02:10:51.796294,0,0.49641973,0
O039022,C00841,P01044,2025-12-22 02:23:58.055951,0,0.45403504,0
O039023,C00416,P00304,2025-12-22 02:37:04.315607,1,0.78630406,1
O039024,C04437,P01399,2025-12-22 02:50:10.575264,0,0.60601145,1
O039025,C03148,P01841,2025-12-22 03:03:16.834920,0,0.50247455,1
O039026,C05678,P00340,2025-12-22 03:16:23.094577,0,0.22596268,0
O039027,C00049,P00684,2025-12-22 03:29:29.354233,0,0.7398843,1
O039028,C03338,P00517,2025-12-22 03:42:35.613890,0,0.16797504,0
O039029,C07726,P00824,2025-12-22 03:55:41.873546,0,0.20872642,0
O039030,C05430,P02408,2025-12-22 04:08:48.133203,0,0.5038639,1
O039031,C04893,P00136,2025-12-22 04:21:54.392859,0,0.5315782,1
O039032,C06271,P00373,2025-12-22 04:35:00.652516,0,0.8264647,1
O039033,C00707,P02329,2025-12-22 04:48:06.912172,1,0.43767995,0
O039034,C01098,P01404,2025-12-22 05:01:13.171829,0,0.7285672,1
O039035,C04609,P00934,2025-12-22 05:14:19.431485,0,0.7569852,1
O039036,C02420,P00037,2025-12-22 05:27:25.691142,0,0.3589001,0
O039037,C05373,P02471,2025-12-22 05:40:31.950798,0,0.29433143,0
O039038,C03079,P00006,2025-12-22 05:53:38.210455,0,0.2916859,0
O039039,C05369,P01503,2025-12-22 06:06:44.470111,1,0.5241835,1
O039040,C04863,P01550,2025-12-22 06:19:50.729768,0,0.39461407,0
O039041,C04943,P01601,2025-12-22 06:32:56.989424,0,0.5245027,1
O039042,C04823,P02006,2025-12-22 06:46:03.249081,0,0.39325812,0
O039043,C05311,P00801,2025-12-22 06:59:09.508737,0,0.524505,1
O039044,C00290,P00414,2025-12-22 07:12:15.768394,0,0.60214806,1
O039045,C06057,P00441,2025-12-22 07:25:22.028050,1,0.7966096,1
O039046,C06863,P00817,2025-12-22 07:38:28.287707,0,0.71490645,1
O039047,C02906,P00816,2025-12-22 07:51:34.547363,0,0.118216716,0
O039048,C00940,P01690,2025-12-22 08:04:40.807020,0,0.32926428,0
O039049,C05869,P01053,2025-12-22 08:17:47.066676,0,0.7521312,1
O039050,C05731,P00279,2025-12-22 08:30:53.326333,1,0.28678998,0
O039051,C02772,P00071,2025-12-22 08:43:59.585989,0,0.3088219,0
O039052,C01034,P00286,2025-12-22 08:57:05.845646,1,0.6635842,1
O039053,C04442,P01806,2025-12-22 09:10:12.105302,0,0.49781767,0
O039054,C01916,P02065,2025-12-22 09:23:18.364959,0,0.34352133,0
O039055,C06001,P01241,2025-12-22 09:36:24.624615,1,0.5398823,1
O039056,C07994,P02199,2025-12-22 09:49:30.884272,1,0.50436985,1
O039057,C06717,P01530,2025-12-22 10:02:37.143928,1,0.7915183,1
O039058,C03612,P00506,2025-12-22 10:15:43.403585,0,0.49919906,0
O039059,C00147,P00736,2025-12-22 10:28:49.663241,0,0.7141908,1
O039060,C05128,P01680,2025-12-22 10:41:55.922898,0,0.36386645,0
O039061,C05845,P00019,2025-12-22 10:55:02.182554,0,0.4774385,0
O039062,C05507,P01589,2025-12-22 11:08:08.442211,0,0.65926266,1
O039063,C04496,P01503,2025-12-22 11:21:14.701867,0,0.41176257,0
O039064,C00038,P02103,2025-12-22 11:34:20.961524,0,0.46197104,0
O039065,C00423,P02294,2025-12-22 11:47:27.221180,0,0.27676827,0
O039066,C07840,P01097,2025-12-22 12:00:33.480837,0,0.39096656,0
O039067,C04449,P01138,2025-12-22 12:13:39.740493,0,0.23275992,0
O039068,C00861,P01311,2025-12-22 12:26:46.000150,0,0.46190777,0
O039069,C02737,P01200,2025-12-22 12:39:52.259806,1,0.59384954,1
O039070,C05999,P00666,2025-12-22 12:52:58.519462,0,0.16875724,0
O039071,C00454,P01620,2025-12-22 13:06:04.779119,1,0.70806116,1
O039072,C05438,P01953,2025-12-22 13:19:11.038775,0,0.19712204,0
O039073,C00885,P00154,2025-12-22 13:32:17.298432,0,0.502723,1
O039074,C02561,P02447,2025-12-22 13:45:23.558088,0,0.59263253,1
O039075,C07847,P00859,2025-12-22 13:58:29.817745,0,0.28504598,0
O039076,C07958,P00823,2025-12-22 14:11:36.077401,1,0.54220164,1
O039077,C05466,P02453,2025-12-22 14:24:42.337058,1,0.74747515,1
O039078,C01354,P00255,2025-12-22 14:37:48.596714,0,0.46681792,0
O039079,C02384,P01496,2025-12-22 14:50:54.856371,0,0.31909668,0
O039080,C05400,P01115,2025-12-22 15:04:01.116027,0,0.8139548,1
O039081,C05795,P02121,2025-12-22 15:17:07.375684,0,0.36605427,0
O039082,C00252,P00017,2025-12-22 15:30:13.635340,0,0.57888174,1
O039083,C00792,P00987,2025-12-22 15:43:19.894997,0,0.294903,0
O039084,C03138,P01782,2025-12-22 15:56:26.154653,0,0.2554414,0
O039085,C03492,P00900,2025-12-22 16:09:32.414310,0,0.30670238,0
O039086,C06461,P01546,2025-12-22 16:22:38.673966,1,0.593645,1
O039087,C07793,P02229,2025-12-22 16:35:44.933623,0,0.5551664,1
O039088,C06766,P00678,2025-12-22 16:48:51.193279,1,0.39294657,0
O039089,C03392,P02214,2025-12-22 17:01:57.452936,0,0.49381912,0
O039090,C07009,P01919,2025-12-22 17:15:03.712592,0,0.3047333,0
O039091,C01046,P00605,2025-12-22 17:28:09.972249,0,0.67335844,1
O039092,C02290,P01861,2025-12-22 17:41:16.231905,0,0.45886105,0
O039093,C03478,P01967,2025-12-22 17:54:22.491562,0,0.5770721,1
O039094,C00889,P01198,2025-12-22 18:07:28.751218,0,0.46065152,0
O039095,C07758,P01759,2025-12-22 18:20:35.010875,1,0.5538851,1
O039096,C00311,P01232,2025-12-22 18:33:41.270531,0,0.2229638,0
O039097,C00983,P00354,2025-12-22 18:46:47.530188,1,0.5197608,1
O039098,C02596,P01568,2025-12-22 18:59:53.789844,1,0.25740233,0
O039099,C01009,P00434,2025-12-22 19:13:00.049501,0,0.34130988,0
O039100,C02378,P02347,2025-12-22 19:26:06.309157,0,0.6947544,1
O039101,C07206,P01331,2025-12-22 19:39:12.568814,0,0.45519567,0
O039102,C02005,P00221,2025-12-22 19:52:18.828470,0,0.458456,0
O039103,C01773,P01461,2025-12-22 20:05:25.088127,0,0.39780122,0
O039104,C00066,P02100,2025-12-22 20:18:31.347783,0,0.10154563,0
O039105,C01831,P02074,2025-12-22 20:31:37.607440,0,0.32205752,0
O039106,C04210,P00776,2025-12-22 20:44:43.867096,0,0.40365982,0
O039107,C03530,P01330,2025-12-22 20:57:50.126753,0,0.36498818,0
O039108,C00390,P01396,2025-12-22 21:10:56.386409,0,0.3311949,0
O039109,C05254,P00764,2025-12-22 21:24:02.646066,1,0.42034027,0
O039110,C03240,P01061,2025-12-22 21:37:08.905722,0,0.446741,0
O039111,C03014,P00849,2025-12-22 21:50:15.165379,0,0.44860667,0
O039112,C00526,P00001,2025-12-22 22:03:21.425035,0,0.28104,0
O039113,C05057,P00490,2025-12-22 22:16:27.684692,0,0.48856384,0
O039114,C00453,P00902,2025-12-22 22:29:33.944348,0,0.26365694,0
O039115,C02281,P02203,2025-12-22 22:42:40.204005,0,0.41883633,0
O039116,C07488,P02362,2025-12-22 22:55:46.463661,0,0.3448557,0
O039117,C07579,P01592,2025-12-22 23:08:52.723318,0,0.7875809,1
O039118,C05702,P00591,2025-12-22 23:21:58.982974,0,0.42150438,0
O039119,C05014,P01738,2025-12-22 23:35:05.242631,0,0.25178462,0
O039120,C04824,P01832,2025-12-22 23:48:11.502287,0,0.3913872,0
O039121,C04547,P00256,2025-12-23 00:01:17.761944,0,0.4663791,0
O039122,C04070,P00057,2025-12-23 00:14:24.021600,0,0.36441618,0
O039123,C01773,P01243,2025-12-23 00:27:30.281257,0,0.19248396,0
O039124,C07959,P00586,2025-12-23 00:40:36.540913,0,0.13428012,0
O039125,C03800,P01612,2025-12-23 00:53:42.800570,1,0.5984277,1
O039126,C07383,P01248,2025-12-23 01:06:49.060226,0,0.4038103,0
O039127,C05759,P00283,2025-12-23 01:19:55.319882,0,0.5582986,1
O039128,C03359,P01219,2025-12-23 01:33:01.579539,1,0.6312521,1
O039129,C05147,P01215,2025-12-23 01:46:07.839195,0,0.64890504,1
O039130,C01697,P02500,2025-12-23 01:59:14.098852,1,0.7668885,1
O039131,C06976,P02021,2025-12-23 02:12:20.358508,0,0.29647735,0
O039132,C05850,P01684,2025-12-23 02:25:26.618165,0,0.54159266,1
O039133,C03426,P02313,2025-12-23 02:38:32.877821,0,0.20125633,0
O039134,C06894,P01445,2025-12-23 02:51:39.137478,0,0.27214655,0
O039135,C04567,P00713,2025-12-23 03:04:45.397134,0,0.32292005,0
O039136,C01048,P01782,2025-12-23 03:17:51.656791,1,0.22914423,0
O039137,C00818,P00445,2025-12-23 03:30:57.916447,0,0.44153005,0
O039138,C00195,P02459,2025-12-23 03:44:04.176104,0,0.22366066,0
O039139,C02011,P00399,2025-12-23 03:57:10.435760,0,0.28647795,0
O039140,C00732,P01045,2025-12-23 04:10:16.695417,0,0.64715326,1
O039141,C03617,P01087,2025-12-23 04:23:22.955073,0,0.43276116,0
O039142,C05044,P01810,2025-12-23 04:36:29.214730,0,0.5720885,1
O039143,C04540,P01253,2025-12-23 04:49:35.474386,0,0.14031208,0
O039144,C04039,P01288,2025-12-23 05:02:41.734043,0,0.53062063,1
O039145,C03827,P01616,2025-12-23 05:15:47.993699,0,0.40720174,0
O039146,C07680,P01605,2025-12-23 05:28:54.253356,0,0.3174274,0
O039147,C02528,P01742,2025-12-23 05:42:00.513012,0,0.51038784,1
O039148,C07485,P00606,2025-12-23 05:55:06.772669,0,0.27195916,0
O039149,C01751,P00275,2025-12-23 06:08:13.032325,0,0.20758234,0
O039150,C03292,P02024,2025-12-23 06:21:19.291982,0,0.53418416,1
O039151,C03797,P01486,2025-12-23 06:34:25.551638,0,0.38426954,0
O039152,C00575,P01172,2025-12-23 06:47:31.811295,1,0.6260469,1
O039153,C05176,P00062,2025-12-23 07:00:38.070951,0,0.39846218,0
O039154,C02576,P01251,2025-12-23 07:13:44.330608,1,0.28270334,0
O039155,C07234,P00657,2025-12-23 07:26:50.590264,1,0.6093545,1
O039156,C05961,P02119,2025-12-23 07:39:56.849921,0,0.56223017,1
O039157,C02333,P00643,2025-12-23 07:53:03.109577,1,0.30223984,0
O039158,C01915,P00403,2025-12-23 08:06:09.369234,0,0.47139215,0
O039159,C07740,P02197,2025-12-23 08:19:15.628890,0,0.2593334,0
O039160,C00177,P01565,2025-12-23 08:32:21.888547,0,0.7628364,1
O039161,C07591,P00137,2025-12-23 08:45:28.148203,0,0.5408423,1
O039162,C01581,P00167,2025-12-23 08:58:34.407860,1,0.7133935,1
O039163,C01616,P00467,2025-12-23 09:11:40.667516,1,0.5467971,1
O039164,C05700,P00339,2025-12-23 09:24:46.927173,0,0.51734006,1
O039165,C01558,P00440,2025-12-23 09:37:53.186829,0,0.20261595,0
O039166,C05515,P00285,2025-12-23 09:50:59.446486,0,0.43320733,0
O039167,C00397,P00896,2025-12-23 10:04:05.706142,0,0.6834984,1
O039168,C03694,P01790,2025-12-23 10:17:11.965799,0,0.18514171,0
O039169,C05268,P02300,2025-12-23 10:30:18.225455,0,0.3267001,0
O039170,C03464,P00870,2025-12-23 10:43:24.485112,0,0.3527293,0
O039171,C03355,P01744,2025-12-23 10:56:30.744768,0,0.16795331,0
O039172,C02324,P02484,2025-12-23 11:09:37.004425,0,0.6236568,1
O039173,C01619,P01529,2025-12-23 11:22:43.264081,0,0.586184,1
O039174,C03067,P00148,2025-12-23 11:35:49.523738,1,0.7500501,1
O039175,C07926,P00510,2025-12-23 11:48:55.783394,1,0.73940283,1
O039176,C02952,P00019,2025-12-23 12:02:02.043051,1,0.727635,1
O039177,C05294,P00472,2025-12-23 12:15:08.302707,0,0.4465696,0
O039178,C01184,P02040,2025-12-23 12:28:14.562364,0,0.58858824,1
O039179,C00284,P00315,2025-12-23 12:41:20.822020,0,0.45291513,0
O039180,C03016,P01289,2025-12-23 12:54:27.081677,0,0.7266982,1
O039181,C05818,P00402,2025-12-23 13:07:33.341333,0,0.18551283,0
O039182,C02486,P01845,2025-12-23 13:20:39.600990,1,0.5769243,1
O039183,C04714,P00118,2025-12-23 13:33:45.860646,0,0.3703249,0
O039184,C05311,P02037,2025-12-23 13:46:52.120303,0,0.3176223,0
O039185,C03455,P01933,2025-12-23 13:59:58.379959,0,0.35418135,0
O039186,C01912,P01917,2025-12-23 14:13:04.639615,0,0.36639258,0
O039187,C00869,P00274,2025-12-23 14:26:10.899272,0,0.5946979,1
O039188,C03984,P01862,2025-12-23 14:39:17.158928,0,0.3816539,0
O039189,C05746,P01465,2025-12-23 14:52:23.418585,1,0.885415,1
O039190,C06247,P00859,2025-12-23 15:05:29.678241,1,0.2342959,0
O039191,C04907,P02107,2025-12-23 15:18:35.937898,0,0.23252198,0
O039192,C00594,P01541,2025-12-23 15:31:42.197554,0,0.23067558,0
O039193,C06728,P00285,2025-12-23 15:44:48.457211,1,0.30967712,0
O039194,C02008,P01241,2025-12-23 15:57:54.716867,1,0.8832951,1
O039195,C00068,P00511,2025-12-23 16:11:00.976524,0,0.36908925,0
O039196,C05891,P02438,2025-12-23 16:24:07.236180,0,0.23487991,0
O039197,C05646,P02294,2025-12-23 16:37:13.495837,0,0.3768972,0
O039198,C05107,P00376,2025-12-23 16:50:19.755493,0,0.28731883,0
O039199,C05722,P00358,2025-12-23 17:03:26.015150,1,0.17763756,0
O039200,C00118,P00619,2025-12-23 17:16:32.274806,1,0.3260811,0
O039201,C07029,P01113,2025-12-23 17:29:38.534463,0,0.71159923,1
O039202,C02963,P01107,2025-12-23 17:42:44.794119,0,0.33873248,0
O039203,C05243,P01861,2025-12-23 17:55:51.053776,0,0.48578954,0
O039204,C03768,P00451,2025-12-23 18:08:57.313432,0,0.58368343,1
O039205,C02989,P00712,2025-12-23 18:22:03.573089,1,0.24794963,0
O039206,C03156,P01700,2025-12-23 18:35:09.832745,0,0.5282948,1
O039207,C01927,P02058,2025-12-23 18:48:16.092402,0,0.4377183,0
O039208,C04890,P00116,2025-12-23 19:01:22.352058,0,0.5044152,1
O039209,C02445,P01497,2025-12-23 19:14:28.611715,1,0.40263999,0
O039210,C02856,P01451,2025-12-23 19:27:34.871371,0,0.4680526,0
O039211,C04519,P00395,2025-12-23 19:40:41.131028,0,0.31273425,0
O039212,C00815,P01557,2025-12-23 19:53:47.390684,0,0.41411555,0
O039213,C02886,P00671,2025-12-23 20:06:53.650341,0,0.6321106,1
O039214,C00319,P00619,2025-12-23 20:19:59.909997,0,0.24804066,0
O039215,C05531,P02336,2025-12-23 20:33:06.169654,0,0.6396985,1
O039216,C05910,P00469,2025-12-23 20:46:12.429310,0,0.41653845,0
O039217,C07396,P00424,2025-12-23 20:59:18.688967,0,0.32290184,0
O039218,C00070,P00897,2025-12-23 21:12:24.948623,0,0.5080946,1
O039219,C02934,P00443,2025-12-23 21:25:31.208280,0,0.5984631,1
O039220,C06472,P00376,2025-12-23 21:38:37.467936,1,0.40942425,0
O039221,C05894,P00642,2025-12-23 21:51:43.727593,1,0.60660255,1
O039222,C02287,P00818,2025-12-23 22:04:49.987249,0,0.40094107,0
O039223,C01996,P00222,2025-12-23 22:17:56.246906,0,0.40746486,0
O039224,C06877,P02463,2025-12-23 22:31:02.506562,0,0.58218145,1
O039225,C02876,P00592,2025-12-23 22:44:08.766219,0,0.2167828,0
O039226,C02918,P01339,2025-12-23 22:57:15.025875,0,0.32445696,0
O039227,C01498,P01938,2025-12-23 23:10:21.285532,0,0.7174548,1
O039228,C04015,P00503,2025-12-23 23:23:27.545188,0,0.65917516,1
O039229,C05326,P00076,2025-12-23 23:36:33.804845,0,0.36237758,0
O039230,C01718,P00110,2025-12-23 23:49:40.064501,0,0.32949978,0
O039231,C06768,P00843,2025-12-24 00:02:46.324158,0,0.5861921,1
O039232,C04969,P01044,2025-12-24 00:15:52.583814,0,0.34888896,0
O039233,C02294,P00071,2025-12-24 00:28:58.843471,0,0.6858645,1
O039234,C06329,P02096,2025-12-24 00:42:05.103127,0,0.3453398,0
O039235,C04756,P00212,2025-12-24 00:55:11.362784,0,0.31999978,0
O039236,C02468,P00486,2025-12-24 01:08:17.622440,1,0.3496181,0
O039237,C07454,P02429,2025-12-24 01:21:23.882097,0,0.7146979,1
O039238,C07517,P00645,2025-12-24 01:34:30.141753,0,0.38292313,0
O039239,C02991,P00341,2025-12-24 01:47:36.401410,0,0.29876333,0
O039240,C00567,P01151,2025-12-24 02:00:42.661066,0,0.64276224,1
O039241,C04331,P02483,2025-12-24 02:13:48.920723,0,0.32952163,0
O039242,C01222,P00064,2025-12-24 02:26:55.180379,0,0.52833104,1
O039243,C07014,P01496,2025-12-24 02:40:01.440036,0,0.24147207,0
O039244,C03090,P01605,2025-12-24 02:53:07.699692,0,0.15441471,0
O039245,C01430,P02293,2025-12-24 03:06:13.959348,0,0.31090304,0
O039246,C02573,P01513,2025-12-24 03:19:20.219005,1,0.28183132,0
O039247,C06855,P02187,2025-12-24 03:32:26.478661,1,0.5843158,1
O039248,C06106,P01161,2025-12-24 03:45:32.738318,1,0.6033252,1
O039249,C00767,P00545,2025-12-24 03:58:38.997974,0,0.25251853,0
O039250,C01030,P00395,2025-12-24 04:11:45.257631,0,0.47248456,0
O039251,C02476,P00912,2025-12-24 04:24:51.517287,0,0.6259629,1
O039252,C04480,P00988,2025-12-24 04:37:57.776944,0,0.33454272,0
O039253,C00742,P00241,2025-12-24 04:51:04.036600,0,0.3754626,0
O039254,C01948,P02351,2025-12-24 05:04:10.296257,1,0.47556984,0
O039255,C01834,P01757,2025-12-24 05:17:16.555913,1,0.5562018,1
O039256,C04005,P00228,2025-12-24 05:30:22.815570,0,0.25261953,0
O039257,C02524,P02462,2025-12-24 05:43:29.075226,0,0.21791354,0
O039258,C02896,P01342,2025-12-24 05:56:35.334883,0,0.17141968,0
O039259,C06579,P02121,2025-12-24 06:09:41.594539,0,0.23174861,0
O039260,C04230,P01532,2025-12-24 06:22:47.854196,0,0.4907851,0
O039261,C03806,P01870,2025-12-24 06:35:54.113852,0,0.743245,1
O039262,C01281,P01099,2025-12-24 06:49:00.373509,1,0.27017894,0
O039263,C02643,P00349,2025-12-24 07:02:06.633165,0,0.24194883,0
O039264,C05146,P01225,2025-12-24 07:15:12.892822,0,0.49664122,0
O039265,C05755,P01089,2025-12-24 07:28:19.152478,0,0.2497927,0
O039266,C06109,P02051,2025-12-24 07:41:25.412135,0,0.24217023,0
O039267,C04078,P02013,2025-12-24 07:54:31.671791,0,0.19945441,0
O039268,C02661,P01026,2025-12-24 08:07:37.931448,0,0.40447587,0
O039269,C00747,P01159,2025-12-24 08:20:44.191104,0,0.68179405,1
O039270,C06011,P00131,2025-12-24 08:33:50.450761,0,0.63644135,1
O039271,C07529,P00660,2025-12-24 08:46:56.710417,1,0.6177837,1
O039272,C02225,P01952,2025-12-24 09:00:02.970074,0,0.4000203,0
O039273,C01128,P01405,2025-12-24 09:13:09.229730,0,0.29757705,0
O039274,C05925,P00131,2025-12-24 09:26:15.489387,0,0.6604272,1
O039275,C02693,P01415,2025-12-24 09:39:21.749043,1,0.27797708,0
O039276,C04862,P01248,2025-12-24 09:52:28.008700,1,0.19124839,0
O039277,C03512,P00681,2025-12-24 10:05:34.268356,0,0.158327,0
O039278,C03900,P01511,2025-12-24 10:18:40.528013,0,0.65718544,1
O039279,C06235,P02364,2025-12-24 10:31:46.787669,0,0.1963829,0
O039280,C01612,P00047,2025-12-24 10:44:53.047326,0,0.26910555,0
O039281,C06231,P02026,2025-12-24 10:57:59.306982,1,0.2935275,0
O039282,C02636,P00346,2025-12-24 11:11:05.566639,1,0.7577496,1
O039283,C04114,P01654,2025-12-24 11:24:11.826295,0,0.3672425,0
O039284,C00391,P00624,2025-12-24 11:37:18.085952,1,0.6635207,1
O039285,C02335,P02075,2025-12-24 11:50:24.345608,1,0.5224627,1
O039286,C04709,P02496,2025-12-24 12:03:30.605265,0,0.43710905,0
O039287,C00618,P02175,2025-12-24 12:16:36.864921,0,0.13972768,0
O039288,C02537,P00389,2025-12-24 12:29:43.124578,1,0.5581637,1
O039289,C03928,P02445,2025-12-24 12:42:49.384234,0,0.5466303,1
O039290,C01432,P02239,2025-12-24 12:55:55.643891,0,0.15459238,0
O039291,C00692,P01020,2025-12-24 13:09:01.903547,0,0.4453717,0
O039292,C01073,P02254,2025-12-24 13:22:08.163204,0,0.5212217,1
O039293,C04715,P01466,2025-12-24 13:35:14.422860,0,0.41637066,0
O039294,C06689,P02234,2025-12-24 13:48:20.682517,0,0.5612936,1
O039295,C01116,P02404,2025-12-24 14:01:26.942173,0,0.63111037,1
O039296,C07401,P01067,2025-12-24 14:14:33.201830,0,0.6869792,1
O039297,C05697,P02011,2025-12-24 14:27:39.461486,1,0.6321351,1
O039298,C04480,P00740,2025-12-24 14:40:45.721143,1,0.527383,1
O039299,C03326,P02247,2025-12-24 14:53:51.980799,0,0.33082882,0
O039300,C03602,P01472,2025-12-24 15:06:58.240456,0,0.3947006,0
O039301,C07237,P00261,2025-12-24 15:20:04.500112,1,0.5983339,1
O039302,C07848,P02116,2025-12-24 15:33:10.759768,0,0.17636222,0
O039303,C01737,P01112,2025-12-24 15:46:17.019425,0,0.35088155,0
O039304,C02716,P02259,2025-12-24 15:59:23.279081,0,0.5457501,1
O039305,C02508,P00292,2025-12-24 16:12:29.538738,0,0.28602126,0
O039306,C07725,P01323,2025-12-24 16:25:35.798394,0,0.22211026,0
O039307,C02828,P00698,2025-12-24 16:38:42.058051,0,0.20828167,0
O039308,C06408,P01801,2025-12-24 16:51:48.317707,0,0.30665594,0
O039309,C02243,P01445,2025-12-24 17:04:54.577364,1,0.47453427,0
O039310,C01039,P02209,2025-12-24 17:18:00.837020,0,0.30209485,0
O039311,C02759,P00985,2025-12-24 17:31:07.096677,1,0.5024543,1
O039312,C05234,P01601,2025-12-24 17:44:13.356333,0,0.65041906,1
O039313,C03133,P00983,2025-12-24 17:57:19.615990,0,0.7191798,1
O039314,C07604,P01260,2025-12-24 18:10:25.875646,1,0.18644422,0
O039315,C01345,P00827,2025-12-24 18:23:32.135303,1,0.4315755,0
O039316,C02079,P00548,2025-12-24 18:36:38.394959,1,0.2896743,0
O039317,C04279,P02015,2025-12-24 18:49:44.654616,0,0.6694116,1
O039318,C02913,P01978,2025-12-24 19:02:50.914272,1,0.3076735,0
O039319,C01040,P02307,2025-12-24 19:15:57.173929,0,0.7552153,1
O039320,C03087,P02468,2025-12-24 19:29:03.433585,0,0.54924345,1
O039321,C00754,P00449,2025-12-24 19:42:09.693242,0,0.43578768,0
O039322,C01280,P02385,2025-12-24 19:55:15.952898,0,0.20510682,0
O039323,C02599,P02240,2025-12-24 20:08:22.212555,0,0.70919,1
O039324,C06614,P00502,2025-12-24 20:21:28.472211,1,0.52093476,1
O039325,C02822,P02478,2025-12-24 20:34:34.731868,0,0.64984363,1
O039326,C05790,P01991,2025-12-24 20:47:40.991524,0,0.504108,1
O039327,C07600,P00698,2025-12-24 21:00:47.251181,0,0.27273864,0
O039328,C02870,P00481,2025-12-24 21:13:53.510837,0,0.38348377,0
O039329,C05348,P01745,2025-12-24 21:26:59.770494,0,0.2934996,0
O039330,C04669,P02180,2025-12-24 21:40:06.030150,0,0.39615083,0
O039331,C05137,P00183,2025-12-24 21:53:12.289807,1,0.74552625,1
O039332,C06217,P01962,2025-12-24 22:06:18.549463,0,0.51806307,1
O039333,C04664,P00325,2025-12-24 22:19:24.809120,0,0.48175144,0
O039334,C02115,P02231,2025-12-24 22:32:31.068776,0,0.7206713,1
O039335,C07159,P02242,2025-12-24 22:45:37.328433,0,0.24896042,0
O039336,C04844,P00002,2025-12-24 22:58:43.588089,0,0.30547586,0
O039337,C04900,P00898,2025-12-24 23:11:49.847746,0,0.24979275,0
O039338,C06346,P00752,2025-12-24 23:24:56.107402,0,0.43319228,0
O039339,C02017,P01017,2025-12-24 23:38:02.367059,0,0.5415116,1
O039340,C07944,P02239,2025-12-24 23:51:08.626715,0,0.38429493,0
O039341,C03649,P01967,2025-12-25 00:04:14.886372,0,0.4695727,0
O039342,C07218,P00655,2025-12-25 00:17:21.146028,1,0.69301534,1
O039343,C07368,P01663,2025-12-25 00:30:27.405685,1,0.69198114,1
O039344,C04388,P00758,2025-12-25 00:43:33.665341,1,0.5683853,1
O039345,C01469,P01769,2025-12-25 00:56:39.924998,0,0.26272708,0
O039346,C00363,P00597,2025-12-25 01:09:46.184654,0,0.5413349,1
O039347,C00086,P00607,2025-12-25 01:22:52.444311,0,0.52688605,1
O039348,C06679,P00832,2025-12-25 01:35:58.703967,1,0.67879575,1
O039349,C03458,P00342,2025-12-25 01:49:04.963624,0,0.7345184,1
O039350,C07716,P01729,2025-12-25 02:02:11.223280,0,0.51385033,1
O039351,C03162,P02012,2025-12-25 02:15:17.482937,0,0.65727544,1
O039352,C00148,P02015,2025-12-25 02:28:23.742593,1,0.20859265,0
O039353,C06935,P00354,2025-12-25 02:41:30.002250,1,0.5384674,1
O039354,C03424,P01667,2025-12-25 02:54:36.261906,1,0.59568727,1
O039355,C06232,P00274,2025-12-25 03:07:42.521563,1,0.47110993,0
O039356,C01444,P01947,2025-12-25 03:20:48.781219,0,0.64310235,1
O039357,C03182,P00276,2025-12-25 03:33:55.040876,0,0.2870112,0
O039358,C06278,P00437,2025-12-25 03:47:01.300532,0,0.257253,0
O039359,C06350,P02459,2025-12-25 04:00:07.560189,0,0.25034338,0
O039360,C01739,P01703,2025-12-25 04:13:13.819845,0,0.36890987,0
O039361,C02277,P01977,2025-12-25 04:26:20.079501,0,0.6053427,1
O039362,C03735,P01002,2025-12-25 04:39:26.339158,1,0.4628541,0
O039363,C07074,P01531,2025-12-25 04:52:32.598814,0,0.18487534,0
O039364,C04824,P00631,2025-12-25 05:05:38.858471,1,0.36556795,0
O039365,C01107,P01966,2025-12-25 05:18:45.118127,0,0.5031001,1
O039366,C07855,P01905,2025-12-25 05:31:51.377784,0,0.5485229,1
O039367,C05789,P02123,2025-12-25 05:44:57.637440,0,0.27328935,0
O039368,C07157,P01038,2025-12-25 05:58:03.897097,1,0.7264173,1
O039369,C04498,P01939,2025-12-25 06:11:10.156753,1,0.5802454,1
O039370,C03626,P01660,2025-12-25 06:24:16.416410,0,0.74568546,1
O039371,C05395,P00154,2025-12-25 06:37:22.676066,0,0.19228259,0
O039372,C04666,P00869,2025-12-25 06:50:28.935723,0,0.5351132,1
O039373,C01821,P01899,2025-12-25 07:03:35.195379,0,0.2129196,0
O039374,C00655,P01821,2025-12-25 07:16:41.455036,1,0.3383354,0
O039375,C06169,P02179,2025-12-25 07:29:47.714692,0,0.5695275,1
O039376,C00320,P01398,2025-12-25 07:42:53.974349,0,0.23397818,0
O039377,C06255,P00997,2025-12-25 07:56:00.234005,0,0.19742922,0
O039378,C00878,P00979,2025-12-25 08:09:06.493662,1,0.46931702,0
O039379,C01039,P02014,2025-12-25 08:22:12.753318,0,0.22548087,0
O039380,C05993,P00207,2025-12-25 08:35:19.012975,1,0.6296945,1
O039381,C06349,P02120,2025-12-25 08:48:25.272631,0,0.2591077,0
O039382,C07076,P01715,2025-12-25 09:01:31.532288,0,0.2582102,0
O039383,C02712,P01283,2025-12-25 09:14:37.791944,0,0.19971937,0
O039384,C04956,P01338,2025-12-25 09:27:44.051601,0,0.2837289,0
O039385,C04411,P01142,2025-12-25 09:40:50.311257,0,0.4498772,0
O039386,C03157,P01653,2025-12-25 09:53:56.570914,1,0.8099034,1
O039387,C01796,P00365,2025-12-25 10:07:02.830570,1,0.57020324,1
O039388,C03572,P02305,2025-12-25 10:20:09.090227,0,0.14132823,0
O039389,C00761,P01897,2025-12-25 10:33:15.349883,0,0.5895821,1
O039390,C07812,P00610,2025-12-25 10:46:21.609540,0,0.70083946,1
O039391,C03993,P01413,2025-12-25 10:59:27.869196,0,0.25481755,0
O039392,C04521,P01964,2025-12-25 11:12:34.128853,0,0.6256296,1
O039393,C07217,P01194,2025-12-25 11:25:40.388509,0,0.41679344,0
O039394,C05402,P01469,2025-12-25 11:38:46.648166,1,0.6850286,1
O039395,C05176,P00816,2025-12-25 11:51:52.907822,0,0.21362002,0
O039396,C02595,P01555,2025-12-25 12:04:59.167479,0,0.8163358,1
O039397,C01255,P02113,2025-12-25 12:18:05.427135,1,0.5483076,1
O039398,C00715,P01107,2025-12-25 12:31:11.686792,0,0.29760867,0
O039399,C03090,P01754,2025-12-25 12:44:17.946448,0,0.29761446,0
O039400,C07123,P01662,2025-12-25 12:57:24.206105,0,0.58860356,1
O039401,C05655,P00297,2025-12-25 13:10:30.465761,0,0.27420413,0
O039402,C03509,P00987,2025-12-25 13:23:36.725418,0,0.45673108,0
O039403,C05975,P00906,2025-12-25 13:36:42.985074,1,0.5660411,1
O039404,C00838,P01376,2025-12-25 13:49:49.244731,1,0.2972643,0
O039405,C03893,P02104,2025-12-25 14:02:55.504387,1,0.48894936,0
O039406,C01757,P00574,2025-12-25 14:16:01.764044,0,0.4133923,0
O039407,C02834,P00027,2025-12-25 14:29:08.023700,0,0.24860203,0
O039408,C00181,P00849,2025-12-25 14:42:14.283357,0,0.19658811,0
O039409,C05557,P01224,2025-12-25 14:55:20.543013,0,0.42500925,0
O039410,C00321,P01368,2025-12-25 15:08:26.802670,0,0.68702304,1
O039411,C02077,P00761,2025-12-25 15:21:33.062326,0,0.722094,1
O039412,C02561,P00970,2025-12-25 15:34:39.321983,1,0.6703478,1
O039413,C03207,P00870,2025-12-25 15:47:45.581639,0,0.54121894,1
O039414,C05112,P01384,2025-12-25 16:00:51.841296,0,0.35529926,0
O039415,C01936,P00730,2025-12-25 16:13:58.100952,1,0.5679828,1
O039416,C00001,P00235,2025-12-25 16:27:04.360609,0,0.3232201,0
O039417,C00778,P01821,2025-12-25 16:40:10.620265,0,0.25845098,0
O039418,C03380,P01260,2025-12-25 16:53:16.879921,0,0.22830893,0
O039419,C01359,P00474,2025-12-25 17:06:23.139578,1,0.4203428,0
O039420,C03970,P01206,2025-12-25 17:19:29.399234,1,0.4179801,0
O039421,C06615,P02345,2025-12-25 17:32:35.658891,0,0.39489576,0
O039422,C07252,P01116,2025-12-25 17:45:41.918547,0,0.2705709,0
O039423,C02636,P02175,2025-12-25 17:58:48.178204,0,0.2806143,0
O039424,C01774,P01441,2025-12-25 18:11:54.437860,0,0.66007346,1
O039425,C07743,P00330,2025-12-25 18:25:00.697517,0,0.39458093,0
O039426,C02302,P01880,2025-12-25 18:38:06.957173,0,0.2140134,0
O039427,C07642,P00143,2025-12-25 18:51:13.216830,0,0.54839104,1
O039428,C05617,P02484,2025-12-25 19:04:19.476486,0,0.5990428,1
O039429,C04344,P02192,2025-12-25 19:17:25.736143,0,0.23831931,0
O039430,C05690,P00928,2025-12-25 19:30:31.995799,0,0.21938862,0
O039431,C07415,P01301,2025-12-25 19:43:38.255456,0,0.35791957,0
O039432,C03884,P02378,2025-12-25 19:56:44.515112,0,0.51189935,1
O039433,C07609,P00900,2025-12-25 20:09:50.774769,0,0.24652086,0
O039434,C00542,P02412,2025-12-25 20:22:57.034425,1,0.6273746,1
O039435,C02140,P02060,2025-12-25 20:36:03.294082,0,0.36972404,0
O039436,C04872,P00066,2025-12-25 20:49:09.553738,0,0.53121847,1
O039437,C06815,P01964,2025-12-25 21:02:15.813395,0,0.45785716,0
O039438,C06980,P02079,2025-12-25 21:15:22.073051,1,0.6501604,1
O039439,C01926,P01630,2025-12-25 21:28:28.332708,0,0.20062083,0
O039440,C00041,P00869,2025-12-25 21:41:34.592364,0,0.53186953,1
O039441,C01650,P01858,2025-12-25 21:54:40.852021,0,0.72450376,1
O039442,C07624,P01087,2025-12-25 22:07:47.111677,0,0.47008282,0
O039443,C05080,P01558,2025-12-25 22:20:53.371334,0,0.45293054,0
O039444,C02979,P00615,2025-12-25 22:33:59.630990,1,0.49316144,0
O039445,C01731,P00126,2025-12-25 22:47:05.890647,0,0.6065965,1
O039446,C04206,P02422,2025-12-25 23:00:12.150303,1,0.57955927,1
O039447,C02235,P01466,2025-12-25 23:13:18.409960,0,0.39400902,0
O039448,C00027,P01136,2025-12-25 23:26:24.669616,0,0.37641117,0
O039449,C00328,P01391,2025-12-25 23:39:30.929273,0,0.24380277,0
O039450,C05339,P02120,2025-12-25 23:52:37.188929,0,0.62277806,1
O039451,C07675,P01878,2025-12-26 00:05:43.448586,1,0.7200098,1
O039452,C07261,P00596,2025-12-26 00:18:49.708242,1,0.83746743,1
O039453,C05515,P02239,2025-12-26 00:31:55.967899,1,0.34239185,0
O039454,C01387,P00891,2025-12-26 00:45:02.227555,0,0.29018277,0
O039455,C03612,P00436,2025-12-26 00:58:08.487212,0,0.66974854,1
O039456,C01116,P01317,2025-12-26 01:11:14.746868,0,0.23007141,0
O039457,C06144,P02390,2025-12-26 01:24:21.006525,0,0.61773586,1
O039458,C02882,P02092,2025-12-26 01:37:27.266181,0,0.4781163,0
O039459,C00870,P00536,2025-12-26 01:50:33.525838,0,0.44016454,0
O039460,C07740,P01734,2025-12-26 02:03:39.785494,1,0.6609187,1
O039461,C07222,P02092,2025-12-26 02:16:46.045151,0,0.7455706,1
O039462,C06961,P01732,2025-12-26 02:29:52.304807,0,0.52008563,1
O039463,C01134,P02201,2025-12-26 02:42:58.564464,0,0.45186388,0
O039464,C01758,P00450,2025-12-26 02:56:04.824120,0,0.6149692,1
O039465,C04989,P00657,2025-12-26 03:09:11.083777,0,0.58956337,1
O039466,C05736,P00787,2025-12-26 03:22:17.343433,1,0.5790592,1
O039467,C06092,P00361,2025-12-26 03:35:23.603090,0,0.6916653,1
O039468,C00692,P01004,2025-12-26 03:48:29.862746,0,0.56042296,1
O039469,C06598,P00467,2025-12-26 04:01:36.122403,0,0.61223394,1
O039470,C00880,P01748,2025-12-26 04:14:42.382059,0,0.27194342,0
O039471,C04055,P01511,2025-12-26 04:27:48.641716,0,0.5196662,1
O039472,C02998,P01948,2025-12-26 04:40:54.901372,0,0.23534064,0
O039473,C04321,P01078,2025-12-26 04:54:01.161029,0,0.44168937,0
O039474,C06843,P01268,2025-12-26 05:07:07.420685,0,0.27922785,0
O039475,C00217,P02298,2025-12-26 05:20:13.680342,0,0.6744691,1
O039476,C01053,P01450,2025-12-26 05:33:19.939998,0,0.4775887,0
O039477,C04075,P01458,2025-12-26 05:46:26.199654,1,0.3691537,0
O039478,C01249,P00093,2025-12-26 05:59:32.459311,1,0.50714195,1
O039479,C07034,P00414,2025-12-26 06:12:38.718967,1,0.7091226,1
O039480,C06498,P02060,2025-12-26 06:25:44.978624,0,0.33694473,0
O039481,C04865,P01636,2025-12-26 06:38:51.238280,0,0.50258553,1
O039482,C00160,P02384,2025-12-26 06:51:57.497937,0,0.5637783,1
O039483,C04272,P02086,2025-12-26 07:05:03.757593,0,0.5329648,1
O039484,C06319,P01717,2025-12-26 07:18:10.017250,0,0.67522293,1
O039485,C05398,P00264,2025-12-26 07:31:16.276906,0,0.4193826,0
O039486,C05482,P00789,2025-12-26 07:44:22.536563,0,0.6590804,1
O039487,C01375,P00495,2025-12-26 07:57:28.796219,0,0.18555102,0
O039488,C04443,P01128,2025-12-26 08:10:35.055876,0,0.23779207,0
O039489,C02999,P01353,2025-12-26 08:23:41.315532,1,0.6629507,1
O039490,C03906,P02139,2025-12-26 08:36:47.575189,0,0.5926406,1
O039491,C03939,P02067,2025-12-26 08:49:53.834845,0,0.24145576,0
O039492,C03316,P00742,2025-12-26 09:03:00.094502,0,0.3821395,0
O039493,C05032,P00546,2025-12-26 09:16:06.354158,0,0.3139662,0
O039494,C05309,P01221,2025-12-26 09:29:12.613815,0,0.25296384,0
O039495,C01446,P02466,2025-12-26 09:42:18.873471,0,0.3096026,0
O039496,C00847,P00497,2025-12-26 09:55:25.133128,0,0.30153123,0
O039497,C01451,P00612,2025-12-26 10:08:31.392784,0,0.728088,1
O039498,C02350,P00525,2025-12-26 10:21:37.652441,0,0.473535,0
O039499,C04666,P00060,2025-12-26 10:34:43.912097,0,0.6944465,1
O039500,C03385,P00015,2025-12-26 10:47:50.171754,1,0.56178856,1
O039501,C07053,P00616,2025-12-26 11:00:56.431410,0,0.5644462,1
O039502,C05932,P00851,2025-12-26 11:14:02.691067,0,0.4746607,0
O039503,C06926,P02403,2025-12-26 11:27:08.950723,0,0.2155802,0
O039504,C00795,P01959,2025-12-26 11:40:15.210380,0,0.74616647,1
O039505,C04633,P00318,2025-12-26 11:53:21.470036,0,0.48863,0
O039506,C07656,P01719,2025-12-26 12:06:27.729693,0,0.35534602,0
O039507,C05962,P02129,2025-12-26 12:19:33.989349,0,0.6611672,1
O039508,C07873,P01752,2025-12-26 12:32:40.249006,1,0.5294197,1
O039509,C03953,P01843,2025-12-26 12:45:46.508662,0,0.38562348,0
O039510,C03363,P00111,2025-12-26 12:58:52.768319,0,0.34959158,0
O039511,C03603,P02240,2025-12-26 13:11:59.027975,0,0.68972003,1
O039512,C04878,P01039,2025-12-26 13:25:05.287632,0,0.44795132,0
O039513,C07526,P01990,2025-12-26 13:38:11.547288,1,0.401292,0
O039514,C04161,P01248,2025-12-26 13:51:17.806945,0,0.28923932,0
O039515,C01009,P00727,2025-12-26 14:04:24.066601,0,0.3250289,0
O039516,C03860,P00102,2025-12-26 14:17:30.326258,0,0.3948753,0
O039517,C01838,P00610,2025-12-26 14:30:36.585914,0,0.5563641,1
O039518,C01466,P01644,2025-12-26 14:43:42.845571,0,0.44194427,0
O039519,C06096,P00414,2025-12-26 14:56:49.105227,0,0.52907443,1
O039520,C01802,P00821,2025-12-26 15:09:55.364884,0,0.62103426,1
O039521,C02451,P01145,2025-12-26 15:23:01.624540,0,0.6331715,1
O039522,C03545,P01295,2025-12-26 15:36:07.884197,0,0.4732765,0
O039523,C00775,P01178,2025-12-26 15:49:14.143853,0,0.39067551,0
O039524,C04047,P00164,2025-12-26 16:02:20.403510,1,0.4585335,0
O039525,C01398,P00025,2025-12-26 16:15:26.663166,0,0.7176283,1
O039526,C05968,P01622,2025-12-26 16:28:32.922823,0,0.27002347,0
O039527,C05553,P01653,2025-12-26 16:41:39.182479,0,0.6202743,1
O039528,C01583,P01377,2025-12-26 16:54:45.442136,0,0.71426964,1
O039529,C05528,P01374,2025-12-26 17:07:51.701792,0,0.20190087,0
O039530,C07074,P02090,2025-12-26 17:20:57.961449,0,0.54353154,1
O039531,C00915,P00097,2025-12-26 17:34:04.221105,0,0.31585982,0
O039532,C01863,P00652,2025-12-26 17:47:10.480762,1,0.5853233,1
O039533,C01952,P02113,2025-12-26 18:00:16.740418,0,0.6579577,1
O039534,C00537,P00713,2025-12-26 18:13:23.000075,0,0.328029,0
O039535,C07525,P02382,2025-12-26 18:26:29.259731,0,0.29064912,0
O039536,C02189,P02239,2025-12-26 18:39:35.519387,0,0.48351008,0
O039537,C07268,P02306,2025-12-26 18:52:41.779044,0,0.27751297,0
O039538,C07384,P00338,2025-12-26 19:05:48.038700,1,0.6912089,1
O039539,C07605,P02384,2025-12-26 19:18:54.298357,1,0.43946195,0
O039540,C03468,P00429,2025-12-26 19:32:00.558013,0,0.5347479,1
O039541,C03845,P02455,2025-12-26 19:45:06.817670,0,0.26235527,0
O039542,C03153,P00143,2025-12-26 19:58:13.077326,0,0.4174526,0
O039543,C07504,P00649,2025-12-26 20:11:19.336983,1,0.4363162,0
O039544,C00541,P00318,2025-12-26 20:24:25.596639,0,0.5201023,1
O039545,C06726,P00210,2025-12-26 20:37:31.856296,0,0.2225579,0
O039546,C00231,P01424,2025-12-26 20:50:38.115952,0,0.42562902,0
O039547,C04810,P02086,2025-12-26 21:03:44.375609,0,0.6490918,1
O039548,C01587,P01035,2025-12-26 21:16:50.635265,0,0.597592,1
O039549,C06518,P02012,2025-12-26 21:29:56.894922,0,0.5658515,1
O039550,C03130,P01238,2025-12-26 21:43:03.154578,0,0.4566044,0
O039551,C06167,P02344,2025-12-26 21:56:09.414235,1,0.5566049,1
O039552,C07269,P00571,2025-12-26 22:09:15.673891,0,0.2500696,0
O039553,C02513,P01979,2025-12-26 22:22:21.933548,0,0.25980872,0
O039554,C03366,P00108,2025-12-26 22:35:28.193204,0,0.58909804,1
O039555,C00655,P01128,2025-12-26 22:48:34.452861,0,0.36380568,0
O039556,C00646,P00540,2025-12-26 23:01:40.712517,1,0.43568954,0
O039557,C04563,P01909,2025-12-26 23:14:46.972174,0,0.3003892,0
O039558,C07662,P00913,2025-12-26 23:27:53.231830,0,0.45115274,0
O039559,C00787,P01126,2025-12-26 23:40:59.491487,0,0.3326989,0
O039560,C04599,P01896,2025-12-26 23:54:05.751143,0,0.5494603,1
O039561,C05327,P00634,2025-12-27 00:07:12.010800,1,0.5573419,1
O039562,C06010,P00295,2025-12-27 00:20:18.270456,0,0.46251792,0
O039563,C00657,P01721,2025-12-27 00:33:24.530113,1,0.5056382,1
O039564,C02668,P00086,2025-12-27 00:46:30.789769,0,0.63403183,1
O039565,C00375,P01759,2025-12-27 00:59:37.049426,0,0.24423777,0
O039566,C01557,P02323,2025-12-27 01:12:43.309082,1,0.35974443,0
O039567,C05570,P01756,2025-12-27 01:25:49.568739,1,0.17167132,0
O039568,C01528,P00632,2025-12-27 01:38:55.828395,0,0.31270435,0
O039569,C00741,P01830,2025-12-27 01:52:02.088052,0,0.5974987,1
O039570,C00734,P01750,2025-12-27 02:05:08.347708,0,0.77017266,1
O039571,C07328,P00412,2025-12-27 02:18:14.607365,0,0.47228014,0
O039572,C06959,P01126,2025-12-27 02:31:20.867021,1,0.63942784,1
O039573,C06704,P02154,2025-12-27 02:44:27.126678,0,0.5715826,1
O039574,C02337,P00981,2025-12-27 02:57:33.386334,0,0.6040809,1
O039575,C06491,P00340,2025-12-27 03:10:39.645991,0,0.25022322,0
O039576,C01641,P01227,2025-12-27 03:23:45.905647,0,0.23810373,0
O039577,C04938,P01879,2025-12-27 03:36:52.165304,0,0.6531562,1
O039578,C06876,P00210,2025-12-27 03:49:58.424960,1,0.43467787,0
O039579,C07516,P01115,2025-12-27 04:03:04.684617,1,0.5934168,1
O039580,C02890,P02395,2025-12-27 04:16:10.944273,0,0.43881974,0
O039581,C04445,P01320,2025-12-27 04:29:17.203930,0,0.48892,0
O039582,C02309,P01053,2025-12-27 04:42:23.463586,1,0.47859898,0
O039583,C03908,P01943,2025-12-27 04:55:29.723243,1,0.44640264,0
O039584,C04896,P01092,2025-12-27 05:08:35.982899,1,0.46323216,0
O039585,C00631,P00088,2025-12-27 05:21:42.242556,0,0.24752739,0
O039586,C02469,P00077,2025-12-27 05:34:48.502212,0,0.21999052,0
O039587,C01872,P01246,2025-12-27 05:47:54.761869,0,0.66776055,1
O039588,C05015,P02312,2025-12-27 06:01:01.021525,0,0.37570468,0
O039589,C03874,P02354,2025-12-27 06:14:07.281182,0,0.53827786,1
O039590,C05897,P01764,2025-12-27 06:27:13.540838,1,0.46655706,0
O039591,C03783,P01947,2025-12-27 06:40:19.800495,0,0.7685152,1
O039592,C06102,P00058,2025-12-27 06:53:26.060151,1,0.7930021,1
O039593,C06395,P01962,2025-12-27 07:06:32.319807,0,0.5355806,1
O039594,C00140,P01501,2025-12-27 07:19:38.579464,0,0.22015409,0
O039595,C07762,P00626,2025-12-27 07:32:44.839120,0,0.6553792,1
O039596,C02078,P01510,2025-12-27 07:45:51.098777,0,0.41686773,0
O039597,C02019,P00775,2025-12-27 07:58:57.358433,0,0.7126584,1
O039598,C06452,P01256,2025-12-27 08:12:03.618090,0,0.79372245,1
O039599,C03043,P01018,2025-12-27 08:25:09.877746,0,0.40679455,0
O039600,C06418,P00987,2025-12-27 08:38:16.137403,0,0.40254653,0
O039601,C02678,P01720,2025-12-27 08:51:22.397059,0,0.12187841,0
O039602,C07840,P00744,2025-12-27 09:04:28.656716,0,0.25172088,0
O039603,C07712,P01075,2025-12-27 09:17:34.916372,0,0.5526605,1
O039604,C02696,P01699,2025-12-27 09:30:41.176029,0,0.5204925,1
O039605,C03213,P01831,2025-12-27 09:43:47.435685,0,0.33561492,0
O039606,C06857,P01778,2025-12-27 09:56:53.695342,0,0.17548119,0
O039607,C00402,P01990,2025-12-27 10:09:59.954998,0,0.59614646,1
O039608,C00292,P00050,2025-12-27 10:23:06.214655,1,0.36396196,0
O039609,C05083,P01230,2025-12-27 10:36:12.474311,1,0.63022697,1
O039610,C05834,P01998,2025-12-27 10:49:18.733968,1,0.60448027,1
O039611,C01196,P01491,2025-12-27 11:02:24.993624,0,0.33242837,0
O039612,C03813,P01480,2025-12-27 11:15:31.253281,0,0.66906184,1
O039613,C05066,P01019,2025-12-27 11:28:37.512937,0,0.6987212,1
O039614,C07438,P01872,2025-12-27 11:41:43.772594,1,0.5987942,1
O039615,C03045,P00409,2025-12-27 11:54:50.032250,0,0.16650587,0
O039616,C04950,P00954,2025-12-27 12:07:56.291907,0,0.50005513,1
O039617,C00376,P00407,2025-12-27 12:21:02.551563,0,0.26117197,0
O039618,C06854,P01253,2025-12-27 12:34:08.811220,0,0.13114472,0
O039619,C05030,P00169,2025-12-27 12:47:15.070876,0,0.2677391,0
O039620,C07834,P00610,2025-12-27 13:00:21.330533,1,0.77419215,1
O039621,C01439,P01964,2025-12-27 13:13:27.590189,0,0.48147744,0
O039622,C07150,P01895,2025-12-27 13:26:33.849846,0,0.2419101,0
O039623,C03694,P01189,2025-12-27 13:39:40.109502,1,0.2220715,0
O039624,C03226,P00818,2025-12-27 13:52:46.369159,0,0.61192364,1
O039625,C02395,P00415,2025-12-27 14:05:52.628815,0,0.20980537,0
O039626,C01188,P00841,2025-12-27 14:18:58.888472,0,0.254995,0
O039627,C04512,P02454,2025-12-27 14:32:05.148128,0,0.20932324,0
O039628,C00886,P01640,2025-12-27 14:45:11.407785,0,0.60640097,1
O039629,C07761,P02358,2025-12-27 14:58:17.667441,0,0.45322728,0
O039630,C05735,P01523,2025-12-27 15:11:23.927098,0,0.22678217,0
O039631,C01119,P00080,2025-12-27 15:24:30.186754,0,0.4636853,0
O039632,C02588,P01083,2025-12-27 15:37:36.446411,0,0.18011586,0
O039633,C04363,P00302,2025-12-27 15:50:42.706067,1,0.71871316,1
O039634,C02558,P01840,2025-12-27 16:03:48.965724,0,0.30501688,0
O039635,C01728,P00622,2025-12-27 16:16:55.225380,0,0.5861101,1
O039636,C03043,P02142,2025-12-27 16:30:01.485037,0,0.4638279,0
O039637,C05476,P01470,2025-12-27 16:43:07.744693,0,0.44394124,0
O039638,C05308,P00862,2025-12-27 16:56:14.004350,0,0.2139037,0
O039639,C05989,P01942,2025-12-27 17:09:20.264006,0,0.5364484,1
O039640,C06036,P00684,2025-12-27 17:22:26.523663,0,0.70635206,1
O039641,C06358,P01850,2025-12-27 17:35:32.783319,0,0.50078106,1
O039642,C03319,P00949,2025-12-27 17:48:39.042976,0,0.66246104,1
O039643,C00076,P01004,2025-12-27 18:01:45.302632,0,0.6592592,1
O039644,C01644,P00874,2025-12-27 18:14:51.562289,0,0.3398263,0
O039645,C04476,P01897,2025-12-27 18:27:57.821945,0,0.72063416,1
O039646,C00943,P01900,2025-12-27 18:41:04.081602,1,0.5348484,1
O039647,C05885,P01085,2025-12-27 18:54:10.341258,0,0.56814593,1
O039648,C04294,P01162,2025-12-27 19:07:16.600915,0,0.17025687,0
O039649,C01384,P01988,2025-12-27 19:20:22.860571,0,0.24683435,0
O039650,C06189,P00276,2025-12-27 19:33:29.120228,1,0.29863596,0
O039651,C05023,P02308,2025-12-27 19:46:35.379884,0,0.25197107,0
O039652,C00208,P00306,2025-12-27 19:59:41.639540,0,0.6444387,1
O039653,C03140,P02208,2025-12-27 20:12:47.899197,0,0.26070786,0
O039654,C04588,P00371,2025-12-27 20:25:54.158853,0,0.25250256,0
O039655,C01058,P00734,2025-12-27 20:39:00.418510,0,0.6612843,1
O039656,C05062,P00743,2025-12-27 20:52:06.678166,0,0.81374913,1
O039657,C02213,P02500,2025-12-27 21:05:12.937823,0,0.6653144,1
O039658,C06853,P01539,2025-12-27 21:18:19.197479,0,0.1784258,0
O039659,C04644,P00159,2025-12-27 21:31:25.457136,0,0.2973552,0
O039660,C01878,P00915,2025-12-27 21:44:31.716792,0,0.35459736,0
O039661,C00289,P02209,2025-12-27 21:57:37.976449,0,0.47461584,0
O039662,C01424,P01030,2025-12-27 22:10:44.236105,0,0.4741021,0
O039663,C06142,P00950,2025-12-27 22:23:50.495762,1,0.72153217,1
O039664,C00276,P01509,2025-12-27 22:36:56.755418,0,0.5570709,1
O039665,C03590,P02166,2025-12-27 22:50:03.015075,0,0.48194492,0
O039666,C06611,P01703,2025-12-27 23:03:09.274731,0,0.21846016,0
O039667,C04438,P02292,2025-12-27 23:16:15.534388,1,0.32478175,0
O039668,C02556,P01328,2025-12-27 23:29:21.794044,0,0.41245025,0
O039669,C01753,P00858,2025-12-27 23:42:28.053701,0,0.5267627,1
O039670,C02602,P02219,2025-12-27 23:55:34.313357,0,0.3889572,0
O039671,C04763,P02403,2025-12-28 00:08:40.573014,0,0.37320116,0
O039672,C07730,P00789,2025-12-28 00:21:46.832670,0,0.73774153,1
O039673,C01051,P01423,2025-12-28 00:34:53.092327,0,0.30918723,0
O039674,C07930,P00939,2025-12-28 00:47:59.351983,0,0.40834913,0
O039675,C02533,P01922,2025-12-28 01:01:05.611640,1,0.42693955,0
O039676,C03315,P01354,2025-12-28 01:14:11.871296,0,0.3466388,0
O039677,C05557,P00307,2025-12-28 01:27:18.130953,0,0.28712007,0
O039678,C02901,P00541,2025-12-28 01:40:24.390609,0,0.51044035,1
O039679,C06523,P00356,2025-12-28 01:53:30.650266,0,0.50799733,1
O039680,C01123,P01449,2025-12-28 02:06:36.909922,1,0.60220766,1
O039681,C05994,P02368,2025-12-28 02:19:43.169579,1,0.56028897,1
O039682,C04400,P00535,2025-12-28 02:32:49.429235,0,0.7151128,1
O039683,C07273,P00765,2025-12-28 02:45:55.688892,0,0.47568274,0
O039684,C02934,P00463,2025-12-28 02:59:01.948548,1,0.48354575,0
O039685,C04633,P00430,2025-12-28 03:12:08.208205,0,0.13409762,0
O039686,C00616,P00098,2025-12-28 03:25:14.467861,0,0.12531398,0
O039687,C03364,P01996,2025-12-28 03:38:20.727518,0,0.32475105,0
O039688,C05390,P00661,2025-12-28 03:51:26.987174,0,0.67177004,1
O039689,C04390,P02286,2025-12-28 04:04:33.246831,0,0.25082618,0
O039690,C01331,P02342,2025-12-28 04:17:39.506487,0,0.22451751,0
O039691,C04371,P01150,2025-12-28 04:30:45.766144,0,0.39765468,0
O039692,C04045,P00378,2025-12-28 04:43:52.025800,1,0.5349649,1
O039693,C03538,P00383,2025-12-28 04:56:58.285457,1,0.28945792,0
O039694,C03730,P01046,2025-12-28 05:10:04.545113,0,0.60867906,1
O039695,C07992,P00531,2025-12-28 05:23:10.804770,0,0.50814426,1
O039696,C02828,P01110,2025-12-28 05:36:17.064426,0,0.21624734,0
O039697,C04624,P00176,2025-12-28 05:49:23.324083,0,0.25343516,0
O039698,C00562,P00728,2025-12-28 06:02:29.583739,1,0.5812238,1
O039699,C05433,P02177,2025-12-28 06:15:35.843396,0,0.23110549,0
O039700,C07995,P01977,2025-12-28 06:28:42.103052,0,0.74543154,1
O039701,C05491,P00279,2025-12-28 06:41:48.362709,0,0.37387565,0
O039702,C05481,P00944,2025-12-28 06:54:54.622365,0,0.51039827,1
O039703,C05334,P01840,2025-12-28 07:08:00.882022,0,0.15827891,0
O039704,C00584,P01151,2025-12-28 07:21:07.141678,0,0.68415064,1
O039705,C07339,P01457,2025-12-28 07:34:13.401335,0,0.3145688,0
O039706,C06968,P01882,2025-12-28 07:47:19.660991,0,0.25297323,0
O039707,C03279,P01538,2025-12-28 08:00:25.920648,0,0.33541864,0
O039708,C00926,P02353,2025-12-28 08:13:32.180304,1,0.3417945,0
O039709,C02839,P01489,2025-12-28 08:26:38.439961,0,0.42999426,0
O039710,C02429,P01122,2025-12-28 08:39:44.699617,0,0.5938158,1
O039711,C00376,P01771,2025-12-28 08:52:50.959273,0,0.5926088,1
O039712,C07601,P01448,2025-12-28 09:05:57.218930,0,0.68923426,1
O039713,C04598,P01126,2025-12-28 09:19:03.478586,1,0.39231122,0
O039714,C05281,P00878,2025-12-28 09:32:09.738243,0,0.3066388,0
O039715,C04872,P02482,2025-12-28 09:45:15.997899,0,0.37424743,0
O039716,C00845,P00452,2025-12-28 09:58:22.257556,0,0.4228962,0
O039717,C07564,P01870,2025-12-28 10:11:28.517212,0,0.57973814,1
O039718,C03859,P00245,2025-12-28 10:24:34.776869,0,0.5624967,1
O039719,C04194,P00248,2025-12-28 10:37:41.036525,0,0.56606853,1
O039720,C05471,P01911,2025-12-28 10:50:47.296182,0,0.6778086,1
O039721,C05597,P01716,2025-12-28 11:03:53.555838,0,0.52078646,1
O039722,C04916,P02112,2025-12-28 11:16:59.815495,0,0.2967444,0
O039723,C05530,P00967,2025-12-28 11:30:06.075151,0,0.87673545,1
O039724,C03381,P02083,2025-12-28 11:43:12.334808,0,0.46291536,0
O039725,C06978,P00180,2025-12-28 11:56:18.594464,0,0.40089133,0
O039726,C04289,P02035,2025-12-28 12:09:24.854121,1,0.43829745,0
O039727,C02646,P02279,2025-12-28 12:22:31.113777,0,0.44417956,0
O039728,C02756,P00726,2025-12-28 12:35:37.373434,0,0.327939,0
O039729,C04584,P00264,2025-12-28 12:48:43.633090,0,0.37873048,0
O039730,C02472,P02321,2025-12-28 13:01:49.892747,0,0.30593792,0
O039731,C03340,P00323,2025-12-28 13:14:56.152403,1,0.31339678,0
O039732,C01693,P01373,2025-12-28 13:28:02.412060,1,0.368254,0
O039733,C05988,P02095,2025-12-28 13:41:08.671716,1,0.23876534,0
O039734,C02283,P01598,2025-12-28 13:54:14.931373,0,0.5189722,1
O039735,C03920,P01384,2025-12-28 14:07:21.191029,0,0.19552892,0
O039736,C05562,P01791,2025-12-28 14:20:27.450686,0,0.58831567,1
O039737,C02237,P01191,2025-12-28 14:33:33.710342,1,0.37740573,0
O039738,C07472,P00079,2025-12-28 14:46:39.969999,0,0.32009792,0
O039739,C04537,P00071,2025-12-28 14:59:46.229655,0,0.5072165,1
O039740,C04289,P00664,2025-12-28 15:12:52.489312,0,0.45582035,0
O039741,C06314,P02243,2025-12-28 15:25:58.748968,1,0.5928909,1
O039742,C00560,P00673,2025-12-28 15:39:05.008625,0,0.31446445,0
O039743,C01343,P00645,2025-12-28 15:52:11.268281,0,0.32799378,0
O039744,C04669,P01463,2025-12-28 16:05:17.527938,1,0.6381999,1
O039745,C05024,P01902,2025-12-28 16:18:23.787594,0,0.6355152,1
O039746,C07797,P01439,2025-12-28 16:31:30.047251,0,0.548473,1
O039747,C05804,P01695,2025-12-28 16:44:36.306907,0,0.39858937,0
O039748,C07117,P01935,2025-12-28 16:57:42.566564,0,0.35052234,0
O039749,C05628,P01791,2025-12-28 17:10:48.826220,1,0.7518686,1
O039750,C06890,P01588,2025-12-28 17:23:55.085877,0,0.51706064,1
O039751,C02161,P01772,2025-12-28 17:37:01.345533,0,0.39100587,0
O039752,C06403,P01701,2025-12-28 17:50:07.605190,0,0.4948933,0
O039753,C01527,P01884,2025-12-28 18:03:13.864846,1,0.5679217,1
O039754,C02142,P00012,2025-12-28 18:16:20.124503,0,0.20134594,0
O039755,C05516,P01998,2025-12-28 18:29:26.384159,0,0.6278049,1
O039756,C07967,P00820,2025-12-28 18:42:32.643816,1,0.8357264,1
O039757,C04505,P01687,2025-12-28 18:55:38.903472,0,0.29901418,0
O039758,C05237,P00234,2025-12-28 19:08:45.163129,0,0.27429295,0
O039759,C03567,P01546,2025-12-28 19:21:51.422785,1,0.61643195,1
O039760,C04955,P02396,2025-12-28 19:34:57.682442,0,0.15068768,0
O039761,C01844,P00037,2025-12-28 19:48:03.942098,0,0.33763993,0
O039762,C03753,P00370,2025-12-28 20:01:10.201755,0,0.08223492,0
O039763,C06711,P02009,2025-12-28 20:14:16.461411,1,0.5020706,1
O039764,C02962,P00218,2025-12-28 20:27:22.721068,0,0.10336364,0
O039765,C02090,P00671,2025-12-28 20:40:28.980724,0,0.26990655,0
O039766,C01624,P02131,2025-12-28 20:53:35.240381,1,0.13094386,0
O039767,C05898,P02213,2025-12-28 21:06:41.500037,0,0.3732343,0
O039768,C04615,P00196,2025-12-28 21:19:47.759693,0,0.5274512,1
O039769,C00296,P01646,2025-12-28 21:32:54.019350,0,0.38513666,0
O039770,C00696,P02281,2025-12-28 21:46:00.279006,0,0.32488275,0
O039771,C02582,P01183,2025-12-28 21:59:06.538663,0,0.21286233,0
O039772,C06707,P02102,2025-12-28 22:12:12.798319,0,0.21890926,0
O039773,C00396,P00128,2025-12-28 22:25:19.057976,0,0.3511583,0
O039774,C04784,P00260,2025-12-28 22:38:25.317632,0,0.38855273,0
O039775,C03183,P01861,2025-12-28 22:51:31.577289,1,0.5783659,1
O039776,C00851,P00712,2025-12-28 23:04:37.836945,0,0.18078642,0
O039777,C02216,P01551,2025-12-28 23:17:44.096602,0,0.47324446,0
O039778,C04474,P01236,2025-12-28 23:30:50.356258,0,0.45873228,0
O039779,C00607,P00260,2025-12-28 23:43:56.615915,0,0.31647763,0
O039780,C06365,P00281,2025-12-28 23:57:02.875571,1,0.40261614,0
O039781,C03879,P02303,2025-12-29 00:10:09.135228,0,0.7150166,1
O039782,C00643,P00151,2025-12-29 00:23:15.394884,0,0.6031038,1
O039783,C00230,P00774,2025-12-29 00:36:21.654541,0,0.32130393,0
O039784,C07271,P01783,2025-12-29 00:49:27.914197,0,0.4340942,0
O039785,C03323,P00153,2025-12-29 01:02:34.173854,0,0.2553126,0
O039786,C05051,P01611,2025-12-29 01:15:40.433510,0,0.2080003,0
O039787,C02205,P01842,2025-12-29 01:28:46.693167,0,0.4343061,0
O039788,C04980,P00848,2025-12-29 01:41:52.952823,0,0.276769,0
O039789,C06686,P00239,2025-12-29 01:54:59.212480,0,0.16210748,0
O039790,C03437,P00795,2025-12-29 02:08:05.472136,0,0.6398166,1
O039791,C03356,P00224,2025-12-29 02:21:11.731793,0,0.3964378,0
O039792,C05664,P00756,2025-12-29 02:34:17.991449,1,0.77714926,1
O039793,C04993,P00966,2025-12-29 02:47:24.251106,1,0.56253076,1
O039794,C01135,P00530,2025-12-29 03:00:30.510762,0,0.34205887,0
O039795,C02555,P01485,2025-12-29 03:13:36.770419,0,0.51844835,1
O039796,C06361,P01811,2025-12-29 03:26:43.030075,0,0.46480644,0
O039797,C00088,P00916,2025-12-29 03:39:49.289732,0,0.31397778,0
O039798,C05926,P00197,2025-12-29 03:52:55.549388,1,0.6932281,1
O039799,C07969,P00599,2025-12-29 04:06:01.809045,1,0.44043958,0
O039800,C01635,P00192,2025-12-29 04:19:08.068701,1,0.30076513,0
O039801,C02306,P00359,2025-12-29 04:32:14.328358,0,0.42050472,0
O039802,C06906,P01210,2025-12-29 04:45:20.588014,0,0.5891727,1
O039803,C07358,P00025,2025-12-29 04:58:26.847671,0,0.6264083,1
O039804,C06178,P00919,2025-12-29 05:11:33.107327,0,0.42261732,0
O039805,C07762,P00896,2025-12-29 05:24:39.366984,0,0.67785233,1
O039806,C00638,P01546,2025-12-29 05:37:45.626640,0,0.3241882,0
O039807,C04551,P01467,2025-12-29 05:50:51.886297,0,0.23725772,0
O039808,C01156,P00689,2025-12-29 06:03:58.145953,1,0.5192723,1
O039809,C02762,P01185,2025-12-29 06:17:04.405610,0,0.5834876,1
O039810,C03494,P01866,2025-12-29 06:30:10.665266,1,0.4523895,0
O039811,C04673,P00543,2025-12-29 06:43:16.924923,1,0.4760033,0
O039812,C02302,P01615,2025-12-29 06:56:23.184579,1,0.32070905,0
O039813,C04403,P01203,2025-12-29 07:09:29.444236,0,0.75995743,1
O039814,C00491,P02389,2025-12-29 07:22:35.703892,0,0.34963593,0
O039815,C04750,P00052,2025-12-29 07:35:41.963549,0,0.73693454,1
O039816,C07375,P02063,2025-12-29 07:48:48.223205,1,0.54500115,1
O039817,C00572,P01865,2025-12-29 08:01:54.482862,1,0.78158724,1
O039818,C04389,P00063,2025-12-29 08:15:00.742518,0,0.3077599,0
O039819,C02351,P02429,2025-12-29 08:28:07.002175,0,0.5757067,1
O039820,C05069,P00035,2025-12-29 08:41:13.261831,0,0.28591457,0
O039821,C01660,P02217,2025-12-29 08:54:19.521488,0,0.6994327,1
O039822,C04500,P00288,2025-12-29 09:07:25.781144,1,0.4314317,0
O039823,C06885,P00511,2025-12-29 09:20:32.040801,0,0.36892685,0
O039824,C00472,P00339,2025-12-29 09:33:38.300457,1,0.74726635,1
O039825,C01968,P00699,2025-12-29 09:46:44.560114,1,0.6928769,1
O039826,C05122,P01265,2025-12-29 09:59:50.819770,1,0.59475815,1
O039827,C06645,P01205,2025-12-29 10:12:57.079426,0,0.48759973,0
O039828,C01883,P00518,2025-12-29 10:26:03.339083,0,0.41233352,0
O039829,C05473,P00614,2025-12-29 10:39:09.598739,0,0.49149567,0
O039830,C02967,P01689,2025-12-29 10:52:15.858396,0,0.51798,1
O039831,C00675,P02097,2025-12-29 11:05:22.118052,0,0.52379835,1
O039832,C06097,P02242,2025-12-29 11:18:28.377709,0,0.08349773,0
O039833,C04209,P00906,2025-12-29 11:31:34.637365,0,0.5330235,1
O039834,C06238,P00928,2025-12-29 11:44:40.897022,0,0.3564781,0
O039835,C06194,P00620,2025-12-29 11:57:47.156678,0,0.43000156,0
O039836,C06460,P00293,2025-12-29 12:10:53.416335,0,0.587861,1
O039837,C06654,P00673,2025-12-29 12:23:59.675991,0,0.45299587,0
O039838,C01957,P00420,2025-12-29 12:37:05.935648,1,0.7708329,1
O039839,C02043,P02488,2025-12-29 12:50:12.195304,0,0.5877565,1
O039840,C03318,P02272,2025-12-29 13:03:18.454961,0,0.5920107,1
O039841,C01213,P01722,2025-12-29 13:16:24.714617,1,0.7768667,1
O039842,C05454,P01821,2025-12-29 13:29:30.974274,0,0.32799017,0
O039843,C07621,P02025,2025-12-29 13:42:37.233930,0,0.490421,0
O039844,C05739,P01145,2025-12-29 13:55:43.493587,1,0.6866688,1
O039845,C00446,P00526,2025-12-29 14:08:49.753243,0,0.12010346,0
O039846,C06586,P01603,2025-12-29 14:21:56.012900,1,0.4275802,0
O039847,C06006,P00311,2025-12-29 14:35:02.272556,0,0.46852812,0
O039848,C06285,P01481,2025-12-29 14:48:08.532213,0,0.46836492,0
O039849,C00406,P01450,2025-12-29 15:01:14.791869,1,0.3691299,0
O039850,C02126,P00776,2025-12-29 15:14:21.051526,1,0.51689774,1
O039851,C06192,P00550,2025-12-29 15:27:27.311182,0,0.671252,1
O039852,C07411,P00281,2025-12-29 15:40:33.570839,0,0.53793895,1
O039853,C06081,P00612,2025-12-29 15:53:39.830495,0,0.5634167,1
O039854,C00516,P00697,2025-12-29 16:06:46.090152,0,0.38068712,0
O039855,C04713,P02281,2025-12-29 16:19:52.349808,0,0.35551974,0
O039856,C03376,P01510,2025-12-29 16:32:58.609465,0,0.38820204,0
O039857,C06269,P00746,2025-12-29 16:46:04.869121,0,0.70539093,1
O039858,C01489,P01330,2025-12-29 16:59:11.128778,1,0.22796349,0
O039859,C06858,P00532,2025-12-29 17:12:17.388434,0,0.25613856,0
O039860,C02837,P01403,2025-12-29 17:25:23.648091,1,0.64372665,1
O039861,C02751,P01593,2025-12-29 17:38:29.907747,0,0.50704265,1
O039862,C05631,P00341,2025-12-29 17:51:36.167404,0,0.3798249,0
O039863,C03186,P02108,2025-12-29 18:04:42.427060,0,0.43019825,0
O039864,C01791,P00692,2025-12-29 18:17:48.686717,0,0.18161699,0
O039865,C07686,P00776,2025-12-29 18:30:54.946373,0,0.5107845,1
O039866,C07011,P01000,2025-12-29 18:44:01.206030,1,0.5271526,1
O039867,C05386,P00251,2025-12-29 18:57:07.465686,0,0.5386124,1
O039868,C01139,P00195,2025-12-29 19:10:13.725343,0,0.3408073,0
O039869,C04683,P02007,2025-12-29 19:23:19.984999,0,0.11387413,0
O039870,C05506,P02414,2025-12-29 19:36:26.244656,0,0.4137474,0
O039871,C06768,P01043,2025-12-29 19:49:32.504312,1,0.4979503,0
O039872,C04698,P00312,2025-12-29 20:02:38.763969,0,0.32707492,0
O039873,C06486,P01690,2025-12-29 20:15:45.023625,0,0.36696574,0
O039874,C00936,P00345,2025-12-29 20:28:51.283282,0,0.6830764,1
O039875,C03506,P02048,2025-12-29 20:41:57.542938,0,0.765624,1
O039876,C03798,P01610,2025-12-29 20:55:03.802595,0,0.24205099,0
O039877,C03005,P02452,2025-12-29 21:08:10.062251,1,0.4175167,0
O039878,C07861,P01411,2025-12-29 21:21:16.321908,0,0.39742476,0
O039879,C03583,P00487,2025-12-29 21:34:22.581564,0,0.33575886,0
O039880,C01235,P01318,2025-12-29 21:47:28.841221,0,0.29678684,0
O039881,C05346,P02092,2025-12-29 22:00:35.100877,0,0.5414707,1
O039882,C03231,P01218,2025-12-29 22:13:41.360534,0,0.34716988,0
O039883,C02122,P01780,2025-12-29 22:26:47.620190,0,0.47227892,0
O039884,C05857,P02020,2025-12-29 22:39:53.879846,0,0.77599764,1
O039885,C05385,P00436,2025-12-29 22:53:00.139503,1,0.6413171,1
O039886,C04136,P00095,2025-12-29 23:06:06.399159,0,0.6981924,1
O039887,C07284,P02205,2025-12-29 23:19:12.658816,0,0.70744985,1
O039888,C00922,P01680,2025-12-29 23:32:18.918472,0,0.42278242,0
O039889,C05636,P00295,2025-12-29 23:45:25.178129,1,0.7479835,1
O039890,C02823,P01519,2025-12-29 23:58:31.437785,0,0.4261113,0
O039891,C06632,P02430,2025-12-30 00:11:37.697442,0,0.31870532,0
O039892,C04173,P00984,2025-12-30 00:24:43.957098,0,0.2935123,0
O039893,C06840,P00216,2025-12-30 00:37:50.216755,1,0.39546147,0
O039894,C00989,P00332,2025-12-30 00:50:56.476411,1,0.34252307,0
O039895,C07755,P01841,2025-12-30 01:04:02.736068,1,0.5899162,1
O039896,C03303,P00372,2025-12-30 01:17:08.995724,1,0.73663366,1
O039897,C01352,P02382,2025-12-30 01:30:15.255381,0,0.20616992,0
O039898,C04787,P01244,2025-12-30 01:43:21.515037,0,0.60381484,1
O039899,C06588,P01093,2025-12-30 01:56:27.774694,0,0.19078846,0
O039900,C00555,P01516,2025-12-30 02:09:34.034350,0,0.15997252,0
O039901,C01086,P00257,2025-12-30 02:22:40.294007,1,0.65238166,1
O039902,C00532,P01796,2025-12-30 02:35:46.553663,1,0.5300483,1
O039903,C06763,P01916,2025-12-30 02:48:52.813320,0,0.24927007,0
O039904,C04759,P00752,2025-12-30 03:01:59.072976,0,0.33115974,0
O039905,C03397,P00616,2025-12-30 03:15:05.332633,0,0.28210026,0
O039906,C01744,P02289,2025-12-30 03:28:11.592289,0,0.16037503,0
O039907,C02940,P00979,2025-12-30 03:41:17.851946,0,0.21476641,0
O039908,C02708,P01412,2025-12-30 03:54:24.111602,0,0.5226192,1
O039909,C00558,P02167,2025-12-30 04:07:30.371259,0,0.5116628,1
O039910,C01923,P01885,2025-12-30 04:20:36.630915,0,0.62887114,1
O039911,C04249,P00740,2025-12-30 04:33:42.890572,0,0.48900825,0
O039912,C07473,P02134,2025-12-30 04:46:49.150228,0,0.4547714,0
O039913,C00920,P02308,2025-12-30 04:59:55.409885,0,0.4449535,0
O039914,C02492,P01443,2025-12-30 05:13:01.669541,0,0.21568426,0
O039915,C04601,P00181,2025-12-30 05:26:07.929198,0,0.31630576,0
O039916,C04087,P02296,2025-12-30 05:39:14.188854,0,0.57082415,1
O039917,C02214,P00784,2025-12-30 05:52:20.448511,0,0.47100073,0
O039918,C02146,P00268,2025-12-30 06:05:26.708167,0,0.2788498,0
O039919,C05528,P01666,2025-12-30 06:18:32.967824,0,0.14066225,0
O039920,C04119,P01466,2025-12-30 06:31:39.227480,1,0.6368046,1
O039921,C07423,P02018,2025-12-30 06:44:45.487137,0,0.28585947,0
O039922,C07629,P02472,2025-12-30 06:57:51.746793,1,0.6399166,1
O039923,C02798,P00571,2025-12-30 07:10:58.006450,0,0.45511577,0
O039924,C00780,P00574,2025-12-30 07:24:04.266106,0,0.18028146,0
O039925,C05324,P00653,2025-12-30 07:37:10.525763,1,0.33313483,0
O039926,C05289,P00400,2025-12-30 07:50:16.785419,0,0.23153177,0
O039927,C04423,P02494,2025-12-30 08:03:23.045076,1,0.3299493,0
O039928,C02847,P01393,2025-12-30 08:16:29.304732,0,0.3099985,0
O039929,C03686,P01873,2025-12-30 08:29:35.564389,0,0.5523388,1
O039930,C03402,P00616,2025-12-30 08:42:41.824045,0,0.2550911,0
O039931,C00011,P01518,2025-12-30 08:55:48.083702,1,0.7268693,1
O039932,C05111,P00129,2025-12-30 09:08:54.343358,1,0.4681148,0
O039933,C04689,P02004,2025-12-30 09:22:00.603015,0,0.536282,1
O039934,C03960,P00945,2025-12-30 09:35:06.862671,0,0.24212343,0
O039935,C04189,P00238,2025-12-30 09:48:13.122328,1,0.7821254,1
O039936,C07473,P00723,2025-12-30 10:01:19.381984,0,0.24335739,0
O039937,C01947,P01856,2025-12-30 10:14:25.641641,0,0.6230973,1
O039938,C06900,P00811,2025-12-30 10:27:31.901297,1,0.64938706,1
O039939,C05487,P02109,2025-12-30 10:40:38.160954,0,0.60737765,1
O039940,C00051,P01933,2025-12-30 10:53:44.420610,1,0.3329084,0
O039941,C02418,P01135,2025-12-30 11:06:50.680267,0,0.28108588,0
O039942,C01561,P01982,2025-12-30 11:19:56.939923,1,0.48095548,0
O039943,C01579,P01580,2025-12-30 11:33:03.199579,0,0.7073035,1
O039944,C00701,P00555,2025-12-30 11:46:09.459236,0,0.2438989,0
O039945,C05009,P02283,2025-12-30 11:59:15.718892,0,0.5574538,1
O039946,C00636,P00269,2025-12-30 12:12:21.978549,0,0.38733277,0
O039947,C03367,P00276,2025-12-30 12:25:28.238205,1,0.29278886,0
O039948,C00684,P00834,2025-12-30 12:38:34.497862,0,0.3303608,0
O039949,C01091,P01985,2025-12-30 12:51:40.757518,0,0.40484786,0
O039950,C04582,P01858,2025-12-30 13:04:47.017175,0,0.8530576,1
O039951,C06359,P01640,2025-12-30 13:17:53.276831,0,0.38694555,0
O039952,C03783,P01684,2025-12-30 13:30:59.536488,0,0.6958527,1
O039953,C04784,P02255,2025-12-30 13:44:05.796144,0,0.41794053,0
O039954,C05613,P00946,2025-12-30 13:57:12.055801,1,0.37304634,0
O039955,C05774,P00396,2025-12-30 14:10:18.315457,0,0.29784805,0
O039956,C03419,P01192,2025-12-30 14:23:24.575114,0,0.4977167,0
O039957,C03833,P00556,2025-12-30 14:36:30.834770,0,0.22382896,0
O039958,C05458,P01225,2025-12-30 14:49:37.094427,0,0.7362263,1
O039959,C06168,P01478,2025-12-30 15:02:43.354083,0,0.36507237,0
O039960,C05866,P01887,2025-12-30 15:15:49.613740,0,0.12369528,0
O039961,C02220,P00735,2025-12-30 15:28:55.873396,0,0.76161516,1
O039962,C00876,P02160,2025-12-30 15:42:02.133053,0,0.60758847,1
O039963,C04826,P00383,2025-12-30 15:55:08.392709,0,0.28293878,0
O039964,C07861,P02161,2025-12-30 16:08:14.652366,0,0.37423337,0
O039965,C06910,P00677,2025-12-30 16:21:20.912022,0,0.24265105,0
O039966,C04898,P01643,2025-12-30 16:34:27.171679,0,0.34333205,0
O039967,C01921,P00536,2025-12-30 16:47:33.431335,0,0.5275961,1
O039968,C06905,P01116,2025-12-30 17:00:39.690992,0,0.52477163,1
O039969,C07477,P01139,2025-12-30 17:13:45.950648,0,0.4616943,0
O039970,C04451,P01093,2025-12-30 17:26:52.210305,0,0.19168147,0
O039971,C00895,P00050,2025-12-30 17:39:58.469961,0,0.28969896,0
O039972,C06890,P01737,2025-12-30 17:53:04.729618,0,0.64003336,1
O039973,C02534,P00786,2025-12-30 18:06:10.989274,0,0.5303139,1
O039974,C00205,P00277,2025-12-30 18:19:17.248931,0,0.34127322,0
O039975,C06221,P02393,2025-12-30 18:32:23.508587,0,0.5828355,1
O039976,C05050,P00395,2025-12-30 18:45:29.768244,0,0.70606923,1
O039977,C00494,P00214,2025-12-30 18:58:36.027900,1,0.51771706,1
O039978,C03010,P02123,2025-12-30 19:11:42.287557,0,0.38399896,0
O039979,C00640,P02136,2025-12-30 19:24:48.547213,1,0.78598624,1
O039980,C03188,P02061,2025-12-30 19:37:54.806870,1,0.87793857,1
O039981,C07812,P02288,2025-12-30 19:51:01.066526,0,0.4556318,0
O039982,C05100,P01682,2025-12-30 20:04:07.326183,1,0.28907102,0
O039983,C01191,P00441,2025-12-30 20:17:13.585839,1,0.61772084,1
O039984,C06984,P02072,2025-12-30 20:30:19.845496,0,0.20070645,0
O039985,C01980,P00792,2025-12-30 20:43:26.105152,0,0.67504,1
O039986,C07582,P01432,2025-12-30 20:56:32.364809,0,0.7211994,1
O039987,C06266,P01765,2025-12-30 21:09:38.624465,0,0.41840756,0
O039988,C07537,P01261,2025-12-30 21:22:44.884122,1,0.48617616,0
O039989,C04822,P01860,2025-12-30 21:35:51.143778,0,0.33213398,0
O039990,C02494,P00951,2025-12-30 21:48:57.403435,0,0.43443733,0
O039991,C03787,P00550,2025-12-30 22:02:03.663091,0,0.5866171,1
O039992,C03475,P00475,2025-12-30 22:15:09.922748,1,0.7259372,1
O039993,C07391,P01628,2025-12-30 22:28:16.182404,0,0.32865715,0
O039994,C01396,P01190,2025-12-30 22:41:22.442061,0,0.55532205,1
O039995,C02186,P02473,2025-12-30 22:54:28.701717,0,0.57335454,1
O039996,C02051,P02257,2025-12-30 23:07:34.961374,0,0.3830961,0
O039997,C07614,P01303,2025-12-30 23:20:41.221030,1,0.346525,0
O039998,C05097,P00723,2025-12-30 23:33:47.480687,0,0.47792426,0
O039999,C04682,P01592,2025-12-30 23:46:53.740343,0,0.49553654,0
O040000,C04442,P00022,2025-12-31 00:00:00.000000,0,0.24788201,0
